id_transaccion,id_cliente_origen,id_cliente_destino,tipo_transaccion,monto,fecha_hora,etiqueta_lavado,tipo_alerta,id_cliente,nombre_cliente,ocupacion,ingreso_mensual_declarado
TX-0029796,CLI-04590,SISTEMA,DEPOSITO_EFECTIVO,17543.53,2026-05-13 14:01:22,0,UMBRAL_EFECTIVO_EXCEDIDO,,,,
TX-0004187,CLI-00642,SISTEMA,DEPOSITO_EFECTIVO,43731.01,2026-05-13 14:55:22,0,UMBRAL_EFECTIVO_EXCEDIDO,,,,
TX-0018763,CLI-02904,SISTEMA,DEPOSITO_EFECTIVO,31656.95,2026-05-13 15:38:22,0,UMBRAL_EFECTIVO_EXCEDIDO,,,,
TX-0032541,CLI-04997,SISTEMA,DEPOSITO_EFECTIVO,15924.18,2026-05-13 17:36:22,0,UMBRAL_EFECTIVO_EXCEDIDO,,,,
TX-0012931,CLI-02000,SISTEMA,DEPOSITO_EFECTIVO,17766.87,2026-05-13 17:54:22,0,UMBRAL_EFECTIVO_EXCEDIDO,,,,
TX-0029851,CLI-04599,SISTEMA,DEPOSITO_EFECTIVO,30222.93,2026-05-13 17:56:22,0,UMBRAL_EFECTIVO_EXCEDIDO,,,,
TX-0005209,CLI-00802,SISTEMA,DEPOSITO_EFECTIVO,21993.99,2026-05-13 18:58:22,0,UMBRAL_EFECTIVO_EXCEDIDO,,,,
TX-0012827,CLI-01982,SISTEMA,DEPOSITO_EFECTIVO,31475.54,2026-05-13 19:02:22,0,UMBRAL_EFECTIVO_EXCEDIDO,,,,
TX-0016058,CLI-02484,SISTEMA,DEPOSITO_EFECTIVO,22739.28,2026-05-13 19:14:22,0,UMBRAL_EFECTIVO_EXCEDIDO,,,,
TX-0017025,CLI-02638,SISTEMA,DEPOSITO_EFECTIVO,37299.64,2026-05-13 19:48:22,0,UMBRAL_EFECTIVO_EXCEDIDO,,,,
TX-0026492,CLI-04078,SISTEMA,DEPOSITO_EFECTIVO,20330.96,2026-05-13 20:05:22,0,UMBRAL_EFECTIVO_EXCEDIDO,,,,
TX-0001068,CLI-00162,SISTEMA,DEPOSITO_EFECTIVO,15885.34,2026-05-13 20:32:22,0,UMBRAL_EFECTIVO_EXCEDIDO,,,,
TX-0015800,CLI-02444,SISTEMA,DEPOSITO_EFECTIVO,35809.69,2026-05-13 20:49:22,0,UMBRAL_EFECTIVO_EXCEDIDO,,,,
TX-0030855,CLI-04749,SISTEMA,DEPOSITO_EFECTIVO,20045.58,2026-05-13 21:18:22,0,UMBRAL_EFECTIVO_EXCEDIDO,,,,
TX-0008843,CLI-01358,SISTEMA,DEPOSITO_EFECTIVO,15699.31,2026-05-13 22:01:22,0,UMBRAL_EFECTIVO_EXCEDIDO,,,,
TX-0007934,CLI-01220,SISTEMA,DEPOSITO_EFECTIVO,30352.58,2026-05-13 22:14:22,0,UMBRAL_EFECTIVO_EXCEDIDO,,,,
TX-0005488,CLI-00842,SISTEMA,DEPOSITO_EFECTIVO,42412.1,2026-05-13 23:43:22,0,UMBRAL_EFECTIVO_EXCEDIDO,,,,
TX-0025285,CLI-03902,SISTEMA,DEPOSITO_EFECTIVO,24367.08,2026-05-14 01:43:22,0,UMBRAL_EFECTIVO_EXCEDIDO,,,,
TX-0016394,CLI-02540,SISTEMA,DEPOSITO_EFECTIVO,29143.92,2026-05-14 02:50:22,0,UMBRAL_EFECTIVO_EXCEDIDO,,,,
TX-0029861,CLI-04601,SISTEMA,DEPOSITO_EFECTIVO,49203.31,2026-05-14 04:56:22,0,UMBRAL_EFECTIVO_EXCEDIDO,,,,
TX-0030824,CLI-04743,SISTEMA,DEPOSITO_EFECTIVO,22775.43,2026-05-14 06:18:22,0,UMBRAL_EFECTIVO_EXCEDIDO,,,,
TX-0010632,CLI-01637,SISTEMA,DEPOSITO_EFECTIVO,63881.93,2026-05-14 06:54:22,0,UMBRAL_EFECTIVO_EXCEDIDO,,,,
TX-0006822,CLI-01052,SISTEMA,DEPOSITO_EFECTIVO,25670.81,2026-05-14 07:53:22,0,UMBRAL_EFECTIVO_EXCEDIDO,,,,
TX-0004589,CLI-00706,SISTEMA,DEPOSITO_EFECTIVO,43189.8,2026-05-14 08:27:22,0,UMBRAL_EFECTIVO_EXCEDIDO,,,,
TX-0019555,CLI-03033,SISTEMA,DEPOSITO_EFECTIVO,31888.13,2026-05-14 08:58:22,0,UMBRAL_EFECTIVO_EXCEDIDO,,,,
TX-0010280,CLI-01580,SISTEMA,DEPOSITO_EFECTIVO,38435.52,2026-05-14 10:34:22,0,UMBRAL_EFECTIVO_EXCEDIDO,,,,
TX-0023140,CLI-03576,SISTEMA,DEPOSITO_EFECTIVO,16800.87,2026-05-14 10:42:22,0,UMBRAL_EFECTIVO_EXCEDIDO,,,,
TX-0021913,CLI-03386,SISTEMA,DEPOSITO_EFECTIVO,17355.47,2026-05-14 13:14:22,0,UMBRAL_EFECTIVO_EXCEDIDO,,,,
TX-0027278,CLI-04205,SISTEMA,DEPOSITO_EFECTIVO,29806.79,2026-05-14 13:17:22,0,UMBRAL_EFECTIVO_EXCEDIDO,,,,
TX-0023261,CLI-03593,SISTEMA,DEPOSITO_EFECTIVO,39192.66,2026-05-14 14:00:22,0,UMBRAL_EFECTIVO_EXCEDIDO,,,,
TX-0028421,CLI-04374,SISTEMA,DEPOSITO_EFECTIVO,32616.88,2026-05-14 14:17:22,0,UMBRAL_EFECTIVO_EXCEDIDO,,,,
TX-0001784,CLI-00266,SISTEMA,DEPOSITO_EFECTIVO,34794.52,2026-05-14 14:42:22,0,UMBRAL_EFECTIVO_EXCEDIDO,,,,
TX-0024162,CLI-03731,SISTEMA,DEPOSITO_EFECTIVO,34463.72,2026-05-14 16:11:22,0,UMBRAL_EFECTIVO_EXCEDIDO,,,,
TX-0013030,CLI-02016,SISTEMA,DEPOSITO_EFECTIVO,21953.74,2026-05-14 16:54:22,0,UMBRAL_EFECTIVO_EXCEDIDO,,,,
TX-0023915,CLI-03694,SISTEMA,DEPOSITO_EFECTIVO,56802.08,2026-05-14 19:07:22,0,UMBRAL_EFECTIVO_EXCEDIDO,,,,
TX-0022169,CLI-03428,SISTEMA,DEPOSITO_EFECTIVO,28873.1,2026-05-14 20:47:22,0,UMBRAL_EFECTIVO_EXCEDIDO,,,,
TX-0018998,CLI-02938,SISTEMA,DEPOSITO_EFECTIVO,18797.34,2026-05-15 01:31:22,0,UMBRAL_EFECTIVO_EXCEDIDO,,,,
TX-0019891,CLI-03083,SISTEMA,DEPOSITO_EFECTIVO,23885.23,2026-05-15 01:57:22,0,UMBRAL_EFECTIVO_EXCEDIDO,,,,
TX-0015889,CLI-02459,SISTEMA,DEPOSITO_EFECTIVO,49491.99,2026-05-15 03:23:22,0,UMBRAL_EFECTIVO_EXCEDIDO,,,,
TX-0027337,CLI-04216,SISTEMA,DEPOSITO_EFECTIVO,18833.94,2026-05-15 04:09:22,0,UMBRAL_EFECTIVO_EXCEDIDO,,,,
TX-0031177,CLI-04798,SISTEMA,DEPOSITO_EFECTIVO,22796.99,2026-05-15 05:54:22,0,UMBRAL_EFECTIVO_EXCEDIDO,,,,
TX-0016848,CLI-02610,SISTEMA,DEPOSITO_EFECTIVO,33044.67,2026-05-15 05:57:22,0,UMBRAL_EFECTIVO_EXCEDIDO,,,,
TX-0031450,CLI-04837,SISTEMA,DEPOSITO_EFECTIVO,62982.28,2026-05-15 06:25:22,0,UMBRAL_EFECTIVO_EXCEDIDO,,,,
TX-0000392,CLI-00060,SISTEMA,DEPOSITO_EFECTIVO,16993.19,2026-05-15 07:30:22,0,UMBRAL_EFECTIVO_EXCEDIDO,,,,
TX-0000954,CLI-00145,SISTEMA,DEPOSITO_EFECTIVO,15903.89,2026-05-15 09:00:22,0,UMBRAL_EFECTIVO_EXCEDIDO,,,,
TX-0025293,CLI-03903,SISTEMA,DEPOSITO_EFECTIVO,48003.0,2026-05-15 09:18:22,0,UMBRAL_EFECTIVO_EXCEDIDO,,,,
TX-0031980,CLI-04915,SISTEMA,DEPOSITO_EFECTIVO,20034.11,2026-05-15 09:52:22,0,UMBRAL_EFECTIVO_EXCEDIDO,,,,
TX-0021231,CLI-03282,SISTEMA,DEPOSITO_EFECTIVO,26469.54,2026-05-15 12:53:22,0,UMBRAL_EFECTIVO_EXCEDIDO,,,,
TX-0028236,CLI-04345,SISTEMA,DEPOSITO_EFECTIVO,27196.04,2026-05-15 14:03:22,0,UMBRAL_EFECTIVO_EXCEDIDO,,,,
TX-0010573,CLI-01625,SISTEMA,DEPOSITO_EFECTIVO,19420.19,2026-05-15 14:55:22,0,UMBRAL_EFECTIVO_EXCEDIDO,,,,
TX-0016185,CLI-02505,SISTEMA,DEPOSITO_EFECTIVO,34058.13,2026-05-15 16:03:22,0,UMBRAL_EFECTIVO_EXCEDIDO,,,,
TX-0029312,CLI-04512,SISTEMA,DEPOSITO_EFECTIVO,34718.29,2026-05-15 16:58:22,0,UMBRAL_EFECTIVO_EXCEDIDO,,,,
TX-0020429,CLI-03165,SISTEMA,DEPOSITO_EFECTIVO,32002.62,2026-05-15 18:42:22,0,UMBRAL_EFECTIVO_EXCEDIDO,,,,
TX-0010469,CLI-01606,SISTEMA,DEPOSITO_EFECTIVO,33919.2,2026-05-15 19:28:22,0,UMBRAL_EFECTIVO_EXCEDIDO,,,,
TX-0024062,CLI-03715,SISTEMA,DEPOSITO_EFECTIVO,23116.51,2026-05-15 20:28:22,0,UMBRAL_EFECTIVO_EXCEDIDO,,,,
TX-0004134,CLI-00633,SISTEMA,DEPOSITO_EFECTIVO,44214.83,2026-05-15 23:49:22,0,UMBRAL_EFECTIVO_EXCEDIDO,,,,
TX-0011621,CLI-01792,SISTEMA,DEPOSITO_EFECTIVO,19783.14,2026-05-16 00:08:22,0,UMBRAL_EFECTIVO_EXCEDIDO,,,,
TX-0020820,CLI-03222,SISTEMA,DEPOSITO_EFECTIVO,27483.77,2026-05-16 01:07:22,0,UMBRAL_EFECTIVO_EXCEDIDO,,,,
TX-0022601,CLI-03493,SISTEMA,DEPOSITO_EFECTIVO,28943.09,2026-05-16 02:02:22,0,UMBRAL_EFECTIVO_EXCEDIDO,,,,
TX-0011834,CLI-01824,SISTEMA,DEPOSITO_EFECTIVO,32749.21,2026-05-16 02:08:22,0,UMBRAL_EFECTIVO_EXCEDIDO,,,,
TX-0029745,CLI-04582,SISTEMA,DEPOSITO_EFECTIVO,33496.82,2026-05-16 02:15:22,0,UMBRAL_EFECTIVO_EXCEDIDO,,,,
TX-0003172,CLI-00481,SISTEMA,DEPOSITO_EFECTIVO,46245.6,2026-05-16 04:47:22,0,UMBRAL_EFECTIVO_EXCEDIDO,,,,
TX-0031126,CLI-04789,SISTEMA,DEPOSITO_EFECTIVO,38533.29,2026-05-16 05:14:22,0,UMBRAL_EFECTIVO_EXCEDIDO,,,,
TX-0014566,CLI-02259,SISTEMA,DEPOSITO_EFECTIVO,16870.01,2026-05-16 06:40:22,0,UMBRAL_EFECTIVO_EXCEDIDO,,,,
TX-0006102,CLI-00940,SISTEMA,DEPOSITO_EFECTIVO,19236.99,2026-05-16 06:43:22,0,UMBRAL_EFECTIVO_EXCEDIDO,,,,
TX-0003738,CLI-00566,SISTEMA,DEPOSITO_EFECTIVO,57199.3,2026-05-16 06:50:22,0,UMBRAL_EFECTIVO_EXCEDIDO,,,,
TX-0021248,CLI-03284,SISTEMA,DEPOSITO_EFECTIVO,43663.06,2026-05-16 07:24:22,0,UMBRAL_EFECTIVO_EXCEDIDO,,,,
TX-0016328,CLI-02526,SISTEMA,DEPOSITO_EFECTIVO,17131.75,2026-05-16 07:38:22,0,UMBRAL_EFECTIVO_EXCEDIDO,,,,
TX-0029817,CLI-04593,SISTEMA,DEPOSITO_EFECTIVO,36941.95,2026-05-16 07:48:22,0,UMBRAL_EFECTIVO_EXCEDIDO,,,,
TX-0030515,CLI-04695,SISTEMA,DEPOSITO_EFECTIVO,18122.56,2026-05-16 09:25:22,0,UMBRAL_EFECTIVO_EXCEDIDO,,,,
TX-0001326,CLI-00200,SISTEMA,DEPOSITO_EFECTIVO,25706.39,2026-05-16 12:40:22,0,UMBRAL_EFECTIVO_EXCEDIDO,,,,
TX-0002384,CLI-00361,SISTEMA,DEPOSITO_EFECTIVO,25445.38,2026-05-16 13:34:22,0,UMBRAL_EFECTIVO_EXCEDIDO,,,,
TX-0025447,CLI-03926,SISTEMA,DEPOSITO_EFECTIVO,15691.62,2026-05-16 15:27:22,0,UMBRAL_EFECTIVO_EXCEDIDO,,,,
TX-0012589,CLI-01943,SISTEMA,DEPOSITO_EFECTIVO,28519.99,2026-05-16 17:02:22,0,UMBRAL_EFECTIVO_EXCEDIDO,,,,
TX-0023856,CLI-03687,SISTEMA,DEPOSITO_EFECTIVO,21047.76,2026-05-16 18:59:22,0,UMBRAL_EFECTIVO_EXCEDIDO,,,,
TX-0015547,CLI-02407,SISTEMA,DEPOSITO_EFECTIVO,16369.56,2026-05-16 19:23:22,0,UMBRAL_EFECTIVO_EXCEDIDO,,,,
TX-0019303,CLI-02990,SISTEMA,DEPOSITO_EFECTIVO,26098.23,2026-05-16 19:46:22,0,UMBRAL_EFECTIVO_EXCEDIDO,,,,
TX-0016305,CLI-02524,SISTEMA,DEPOSITO_EFECTIVO,36620.16,2026-05-16 23:20:22,0,UMBRAL_EFECTIVO_EXCEDIDO,,,,
TX-0022587,CLI-03491,SISTEMA,DEPOSITO_EFECTIVO,16794.94,2026-05-16 23:57:22,0,UMBRAL_EFECTIVO_EXCEDIDO,,,,
TX-0016786,CLI-02601,SISTEMA,DEPOSITO_EFECTIVO,32269.1,2026-05-17 00:32:22,0,UMBRAL_EFECTIVO_EXCEDIDO,,,,
TX-0025758,CLI-03973,SISTEMA,DEPOSITO_EFECTIVO,24522.62,2026-05-17 01:16:22,0,UMBRAL_EFECTIVO_EXCEDIDO,,,,
TX-0005756,CLI-00883,SISTEMA,DEPOSITO_EFECTIVO,32640.83,2026-05-17 01:25:22,0,UMBRAL_EFECTIVO_EXCEDIDO,,,,
TX-0001041,CLI-00158,SISTEMA,DEPOSITO_EFECTIVO,22857.26,2026-05-17 01:29:22,0,UMBRAL_EFECTIVO_EXCEDIDO,,,,
TX-0021524,CLI-03328,SISTEMA,DEPOSITO_EFECTIVO,24566.68,2026-05-17 03:14:22,0,UMBRAL_EFECTIVO_EXCEDIDO,,,,
TX-0017016,CLI-02636,SISTEMA,DEPOSITO_EFECTIVO,19362.24,2026-05-17 03:40:22,0,UMBRAL_EFECTIVO_EXCEDIDO,,,,
TX-0020031,CLI-03105,SISTEMA,DEPOSITO_EFECTIVO,27133.51,2026-05-17 04:04:22,0,UMBRAL_EFECTIVO_EXCEDIDO,,,,
TX-0002340,CLI-00356,SISTEMA,DEPOSITO_EFECTIVO,18108.04,2026-05-17 05:12:22,0,UMBRAL_EFECTIVO_EXCEDIDO,,,,
TX-0008845,CLI-01358,SISTEMA,DEPOSITO_EFECTIVO,34329.13,2026-05-17 06:24:22,0,UMBRAL_EFECTIVO_EXCEDIDO,,,,
TX-0028901,CLI-04450,SISTEMA,DEPOSITO_EFECTIVO,25558.01,2026-05-17 08:40:22,0,UMBRAL_EFECTIVO_EXCEDIDO,,,,
TX-0015999,CLI-02475,SISTEMA,DEPOSITO_EFECTIVO,70376.88,2026-05-17 11:13:22,0,UMBRAL_EFECTIVO_EXCEDIDO,,,,
TX-0024378,CLI-03763,SISTEMA,DEPOSITO_EFECTIVO,16528.92,2026-05-17 12:11:22,0,UMBRAL_EFECTIVO_EXCEDIDO,,,,
TX-0024810,CLI-03831,SISTEMA,DEPOSITO_EFECTIVO,15916.12,2026-05-17 14:26:22,0,UMBRAL_EFECTIVO_EXCEDIDO,,,,
TX-0015722,CLI-02433,SISTEMA,DEPOSITO_EFECTIVO,30350.74,2026-05-17 14:35:22,0,UMBRAL_EFECTIVO_EXCEDIDO,,,,
TX-0011868,CLI-01828,SISTEMA,DEPOSITO_EFECTIVO,29782.58,2026-05-17 16:42:22,0,UMBRAL_EFECTIVO_EXCEDIDO,,,,
TX-0022505,CLI-03477,SISTEMA,DEPOSITO_EFECTIVO,32840.55,2026-05-17 18:02:22,0,UMBRAL_EFECTIVO_EXCEDIDO,,,,
TX-0001322,CLI-00200,SISTEMA,DEPOSITO_EFECTIVO,28768.63,2026-05-17 18:42:22,0,UMBRAL_EFECTIVO_EXCEDIDO,,,,
TX-0022760,CLI-03518,SISTEMA,DEPOSITO_EFECTIVO,19455.36,2026-05-17 22:16:22,0,UMBRAL_EFECTIVO_EXCEDIDO,,,,
TX-0002380,CLI-00361,SISTEMA,DEPOSITO_EFECTIVO,37777.91,2026-05-17 23:03:22,0,UMBRAL_EFECTIVO_EXCEDIDO,,,,
TX-0009343,CLI-01434,SISTEMA,DEPOSITO_EFECTIVO,38413.5,2026-05-17 23:28:22,0,UMBRAL_EFECTIVO_EXCEDIDO,,,,
TX-0003694,CLI-00558,SISTEMA,DEPOSITO_EFECTIVO,19589.0,2026-05-18 03:52:22,0,UMBRAL_EFECTIVO_EXCEDIDO,,,,
TX-0009892,CLI-01517,SISTEMA,DEPOSITO_EFECTIVO,15081.77,2026-05-18 04:25:22,0,UMBRAL_EFECTIVO_EXCEDIDO,,,,
TX-0020455,CLI-03170,SISTEMA,DEPOSITO_EFECTIVO,49489.72,2026-05-18 05:13:22,0,UMBRAL_EFECTIVO_EXCEDIDO,,,,
TX-0018063,CLI-02795,SISTEMA,DEPOSITO_EFECTIVO,36908.05,2026-05-18 05:22:22,0,UMBRAL_EFECTIVO_EXCEDIDO,,,,
TX-0002549,CLI-00385,SISTEMA,DEPOSITO_EFECTIVO,30704.6,2026-05-18 06:08:22,0,UMBRAL_EFECTIVO_EXCEDIDO,,,,
TX-0001172,CLI-00176,SISTEMA,DEPOSITO_EFECTIVO,23982.77,2026-05-18 07:39:22,0,UMBRAL_EFECTIVO_EXCEDIDO,,,,
TX-0000343,CLI-00052,SISTEMA,DEPOSITO_EFECTIVO,45620.46,2026-05-18 07:45:22,0,UMBRAL_EFECTIVO_EXCEDIDO,,,,
TX-0000507,CLI-00079,SISTEMA,DEPOSITO_EFECTIVO,15779.63,2026-05-18 09:16:22,0,UMBRAL_EFECTIVO_EXCEDIDO,,,,
TX-0023290,CLI-03598,SISTEMA,DEPOSITO_EFECTIVO,19635.69,2026-05-18 10:33:22,0,UMBRAL_EFECTIVO_EXCEDIDO,,,,
TX-0004591,CLI-00706,SISTEMA,DEPOSITO_EFECTIVO,26348.75,2026-05-18 11:13:22,0,UMBRAL_EFECTIVO_EXCEDIDO,,,,
TX-0018828,CLI-02912,SISTEMA,DEPOSITO_EFECTIVO,43484.66,2026-05-18 13:14:22,0,UMBRAL_EFECTIVO_EXCEDIDO,,,,
TX-0019604,CLI-03040,SISTEMA,DEPOSITO_EFECTIVO,42345.59,2026-05-18 13:51:22,0,UMBRAL_EFECTIVO_EXCEDIDO,,,,
TX-0009254,CLI-01422,SISTEMA,DEPOSITO_EFECTIVO,39811.42,2026-05-18 17:21:22,0,UMBRAL_EFECTIVO_EXCEDIDO,,,,
TX-0028233,CLI-04345,SISTEMA,DEPOSITO_EFECTIVO,33954.09,2026-05-18 20:14:22,0,UMBRAL_EFECTIVO_EXCEDIDO,,,,
TX-0027962,CLI-04306,SISTEMA,DEPOSITO_EFECTIVO,70529.02,2026-05-18 20:24:22,0,UMBRAL_EFECTIVO_EXCEDIDO,,,,
TX-0018760,CLI-02903,SISTEMA,DEPOSITO_EFECTIVO,65572.92,2026-05-18 20:27:22,0,UMBRAL_EFECTIVO_EXCEDIDO,,,,
TX-0003840,CLI-00583,SISTEMA,DEPOSITO_EFECTIVO,48544.11,2026-05-18 20:42:22,0,UMBRAL_EFECTIVO_EXCEDIDO,,,,
TX-0021911,CLI-03386,SISTEMA,DEPOSITO_EFECTIVO,23255.6,2026-05-18 22:07:22,0,UMBRAL_EFECTIVO_EXCEDIDO,,,,
TX-0006734,CLI-01038,SISTEMA,DEPOSITO_EFECTIVO,20816.81,2026-05-18 22:32:22,0,UMBRAL_EFECTIVO_EXCEDIDO,,,,
TX-0015997,CLI-02475,SISTEMA,DEPOSITO_EFECTIVO,20553.3,2026-05-19 00:46:22,0,UMBRAL_EFECTIVO_EXCEDIDO,,,,
TX-0018406,CLI-02849,SISTEMA,DEPOSITO_EFECTIVO,35078.34,2026-05-19 01:12:22,0,UMBRAL_EFECTIVO_EXCEDIDO,,,,
TX-0010388,CLI-01594,SISTEMA,DEPOSITO_EFECTIVO,28584.03,2026-05-19 01:12:22,0,UMBRAL_EFECTIVO_EXCEDIDO,,,,
TX-0028119,CLI-04329,SISTEMA,DEPOSITO_EFECTIVO,39102.6,2026-05-19 01:47:22,0,UMBRAL_EFECTIVO_EXCEDIDO,,,,
TX-0001725,CLI-00259,SISTEMA,DEPOSITO_EFECTIVO,29007.0,2026-05-19 02:19:22,0,UMBRAL_EFECTIVO_EXCEDIDO,,,,
TX-0020166,CLI-03127,SISTEMA,DEPOSITO_EFECTIVO,16608.19,2026-05-19 02:21:22,0,UMBRAL_EFECTIVO_EXCEDIDO,,,,
TX-0007861,CLI-01209,SISTEMA,DEPOSITO_EFECTIVO,21925.88,2026-05-19 04:51:22,0,UMBRAL_EFECTIVO_EXCEDIDO,,,,
TX-0016063,CLI-02484,SISTEMA,DEPOSITO_EFECTIVO,58780.18,2026-05-19 04:59:22,0,UMBRAL_EFECTIVO_EXCEDIDO,,,,
TX-0029208,CLI-04498,SISTEMA,DEPOSITO_EFECTIVO,42524.58,2026-05-19 05:46:22,0,UMBRAL_EFECTIVO_EXCEDIDO,,,,
TX-0013678,CLI-02120,SISTEMA,DEPOSITO_EFECTIVO,20846.77,2026-05-19 07:18:22,0,UMBRAL_EFECTIVO_EXCEDIDO,,,,
TX-0009369,CLI-01438,SISTEMA,DEPOSITO_EFECTIVO,15737.83,2026-05-19 08:23:22,0,UMBRAL_EFECTIVO_EXCEDIDO,,,,
TX-0014591,CLI-02263,SISTEMA,DEPOSITO_EFECTIVO,21964.69,2026-05-19 08:37:22,0,UMBRAL_EFECTIVO_EXCEDIDO,,,,
TX-0008348,CLI-01285,SISTEMA,DEPOSITO_EFECTIVO,29030.92,2026-05-19 09:26:22,0,UMBRAL_EFECTIVO_EXCEDIDO,,,,
TX-0024828,CLI-03834,SISTEMA,DEPOSITO_EFECTIVO,15690.25,2026-05-19 10:31:22,0,UMBRAL_EFECTIVO_EXCEDIDO,,,,
TX-0018512,CLI-02863,SISTEMA,DEPOSITO_EFECTIVO,22913.92,2026-05-19 11:07:22,0,UMBRAL_EFECTIVO_EXCEDIDO,,,,
TX-0009800,CLI-01504,SISTEMA,DEPOSITO_EFECTIVO,20082.46,2026-05-19 11:38:22,0,UMBRAL_EFECTIVO_EXCEDIDO,,,,
TX-0030167,CLI-04648,SISTEMA,DEPOSITO_EFECTIVO,27677.46,2026-05-19 12:42:22,0,UMBRAL_EFECTIVO_EXCEDIDO,,,,
TX-0027772,CLI-04278,SISTEMA,DEPOSITO_EFECTIVO,17705.0,2026-05-19 13:45:22,0,UMBRAL_EFECTIVO_EXCEDIDO,,,,
TX-0026821,CLI-04131,SISTEMA,DEPOSITO_EFECTIVO,34807.43,2026-05-19 13:53:22,0,UMBRAL_EFECTIVO_EXCEDIDO,,,,
TX-0004098,CLI-00627,SISTEMA,DEPOSITO_EFECTIVO,29604.16,2026-05-19 14:00:22,0,UMBRAL_EFECTIVO_EXCEDIDO,,,,
TX-0002379,CLI-00361,SISTEMA,DEPOSITO_EFECTIVO,44270.94,2026-05-19 15:07:22,0,UMBRAL_EFECTIVO_EXCEDIDO,,,,
TX-0007675,CLI-01180,SISTEMA,DEPOSITO_EFECTIVO,21770.84,2026-05-19 15:23:22,0,UMBRAL_EFECTIVO_EXCEDIDO,,,,
TX-0023310,CLI-03601,SISTEMA,DEPOSITO_EFECTIVO,51470.09,2026-05-19 15:32:22,0,UMBRAL_EFECTIVO_EXCEDIDO,,,,
TX-0021974,CLI-03395,SISTEMA,DEPOSITO_EFECTIVO,23602.52,2026-05-19 16:00:22,0,UMBRAL_EFECTIVO_EXCEDIDO,,,,
TX-0015050,CLI-02332,SISTEMA,DEPOSITO_EFECTIVO,56631.4,2026-05-19 16:05:22,0,UMBRAL_EFECTIVO_EXCEDIDO,,,,
TX-0023540,CLI-03637,SISTEMA,DEPOSITO_EFECTIVO,36693.57,2026-05-19 18:51:22,0,UMBRAL_EFECTIVO_EXCEDIDO,,,,
TX-0008419,CLI-01294,SISTEMA,DEPOSITO_EFECTIVO,54383.23,2026-05-19 19:58:22,0,UMBRAL_EFECTIVO_EXCEDIDO,,,,
TX-0011008,CLI-01697,SISTEMA,DEPOSITO_EFECTIVO,35161.63,2026-05-19 21:20:22,0,UMBRAL_EFECTIVO_EXCEDIDO,,,,
TX-0006101,CLI-00940,SISTEMA,DEPOSITO_EFECTIVO,25021.59,2026-05-19 23:33:22,0,UMBRAL_EFECTIVO_EXCEDIDO,,,,
TX-0028616,CLI-04405,SISTEMA,DEPOSITO_EFECTIVO,17178.37,2026-05-20 02:21:22,0,UMBRAL_EFECTIVO_EXCEDIDO,,,,
TX-0001724,CLI-00259,SISTEMA,DEPOSITO_EFECTIVO,31053.07,2026-05-20 06:21:22,0,UMBRAL_EFECTIVO_EXCEDIDO,,,,
TX-0003928,CLI-00598,SISTEMA,DEPOSITO_EFECTIVO,55751.52,2026-05-20 06:49:22,0,UMBRAL_EFECTIVO_EXCEDIDO,,,,
TX-0018710,CLI-02894,SISTEMA,DEPOSITO_EFECTIVO,22630.23,2026-05-20 08:05:22,0,UMBRAL_EFECTIVO_EXCEDIDO,,,,
TX-0016962,CLI-02628,SISTEMA,DEPOSITO_EFECTIVO,17185.25,2026-05-20 08:43:22,0,UMBRAL_EFECTIVO_EXCEDIDO,,,,
TX-0019021,CLI-02943,SISTEMA,DEPOSITO_EFECTIVO,15914.31,2026-05-20 09:34:22,0,UMBRAL_EFECTIVO_EXCEDIDO,,,,
TX-0005762,CLI-00883,SISTEMA,DEPOSITO_EFECTIVO,20921.05,2026-05-20 10:52:22,0,UMBRAL_EFECTIVO_EXCEDIDO,,,,
TX-0025891,CLI-03993,SISTEMA,DEPOSITO_EFECTIVO,44810.38,2026-05-20 12:24:22,0,UMBRAL_EFECTIVO_EXCEDIDO,,,,
TX-0018314,CLI-02834,SISTEMA,DEPOSITO_EFECTIVO,53826.33,2026-05-20 12:40:22,0,UMBRAL_EFECTIVO_EXCEDIDO,,,,
TX-0006403,CLI-00987,SISTEMA,DEPOSITO_EFECTIVO,51896.59,2026-05-20 13:18:22,0,UMBRAL_EFECTIVO_EXCEDIDO,,,,
TX-0028029,CLI-04316,SISTEMA,DEPOSITO_EFECTIVO,16284.73,2026-05-20 14:04:22,0,UMBRAL_EFECTIVO_EXCEDIDO,,,,
TX-0001785,CLI-00266,SISTEMA,DEPOSITO_EFECTIVO,18144.8,2026-05-20 15:56:22,0,UMBRAL_EFECTIVO_EXCEDIDO,,,,
TX-0030602,CLI-04711,SISTEMA,DEPOSITO_EFECTIVO,23148.52,2026-05-20 17:51:22,0,UMBRAL_EFECTIVO_EXCEDIDO,,,,
TX-0026543,CLI-04086,SISTEMA,DEPOSITO_EFECTIVO,16672.66,2026-05-20 18:31:22,0,UMBRAL_EFECTIVO_EXCEDIDO,,,,
TX-0025930,CLI-03999,SISTEMA,DEPOSITO_EFECTIVO,38727.27,2026-05-20 18:41:22,0,UMBRAL_EFECTIVO_EXCEDIDO,,,,
TX-0013777,CLI-02136,SISTEMA,DEPOSITO_EFECTIVO,26906.99,2026-05-20 21:05:22,0,UMBRAL_EFECTIVO_EXCEDIDO,,,,
TX-0002623,CLI-00398,SISTEMA,DEPOSITO_EFECTIVO,29961.58,2026-05-20 22:08:22,0,UMBRAL_EFECTIVO_EXCEDIDO,,,,
TX-0000347,CLI-00053,SISTEMA,DEPOSITO_EFECTIVO,16539.65,2026-05-20 22:12:22,0,UMBRAL_EFECTIVO_EXCEDIDO,,,,
TX-0020231,CLI-03138,SISTEMA,DEPOSITO_EFECTIVO,33130.11,2026-05-20 22:27:22,0,UMBRAL_EFECTIVO_EXCEDIDO,,,,
TX-0021317,CLI-03295,SISTEMA,DEPOSITO_EFECTIVO,39738.5,2026-05-21 02:09:22,0,UMBRAL_EFECTIVO_EXCEDIDO,,,,
TX-0023806,CLI-03679,SISTEMA,DEPOSITO_EFECTIVO,24440.1,2026-05-21 05:19:22,0,UMBRAL_EFECTIVO_EXCEDIDO,,,,
TX-0030601,CLI-04711,SISTEMA,DEPOSITO_EFECTIVO,31909.52,2026-05-21 06:26:22,0,UMBRAL_EFECTIVO_EXCEDIDO,,,,
TX-0008862,CLI-01361,SISTEMA,DEPOSITO_EFECTIVO,16372.19,2026-05-21 06:53:22,0,UMBRAL_EFECTIVO_EXCEDIDO,,,,
TX-0010914,CLI-01679,SISTEMA,DEPOSITO_EFECTIVO,26867.61,2026-05-21 07:49:22,0,UMBRAL_EFECTIVO_EXCEDIDO,,,,
TX-0022198,CLI-03434,SISTEMA,DEPOSITO_EFECTIVO,23585.74,2026-05-21 09:25:22,0,UMBRAL_EFECTIVO_EXCEDIDO,,,,
TX-0023714,CLI-03666,SISTEMA,DEPOSITO_EFECTIVO,18046.58,2026-05-21 10:37:22,0,UMBRAL_EFECTIVO_EXCEDIDO,,,,
TX-0031123,CLI-04789,SISTEMA,DEPOSITO_EFECTIVO,33766.32,2026-05-21 11:32:22,0,UMBRAL_EFECTIVO_EXCEDIDO,,,,
TX-0001177,CLI-00177,SISTEMA,DEPOSITO_EFECTIVO,30396.52,2026-05-21 13:44:22,0,UMBRAL_EFECTIVO_EXCEDIDO,,,,
TX-0003085,CLI-00469,SISTEMA,DEPOSITO_EFECTIVO,63215.57,2026-05-21 15:11:22,0,UMBRAL_EFECTIVO_EXCEDIDO,,,,
TX-0006435,CLI-00992,SISTEMA,DEPOSITO_EFECTIVO,28748.08,2026-05-21 15:14:22,0,UMBRAL_EFECTIVO_EXCEDIDO,,,,
TX-0025311,CLI-03907,SISTEMA,DEPOSITO_EFECTIVO,34767.08,2026-05-21 17:17:22,0,UMBRAL_EFECTIVO_EXCEDIDO,,,,
TX-0004196,CLI-00643,SISTEMA,DEPOSITO_EFECTIVO,18677.77,2026-05-21 17:59:22,0,UMBRAL_EFECTIVO_EXCEDIDO,,,,
TX-0027338,CLI-04216,SISTEMA,DEPOSITO_EFECTIVO,26089.87,2026-05-21 18:01:22,0,UMBRAL_EFECTIVO_EXCEDIDO,,,,
TX-0028719,CLI-04421,SISTEMA,DEPOSITO_EFECTIVO,20265.98,2026-05-21 19:08:22,0,UMBRAL_EFECTIVO_EXCEDIDO,,,,
TX-0004391,CLI-00671,SISTEMA,DEPOSITO_EFECTIVO,22709.87,2026-05-21 20:51:22,0,UMBRAL_EFECTIVO_EXCEDIDO,,,,
TX-0001047,CLI-00158,SISTEMA,DEPOSITO_EFECTIVO,27762.57,2026-05-21 21:15:22,0,UMBRAL_EFECTIVO_EXCEDIDO,,,,
TX-0007841,CLI-01206,SISTEMA,DEPOSITO_EFECTIVO,15865.72,2026-05-21 21:17:22,0,UMBRAL_EFECTIVO_EXCEDIDO,,,,
TX-0002260,CLI-00341,SISTEMA,DEPOSITO_EFECTIVO,20773.89,2026-05-21 22:15:22,0,UMBRAL_EFECTIVO_EXCEDIDO,,,,
TX-0010044,CLI-01543,SISTEMA,DEPOSITO_EFECTIVO,52898.38,2026-05-21 23:42:22,0,UMBRAL_EFECTIVO_EXCEDIDO,,,,
TX-0008619,CLI-01324,SISTEMA,DEPOSITO_EFECTIVO,29417.5,2026-05-21 23:47:22,0,UMBRAL_EFECTIVO_EXCEDIDO,,,,
TX-0025794,CLI-03979,SISTEMA,DEPOSITO_EFECTIVO,28036.56,2026-05-22 01:50:22,0,UMBRAL_EFECTIVO_EXCEDIDO,,,,
TX-0024616,CLI-03798,SISTEMA,DEPOSITO_EFECTIVO,28383.88,2026-05-22 02:48:22,0,UMBRAL_EFECTIVO_EXCEDIDO,,,,
TX-0014136,CLI-02188,SISTEMA,DEPOSITO_EFECTIVO,24384.48,2026-05-22 04:36:22,0,UMBRAL_EFECTIVO_EXCEDIDO,,,,
TX-0006610,CLI-01019,SISTEMA,DEPOSITO_EFECTIVO,22300.64,2026-05-22 10:09:22,0,UMBRAL_EFECTIVO_EXCEDIDO,,,,
TX-0025403,CLI-03921,SISTEMA,DEPOSITO_EFECTIVO,64613.37,2026-05-22 10:13:22,0,UMBRAL_EFECTIVO_EXCEDIDO,,,,
TX-0010288,CLI-01580,SISTEMA,DEPOSITO_EFECTIVO,34774.44,2026-05-22 11:37:22,0,UMBRAL_EFECTIVO_EXCEDIDO,,,,
TX-0027621,CLI-04256,SISTEMA,DEPOSITO_EFECTIVO,18327.4,2026-05-22 12:10:22,0,UMBRAL_EFECTIVO_EXCEDIDO,,,,
TX-0002789,CLI-00422,SISTEMA,DEPOSITO_EFECTIVO,19183.07,2026-05-22 12:16:22,0,UMBRAL_EFECTIVO_EXCEDIDO,,,,
TX-0010016,CLI-01540,SISTEMA,DEPOSITO_EFECTIVO,15115.28,2026-05-22 13:17:22,0,UMBRAL_EFECTIVO_EXCEDIDO,,,,
TX-0016263,CLI-02516,SISTEMA,DEPOSITO_EFECTIVO,18188.02,2026-05-22 14:15:22,0,UMBRAL_EFECTIVO_EXCEDIDO,,,,
TX-0028158,CLI-04334,SISTEMA,DEPOSITO_EFECTIVO,33815.38,2026-05-22 14:22:22,0,UMBRAL_EFECTIVO_EXCEDIDO,,,,
TX-0013848,CLI-02146,SISTEMA,DEPOSITO_EFECTIVO,33121.12,2026-05-22 15:01:22,0,UMBRAL_EFECTIVO_EXCEDIDO,,,,
TX-0029863,CLI-04601,SISTEMA,DEPOSITO_EFECTIVO,30882.18,2026-05-22 16:19:22,0,UMBRAL_EFECTIVO_EXCEDIDO,,,,
TX-0021356,CLI-03300,SISTEMA,DEPOSITO_EFECTIVO,18849.5,2026-05-22 21:25:22,0,UMBRAL_EFECTIVO_EXCEDIDO,,,,
TX-0029750,CLI-04582,SISTEMA,DEPOSITO_EFECTIVO,20683.18,2026-05-22 21:32:22,0,UMBRAL_EFECTIVO_EXCEDIDO,,,,
TX-0030189,CLI-04651,SISTEMA,DEPOSITO_EFECTIVO,57773.62,2026-05-22 22:09:22,0,UMBRAL_EFECTIVO_EXCEDIDO,,,,
TX-0028867,CLI-04445,SISTEMA,DEPOSITO_EFECTIVO,36578.89,2026-05-22 22:20:22,0,UMBRAL_EFECTIVO_EXCEDIDO,,,,
TX-0001323,CLI-00200,SISTEMA,DEPOSITO_EFECTIVO,33239.63,2026-05-22 22:30:22,0,UMBRAL_EFECTIVO_EXCEDIDO,,,,
TX-0004326,CLI-00662,SISTEMA,DEPOSITO_EFECTIVO,48631.41,2026-05-22 23:02:22,0,UMBRAL_EFECTIVO_EXCEDIDO,,,,
TX-0003341,CLI-00505,SISTEMA,DEPOSITO_EFECTIVO,43325.23,2026-05-22 23:07:22,0,UMBRAL_EFECTIVO_EXCEDIDO,,,,
TX-0027819,CLI-04285,SISTEMA,DEPOSITO_EFECTIVO,60619.06,2026-05-23 02:12:22,0,UMBRAL_EFECTIVO_EXCEDIDO,,,,
TX-0021327,CLI-03296,SISTEMA,DEPOSITO_EFECTIVO,63652.09,2026-05-23 02:45:22,0,UMBRAL_EFECTIVO_EXCEDIDO,,,,
TX-0026813,CLI-04129,SISTEMA,DEPOSITO_EFECTIVO,24514.96,2026-05-23 03:42:22,0,UMBRAL_EFECTIVO_EXCEDIDO,,,,
TX-0009512,CLI-01462,SISTEMA,DEPOSITO_EFECTIVO,29252.45,2026-05-23 04:33:22,0,UMBRAL_EFECTIVO_EXCEDIDO,,,,
TX-0016900,CLI-02617,SISTEMA,DEPOSITO_EFECTIVO,17087.76,2026-05-23 08:38:22,0,UMBRAL_EFECTIVO_EXCEDIDO,,,,
TX-0000346,CLI-00053,SISTEMA,DEPOSITO_EFECTIVO,35606.13,2026-05-23 12:11:22,0,UMBRAL_EFECTIVO_EXCEDIDO,,,,
TX-0017199,CLI-02665,SISTEMA,DEPOSITO_EFECTIVO,50619.16,2026-05-23 12:23:22,0,UMBRAL_EFECTIVO_EXCEDIDO,,,,
TX-0010212,CLI-01570,SISTEMA,DEPOSITO_EFECTIVO,16759.6,2026-05-23 12:49:22,0,UMBRAL_EFECTIVO_EXCEDIDO,,,,
TX-0003170,CLI-00481,SISTEMA,DEPOSITO_EFECTIVO,36280.74,2026-05-23 13:00:22,0,UMBRAL_EFECTIVO_EXCEDIDO,,,,
TX-0024479,CLI-03778,SISTEMA,DEPOSITO_EFECTIVO,27627.81,2026-05-23 15:54:22,0,UMBRAL_EFECTIVO_EXCEDIDO,,,,
TX-0032543,CLI-04997,SISTEMA,DEPOSITO_EFECTIVO,33971.78,2026-05-23 16:14:22,0,UMBRAL_EFECTIVO_EXCEDIDO,,,,
TX-0028116,CLI-04329,SISTEMA,DEPOSITO_EFECTIVO,44693.71,2026-05-23 17:28:22,0,UMBRAL_EFECTIVO_EXCEDIDO,,,,
TX-0006542,CLI-01008,SISTEMA,DEPOSITO_EFECTIVO,20590.72,2026-05-23 17:37:22,0,UMBRAL_EFECTIVO_EXCEDIDO,,,,
TX-0026468,CLI-04075,SISTEMA,DEPOSITO_EFECTIVO,31372.57,2026-05-23 18:37:22,0,UMBRAL_EFECTIVO_EXCEDIDO,,,,
TX-0029811,CLI-04593,SISTEMA,DEPOSITO_EFECTIVO,20833.97,2026-05-23 19:06:22,0,UMBRAL_EFECTIVO_EXCEDIDO,,,,
TX-0018852,CLI-02915,SISTEMA,DEPOSITO_EFECTIVO,28471.7,2026-05-23 22:06:22,0,UMBRAL_EFECTIVO_EXCEDIDO,,,,
TX-0030045,CLI-04629,SISTEMA,DEPOSITO_EFECTIVO,36506.91,2026-05-23 22:43:22,0,UMBRAL_EFECTIVO_EXCEDIDO,,,,
TX-0024598,CLI-03796,SISTEMA,DEPOSITO_EFECTIVO,27311.88,2026-05-23 23:17:22,0,UMBRAL_EFECTIVO_EXCEDIDO,,,,
TX-0004934,CLI-00764,SISTEMA,DEPOSITO_EFECTIVO,24805.67,2026-05-24 01:26:22,0,UMBRAL_EFECTIVO_EXCEDIDO,,,,
TX-0021244,CLI-03284,SISTEMA,DEPOSITO_EFECTIVO,22929.99,2026-05-24 03:42:22,0,UMBRAL_EFECTIVO_EXCEDIDO,,,,
TX-0030277,CLI-04665,SISTEMA,DEPOSITO_EFECTIVO,28179.88,2026-05-24 03:44:22,0,UMBRAL_EFECTIVO_EXCEDIDO,,,,
TX-0024376,CLI-03763,SISTEMA,DEPOSITO_EFECTIVO,16363.82,2026-05-24 04:06:22,0,UMBRAL_EFECTIVO_EXCEDIDO,,,,
TX-0012101,CLI-01867,SISTEMA,DEPOSITO_EFECTIVO,16225.33,2026-05-24 04:33:22,0,UMBRAL_EFECTIVO_EXCEDIDO,,,,
TX-0027849,CLI-04289,SISTEMA,DEPOSITO_EFECTIVO,49339.04,2026-05-24 07:54:22,0,UMBRAL_EFECTIVO_EXCEDIDO,,,,
TX-0004537,CLI-00695,SISTEMA,DEPOSITO_EFECTIVO,19676.05,2026-05-24 08:19:22,0,UMBRAL_EFECTIVO_EXCEDIDO,,,,
TX-0022999,CLI-03553,SISTEMA,DEPOSITO_EFECTIVO,18846.01,2026-05-24 09:39:22,0,UMBRAL_EFECTIVO_EXCEDIDO,,,,
TX-0007596,CLI-01169,SISTEMA,DEPOSITO_EFECTIVO,23950.22,2026-05-24 10:28:22,0,UMBRAL_EFECTIVO_EXCEDIDO,,,,
TX-0027458,CLI-04233,SISTEMA,DEPOSITO_EFECTIVO,27410.76,2026-05-24 10:53:22,0,UMBRAL_EFECTIVO_EXCEDIDO,,,,
TX-0023791,CLI-03677,SISTEMA,DEPOSITO_EFECTIVO,27287.21,2026-05-24 11:14:22,0,UMBRAL_EFECTIVO_EXCEDIDO,,,,
TX-0008668,CLI-01330,SISTEMA,DEPOSITO_EFECTIVO,43819.0,2026-05-24 12:08:22,0,UMBRAL_EFECTIVO_EXCEDIDO,,,,
TX-0008536,CLI-01310,SISTEMA,DEPOSITO_EFECTIVO,37036.95,2026-05-24 13:51:22,0,UMBRAL_EFECTIVO_EXCEDIDO,,,,
TX-0022599,CLI-03493,SISTEMA,DEPOSITO_EFECTIVO,27887.99,2026-05-24 14:43:22,0,UMBRAL_EFECTIVO_EXCEDIDO,,,,
TX-0021884,CLI-03382,SISTEMA,DEPOSITO_EFECTIVO,28600.78,2026-05-24 15:16:22,0,UMBRAL_EFECTIVO_EXCEDIDO,,,,
TX-0016327,CLI-02526,SISTEMA,DEPOSITO_EFECTIVO,23739.46,2026-05-24 15:34:22,0,UMBRAL_EFECTIVO_EXCEDIDO,,,,
TX-0000706,CLI-00110,SISTEMA,DEPOSITO_EFECTIVO,55218.95,2026-05-24 15:53:22,0,UMBRAL_EFECTIVO_EXCEDIDO,,,,
TX-0025524,CLI-03938,SISTEMA,DEPOSITO_EFECTIVO,22354.49,2026-05-24 16:52:22,0,UMBRAL_EFECTIVO_EXCEDIDO,,,,
TX-0004118,CLI-00630,SISTEMA,DEPOSITO_EFECTIVO,35782.15,2026-05-24 17:10:22,0,UMBRAL_EFECTIVO_EXCEDIDO,,,,
TX-0003523,CLI-00534,SISTEMA,DEPOSITO_EFECTIVO,42436.35,2026-05-24 19:30:22,0,UMBRAL_EFECTIVO_EXCEDIDO,,,,
TX-0005258,CLI-00810,SISTEMA,DEPOSITO_EFECTIVO,20824.57,2026-05-24 20:31:22,0,UMBRAL_EFECTIVO_EXCEDIDO,,,,
TX-0021468,CLI-03319,SISTEMA,DEPOSITO_EFECTIVO,16234.22,2026-05-24 22:19:22,0,UMBRAL_EFECTIVO_EXCEDIDO,,,,
TX-0023263,CLI-03593,SISTEMA,DEPOSITO_EFECTIVO,27175.8,2026-05-24 22:30:22,0,UMBRAL_EFECTIVO_EXCEDIDO,,,,
TX-0017029,CLI-02638,SISTEMA,DEPOSITO_EFECTIVO,51919.4,2026-05-24 23:38:22,0,UMBRAL_EFECTIVO_EXCEDIDO,,,,
TX-0018835,CLI-02912,SISTEMA,DEPOSITO_EFECTIVO,59067.51,2026-05-25 01:39:22,0,UMBRAL_EFECTIVO_EXCEDIDO,,,,
TX-0011080,CLI-01706,SISTEMA,DEPOSITO_EFECTIVO,15332.82,2026-05-25 03:15:22,0,UMBRAL_EFECTIVO_EXCEDIDO,,,,
TX-0003047,CLI-00463,SISTEMA,DEPOSITO_EFECTIVO,20288.28,2026-05-25 03:37:22,0,UMBRAL_EFECTIVO_EXCEDIDO,,,,
TX-0010668,CLI-01643,SISTEMA,DEPOSITO_EFECTIVO,17051.7,2026-05-25 03:39:22,0,UMBRAL_EFECTIVO_EXCEDIDO,,,,
TX-0023954,CLI-03700,SISTEMA,DEPOSITO_EFECTIVO,26649.61,2026-05-25 04:04:22,0,UMBRAL_EFECTIVO_EXCEDIDO,,,,
TX-0025364,CLI-03915,SISTEMA,DEPOSITO_EFECTIVO,32915.68,2026-05-25 06:39:22,0,UMBRAL_EFECTIVO_EXCEDIDO,,,,
TX-0016838,CLI-02609,SISTEMA,DEPOSITO_EFECTIVO,18894.09,2026-05-25 08:49:22,0,UMBRAL_EFECTIVO_EXCEDIDO,,,,
TX-0003211,CLI-00486,SISTEMA,DEPOSITO_EFECTIVO,24654.16,2026-05-25 10:05:22,0,UMBRAL_EFECTIVO_EXCEDIDO,,,,
TX-0001760,CLI-00263,SISTEMA,DEPOSITO_EFECTIVO,40138.03,2026-05-25 11:04:22,0,UMBRAL_EFECTIVO_EXCEDIDO,,,,
TX-0016036,CLI-02480,SISTEMA,DEPOSITO_EFECTIVO,15090.62,2026-05-25 11:12:22,0,UMBRAL_EFECTIVO_EXCEDIDO,,,,
TX-0005353,CLI-00824,SISTEMA,DEPOSITO_EFECTIVO,15322.91,2026-05-25 12:39:22,0,UMBRAL_EFECTIVO_EXCEDIDO,,,,
TX-0002378,CLI-00361,SISTEMA,DEPOSITO_EFECTIVO,24737.77,2026-05-25 12:56:22,0,UMBRAL_EFECTIVO_EXCEDIDO,,,,
TX-0022491,CLI-03475,SISTEMA,DEPOSITO_EFECTIVO,43993.83,2026-05-25 12:56:22,0,UMBRAL_EFECTIVO_EXCEDIDO,,,,
TX-0004534,CLI-00695,SISTEMA,DEPOSITO_EFECTIVO,15793.74,2026-05-25 14:48:22,0,UMBRAL_EFECTIVO_EXCEDIDO,,,,
TX-0028869,CLI-04445,SISTEMA,DEPOSITO_EFECTIVO,43997.48,2026-05-25 16:31:22,0,UMBRAL_EFECTIVO_EXCEDIDO,,,,
TX-0030800,CLI-04739,SISTEMA,DEPOSITO_EFECTIVO,16500.16,2026-05-25 20:25:22,0,UMBRAL_EFECTIVO_EXCEDIDO,,,,
TX-0028393,CLI-04369,SISTEMA,DEPOSITO_EFECTIVO,23391.95,2026-05-25 20:58:22,0,UMBRAL_EFECTIVO_EXCEDIDO,,,,
TX-0027682,CLI-04265,SISTEMA,DEPOSITO_EFECTIVO,52274.34,2026-05-25 21:32:22,0,UMBRAL_EFECTIVO_EXCEDIDO,,,,
TX-0018707,CLI-02894,SISTEMA,DEPOSITO_EFECTIVO,16073.49,2026-05-25 22:40:22,0,UMBRAL_EFECTIVO_EXCEDIDO,,,,
TX-0025405,CLI-03921,SISTEMA,DEPOSITO_EFECTIVO,51217.42,2026-05-25 23:59:22,0,UMBRAL_EFECTIVO_EXCEDIDO,,,,
TX-0019870,CLI-03080,SISTEMA,DEPOSITO_EFECTIVO,42253.3,2026-05-26 00:06:22,0,UMBRAL_EFECTIVO_EXCEDIDO,,,,
TX-0031518,CLI-04848,SISTEMA,DEPOSITO_EFECTIVO,56996.53,2026-05-26 01:24:22,0,UMBRAL_EFECTIVO_EXCEDIDO,,,,
TX-0006737,CLI-01038,SISTEMA,DEPOSITO_EFECTIVO,22374.77,2026-05-26 01:58:22,0,UMBRAL_EFECTIVO_EXCEDIDO,,,,
TX-0028389,CLI-04369,SISTEMA,DEPOSITO_EFECTIVO,20507.83,2026-05-26 02:45:22,0,UMBRAL_EFECTIVO_EXCEDIDO,,,,
TX-0003247,CLI-00492,SISTEMA,DEPOSITO_EFECTIVO,20660.73,2026-05-26 03:19:22,0,UMBRAL_EFECTIVO_EXCEDIDO,,,,
TX-0025542,CLI-03941,SISTEMA,DEPOSITO_EFECTIVO,32977.11,2026-05-26 03:26:22,0,UMBRAL_EFECTIVO_EXCEDIDO,,,,
TX-0004932,CLI-00764,SISTEMA,DEPOSITO_EFECTIVO,20193.82,2026-05-26 06:36:22,0,UMBRAL_EFECTIVO_EXCEDIDO,,,,
TX-0017549,CLI-02719,SISTEMA,DEPOSITO_EFECTIVO,43335.56,2026-05-26 07:00:22,0,UMBRAL_EFECTIVO_EXCEDIDO,,,,
TX-0024482,CLI-03778,SISTEMA,DEPOSITO_EFECTIVO,29581.62,2026-05-26 07:49:22,0,UMBRAL_EFECTIVO_EXCEDIDO,,,,
TX-0009554,CLI-01468,SISTEMA,DEPOSITO_EFECTIVO,28246.7,2026-05-26 08:09:22,0,UMBRAL_EFECTIVO_EXCEDIDO,,,,
TX-0025866,CLI-03990,SISTEMA,DEPOSITO_EFECTIVO,29497.31,2026-05-26 09:42:22,0,UMBRAL_EFECTIVO_EXCEDIDO,,,,
TX-0022279,CLI-03445,SISTEMA,DEPOSITO_EFECTIVO,46367.26,2026-05-26 12:48:22,0,UMBRAL_EFECTIVO_EXCEDIDO,,,,
TX-0027541,CLI-04246,SISTEMA,DEPOSITO_EFECTIVO,32440.26,2026-05-26 13:54:22,0,UMBRAL_EFECTIVO_EXCEDIDO,,,,
TX-0007950,CLI-01223,SISTEMA,DEPOSITO_EFECTIVO,38152.63,2026-05-26 14:23:22,0,UMBRAL_EFECTIVO_EXCEDIDO,,,,
TX-0026035,CLI-04012,SISTEMA,DEPOSITO_EFECTIVO,26318.72,2026-05-26 14:43:22,0,UMBRAL_EFECTIVO_EXCEDIDO,,,,
TX-0003454,CLI-00523,SISTEMA,DEPOSITO_EFECTIVO,23599.63,2026-05-26 15:21:22,0,UMBRAL_EFECTIVO_EXCEDIDO,,,,
TX-0032132,CLI-04937,SISTEMA,DEPOSITO_EFECTIVO,22065.2,2026-05-26 22:44:22,0,UMBRAL_EFECTIVO_EXCEDIDO,,,,
TX-0025378,CLI-03917,SISTEMA,DEPOSITO_EFECTIVO,28215.18,2026-05-26 23:04:22,0,UMBRAL_EFECTIVO_EXCEDIDO,,,,
TX-0022821,CLI-03527,SISTEMA,DEPOSITO_EFECTIVO,70452.48,2026-05-26 23:18:22,0,UMBRAL_EFECTIVO_EXCEDIDO,,,,
TX-0006444,CLI-00993,SISTEMA,DEPOSITO_EFECTIVO,32896.85,2026-05-27 00:12:22,0,UMBRAL_EFECTIVO_EXCEDIDO,,,,
TX-0009549,CLI-01467,SISTEMA,DEPOSITO_EFECTIVO,30917.34,2026-05-27 00:20:22,0,UMBRAL_EFECTIVO_EXCEDIDO,,,,
TX-0005751,CLI-00882,SISTEMA,DEPOSITO_EFECTIVO,32083.05,2026-05-27 00:22:22,0,UMBRAL_EFECTIVO_EXCEDIDO,,,,
TX-0005988,CLI-00921,SISTEMA,DEPOSITO_EFECTIVO,22385.81,2026-05-27 00:32:22,0,UMBRAL_EFECTIVO_EXCEDIDO,,,,
TX-0017059,CLI-02642,SISTEMA,DEPOSITO_EFECTIVO,25625.32,2026-05-27 01:09:22,0,UMBRAL_EFECTIVO_EXCEDIDO,,,,
TX-0010468,CLI-01606,SISTEMA,DEPOSITO_EFECTIVO,27036.67,2026-05-27 08:36:22,0,UMBRAL_EFECTIVO_EXCEDIDO,,,,
TX-0019022,CLI-02943,SISTEMA,DEPOSITO_EFECTIVO,17431.84,2026-05-27 10:53:22,0,UMBRAL_EFECTIVO_EXCEDIDO,,,,
TX-0015725,CLI-02433,SISTEMA,DEPOSITO_EFECTIVO,41493.03,2026-05-27 13:30:22,0,UMBRAL_EFECTIVO_EXCEDIDO,,,,
TX-0007865,CLI-01209,SISTEMA,DEPOSITO_EFECTIVO,27943.56,2026-05-27 15:07:22,0,UMBRAL_EFECTIVO_EXCEDIDO,,,,
TX-0019792,CLI-03068,SISTEMA,DEPOSITO_EFECTIVO,19774.45,2026-05-27 16:29:22,0,UMBRAL_EFECTIVO_EXCEDIDO,,,,
TX-0026033,CLI-04012,SISTEMA,DEPOSITO_EFECTIVO,29428.47,2026-05-27 18:13:22,0,UMBRAL_EFECTIVO_EXCEDIDO,,,,
TX-0027672,CLI-04264,SISTEMA,DEPOSITO_EFECTIVO,39626.23,2026-05-27 18:32:22,0,UMBRAL_EFECTIVO_EXCEDIDO,,,,
TX-0016830,CLI-02607,SISTEMA,DEPOSITO_EFECTIVO,31062.56,2026-05-27 20:08:22,0,UMBRAL_EFECTIVO_EXCEDIDO,,,,
TX-0020230,CLI-03138,SISTEMA,DEPOSITO_EFECTIVO,30212.84,2026-05-27 20:47:22,0,UMBRAL_EFECTIVO_EXCEDIDO,,,,
TX-0020458,CLI-03170,SISTEMA,DEPOSITO_EFECTIVO,38818.37,2026-05-27 20:50:22,0,UMBRAL_EFECTIVO_EXCEDIDO,,,,
TX-0030740,CLI-04730,SISTEMA,DEPOSITO_EFECTIVO,21178.62,2026-05-27 21:29:22,0,UMBRAL_EFECTIVO_EXCEDIDO,,,,
TX-0020264,CLI-03143,SISTEMA,DEPOSITO_EFECTIVO,16053.24,2026-05-27 22:15:22,0,UMBRAL_EFECTIVO_EXCEDIDO,,,,
TX-0004634,CLI-00714,SISTEMA,DEPOSITO_EFECTIVO,32995.55,2026-05-27 22:17:22,0,UMBRAL_EFECTIVO_EXCEDIDO,,,,
TX-0015966,CLI-02471,SISTEMA,DEPOSITO_EFECTIVO,16877.82,2026-05-27 22:24:22,0,UMBRAL_EFECTIVO_EXCEDIDO,,,,
TX-0015102,CLI-02339,SISTEMA,DEPOSITO_EFECTIVO,42105.06,2026-05-27 23:18:22,0,UMBRAL_EFECTIVO_EXCEDIDO,,,,
TX-0007368,CLI-01137,SISTEMA,DEPOSITO_EFECTIVO,34701.28,2026-05-28 00:55:22,0,UMBRAL_EFECTIVO_EXCEDIDO,,,,
TX-0010671,CLI-01644,SISTEMA,DEPOSITO_EFECTIVO,23233.38,2026-05-28 01:51:22,0,UMBRAL_EFECTIVO_EXCEDIDO,,,,
TX-0007566,CLI-01165,SISTEMA,DEPOSITO_EFECTIVO,22978.72,2026-05-28 03:46:22,0,UMBRAL_EFECTIVO_EXCEDIDO,,,,
TX-0018475,CLI-02858,SISTEMA,DEPOSITO_EFECTIVO,15347.42,2026-05-28 05:07:22,0,UMBRAL_EFECTIVO_EXCEDIDO,,,,
TX-0014996,CLI-02325,SISTEMA,DEPOSITO_EFECTIVO,18450.31,2026-05-28 05:08:22,0,UMBRAL_EFECTIVO_EXCEDIDO,,,,
TX-0010911,CLI-01679,SISTEMA,DEPOSITO_EFECTIVO,23565.63,2026-05-28 05:19:22,0,UMBRAL_EFECTIVO_EXCEDIDO,,,,
TX-0009078,CLI-01395,SISTEMA,DEPOSITO_EFECTIVO,27014.5,2026-05-28 05:24:22,0,UMBRAL_EFECTIVO_EXCEDIDO,,,,
TX-0012174,CLI-01880,SISTEMA,DEPOSITO_EFECTIVO,24868.78,2026-05-28 06:57:22,0,UMBRAL_EFECTIVO_EXCEDIDO,,,,
TX-0030604,CLI-04711,SISTEMA,DEPOSITO_EFECTIVO,16638.23,2026-05-28 07:28:22,0,UMBRAL_EFECTIVO_EXCEDIDO,,,,
TX-0012835,CLI-01984,SISTEMA,DEPOSITO_EFECTIVO,31323.81,2026-05-28 07:57:22,0,UMBRAL_EFECTIVO_EXCEDIDO,,,,
TX-0019242,CLI-02981,SISTEMA,DEPOSITO_EFECTIVO,46215.15,2026-05-28 08:03:22,0,UMBRAL_EFECTIVO_EXCEDIDO,,,,
TX-0026466,CLI-04075,SISTEMA,DEPOSITO_EFECTIVO,16783.16,2026-05-28 08:04:22,0,UMBRAL_EFECTIVO_EXCEDIDO,,,,
TX-0013530,CLI-02098,SISTEMA,DEPOSITO_EFECTIVO,25106.99,2026-05-28 09:08:22,0,UMBRAL_EFECTIVO_EXCEDIDO,,,,
TX-0017948,CLI-02776,SISTEMA,DEPOSITO_EFECTIVO,29770.08,2026-05-28 10:37:22,0,UMBRAL_EFECTIVO_EXCEDIDO,,,,
TX-0013208,CLI-02042,SISTEMA,DEPOSITO_EFECTIVO,58729.12,2026-05-28 14:32:22,0,UMBRAL_EFECTIVO_EXCEDIDO,,,,
TX-0006337,CLI-00976,SISTEMA,DEPOSITO_EFECTIVO,16071.89,2026-05-28 17:00:22,0,UMBRAL_EFECTIVO_EXCEDIDO,,,,
TX-0010156,CLI-01560,SISTEMA,DEPOSITO_EFECTIVO,15430.34,2026-05-28 17:03:22,0,UMBRAL_EFECTIVO_EXCEDIDO,,,,
TX-0008613,CLI-01322,SISTEMA,DEPOSITO_EFECTIVO,26895.12,2026-05-28 17:47:22,0,UMBRAL_EFECTIVO_EXCEDIDO,,,,
TX-0021417,CLI-03311,SISTEMA,DEPOSITO_EFECTIVO,25918.34,2026-05-28 17:52:22,0,UMBRAL_EFECTIVO_EXCEDIDO,,,,
TX-0006903,CLI-01064,SISTEMA,DEPOSITO_EFECTIVO,32228.42,2026-05-28 17:59:22,0,UMBRAL_EFECTIVO_EXCEDIDO,,,,
TX-0020366,CLI-03156,SISTEMA,DEPOSITO_EFECTIVO,19445.46,2026-05-28 18:11:22,0,UMBRAL_EFECTIVO_EXCEDIDO,,,,
TX-0004930,CLI-00763,SISTEMA,DEPOSITO_EFECTIVO,15309.94,2026-05-28 18:45:22,0,UMBRAL_EFECTIVO_EXCEDIDO,,,,
TX-0000712,CLI-00110,SISTEMA,DEPOSITO_EFECTIVO,31057.92,2026-05-28 19:07:22,0,UMBRAL_EFECTIVO_EXCEDIDO,,,,
TX-0009882,CLI-01516,SISTEMA,DEPOSITO_EFECTIVO,23996.7,2026-05-28 19:48:22,0,UMBRAL_EFECTIVO_EXCEDIDO,,,,
TX-0009929,CLI-01526,SISTEMA,DEPOSITO_EFECTIVO,24606.85,2026-05-28 19:54:22,0,UMBRAL_EFECTIVO_EXCEDIDO,,,,
TX-0001072,CLI-00162,SISTEMA,DEPOSITO_EFECTIVO,16502.37,2026-05-28 20:09:22,0,UMBRAL_EFECTIVO_EXCEDIDO,,,,
TX-0009583,CLI-01473,SISTEMA,DEPOSITO_EFECTIVO,20148.38,2026-05-28 20:37:22,0,UMBRAL_EFECTIVO_EXCEDIDO,,,,
TX-0012406,CLI-01914,SISTEMA,DEPOSITO_EFECTIVO,34148.22,2026-05-28 20:39:22,0,UMBRAL_EFECTIVO_EXCEDIDO,,,,
TX-0006636,CLI-01023,SISTEMA,DEPOSITO_EFECTIVO,68769.93,2026-05-28 20:55:22,0,UMBRAL_EFECTIVO_EXCEDIDO,,,,
TX-0013709,CLI-02125,SISTEMA,DEPOSITO_EFECTIVO,25378.22,2026-05-28 21:10:22,0,UMBRAL_EFECTIVO_EXCEDIDO,,,,
TX-0029862,CLI-04601,SISTEMA,DEPOSITO_EFECTIVO,32062.17,2026-05-28 21:31:22,0,UMBRAL_EFECTIVO_EXCEDIDO,,,,
TX-0006632,CLI-01023,SISTEMA,DEPOSITO_EFECTIVO,42808.96,2026-05-28 22:30:22,0,UMBRAL_EFECTIVO_EXCEDIDO,,,,
TX-0030168,CLI-04648,SISTEMA,DEPOSITO_EFECTIVO,49550.77,2026-05-29 00:56:22,0,UMBRAL_EFECTIVO_EXCEDIDO,,,,
TX-0003166,CLI-00481,SISTEMA,DEPOSITO_EFECTIVO,34461.09,2026-05-29 02:06:22,0,UMBRAL_EFECTIVO_EXCEDIDO,,,,
TX-0019563,CLI-03033,SISTEMA,DEPOSITO_EFECTIVO,52486.01,2026-05-29 05:15:22,0,UMBRAL_EFECTIVO_EXCEDIDO,,,,
TX-0016190,CLI-02505,SISTEMA,DEPOSITO_EFECTIVO,34562.54,2026-05-29 05:30:22,0,UMBRAL_EFECTIVO_EXCEDIDO,,,,
TX-0021224,CLI-03282,SISTEMA,DEPOSITO_EFECTIVO,24707.0,2026-05-29 05:58:22,0,UMBRAL_EFECTIVO_EXCEDIDO,,,,
TX-0020184,CLI-03131,SISTEMA,DEPOSITO_EFECTIVO,21588.31,2026-05-29 06:54:22,0,UMBRAL_EFECTIVO_EXCEDIDO,,,,
TX-0032208,CLI-04949,SISTEMA,DEPOSITO_EFECTIVO,45869.65,2026-05-29 07:36:22,0,UMBRAL_EFECTIVO_EXCEDIDO,,,,
TX-0009344,CLI-01434,SISTEMA,DEPOSITO_EFECTIVO,37208.87,2026-05-29 10:33:22,0,UMBRAL_EFECTIVO_EXCEDIDO,,,,
TX-0019668,CLI-03047,SISTEMA,DEPOSITO_EFECTIVO,63844.9,2026-05-29 11:42:22,0,UMBRAL_EFECTIVO_EXCEDIDO,,,,
TX-0020149,CLI-03124,SISTEMA,DEPOSITO_EFECTIVO,16203.68,2026-05-29 12:15:22,0,UMBRAL_EFECTIVO_EXCEDIDO,,,,
TX-0019682,CLI-03049,SISTEMA,DEPOSITO_EFECTIVO,45228.39,2026-05-29 15:02:22,0,UMBRAL_EFECTIVO_EXCEDIDO,,,,
TX-0013108,CLI-02027,SISTEMA,DEPOSITO_EFECTIVO,22284.8,2026-05-29 15:04:22,0,UMBRAL_EFECTIVO_EXCEDIDO,,,,
TX-0012512,CLI-01931,SISTEMA,DEPOSITO_EFECTIVO,15438.87,2026-05-29 18:56:22,0,UMBRAL_EFECTIVO_EXCEDIDO,,,,
TX-0018060,CLI-02794,SISTEMA,DEPOSITO_EFECTIVO,30295.31,2026-05-29 19:11:22,0,UMBRAL_EFECTIVO_EXCEDIDO,,,,
TX-0008014,CLI-01233,SISTEMA,DEPOSITO_EFECTIVO,36326.76,2026-05-29 20:37:22,0,UMBRAL_EFECTIVO_EXCEDIDO,,,,
TX-0009476,CLI-01457,SISTEMA,DEPOSITO_EFECTIVO,15303.12,2026-05-29 23:32:22,0,UMBRAL_EFECTIVO_EXCEDIDO,,,,
TX-0018445,CLI-02855,SISTEMA,DEPOSITO_EFECTIVO,51011.07,2026-05-29 23:32:22,0,UMBRAL_EFECTIVO_EXCEDIDO,,,,
TX-0021360,CLI-03300,SISTEMA,DEPOSITO_EFECTIVO,18007.12,2026-05-30 00:50:22,0,UMBRAL_EFECTIVO_EXCEDIDO,,,,
TX-0018768,CLI-02904,SISTEMA,DEPOSITO_EFECTIVO,21264.25,2026-05-30 01:29:22,0,UMBRAL_EFECTIVO_EXCEDIDO,,,,
TX-0010848,CLI-01671,SISTEMA,DEPOSITO_EFECTIVO,21478.88,2026-05-30 01:40:22,0,UMBRAL_EFECTIVO_EXCEDIDO,,,,
TX-0010283,CLI-01580,SISTEMA,DEPOSITO_EFECTIVO,53139.47,2026-05-30 03:22:22,0,UMBRAL_EFECTIVO_EXCEDIDO,,,,
TX-0022964,CLI-03548,SISTEMA,DEPOSITO_EFECTIVO,20243.21,2026-05-30 04:04:22,0,UMBRAL_EFECTIVO_EXCEDIDO,,,,
TX-0010217,CLI-01570,SISTEMA,DEPOSITO_EFECTIVO,26237.84,2026-05-30 04:04:22,0,UMBRAL_EFECTIVO_EXCEDIDO,,,,
TX-0005248,CLI-00809,SISTEMA,DEPOSITO_EFECTIVO,52331.01,2026-05-30 06:12:22,0,UMBRAL_EFECTIVO_EXCEDIDO,,,,
TX-0022136,CLI-03422,SISTEMA,DEPOSITO_EFECTIVO,21363.88,2026-05-30 07:00:22,0,UMBRAL_EFECTIVO_EXCEDIDO,,,,
TX-0027527,CLI-04244,SISTEMA,DEPOSITO_EFECTIVO,16702.6,2026-05-30 08:23:22,0,UMBRAL_EFECTIVO_EXCEDIDO,,,,
TX-0004186,CLI-00642,SISTEMA,DEPOSITO_EFECTIVO,33163.41,2026-05-30 08:58:22,0,UMBRAL_EFECTIVO_EXCEDIDO,,,,
TX-0003742,CLI-00566,SISTEMA,DEPOSITO_EFECTIVO,28048.93,2026-05-30 09:20:22,0,UMBRAL_EFECTIVO_EXCEDIDO,,,,
TX-0005428,CLI-00834,SISTEMA,DEPOSITO_EFECTIVO,29441.78,2026-05-30 16:28:22,0,UMBRAL_EFECTIVO_EXCEDIDO,,,,
TX-0019473,CLI-03018,SISTEMA,DEPOSITO_EFECTIVO,51533.3,2026-05-30 16:59:22,0,UMBRAL_EFECTIVO_EXCEDIDO,,,,
TX-0003207,CLI-00486,SISTEMA,DEPOSITO_EFECTIVO,25893.74,2026-05-30 18:02:22,0,UMBRAL_EFECTIVO_EXCEDIDO,,,,
TX-0018172,CLI-02811,SISTEMA,DEPOSITO_EFECTIVO,39449.2,2026-05-30 18:18:22,0,UMBRAL_EFECTIVO_EXCEDIDO,,,,
TX-0020531,CLI-03182,SISTEMA,DEPOSITO_EFECTIVO,49101.35,2026-05-30 20:42:22,0,UMBRAL_EFECTIVO_EXCEDIDO,,,,
TX-0022146,CLI-03425,SISTEMA,DEPOSITO_EFECTIVO,24701.87,2026-05-30 21:37:22,0,UMBRAL_EFECTIVO_EXCEDIDO,,,,
TX-0006407,CLI-00987,SISTEMA,DEPOSITO_EFECTIVO,24287.63,2026-05-31 02:29:22,0,UMBRAL_EFECTIVO_EXCEDIDO,,,,
TX-0015933,CLI-02467,SISTEMA,DEPOSITO_EFECTIVO,33395.81,2026-05-31 03:13:22,0,UMBRAL_EFECTIVO_EXCEDIDO,,,,
TX-0006441,CLI-00992,SISTEMA,DEPOSITO_EFECTIVO,60271.0,2026-05-31 07:35:22,0,UMBRAL_EFECTIVO_EXCEDIDO,,,,
TX-0013302,CLI-02058,SISTEMA,DEPOSITO_EFECTIVO,51330.8,2026-05-31 09:22:22,0,UMBRAL_EFECTIVO_EXCEDIDO,,,,
TX-0010386,CLI-01594,SISTEMA,DEPOSITO_EFECTIVO,43492.99,2026-05-31 09:35:22,0,UMBRAL_EFECTIVO_EXCEDIDO,,,,
TX-0010338,CLI-01587,SISTEMA,DEPOSITO_EFECTIVO,39701.21,2026-05-31 11:52:22,0,UMBRAL_EFECTIVO_EXCEDIDO,,,,
TX-0019871,CLI-03080,SISTEMA,DEPOSITO_EFECTIVO,43056.16,2026-05-31 12:07:22,0,UMBRAL_EFECTIVO_EXCEDIDO,,,,
TX-0000188,CLI-00028,SISTEMA,DEPOSITO_EFECTIVO,17126.3,2026-05-31 13:09:22,0,UMBRAL_EFECTIVO_EXCEDIDO,,,,
TX-0018826,CLI-02912,SISTEMA,DEPOSITO_EFECTIVO,25977.12,2026-05-31 13:13:22,0,UMBRAL_EFECTIVO_EXCEDIDO,,,,
TX-0024360,CLI-03760,SISTEMA,DEPOSITO_EFECTIVO,42421.25,2026-05-31 14:11:22,0,UMBRAL_EFECTIVO_EXCEDIDO,,,,
TX-0014992,CLI-02325,SISTEMA,DEPOSITO_EFECTIVO,25563.5,2026-05-31 14:16:22,0,UMBRAL_EFECTIVO_EXCEDIDO,,,,
TX-0020902,CLI-03236,SISTEMA,DEPOSITO_EFECTIVO,18518.26,2026-05-31 14:19:22,0,UMBRAL_EFECTIVO_EXCEDIDO,,,,
TX-0007935,CLI-01220,SISTEMA,DEPOSITO_EFECTIVO,41432.44,2026-05-31 14:42:22,0,UMBRAL_EFECTIVO_EXCEDIDO,,,,
TX-0007589,CLI-01169,SISTEMA,DEPOSITO_EFECTIVO,32750.85,2026-05-31 14:47:22,0,UMBRAL_EFECTIVO_EXCEDIDO,,,,
TX-0026692,CLI-04108,SISTEMA,DEPOSITO_EFECTIVO,24129.69,2026-05-31 14:49:22,0,UMBRAL_EFECTIVO_EXCEDIDO,,,,
TX-0019066,CLI-02950,SISTEMA,DEPOSITO_EFECTIVO,16731.06,2026-05-31 17:45:22,0,UMBRAL_EFECTIVO_EXCEDIDO,,,,
TX-0025340,CLI-03910,SISTEMA,DEPOSITO_EFECTIVO,37726.88,2026-05-31 19:11:22,0,UMBRAL_EFECTIVO_EXCEDIDO,,,,
TX-0008342,CLI-01284,SISTEMA,DEPOSITO_EFECTIVO,15715.42,2026-05-31 19:19:22,0,UMBRAL_EFECTIVO_EXCEDIDO,,,,
TX-0017491,CLI-02710,SISTEMA,DEPOSITO_EFECTIVO,46527.89,2026-06-01 00:01:22,0,UMBRAL_EFECTIVO_EXCEDIDO,,,,
TX-0001984,CLI-00299,SISTEMA,DEPOSITO_EFECTIVO,15659.73,2026-06-01 00:45:22,0,UMBRAL_EFECTIVO_EXCEDIDO,,,,
TX-0029211,CLI-04498,SISTEMA,DEPOSITO_EFECTIVO,27119.35,2026-06-01 01:58:22,0,UMBRAL_EFECTIVO_EXCEDIDO,,,,
TX-0012405,CLI-01914,SISTEMA,DEPOSITO_EFECTIVO,31782.07,2026-06-01 02:05:22,0,UMBRAL_EFECTIVO_EXCEDIDO,,,,
TX-0007159,CLI-01107,SISTEMA,DEPOSITO_EFECTIVO,20672.49,2026-06-01 03:50:22,0,UMBRAL_EFECTIVO_EXCEDIDO,,,,
TX-0029798,CLI-04590,SISTEMA,DEPOSITO_EFECTIVO,15495.1,2026-06-01 05:14:22,0,UMBRAL_EFECTIVO_EXCEDIDO,,,,
TX-0009552,CLI-01468,SISTEMA,DEPOSITO_EFECTIVO,17364.04,2026-06-01 07:06:22,0,UMBRAL_EFECTIVO_EXCEDIDO,,,,
TX-0019063,CLI-02950,SISTEMA,DEPOSITO_EFECTIVO,21994.03,2026-06-01 08:01:22,0,UMBRAL_EFECTIVO_EXCEDIDO,,,,
TX-0009888,CLI-01517,SISTEMA,DEPOSITO_EFECTIVO,19370.32,2026-06-01 10:49:22,0,UMBRAL_EFECTIVO_EXCEDIDO,,,,
TX-0015629,CLI-02419,SISTEMA,DEPOSITO_EFECTIVO,42589.61,2026-06-01 12:17:22,0,UMBRAL_EFECTIVO_EXCEDIDO,,,,
TX-0029341,CLI-04516,SISTEMA,DEPOSITO_EFECTIVO,26495.03,2026-06-01 13:46:22,0,UMBRAL_EFECTIVO_EXCEDIDO,,,,
TX-0006310,CLI-00972,SISTEMA,DEPOSITO_EFECTIVO,16685.55,2026-06-01 14:17:22,0,UMBRAL_EFECTIVO_EXCEDIDO,,,,
TX-0025928,CLI-03998,SISTEMA,DEPOSITO_EFECTIVO,20852.06,2026-06-01 14:46:22,0,UMBRAL_EFECTIVO_EXCEDIDO,,,,
TX-0005989,CLI-00921,SISTEMA,DEPOSITO_EFECTIVO,24449.37,2026-06-01 14:49:22,0,UMBRAL_EFECTIVO_EXCEDIDO,,,,
TX-0013821,CLI-02142,SISTEMA,DEPOSITO_EFECTIVO,15339.36,2026-06-01 15:56:22,0,UMBRAL_EFECTIVO_EXCEDIDO,,,,
TX-0032397,CLI-04976,SISTEMA,DEPOSITO_EFECTIVO,16789.51,2026-06-01 19:06:22,0,UMBRAL_EFECTIVO_EXCEDIDO,,,,
TX-0006606,CLI-01019,SISTEMA,DEPOSITO_EFECTIVO,45355.58,2026-06-01 19:25:22,0,UMBRAL_EFECTIVO_EXCEDIDO,,,,
TX-0029528,CLI-04546,SISTEMA,DEPOSITO_EFECTIVO,22983.85,2026-06-01 23:23:22,0,UMBRAL_EFECTIVO_EXCEDIDO,,,,
TX-0017049,CLI-02641,SISTEMA,DEPOSITO_EFECTIVO,18423.3,2026-06-02 00:21:22,0,UMBRAL_EFECTIVO_EXCEDIDO,,,,
TX-0012775,CLI-01972,SISTEMA,DEPOSITO_EFECTIVO,18311.63,2026-06-02 00:47:22,0,UMBRAL_EFECTIVO_EXCEDIDO,,,,
TX-0017765,CLI-02749,SISTEMA,DEPOSITO_EFECTIVO,36833.07,2026-06-02 01:13:22,0,UMBRAL_EFECTIVO_EXCEDIDO,,,,
TX-0016824,CLI-02607,SISTEMA,DEPOSITO_EFECTIVO,43362.47,2026-06-02 01:21:22,0,UMBRAL_EFECTIVO_EXCEDIDO,,,,
TX-0004252,CLI-00651,SISTEMA,DEPOSITO_EFECTIVO,26533.76,2026-06-02 01:48:22,0,UMBRAL_EFECTIVO_EXCEDIDO,,,,
TX-0031529,CLI-04849,SISTEMA,DEPOSITO_EFECTIVO,38421.16,2026-06-02 03:59:22,0,UMBRAL_EFECTIVO_EXCEDIDO,,,,
TX-0022147,CLI-03425,SISTEMA,DEPOSITO_EFECTIVO,31874.84,2026-06-02 05:12:22,0,UMBRAL_EFECTIVO_EXCEDIDO,,,,
TX-0023055,CLI-03562,SISTEMA,DEPOSITO_EFECTIVO,50864.69,2026-06-02 05:55:22,0,UMBRAL_EFECTIVO_EXCEDIDO,,,,
TX-0016224,CLI-02512,SISTEMA,DEPOSITO_EFECTIVO,35954.87,2026-06-02 05:55:22,0,UMBRAL_EFECTIVO_EXCEDIDO,,,,
TX-0021485,CLI-03322,SISTEMA,DEPOSITO_EFECTIVO,69318.39,2026-06-02 06:19:22,0,UMBRAL_EFECTIVO_EXCEDIDO,,,,
TX-0028643,CLI-04409,SISTEMA,DEPOSITO_EFECTIVO,36654.88,2026-06-02 07:24:22,0,UMBRAL_EFECTIVO_EXCEDIDO,,,,
TX-0026066,CLI-04019,SISTEMA,DEPOSITO_EFECTIVO,26482.31,2026-06-02 07:29:22,0,UMBRAL_EFECTIVO_EXCEDIDO,,,,
TX-0029661,CLI-04566,SISTEMA,DEPOSITO_EFECTIVO,20413.11,2026-06-02 09:15:22,0,UMBRAL_EFECTIVO_EXCEDIDO,,,,
TX-0021229,CLI-03282,SISTEMA,DEPOSITO_EFECTIVO,16033.36,2026-06-02 10:08:22,0,UMBRAL_EFECTIVO_EXCEDIDO,,,,
TX-0010835,CLI-01669,SISTEMA,DEPOSITO_EFECTIVO,23669.22,2026-06-02 10:28:22,0,UMBRAL_EFECTIVO_EXCEDIDO,,,,
TX-0009837,CLI-01509,SISTEMA,DEPOSITO_EFECTIVO,29248.08,2026-06-02 10:28:22,0,UMBRAL_EFECTIVO_EXCEDIDO,,,,
TX-0008110,CLI-01249,SISTEMA,DEPOSITO_EFECTIVO,32149.25,2026-06-02 10:42:22,0,UMBRAL_EFECTIVO_EXCEDIDO,,,,
TX-0015101,CLI-02339,SISTEMA,DEPOSITO_EFECTIVO,24281.19,2026-06-02 10:51:22,0,UMBRAL_EFECTIVO_EXCEDIDO,,,,
TX-0001572,CLI-00237,SISTEMA,DEPOSITO_EFECTIVO,44178.84,2026-06-02 11:14:22,0,UMBRAL_EFECTIVO_EXCEDIDO,,,,
TX-0009836,CLI-01509,SISTEMA,DEPOSITO_EFECTIVO,32699.06,2026-06-02 11:19:22,0,UMBRAL_EFECTIVO_EXCEDIDO,,,,
TX-0015769,CLI-02440,SISTEMA,DEPOSITO_EFECTIVO,15263.04,2026-06-02 13:19:22,0,UMBRAL_EFECTIVO_EXCEDIDO,,,,
TX-0012117,CLI-01869,SISTEMA,DEPOSITO_EFECTIVO,42721.14,2026-06-02 15:04:22,0,UMBRAL_EFECTIVO_EXCEDIDO,,,,
TX-0019653,CLI-03046,SISTEMA,DEPOSITO_EFECTIVO,44718.64,2026-06-02 15:07:22,0,UMBRAL_EFECTIVO_EXCEDIDO,,,,
TX-0004129,CLI-00632,SISTEMA,DEPOSITO_EFECTIVO,56635.32,2026-06-02 15:42:22,0,UMBRAL_EFECTIVO_EXCEDIDO,,,,
TX-0016426,CLI-02545,SISTEMA,DEPOSITO_EFECTIVO,47534.89,2026-06-02 15:57:22,0,UMBRAL_EFECTIVO_EXCEDIDO,,,,
TX-0004329,CLI-00662,SISTEMA,DEPOSITO_EFECTIVO,50411.17,2026-06-02 16:33:22,0,UMBRAL_EFECTIVO_EXCEDIDO,,,,
TX-0009895,CLI-01517,SISTEMA,DEPOSITO_EFECTIVO,27352.41,2026-06-02 17:39:22,0,UMBRAL_EFECTIVO_EXCEDIDO,,,,
TX-0015514,CLI-02401,SISTEMA,DEPOSITO_EFECTIVO,26927.5,2026-06-02 18:13:22,0,UMBRAL_EFECTIVO_EXCEDIDO,,,,
TX-0018727,CLI-02898,SISTEMA,DEPOSITO_EFECTIVO,22808.33,2026-06-02 18:34:22,0,UMBRAL_EFECTIVO_EXCEDIDO,,,,
TX-0005252,CLI-00809,SISTEMA,DEPOSITO_EFECTIVO,34561.59,2026-06-02 19:28:22,0,UMBRAL_EFECTIVO_EXCEDIDO,,,,
TX-0020430,CLI-03165,SISTEMA,DEPOSITO_EFECTIVO,52948.51,2026-06-02 19:36:22,0,UMBRAL_EFECTIVO_EXCEDIDO,,,,
TX-0008417,CLI-01294,SISTEMA,DEPOSITO_EFECTIVO,37419.8,2026-06-02 22:36:22,0,UMBRAL_EFECTIVO_EXCEDIDO,,,,
TX-0013853,CLI-02146,SISTEMA,DEPOSITO_EFECTIVO,59404.42,2026-06-03 00:33:22,0,UMBRAL_EFECTIVO_EXCEDIDO,,,,
TX-0017420,CLI-02700,SISTEMA,DEPOSITO_EFECTIVO,19245.42,2026-06-03 00:34:22,0,UMBRAL_EFECTIVO_EXCEDIDO,,,,
TX-0025174,CLI-03885,SISTEMA,DEPOSITO_EFECTIVO,56717.46,2026-06-03 03:05:22,0,UMBRAL_EFECTIVO_EXCEDIDO,,,,
TX-0016022,CLI-02478,SISTEMA,DEPOSITO_EFECTIVO,52836.74,2026-06-03 03:09:22,0,UMBRAL_EFECTIVO_EXCEDIDO,,,,
TX-0023743,CLI-03670,SISTEMA,DEPOSITO_EFECTIVO,55136.22,2026-06-03 03:33:22,0,UMBRAL_EFECTIVO_EXCEDIDO,,,,
TX-0027297,CLI-04209,SISTEMA,DEPOSITO_EFECTIVO,34130.36,2026-06-03 03:56:22,0,UMBRAL_EFECTIVO_EXCEDIDO,,,,
TX-0015308,CLI-02373,SISTEMA,DEPOSITO_EFECTIVO,27675.11,2026-06-03 04:02:22,0,UMBRAL_EFECTIVO_EXCEDIDO,,,,
TX-0031290,CLI-04812,SISTEMA,DEPOSITO_EFECTIVO,19453.06,2026-06-03 04:48:22,0,UMBRAL_EFECTIVO_EXCEDIDO,,,,
TX-0001285,CLI-00194,SISTEMA,DEPOSITO_EFECTIVO,34601.19,2026-06-03 06:13:22,0,UMBRAL_EFECTIVO_EXCEDIDO,,,,
TX-0008925,CLI-01371,SISTEMA,DEPOSITO_EFECTIVO,24391.46,2026-06-03 06:15:22,0,UMBRAL_EFECTIVO_EXCEDIDO,,,,
TX-0003862,CLI-00587,SISTEMA,DEPOSITO_EFECTIVO,17779.95,2026-06-03 06:39:22,0,UMBRAL_EFECTIVO_EXCEDIDO,,,,
TX-0013258,CLI-02052,SISTEMA,DEPOSITO_EFECTIVO,41008.93,2026-06-03 06:45:22,0,UMBRAL_EFECTIVO_EXCEDIDO,,,,
TX-0017552,CLI-02719,SISTEMA,DEPOSITO_EFECTIVO,33822.36,2026-06-03 07:40:22,0,UMBRAL_EFECTIVO_EXCEDIDO,,,,
TX-0023801,CLI-03678,SISTEMA,DEPOSITO_EFECTIVO,32157.37,2026-06-03 08:02:22,0,UMBRAL_EFECTIVO_EXCEDIDO,,,,
TX-0005955,CLI-00916,SISTEMA,DEPOSITO_EFECTIVO,22977.64,2026-06-03 10:22:22,0,UMBRAL_EFECTIVO_EXCEDIDO,,,,
TX-0030923,CLI-04759,SISTEMA,DEPOSITO_EFECTIVO,25921.74,2026-06-03 12:52:22,0,UMBRAL_EFECTIVO_EXCEDIDO,,,,
TX-0016698,CLI-02587,SISTEMA,DEPOSITO_EFECTIVO,21554.61,2026-06-03 14:16:22,0,UMBRAL_EFECTIVO_EXCEDIDO,,,,
TX-0015392,CLI-02385,SISTEMA,DEPOSITO_EFECTIVO,26743.44,2026-06-03 14:29:22,0,UMBRAL_EFECTIVO_EXCEDIDO,,,,
TX-0016584,CLI-02569,SISTEMA,DEPOSITO_EFECTIVO,38860.4,2026-06-03 16:28:22,0,UMBRAL_EFECTIVO_EXCEDIDO,,,,
TX-0028512,CLI-04388,SISTEMA,DEPOSITO_EFECTIVO,17810.4,2026-06-03 17:04:22,0,UMBRAL_EFECTIVO_EXCEDIDO,,,,
TX-0031425,CLI-04834,SISTEMA,DEPOSITO_EFECTIVO,23704.1,2026-06-03 17:59:22,0,UMBRAL_EFECTIVO_EXCEDIDO,,,,
TX-0029815,CLI-04593,SISTEMA,DEPOSITO_EFECTIVO,44132.81,2026-06-03 18:46:22,0,UMBRAL_EFECTIVO_EXCEDIDO,,,,
TX-0018786,CLI-02906,SISTEMA,DEPOSITO_EFECTIVO,20034.73,2026-06-03 19:14:22,0,UMBRAL_EFECTIVO_EXCEDIDO,,,,
TX-0009983,CLI-01533,SISTEMA,DEPOSITO_EFECTIVO,16667.71,2026-06-03 19:23:22,0,UMBRAL_EFECTIVO_EXCEDIDO,,,,
TX-0025178,CLI-03885,SISTEMA,DEPOSITO_EFECTIVO,17165.6,2026-06-03 19:51:22,0,UMBRAL_EFECTIVO_EXCEDIDO,,,,
TX-0032542,CLI-04997,SISTEMA,DEPOSITO_EFECTIVO,16727.2,2026-06-03 21:20:22,0,UMBRAL_EFECTIVO_EXCEDIDO,,,,
TX-0012956,CLI-02003,SISTEMA,DEPOSITO_EFECTIVO,15642.87,2026-06-03 21:28:22,0,UMBRAL_EFECTIVO_EXCEDIDO,,,,
TX-0025966,CLI-04003,SISTEMA,DEPOSITO_EFECTIVO,49978.79,2026-06-03 22:06:22,0,UMBRAL_EFECTIVO_EXCEDIDO,,,,
TX-0005898,CLI-00907,SISTEMA,DEPOSITO_EFECTIVO,50797.52,2026-06-03 22:20:22,0,UMBRAL_EFECTIVO_EXCEDIDO,,,,
TX-0009340,CLI-01434,SISTEMA,DEPOSITO_EFECTIVO,34229.51,2026-06-03 23:08:22,0,UMBRAL_EFECTIVO_EXCEDIDO,,,,
TX-0029653,CLI-04565,SISTEMA,DEPOSITO_EFECTIVO,15224.52,2026-06-04 00:59:22,0,UMBRAL_EFECTIVO_EXCEDIDO,,,,
TX-0008413,CLI-01294,SISTEMA,DEPOSITO_EFECTIVO,63215.76,2026-06-04 01:10:22,0,UMBRAL_EFECTIVO_EXCEDIDO,,,,
TX-0022763,CLI-03518,SISTEMA,DEPOSITO_EFECTIVO,25840.06,2026-06-04 02:00:22,0,UMBRAL_EFECTIVO_EXCEDIDO,,,,
TX-0010400,CLI-01597,SISTEMA,DEPOSITO_EFECTIVO,52211.93,2026-06-04 02:24:22,0,UMBRAL_EFECTIVO_EXCEDIDO,,,,
TX-0017272,CLI-02677,SISTEMA,DEPOSITO_EFECTIVO,43687.74,2026-06-04 02:52:22,0,UMBRAL_EFECTIVO_EXCEDIDO,,,,
TX-0023745,CLI-03670,SISTEMA,DEPOSITO_EFECTIVO,46182.03,2026-06-04 06:44:22,0,UMBRAL_EFECTIVO_EXCEDIDO,,,,
TX-0029958,CLI-04614,SISTEMA,DEPOSITO_EFECTIVO,15932.62,2026-06-04 06:52:22,0,UMBRAL_EFECTIVO_EXCEDIDO,,,,
TX-0020371,CLI-03156,SISTEMA,DEPOSITO_EFECTIVO,26083.91,2026-06-04 07:19:22,0,UMBRAL_EFECTIVO_EXCEDIDO,,,,
TX-0024708,CLI-03813,SISTEMA,DEPOSITO_EFECTIVO,47388.42,2026-06-04 07:55:22,0,UMBRAL_EFECTIVO_EXCEDIDO,,,,
TX-0029890,CLI-04605,SISTEMA,DEPOSITO_EFECTIVO,40241.93,2026-06-04 08:48:22,0,UMBRAL_EFECTIVO_EXCEDIDO,,,,
TX-0006746,CLI-01040,SISTEMA,DEPOSITO_EFECTIVO,19048.89,2026-06-04 10:42:22,0,UMBRAL_EFECTIVO_EXCEDIDO,,,,
TX-0008569,CLI-01316,SISTEMA,DEPOSITO_EFECTIVO,16126.21,2026-06-04 10:47:22,0,UMBRAL_EFECTIVO_EXCEDIDO,,,,
TX-0011614,CLI-01790,SISTEMA,DEPOSITO_EFECTIVO,43757.67,2026-06-04 11:57:22,0,UMBRAL_EFECTIVO_EXCEDIDO,,,,
TX-0016309,CLI-02524,SISTEMA,DEPOSITO_EFECTIVO,47444.47,2026-06-04 12:48:22,0,UMBRAL_EFECTIVO_EXCEDIDO,,,,
TX-0029894,CLI-04605,SISTEMA,DEPOSITO_EFECTIVO,54495.33,2026-06-04 13:43:22,0,UMBRAL_EFECTIVO_EXCEDIDO,,,,
TX-0015728,CLI-02433,SISTEMA,DEPOSITO_EFECTIVO,29296.32,2026-06-04 13:51:22,0,UMBRAL_EFECTIVO_EXCEDIDO,,,,
TX-0004801,CLI-00742,SISTEMA,DEPOSITO_EFECTIVO,24414.24,2026-06-04 15:43:22,0,UMBRAL_EFECTIVO_EXCEDIDO,,,,
TX-0013427,CLI-02081,SISTEMA,DEPOSITO_EFECTIVO,33507.07,2026-06-04 16:00:22,0,UMBRAL_EFECTIVO_EXCEDIDO,,,,
TX-0027284,CLI-04207,SISTEMA,DEPOSITO_EFECTIVO,15121.55,2026-06-04 16:19:22,0,UMBRAL_EFECTIVO_EXCEDIDO,,,,
TX-0002377,CLI-00361,SISTEMA,DEPOSITO_EFECTIVO,27267.15,2026-06-04 18:05:22,0,UMBRAL_EFECTIVO_EXCEDIDO,,,,
TX-0004774,CLI-00737,SISTEMA,DEPOSITO_EFECTIVO,36443.33,2026-06-04 18:28:22,0,UMBRAL_EFECTIVO_EXCEDIDO,,,,
TX-0018020,CLI-02787,SISTEMA,DEPOSITO_EFECTIVO,16767.05,2026-06-05 03:09:22,0,UMBRAL_EFECTIVO_EXCEDIDO,,,,
TX-0007559,CLI-01164,SISTEMA,DEPOSITO_EFECTIVO,15372.83,2026-06-05 03:33:22,0,UMBRAL_EFECTIVO_EXCEDIDO,,,,
TX-0019954,CLI-03094,SISTEMA,DEPOSITO_EFECTIVO,31904.89,2026-06-05 05:42:22,0,UMBRAL_EFECTIVO_EXCEDIDO,,,,
TX-0001573,CLI-00237,SISTEMA,DEPOSITO_EFECTIVO,52904.08,2026-06-05 06:05:22,0,UMBRAL_EFECTIVO_EXCEDIDO,,,,
TX-0019064,CLI-02950,SISTEMA,DEPOSITO_EFECTIVO,18435.86,2026-06-05 07:38:22,0,UMBRAL_EFECTIVO_EXCEDIDO,,,,
TX-0007109,CLI-01098,SISTEMA,DEPOSITO_EFECTIVO,51061.43,2026-06-05 07:49:22,0,UMBRAL_EFECTIVO_EXCEDIDO,,,,
TX-0003219,CLI-00487,SISTEMA,DEPOSITO_EFECTIVO,16255.48,2026-06-05 08:40:22,0,UMBRAL_EFECTIVO_EXCEDIDO,,,,
TX-0009358,CLI-01436,SISTEMA,DEPOSITO_EFECTIVO,45558.53,2026-06-05 12:05:22,0,UMBRAL_EFECTIVO_EXCEDIDO,,,,
TX-0027747,CLI-04274,SISTEMA,DEPOSITO_EFECTIVO,55664.79,2026-06-05 12:41:22,0,UMBRAL_EFECTIVO_EXCEDIDO,,,,
TX-0014989,CLI-02325,SISTEMA,DEPOSITO_EFECTIVO,26779.94,2026-06-05 13:03:22,0,UMBRAL_EFECTIVO_EXCEDIDO,,,,
TX-0020260,CLI-03143,SISTEMA,DEPOSITO_EFECTIVO,15188.88,2026-06-05 13:21:22,0,UMBRAL_EFECTIVO_EXCEDIDO,,,,
TX-0017179,CLI-02662,SISTEMA,DEPOSITO_EFECTIVO,17779.42,2026-06-05 13:45:22,0,UMBRAL_EFECTIVO_EXCEDIDO,,,,
TX-0016312,CLI-02524,SISTEMA,DEPOSITO_EFECTIVO,50503.96,2026-06-05 17:30:22,0,UMBRAL_EFECTIVO_EXCEDIDO,,,,
TX-0015510,CLI-02401,SISTEMA,DEPOSITO_EFECTIVO,23685.13,2026-06-05 17:52:22,0,UMBRAL_EFECTIVO_EXCEDIDO,,,,
TX-0027422,CLI-04228,SISTEMA,DEPOSITO_EFECTIVO,16295.31,2026-06-05 18:20:22,0,UMBRAL_EFECTIVO_EXCEDIDO,,,,
TX-0003521,CLI-00534,SISTEMA,DEPOSITO_EFECTIVO,19113.56,2026-06-05 20:39:22,0,UMBRAL_EFECTIVO_EXCEDIDO,,,,
TX-0031942,CLI-04909,SISTEMA,DEPOSITO_EFECTIVO,21419.55,2026-06-05 21:54:22,0,UMBRAL_EFECTIVO_EXCEDIDO,,,,
TX-0025753,CLI-03973,SISTEMA,DEPOSITO_EFECTIVO,28858.3,2026-06-05 23:31:22,0,UMBRAL_EFECTIVO_EXCEDIDO,,,,
TX-0002816,CLI-00426,SISTEMA,DEPOSITO_EFECTIVO,17966.79,2026-06-05 23:54:22,0,UMBRAL_EFECTIVO_EXCEDIDO,,,,
TX-0004096,CLI-00627,SISTEMA,DEPOSITO_EFECTIVO,26148.7,2026-06-06 00:03:22,0,UMBRAL_EFECTIVO_EXCEDIDO,,,,
TX-0029212,CLI-04498,SISTEMA,DEPOSITO_EFECTIVO,17316.78,2026-06-06 00:06:22,0,UMBRAL_EFECTIVO_EXCEDIDO,,,,
TX-0016718,CLI-02591,SISTEMA,DEPOSITO_EFECTIVO,15746.49,2026-06-06 03:20:22,0,UMBRAL_EFECTIVO_EXCEDIDO,,,,
TX-0017200,CLI-02665,SISTEMA,DEPOSITO_EFECTIVO,35192.83,2026-06-06 03:31:22,0,UMBRAL_EFECTIVO_EXCEDIDO,,,,
TX-0001759,CLI-00263,SISTEMA,DEPOSITO_EFECTIVO,56339.77,2026-06-06 03:40:22,0,UMBRAL_EFECTIVO_EXCEDIDO,,,,
TX-0032252,CLI-04955,SISTEMA,DEPOSITO_EFECTIVO,49249.47,2026-06-06 03:46:22,0,UMBRAL_EFECTIVO_EXCEDIDO,,,,
TX-0028418,CLI-04374,SISTEMA,DEPOSITO_EFECTIVO,35989.99,2026-06-06 05:22:22,0,UMBRAL_EFECTIVO_EXCEDIDO,,,,
TX-0005234,CLI-00806,SISTEMA,DEPOSITO_EFECTIVO,33926.13,2026-06-06 08:58:22,0,UMBRAL_EFECTIVO_EXCEDIDO,,,,
TX-0010157,CLI-01560,SISTEMA,DEPOSITO_EFECTIVO,33640.56,2026-06-06 09:11:22,0,UMBRAL_EFECTIVO_EXCEDIDO,,,,
TX-0031180,CLI-04798,SISTEMA,DEPOSITO_EFECTIVO,16354.41,2026-06-06 10:56:22,0,UMBRAL_EFECTIVO_EXCEDIDO,,,,
TX-0024551,CLI-03790,SISTEMA,DEPOSITO_EFECTIVO,64932.32,2026-06-06 11:13:22,0,UMBRAL_EFECTIVO_EXCEDIDO,,,,
TX-0004920,CLI-00761,SISTEMA,DEPOSITO_EFECTIVO,34603.82,2026-06-06 13:09:22,0,UMBRAL_EFECTIVO_EXCEDIDO,,,,
TX-0013255,CLI-02052,SISTEMA,DEPOSITO_EFECTIVO,43658.4,2026-06-06 13:16:22,0,UMBRAL_EFECTIVO_EXCEDIDO,,,,
TX-0027457,CLI-04233,SISTEMA,DEPOSITO_EFECTIVO,15155.66,2026-06-06 13:35:22,0,UMBRAL_EFECTIVO_EXCEDIDO,,,,
TX-0010974,CLI-01690,SISTEMA,DEPOSITO_EFECTIVO,57380.38,2026-06-06 14:11:22,0,UMBRAL_EFECTIVO_EXCEDIDO,,,,
TX-0021178,CLI-03276,SISTEMA,DEPOSITO_EFECTIVO,15579.38,2026-06-06 15:00:22,0,UMBRAL_EFECTIVO_EXCEDIDO,,,,
TX-0006335,CLI-00976,SISTEMA,DEPOSITO_EFECTIVO,33714.54,2026-06-06 15:00:22,0,UMBRAL_EFECTIVO_EXCEDIDO,,,,
TX-0005425,CLI-00834,SISTEMA,DEPOSITO_EFECTIVO,17868.25,2026-06-06 15:05:22,0,UMBRAL_EFECTIVO_EXCEDIDO,,,,
TX-0002945,CLI-00449,SISTEMA,DEPOSITO_EFECTIVO,56679.76,2026-06-06 16:07:22,0,UMBRAL_EFECTIVO_EXCEDIDO,,,,
TX-0005950,CLI-00916,SISTEMA,DEPOSITO_EFECTIVO,34989.71,2026-06-06 16:20:22,0,UMBRAL_EFECTIVO_EXCEDIDO,,,,
TX-0027002,CLI-04161,SISTEMA,DEPOSITO_EFECTIVO,33033.7,2026-06-06 18:14:22,0,UMBRAL_EFECTIVO_EXCEDIDO,,,,
TX-0026362,CLI-04061,SISTEMA,DEPOSITO_EFECTIVO,17378.72,2026-06-06 19:12:22,0,UMBRAL_EFECTIVO_EXCEDIDO,,,,
TX-0013368,CLI-02071,SISTEMA,DEPOSITO_EFECTIVO,18217.64,2026-06-06 19:38:22,0,UMBRAL_EFECTIVO_EXCEDIDO,,,,
TX-0030839,CLI-04747,SISTEMA,DEPOSITO_EFECTIVO,41036.09,2026-06-06 20:00:22,0,UMBRAL_EFECTIVO_EXCEDIDO,,,,
TX-0023472,CLI-03627,SISTEMA,DEPOSITO_EFECTIVO,52736.37,2026-06-06 20:50:22,0,UMBRAL_EFECTIVO_EXCEDIDO,,,,
TX-0022966,CLI-03548,SISTEMA,DEPOSITO_EFECTIVO,16421.96,2026-06-06 23:18:22,0,UMBRAL_EFECTIVO_EXCEDIDO,,,,
TX-0009470,CLI-01457,SISTEMA,DEPOSITO_EFECTIVO,16531.63,2026-06-07 00:02:22,0,UMBRAL_EFECTIVO_EXCEDIDO,,,,
TX-0003533,CLI-00535,SISTEMA,DEPOSITO_EFECTIVO,25328.61,2026-06-07 00:22:22,0,UMBRAL_EFECTIVO_EXCEDIDO,,,,
TX-0016586,CLI-02569,SISTEMA,DEPOSITO_EFECTIVO,38074.2,2026-06-07 00:23:22,0,UMBRAL_EFECTIVO_EXCEDIDO,,,,
TX-0002257,CLI-00341,SISTEMA,DEPOSITO_EFECTIVO,20997.97,2026-06-07 00:46:22,0,UMBRAL_EFECTIVO_EXCEDIDO,,,,
TX-0014869,CLI-02307,SISTEMA,DEPOSITO_EFECTIVO,24708.02,2026-06-07 01:07:22,0,UMBRAL_EFECTIVO_EXCEDIDO,,,,
TX-0018746,CLI-02901,SISTEMA,DEPOSITO_EFECTIVO,50237.1,2026-06-07 01:51:22,0,UMBRAL_EFECTIVO_EXCEDIDO,,,,
TX-0015760,CLI-02439,SISTEMA,DEPOSITO_EFECTIVO,61898.1,2026-06-07 02:13:22,0,UMBRAL_EFECTIVO_EXCEDIDO,,,,
TX-0027274,CLI-04205,SISTEMA,DEPOSITO_EFECTIVO,62869.73,2026-06-07 02:47:22,0,UMBRAL_EFECTIVO_EXCEDIDO,,,,
TX-0024341,CLI-03756,SISTEMA,DEPOSITO_EFECTIVO,31998.05,2026-06-07 03:48:22,0,UMBRAL_EFECTIVO_EXCEDIDO,,,,
TX-0009482,CLI-01458,SISTEMA,DEPOSITO_EFECTIVO,50424.94,2026-06-07 05:36:22,0,UMBRAL_EFECTIVO_EXCEDIDO,,,,
TX-0025376,CLI-03917,SISTEMA,DEPOSITO_EFECTIVO,33266.87,2026-06-07 05:58:22,0,UMBRAL_EFECTIVO_EXCEDIDO,,,,
TX-0025290,CLI-03903,SISTEMA,DEPOSITO_EFECTIVO,43499.82,2026-06-07 08:04:22,0,UMBRAL_EFECTIVO_EXCEDIDO,,,,
TX-0026878,CLI-04141,SISTEMA,DEPOSITO_EFECTIVO,16090.06,2026-06-07 08:35:22,0,UMBRAL_EFECTIVO_EXCEDIDO,,,,
TX-0028718,CLI-04421,SISTEMA,DEPOSITO_EFECTIVO,16487.97,2026-06-07 09:39:22,0,UMBRAL_EFECTIVO_EXCEDIDO,,,,
TX-0005746,CLI-00882,SISTEMA,DEPOSITO_EFECTIVO,30387.33,2026-06-07 11:34:22,0,UMBRAL_EFECTIVO_EXCEDIDO,,,,
TX-0025404,CLI-03921,SISTEMA,DEPOSITO_EFECTIVO,55654.94,2026-06-07 12:29:22,0,UMBRAL_EFECTIVO_EXCEDIDO,,,,
TX-0016360,CLI-02534,SISTEMA,DEPOSITO_EFECTIVO,20796.39,2026-06-07 14:20:22,0,UMBRAL_EFECTIVO_EXCEDIDO,,,,
TX-0005261,CLI-00811,SISTEMA,DEPOSITO_EFECTIVO,32758.45,2026-06-07 15:58:22,0,UMBRAL_EFECTIVO_EXCEDIDO,,,,
TX-0030920,CLI-04759,SISTEMA,DEPOSITO_EFECTIVO,22134.83,2026-06-07 19:08:22,0,UMBRAL_EFECTIVO_EXCEDIDO,,,,
TX-0006437,CLI-00992,SISTEMA,DEPOSITO_EFECTIVO,50629.19,2026-06-07 20:11:22,0,UMBRAL_EFECTIVO_EXCEDIDO,,,,
TX-0019679,CLI-03049,SISTEMA,DEPOSITO_EFECTIVO,20760.34,2026-06-07 21:49:22,0,UMBRAL_EFECTIVO_EXCEDIDO,,,,
TX-0022968,CLI-03548,SISTEMA,DEPOSITO_EFECTIVO,23280.47,2026-06-07 22:59:22,0,UMBRAL_EFECTIVO_EXCEDIDO,,,,
TX-0023794,CLI-03678,SISTEMA,DEPOSITO_EFECTIVO,28217.81,2026-06-08 00:36:22,0,UMBRAL_EFECTIVO_EXCEDIDO,,,,
TX-0020185,CLI-03131,SISTEMA,DEPOSITO_EFECTIVO,19624.15,2026-06-08 01:29:22,0,UMBRAL_EFECTIVO_EXCEDIDO,,,,
TX-0019239,CLI-02981,SISTEMA,DEPOSITO_EFECTIVO,53451.74,2026-06-08 02:12:22,0,UMBRAL_EFECTIVO_EXCEDIDO,,,,
TX-0031181,CLI-04798,SISTEMA,DEPOSITO_EFECTIVO,31400.03,2026-06-08 03:53:22,0,UMBRAL_EFECTIVO_EXCEDIDO,,,,
TX-0026068,CLI-04019,SISTEMA,DEPOSITO_EFECTIVO,23242.62,2026-06-08 04:33:22,0,UMBRAL_EFECTIVO_EXCEDIDO,,,,
TX-0017332,CLI-02686,SISTEMA,DEPOSITO_EFECTIVO,30817.14,2026-06-08 04:41:22,0,UMBRAL_EFECTIVO_EXCEDIDO,,,,
TX-0005211,CLI-00802,SISTEMA,DEPOSITO_EFECTIVO,38590.87,2026-06-08 05:21:22,0,UMBRAL_EFECTIVO_EXCEDIDO,,,,
TX-0014105,CLI-02183,SISTEMA,DEPOSITO_EFECTIVO,22139.81,2026-06-08 06:58:22,0,UMBRAL_EFECTIVO_EXCEDIDO,,,,
TX-0009483,CLI-01458,SISTEMA,DEPOSITO_EFECTIVO,26901.36,2026-06-08 07:40:22,0,UMBRAL_EFECTIVO_EXCEDIDO,,,,
TX-0006112,CLI-00942,SISTEMA,DEPOSITO_EFECTIVO,26351.29,2026-06-08 08:35:22,0,UMBRAL_EFECTIVO_EXCEDIDO,,,,
TX-0026522,CLI-04083,SISTEMA,DEPOSITO_EFECTIVO,33080.23,2026-06-08 11:38:22,0,UMBRAL_EFECTIVO_EXCEDIDO,,,,
TX-0000389,CLI-00059,SISTEMA,DEPOSITO_EFECTIVO,15453.59,2026-06-08 12:04:22,0,UMBRAL_EFECTIVO_EXCEDIDO,,,,
TX-0027622,CLI-04256,SISTEMA,DEPOSITO_EFECTIVO,18936.88,2026-06-08 12:06:22,0,UMBRAL_EFECTIVO_EXCEDIDO,,,,
TX-0019498,CLI-03023,SISTEMA,DEPOSITO_EFECTIVO,57305.96,2026-06-08 12:21:22,0,UMBRAL_EFECTIVO_EXCEDIDO,,,,
TX-0031524,CLI-04849,SISTEMA,DEPOSITO_EFECTIVO,20463.34,2026-06-08 14:10:22,0,UMBRAL_EFECTIVO_EXCEDIDO,,,,
TX-0026493,CLI-04078,SISTEMA,DEPOSITO_EFECTIVO,20267.83,2026-06-08 14:54:22,0,UMBRAL_EFECTIVO_EXCEDIDO,,,,
TX-0010595,CLI-01629,SISTEMA,DEPOSITO_EFECTIVO,24639.41,2026-06-08 16:39:22,0,UMBRAL_EFECTIVO_EXCEDIDO,,,,
TX-0006733,CLI-01038,SISTEMA,DEPOSITO_EFECTIVO,21297.28,2026-06-08 16:45:22,0,UMBRAL_EFECTIVO_EXCEDIDO,,,,
TX-0020465,CLI-03171,SISTEMA,DEPOSITO_EFECTIVO,23832.38,2026-06-08 17:35:22,0,UMBRAL_EFECTIVO_EXCEDIDO,,,,
TX-0031507,CLI-04847,SISTEMA,DEPOSITO_EFECTIVO,16109.5,2026-06-08 18:04:22,0,UMBRAL_EFECTIVO_EXCEDIDO,,,,
TX-0008151,CLI-01255,SISTEMA,DEPOSITO_EFECTIVO,23172.03,2026-06-08 18:23:22,0,UMBRAL_EFECTIVO_EXCEDIDO,,,,
TX-0003160,CLI-00480,SISTEMA,DEPOSITO_EFECTIVO,48214.36,2026-06-08 19:50:22,0,UMBRAL_EFECTIVO_EXCEDIDO,,,,
TX-0014806,CLI-02299,SISTEMA,DEPOSITO_EFECTIVO,22903.05,2026-06-08 21:23:22,0,UMBRAL_EFECTIVO_EXCEDIDO,,,,
TX-0008680,CLI-01332,SISTEMA,DEPOSITO_EFECTIVO,20281.09,2026-06-08 21:25:22,0,UMBRAL_EFECTIVO_EXCEDIDO,,,,
TX-0028865,CLI-04445,SISTEMA,DEPOSITO_EFECTIVO,24231.94,2026-06-08 22:05:22,0,UMBRAL_EFECTIVO_EXCEDIDO,,,,
TX-0012232,CLI-01888,SISTEMA,DEPOSITO_EFECTIVO,56342.23,2026-06-08 22:21:22,0,UMBRAL_EFECTIVO_EXCEDIDO,,,,
TX-0011607,CLI-01789,SISTEMA,DEPOSITO_EFECTIVO,30762.27,2026-06-09 00:42:22,0,UMBRAL_EFECTIVO_EXCEDIDO,,,,
TX-0003194,CLI-00484,SISTEMA,DEPOSITO_EFECTIVO,15087.36,2026-06-09 01:11:22,0,UMBRAL_EFECTIVO_EXCEDIDO,,,,
TX-0028899,CLI-04450,SISTEMA,DEPOSITO_EFECTIVO,35910.74,2026-06-09 03:19:22,0,UMBRAL_EFECTIVO_EXCEDIDO,,,,
TX-0032445,CLI-04983,SISTEMA,DEPOSITO_EFECTIVO,28393.87,2026-06-09 03:20:22,0,UMBRAL_EFECTIVO_EXCEDIDO,,,,
TX-0023061,CLI-03563,SISTEMA,DEPOSITO_EFECTIVO,20904.47,2026-06-09 04:36:22,0,UMBRAL_EFECTIVO_EXCEDIDO,,,,
TX-0020190,CLI-03131,SISTEMA,DEPOSITO_EFECTIVO,20630.66,2026-06-09 05:17:22,0,UMBRAL_EFECTIVO_EXCEDIDO,,,,
TX-0007115,CLI-01098,SISTEMA,DEPOSITO_EFECTIVO,20130.79,2026-06-09 08:24:22,0,UMBRAL_EFECTIVO_EXCEDIDO,,,,
TX-0031388,CLI-04827,SISTEMA,DEPOSITO_EFECTIVO,42301.05,2026-06-09 08:25:22,0,UMBRAL_EFECTIVO_EXCEDIDO,,,,
TX-0005667,CLI-00871,SISTEMA,DEPOSITO_EFECTIVO,15306.34,2026-06-09 09:09:22,0,UMBRAL_EFECTIVO_EXCEDIDO,,,,
TX-0019474,CLI-03018,SISTEMA,DEPOSITO_EFECTIVO,67527.87,2026-06-09 09:16:22,0,UMBRAL_EFECTIVO_EXCEDIDO,,,,
TX-0015171,CLI-02349,SISTEMA,DEPOSITO_EFECTIVO,52162.37,2026-06-09 11:33:22,0,UMBRAL_EFECTIVO_EXCEDIDO,,,,
TX-0015173,CLI-02349,SISTEMA,DEPOSITO_EFECTIVO,72308.83,2026-06-09 12:10:22,0,UMBRAL_EFECTIVO_EXCEDIDO,,,,
TX-0025027,CLI-03862,SISTEMA,DEPOSITO_EFECTIVO,45918.02,2026-06-09 14:07:22,0,UMBRAL_EFECTIVO_EXCEDIDO,,,,
TX-0024165,CLI-03731,SISTEMA,DEPOSITO_EFECTIVO,42151.57,2026-06-09 14:44:22,0,UMBRAL_EFECTIVO_EXCEDIDO,,,,
TX-0017841,CLI-02761,SISTEMA,DEPOSITO_EFECTIVO,30060.67,2026-06-09 15:04:22,0,UMBRAL_EFECTIVO_EXCEDIDO,,,,
TX-0028516,CLI-04388,SISTEMA,DEPOSITO_EFECTIVO,25298.01,2026-06-09 15:52:22,0,UMBRAL_EFECTIVO_EXCEDIDO,,,,
TX-0011093,CLI-01710,SISTEMA,DEPOSITO_EFECTIVO,21367.61,2026-06-09 17:47:22,0,UMBRAL_EFECTIVO_EXCEDIDO,,,,
TX-0007557,CLI-01164,SISTEMA,DEPOSITO_EFECTIVO,15548.64,2026-06-09 18:10:22,0,UMBRAL_EFECTIVO_EXCEDIDO,,,,
TX-0004477,CLI-00684,SISTEMA,DEPOSITO_EFECTIVO,22632.6,2026-06-09 18:25:22,0,UMBRAL_EFECTIVO_EXCEDIDO,,,,
TX-0032207,CLI-04949,SISTEMA,DEPOSITO_EFECTIVO,42765.76,2026-06-09 18:31:22,0,UMBRAL_EFECTIVO_EXCEDIDO,,,,
TX-0018174,CLI-02811,SISTEMA,DEPOSITO_EFECTIVO,19697.19,2026-06-09 19:32:22,0,UMBRAL_EFECTIVO_EXCEDIDO,,,,
TX-0011759,CLI-01814,SISTEMA,DEPOSITO_EFECTIVO,25726.75,2026-06-09 19:48:22,0,UMBRAL_EFECTIVO_EXCEDIDO,,,,
TX-0018725,CLI-02898,SISTEMA,DEPOSITO_EFECTIVO,23056.15,2026-06-09 20:36:22,0,UMBRAL_EFECTIVO_EXCEDIDO,,,,
TX-0019605,CLI-03040,SISTEMA,DEPOSITO_EFECTIVO,57115.76,2026-06-09 23:07:22,0,UMBRAL_EFECTIVO_EXCEDIDO,,,,
TX-0001169,CLI-00176,SISTEMA,DEPOSITO_EFECTIVO,42481.48,2026-06-10 00:10:22,0,UMBRAL_EFECTIVO_EXCEDIDO,,,,
TX-0003530,CLI-00535,SISTEMA,DEPOSITO_EFECTIVO,28656.62,2026-06-10 00:49:22,0,UMBRAL_EFECTIVO_EXCEDIDO,,,,
TX-0026425,CLI-04070,SISTEMA,DEPOSITO_EFECTIVO,32982.24,2026-06-10 03:31:22,0,UMBRAL_EFECTIVO_EXCEDIDO,,,,
TX-0024805,CLI-03831,SISTEMA,DEPOSITO_EFECTIVO,26658.14,2026-06-10 04:18:22,0,UMBRAL_EFECTIVO_EXCEDIDO,,,,
TX-0024006,CLI-03707,SISTEMA,DEPOSITO_EFECTIVO,15789.35,2026-06-10 05:06:22,0,UMBRAL_EFECTIVO_EXCEDIDO,,,,
TX-0005366,CLI-00826,SISTEMA,DEPOSITO_EFECTIVO,52029.79,2026-06-10 05:09:22,0,UMBRAL_EFECTIVO_EXCEDIDO,,,,
TX-0005106,CLI-00788,SISTEMA,DEPOSITO_EFECTIVO,20944.44,2026-06-10 05:12:22,0,UMBRAL_EFECTIVO_EXCEDIDO,,,,
TX-0030880,CLI-04754,SISTEMA,DEPOSITO_EFECTIVO,20925.43,2026-06-10 06:53:22,0,UMBRAL_EFECTIVO_EXCEDIDO,,,,
TX-0022606,CLI-03494,SISTEMA,DEPOSITO_EFECTIVO,53901.34,2026-06-10 07:08:22,0,UMBRAL_EFECTIVO_EXCEDIDO,,,,
TX-0016431,CLI-02545,SISTEMA,DEPOSITO_EFECTIVO,49208.49,2026-06-10 07:35:22,0,UMBRAL_EFECTIVO_EXCEDIDO,,,,
TX-0014137,CLI-02188,SISTEMA,DEPOSITO_EFECTIVO,63761.89,2026-06-10 08:43:22,0,UMBRAL_EFECTIVO_EXCEDIDO,,,,
TX-0001241,CLI-00188,SISTEMA,DEPOSITO_EFECTIVO,70541.43,2026-06-10 09:04:22,0,UMBRAL_EFECTIVO_EXCEDIDO,,,,
TX-0027826,CLI-04285,SISTEMA,DEPOSITO_EFECTIVO,67183.05,2026-06-10 09:24:22,0,UMBRAL_EFECTIVO_EXCEDIDO,,,,
TX-0003455,CLI-00523,SISTEMA,DEPOSITO_EFECTIVO,35715.33,2026-06-10 10:10:22,0,UMBRAL_EFECTIVO_EXCEDIDO,,,,
TX-0029196,CLI-04495,SISTEMA,DEPOSITO_EFECTIVO,19963.18,2026-06-10 10:16:22,0,UMBRAL_EFECTIVO_EXCEDIDO,,,,
TX-0001505,CLI-00226,SISTEMA,DEPOSITO_EFECTIVO,22472.99,2026-06-10 10:34:22,0,UMBRAL_EFECTIVO_EXCEDIDO,,,,
TX-0006119,CLI-00942,SISTEMA,DEPOSITO_EFECTIVO,50689.06,2026-06-10 11:15:22,0,UMBRAL_EFECTIVO_EXCEDIDO,,,,
TX-0010888,CLI-01676,SISTEMA,DEPOSITO_EFECTIVO,20967.32,2026-06-10 11:41:22,0,UMBRAL_EFECTIVO_EXCEDIDO,,,,
TX-0007249,CLI-01120,SISTEMA,DEPOSITO_EFECTIVO,17007.6,2026-06-10 12:02:22,0,UMBRAL_EFECTIVO_EXCEDIDO,,,,
TX-0008665,CLI-01330,SISTEMA,DEPOSITO_EFECTIVO,27828.16,2026-06-10 13:26:22,0,UMBRAL_EFECTIVO_EXCEDIDO,,,,
TX-0026840,CLI-04134,SISTEMA,DEPOSITO_EFECTIVO,15089.97,2026-06-10 15:23:22,0,UMBRAL_EFECTIVO_EXCEDIDO,,,,
TX-0029266,CLI-04505,SISTEMA,DEPOSITO_EFECTIVO,42713.84,2026-06-10 16:57:22,0,UMBRAL_EFECTIVO_EXCEDIDO,,,,
TX-0032072,CLI-04929,SISTEMA,DEPOSITO_EFECTIVO,35293.56,2026-06-10 17:06:22,0,UMBRAL_EFECTIVO_EXCEDIDO,,,,
TX-0024163,CLI-03731,SISTEMA,DEPOSITO_EFECTIVO,24514.46,2026-06-10 18:10:22,0,UMBRAL_EFECTIVO_EXCEDIDO,,,,
TX-0019504,CLI-03023,SISTEMA,DEPOSITO_EFECTIVO,49433.88,2026-06-10 18:38:22,0,UMBRAL_EFECTIVO_EXCEDIDO,,,,
TX-0022485,CLI-03475,SISTEMA,DEPOSITO_EFECTIVO,43344.33,2026-06-10 21:03:22,0,UMBRAL_EFECTIVO_EXCEDIDO,,,,
TX-0003898,CLI-00594,SISTEMA,DEPOSITO_EFECTIVO,16055.51,2026-06-10 21:57:22,0,UMBRAL_EFECTIVO_EXCEDIDO,,,,
TX-0005845,CLI-00897,SISTEMA,DEPOSITO_EFECTIVO,24127.96,2026-06-10 23:08:22,0,UMBRAL_EFECTIVO_EXCEDIDO,,,,
TX-0029674,CLI-04568,SISTEMA,DEPOSITO_EFECTIVO,30231.7,2026-06-10 23:59:22,0,UMBRAL_EFECTIVO_EXCEDIDO,,,,
TX-0001953,CLI-00294,SISTEMA,DEPOSITO_EFECTIVO,35715.71,2026-06-11 03:34:22,0,UMBRAL_EFECTIVO_EXCEDIDO,,,,
TX-0001282,CLI-00194,SISTEMA,DEPOSITO_EFECTIVO,50997.18,2026-06-11 03:36:22,0,UMBRAL_EFECTIVO_EXCEDIDO,,,,
TX-0017330,CLI-02686,SISTEMA,DEPOSITO_EFECTIVO,29386.02,2026-06-11 03:52:22,0,UMBRAL_EFECTIVO_EXCEDIDO,,,,
TX-0007680,CLI-01180,SISTEMA,DEPOSITO_EFECTIVO,44005.14,2026-06-11 04:34:22,0,UMBRAL_EFECTIVO_EXCEDIDO,,,,
TX-0003356,CLI-00507,SISTEMA,DEPOSITO_EFECTIVO,66353.47,2026-06-11 05:33:22,0,UMBRAL_EFECTIVO_EXCEDIDO,,,,
TX-0011362,CLI-01750,SISTEMA,DEPOSITO_EFECTIVO,15214.38,2026-06-11 05:34:22,0,UMBRAL_EFECTIVO_EXCEDIDO,,,,
TX-0016899,CLI-02617,SISTEMA,DEPOSITO_EFECTIVO,26178.87,2026-06-11 07:27:22,0,UMBRAL_EFECTIVO_EXCEDIDO,,,,
TX-0009582,CLI-01473,SISTEMA,DEPOSITO_EFECTIVO,43226.68,2026-06-11 10:13:22,0,UMBRAL_EFECTIVO_EXCEDIDO,,,,
TX-0016840,CLI-02609,SISTEMA,DEPOSITO_EFECTIVO,30885.61,2026-06-11 10:48:22,0,UMBRAL_EFECTIVO_EXCEDIDO,,,,
TX-0030559,CLI-04703,SISTEMA,DEPOSITO_EFECTIVO,48727.04,2026-06-11 11:33:22,0,UMBRAL_EFECTIVO_EXCEDIDO,,,,
TX-0017721,CLI-02744,SISTEMA,DEPOSITO_EFECTIVO,60365.36,2026-06-11 11:35:22,0,UMBRAL_EFECTIVO_EXCEDIDO,,,,
TX-0028833,CLI-04440,SISTEMA,DEPOSITO_EFECTIVO,42041.37,2026-06-11 11:39:22,0,UMBRAL_EFECTIVO_EXCEDIDO,,,,
TX-0017550,CLI-02719,SISTEMA,DEPOSITO_EFECTIVO,51889.41,2026-06-11 12:24:22,0,UMBRAL_EFECTIVO_EXCEDIDO,,,,
TX-0019557,CLI-03033,SISTEMA,DEPOSITO_EFECTIVO,23335.74,2026-06-11 13:38:22,0,UMBRAL_EFECTIVO_EXCEDIDO,,,,
TX-0027676,CLI-04264,SISTEMA,DEPOSITO_EFECTIVO,42815.26,2026-06-11 13:50:22,0,UMBRAL_EFECTIVO_EXCEDIDO,,,,
TX-0016643,CLI-02577,SISTEMA,DEPOSITO_EFECTIVO,15656.4,2026-06-11 14:40:22,0,UMBRAL_EFECTIVO_EXCEDIDO,,,,
TX-0012217,CLI-01885,SISTEMA,DEPOSITO_EFECTIVO,46919.28,2026-06-11 15:07:22,0,UMBRAL_EFECTIVO_EXCEDIDO,,,,
TX-0017551,CLI-02719,SISTEMA,DEPOSITO_EFECTIVO,49776.74,2026-06-11 15:39:22,0,UMBRAL_EFECTIVO_EXCEDIDO,,,,
TX-0001728,CLI-00259,SISTEMA,DEPOSITO_EFECTIVO,21761.47,2026-06-11 16:14:22,0,UMBRAL_EFECTIVO_EXCEDIDO,,,,
TX-0006583,CLI-01016,SISTEMA,DEPOSITO_EFECTIVO,18843.36,2026-06-11 16:30:22,0,UMBRAL_EFECTIVO_EXCEDIDO,,,,
TX-0004393,CLI-00671,SISTEMA,DEPOSITO_EFECTIVO,63041.38,2026-06-11 16:51:22,0,UMBRAL_EFECTIVO_EXCEDIDO,,,,
TX-0024005,CLI-03707,SISTEMA,DEPOSITO_EFECTIVO,19971.79,2026-06-11 16:55:22,0,UMBRAL_EFECTIVO_EXCEDIDO,,,,
TX-0027375,CLI-04220,SISTEMA,DEPOSITO_EFECTIVO,18313.84,2026-06-11 17:29:22,0,UMBRAL_EFECTIVO_EXCEDIDO,,,,
TX-0021324,CLI-03296,SISTEMA,DEPOSITO_EFECTIVO,30647.04,2026-06-11 17:59:22,0,UMBRAL_EFECTIVO_EXCEDIDO,,,,
TX-0029530,CLI-04546,SISTEMA,DEPOSITO_EFECTIVO,15328.25,2026-06-11 18:48:22,0,UMBRAL_EFECTIVO_EXCEDIDO,,,,
TX-0032255,CLI-04955,SISTEMA,DEPOSITO_EFECTIVO,70233.24,2026-06-11 18:49:22,0,UMBRAL_EFECTIVO_EXCEDIDO,,,,
TX-0001971,CLI-00296,SISTEMA,DEPOSITO_EFECTIVO,50412.52,2026-06-11 20:21:22,0,UMBRAL_EFECTIVO_EXCEDIDO,,,,
TX-0031862,CLI-04897,SISTEMA,DEPOSITO_EFECTIVO,18846.28,2026-06-11 21:22:22,0,UMBRAL_EFECTIVO_EXCEDIDO,,,,
TX-0018904,CLI-02922,SISTEMA,DEPOSITO_EFECTIVO,27425.3,2026-06-11 21:40:22,0,UMBRAL_EFECTIVO_EXCEDIDO,,,,
TX-0003082,CLI-00469,SISTEMA,DEPOSITO_EFECTIVO,48417.06,2026-06-11 22:42:22,0,UMBRAL_EFECTIVO_EXCEDIDO,,,,
TX-0022224,CLI-03437,SISTEMA,DEPOSITO_EFECTIVO,30993.78,2026-06-11 22:49:22,0,UMBRAL_EFECTIVO_EXCEDIDO,,,,
TX-0003906,CLI-00595,SISTEMA,DEPOSITO_EFECTIVO,34839.82,2026-06-12 00:02:22,0,UMBRAL_EFECTIVO_EXCEDIDO,,,,
TX-0012959,CLI-02003,SISTEMA,DEPOSITO_EFECTIVO,15965.44,2026-06-12 00:36:22,0,UMBRAL_EFECTIVO_EXCEDIDO,,,,
TX-0031272,CLI-04810,SISTEMA,DEPOSITO_EFECTIVO,39405.13,2026-06-12 03:14:22,0,UMBRAL_EFECTIVO_EXCEDIDO,,,,
TX-0025844,CLI-03986,SISTEMA,DEPOSITO_EFECTIVO,18545.26,2026-06-12 06:18:22,0,UMBRAL_EFECTIVO_EXCEDIDO,,,,
TX-0031421,CLI-04833,SISTEMA,DEPOSITO_EFECTIVO,23549.59,2026-06-12 08:29:22,0,UMBRAL_EFECTIVO_EXCEDIDO,,,,
TX-0009191,CLI-01412,SISTEMA,DEPOSITO_EFECTIVO,54225.22,2026-06-12 08:45:22,0,UMBRAL_EFECTIVO_EXCEDIDO,,,,
TX-0027000,CLI-04161,SISTEMA,DEPOSITO_EFECTIVO,39632.9,2026-06-12 08:49:22,0,UMBRAL_EFECTIVO_EXCEDIDO,,,,
TX-0013533,CLI-02098,SISTEMA,DEPOSITO_EFECTIVO,35340.37,2026-06-12 09:58:22,0,UMBRAL_EFECTIVO_EXCEDIDO,,,,
TX-0016726,CLI-02592,SISTEMA,DEPOSITO_EFECTIVO,38697.22,2026-06-12 11:08:22,0,UMBRAL_EFECTIVO_EXCEDIDO,,,,
TX-0010340,CLI-01587,SISTEMA,DEPOSITO_EFECTIVO,37311.85,2026-06-12 11:32:22,0,UMBRAL_EFECTIVO_EXCEDIDO,,,,
TX-0018506,CLI-02863,SISTEMA,DEPOSITO_EFECTIVO,16346.05,2026-06-12 11:36:22,0,UMBRAL_EFECTIVO_EXCEDIDO,,,,
TX-0007929,CLI-01220,SISTEMA,DEPOSITO_EFECTIVO,22073.68,2026-06-12 12:40:22,0,UMBRAL_EFECTIVO_EXCEDIDO,,,,
TX-0013478,CLI-02089,SISTEMA,DEPOSITO_EFECTIVO,17847.63,2026-06-12 12:42:22,0,UMBRAL_EFECTIVO_EXCEDIDO,,,,
TX-0018849,CLI-02915,SISTEMA,DEPOSITO_EFECTIVO,57174.58,2026-06-12 13:02:22,0,UMBRAL_EFECTIVO_EXCEDIDO,,,,
TX-0016330,CLI-02527,SISTEMA,DEPOSITO_EFECTIVO,51813.96,2026-06-12 14:13:22,0,UMBRAL_EFECTIVO_EXCEDIDO,,,,
TX-0010670,CLI-01644,SISTEMA,DEPOSITO_EFECTIVO,63626.87,2026-06-12 16:17:22,0,UMBRAL_EFECTIVO_EXCEDIDO,,,,
TX-0007114,CLI-01098,SISTEMA,DEPOSITO_EFECTIVO,24817.65,2026-06-12 16:44:22,0,UMBRAL_EFECTIVO_EXCEDIDO,,,,
TX-0020120,CLI-03119,SISTEMA,DEPOSITO_EFECTIVO,37600.59,2026-06-12 17:16:22,0,UMBRAL_EFECTIVO_EXCEDIDO,,,,
TX-0020858,CLI-03229,SISTEMA,DEPOSITO_EFECTIVO,30831.64,2026-06-12 18:57:22,0,UMBRAL_EFECTIVO_EXCEDIDO,,,,
TX-0013819,CLI-02142,SISTEMA,DEPOSITO_EFECTIVO,16743.08,2026-06-12 20:54:22,0,UMBRAL_EFECTIVO_EXCEDIDO,,,,
TX-0014571,CLI-02259,SISTEMA,DEPOSITO_EFECTIVO,15958.36,2026-06-12 20:54:22,0,UMBRAL_EFECTIVO_EXCEDIDO,,,,
TX-0031309,CLI-04815,SISTEMA,DEPOSITO_EFECTIVO,17567.68,2026-06-12 21:53:22,0,UMBRAL_EFECTIVO_EXCEDIDO,,,,
TX-0029268,CLI-04505,SISTEMA,DEPOSITO_EFECTIVO,16933.49,2026-06-12 22:00:22,0,UMBRAL_EFECTIVO_EXCEDIDO,,,,
TX-0001934,CLI-00289,SISTEMA,DEPOSITO_EFECTIVO,24011.88,2026-06-12 23:00:22,0,UMBRAL_EFECTIVO_EXCEDIDO,,,,
TX-0019240,CLI-02981,SISTEMA,DEPOSITO_EFECTIVO,15407.8,2026-06-12 23:44:22,0,UMBRAL_EFECTIVO_EXCEDIDO,,,,
TX-0000439,CLI-00069,SISTEMA,DEPOSITO_EFECTIVO,17389.0,2026-06-13 00:09:22,0,UMBRAL_EFECTIVO_EXCEDIDO,,,,
TX-0020572,CLI-03188,SISTEMA,DEPOSITO_EFECTIVO,18983.51,2026-06-13 00:51:22,0,UMBRAL_EFECTIVO_EXCEDIDO,,,,
TX-0019967,CLI-03096,SISTEMA,DEPOSITO_EFECTIVO,30493.97,2026-06-13 01:18:22,0,UMBRAL_EFECTIVO_EXCEDIDO,,,,
TX-0003169,CLI-00481,SISTEMA,DEPOSITO_EFECTIVO,37797.1,2026-06-13 01:30:22,0,UMBRAL_EFECTIVO_EXCEDIDO,,,,
TX-0009585,CLI-01474,SISTEMA,DEPOSITO_EFECTIVO,17174.2,2026-06-13 01:45:22,0,UMBRAL_EFECTIVO_EXCEDIDO,,,,
TX-0012411,CLI-01914,SISTEMA,DEPOSITO_EFECTIVO,33473.98,2026-06-13 02:47:22,0,UMBRAL_EFECTIVO_EXCEDIDO,,,,
TX-0030007,CLI-04623,SISTEMA,DEPOSITO_EFECTIVO,36727.01,2026-06-13 05:21:22,0,UMBRAL_EFECTIVO_EXCEDIDO,,,,
TX-0015248,CLI-02361,SISTEMA,DEPOSITO_EFECTIVO,23855.24,2026-06-13 05:32:22,0,UMBRAL_EFECTIVO_EXCEDIDO,,,,
TX-0004438,CLI-00677,SISTEMA,DEPOSITO_EFECTIVO,16330.35,2026-06-13 06:21:22,0,UMBRAL_EFECTIVO_EXCEDIDO,,,,
TX-0009499,CLI-01460,SISTEMA,DEPOSITO_EFECTIVO,42970.31,2026-06-13 08:17:22,0,UMBRAL_EFECTIVO_EXCEDIDO,,,,
TX-0023304,CLI-03601,SISTEMA,DEPOSITO_EFECTIVO,49690.17,2026-06-13 08:39:22,0,UMBRAL_EFECTIVO_EXCEDIDO,,,,
TX-0011935,CLI-01840,SISTEMA,DEPOSITO_EFECTIVO,16848.93,2026-06-13 09:11:22,0,UMBRAL_EFECTIVO_EXCEDIDO,,,,
TX-0022582,CLI-03491,SISTEMA,DEPOSITO_EFECTIVO,56218.63,2026-06-13 09:55:22,0,UMBRAL_EFECTIVO_EXCEDIDO,,,,
TX-0026872,CLI-04140,SISTEMA,DEPOSITO_EFECTIVO,4363.48,2026-05-13 12:21:22,0,ESTRUCTURACION_SMURFING_DETECTADA,,,,
TX-0022176,CLI-03430,SISTEMA,DEPOSITO_EFECTIVO,243.19,2026-05-13 12:30:22,0,ESTRUCTURACION_SMURFING_DETECTADA,,,,
TX-0020994,CLI-03249,SISTEMA,DEPOSITO_EFECTIVO,396.49,2026-05-13 12:34:22,0,ESTRUCTURACION_SMURFING_DETECTADA,,,,
TX-0014437,CLI-02238,SISTEMA,DEPOSITO_EFECTIVO,2898.88,2026-05-13 12:37:22,0,ESTRUCTURACION_SMURFING_DETECTADA,,,,
TX-0003183,CLI-00483,SISTEMA,DEPOSITO_EFECTIVO,583.82,2026-05-13 12:41:22,0,ESTRUCTURACION_SMURFING_DETECTADA,,,,
TX-0027970,CLI-04307,SISTEMA,DEPOSITO_EFECTIVO,131.37,2026-05-13 12:51:22,0,ESTRUCTURACION_SMURFING_DETECTADA,,,,
TX-0029691,CLI-04570,SISTEMA,DEPOSITO_EFECTIVO,1497.59,2026-05-13 12:57:22,0,ESTRUCTURACION_SMURFING_DETECTADA,,,,
TX-0005298,CLI-00816,SISTEMA,DEPOSITO_EFECTIVO,1120.95,2026-05-13 12:59:22,0,ESTRUCTURACION_SMURFING_DETECTADA,,,,
TX-0002284,CLI-00345,SISTEMA,DEPOSITO_EFECTIVO,8004.38,2026-05-13 13:11:22,0,ESTRUCTURACION_SMURFING_DETECTADA,,,,
TX-0010901,CLI-01678,SISTEMA,DEPOSITO_EFECTIVO,5558.51,2026-05-13 13:36:22,0,ESTRUCTURACION_SMURFING_DETECTADA,,,,
TX-0029905,CLI-04607,SISTEMA,DEPOSITO_EFECTIVO,191.48,2026-05-13 13:39:22,0,ESTRUCTURACION_SMURFING_DETECTADA,,,,
TX-0008752,CLI-01342,SISTEMA,DEPOSITO_EFECTIVO,7261.87,2026-05-13 13:49:22,0,ESTRUCTURACION_SMURFING_DETECTADA,,,,
TX-0014901,CLI-02313,SISTEMA,DEPOSITO_EFECTIVO,1092.43,2026-05-13 13:49:22,0,ESTRUCTURACION_SMURFING_DETECTADA,,,,
TX-0030817,CLI-04742,SISTEMA,DEPOSITO_EFECTIVO,4746.85,2026-05-13 13:55:22,0,ESTRUCTURACION_SMURFING_DETECTADA,,,,
TX-0003378,CLI-00512,SISTEMA,DEPOSITO_EFECTIVO,1304.84,2026-05-13 14:02:22,0,ESTRUCTURACION_SMURFING_DETECTADA,,,,
TX-0017458,CLI-02706,SISTEMA,DEPOSITO_EFECTIVO,5066.7,2026-05-13 14:02:22,0,ESTRUCTURACION_SMURFING_DETECTADA,,,,
TX-0024371,CLI-03762,SISTEMA,DEPOSITO_EFECTIVO,2250.91,2026-05-13 14:03:22,0,ESTRUCTURACION_SMURFING_DETECTADA,,,,
TX-0007669,CLI-01179,SISTEMA,DEPOSITO_EFECTIVO,2032.87,2026-05-13 14:07:22,0,ESTRUCTURACION_SMURFING_DETECTADA,,,,
TX-0015993,CLI-02474,SISTEMA,DEPOSITO_EFECTIVO,2200.34,2026-05-13 14:13:22,0,ESTRUCTURACION_SMURFING_DETECTADA,,,,
TX-0007387,CLI-01141,SISTEMA,DEPOSITO_EFECTIVO,1041.05,2026-05-13 14:17:22,0,ESTRUCTURACION_SMURFING_DETECTADA,,,,
TX-0003214,CLI-00487,SISTEMA,DEPOSITO_EFECTIVO,10105.8,2026-05-13 14:20:22,0,ESTRUCTURACION_SMURFING_DETECTADA,,,,
TX-0017028,CLI-02638,SISTEMA,DEPOSITO_EFECTIVO,12664.38,2026-05-13 14:23:22,0,ESTRUCTURACION_SMURFING_DETECTADA,,,,
TX-0014796,CLI-02297,SISTEMA,DEPOSITO_EFECTIVO,149.54,2026-05-13 14:27:22,0,ESTRUCTURACION_SMURFING_DETECTADA,,,,
TX-0029885,CLI-04604,SISTEMA,DEPOSITO_EFECTIVO,435.35,2026-05-13 14:29:22,0,ESTRUCTURACION_SMURFING_DETECTADA,,,,
TX-0010176,CLI-01564,SISTEMA,DEPOSITO_EFECTIVO,2097.01,2026-05-13 14:32:22,0,ESTRUCTURACION_SMURFING_DETECTADA,,,,
TX-0008835,CLI-01356,SISTEMA,DEPOSITO_EFECTIVO,6926.55,2026-05-13 15:17:22,0,ESTRUCTURACION_SMURFING_DETECTADA,,,,
TX-0017127,CLI-02654,SISTEMA,DEPOSITO_EFECTIVO,3262.07,2026-05-13 15:24:22,0,ESTRUCTURACION_SMURFING_DETECTADA,,,,
TX-0017173,CLI-02661,SISTEMA,DEPOSITO_EFECTIVO,4535.66,2026-05-13 15:32:22,0,ESTRUCTURACION_SMURFING_DETECTADA,,,,
TX-0030716,CLI-04727,SISTEMA,DEPOSITO_EFECTIVO,6581.93,2026-05-13 15:38:22,0,ESTRUCTURACION_SMURFING_DETECTADA,,,,
TX-0007199,CLI-01112,SISTEMA,DEPOSITO_EFECTIVO,8960.34,2026-05-13 15:42:22,0,ESTRUCTURACION_SMURFING_DETECTADA,,,,
TX-0023227,CLI-03589,SISTEMA,DEPOSITO_EFECTIVO,666.32,2026-05-13 15:43:22,0,ESTRUCTURACION_SMURFING_DETECTADA,,,,
TX-0009761,CLI-01498,SISTEMA,DEPOSITO_EFECTIVO,4448.0,2026-05-13 15:46:22,0,ESTRUCTURACION_SMURFING_DETECTADA,,,,
TX-0016968,CLI-02629,SISTEMA,DEPOSITO_EFECTIVO,411.17,2026-05-13 15:49:22,0,ESTRUCTURACION_SMURFING_DETECTADA,,,,
TX-0021927,CLI-03388,SISTEMA,DEPOSITO_EFECTIVO,10635.26,2026-05-13 15:51:22,0,ESTRUCTURACION_SMURFING_DETECTADA,,,,
TX-0014771,CLI-02292,SISTEMA,DEPOSITO_EFECTIVO,166.06,2026-05-13 15:51:22,0,ESTRUCTURACION_SMURFING_DETECTADA,,,,
TX-0001751,CLI-00262,SISTEMA,DEPOSITO_EFECTIVO,179.35,2026-05-13 16:08:22,0,ESTRUCTURACION_SMURFING_DETECTADA,,,,
TX-0003711,CLI-00561,SISTEMA,DEPOSITO_EFECTIVO,1173.24,2026-05-13 16:18:22,0,ESTRUCTURACION_SMURFING_DETECTADA,,,,
TX-0003749,CLI-00567,SISTEMA,DEPOSITO_EFECTIVO,5550.55,2026-05-13 16:22:22,0,ESTRUCTURACION_SMURFING_DETECTADA,,,,
TX-0014386,CLI-02230,SISTEMA,DEPOSITO_EFECTIVO,2893.36,2026-05-13 16:31:22,0,ESTRUCTURACION_SMURFING_DETECTADA,,,,
TX-0020498,CLI-03176,SISTEMA,DEPOSITO_EFECTIVO,263.74,2026-05-13 16:42:22,0,ESTRUCTURACION_SMURFING_DETECTADA,,,,
TX-0024517,CLI-03784,SISTEMA,DEPOSITO_EFECTIVO,4788.55,2026-05-13 16:53:22,0,ESTRUCTURACION_SMURFING_DETECTADA,,,,
TX-0003054,CLI-00464,SISTEMA,DEPOSITO_EFECTIVO,431.32,2026-05-13 16:54:22,0,ESTRUCTURACION_SMURFING_DETECTADA,,,,
TX-0016239,CLI-02513,SISTEMA,DEPOSITO_EFECTIVO,695.2,2026-05-13 17:13:22,0,ESTRUCTURACION_SMURFING_DETECTADA,,,,
TX-0005693,CLI-00874,SISTEMA,DEPOSITO_EFECTIVO,8644.23,2026-05-13 17:17:22,0,ESTRUCTURACION_SMURFING_DETECTADA,,,,
TX-0001141,CLI-00171,SISTEMA,DEPOSITO_EFECTIVO,201.35,2026-05-13 17:27:22,0,ESTRUCTURACION_SMURFING_DETECTADA,,,,
TX-0028188,CLI-04339,SISTEMA,DEPOSITO_EFECTIVO,2119.4,2026-05-13 17:33:22,0,ESTRUCTURACION_SMURFING_DETECTADA,,,,
TX-0011059,CLI-01704,SISTEMA,DEPOSITO_EFECTIVO,4361.39,2026-05-13 17:36:22,0,ESTRUCTURACION_SMURFING_DETECTADA,,,,
TX-0020769,CLI-03213,SISTEMA,DEPOSITO_EFECTIVO,2418.12,2026-05-13 17:37:22,0,ESTRUCTURACION_SMURFING_DETECTADA,,,,
TX-0022776,CLI-03520,SISTEMA,DEPOSITO_EFECTIVO,46.92,2026-05-13 17:38:22,0,ESTRUCTURACION_SMURFING_DETECTADA,,,,
TX-0013544,CLI-02100,SISTEMA,DEPOSITO_EFECTIVO,224.95,2026-05-13 17:42:22,0,ESTRUCTURACION_SMURFING_DETECTADA,,,,
TX-0018959,CLI-02932,SISTEMA,DEPOSITO_EFECTIVO,306.37,2026-05-13 18:00:22,0,ESTRUCTURACION_SMURFING_DETECTADA,,,,
TX-0029671,CLI-04567,SISTEMA,DEPOSITO_EFECTIVO,692.89,2026-05-13 18:03:22,0,ESTRUCTURACION_SMURFING_DETECTADA,,,,
TX-0029429,CLI-04531,SISTEMA,DEPOSITO_EFECTIVO,3186.29,2026-05-13 18:15:22,0,ESTRUCTURACION_SMURFING_DETECTADA,,,,
TX-0016815,CLI-02606,SISTEMA,DEPOSITO_EFECTIVO,3342.69,2026-05-13 18:39:22,0,ESTRUCTURACION_SMURFING_DETECTADA,,,,
TX-0006612,CLI-01019,SISTEMA,DEPOSITO_EFECTIVO,810.42,2026-05-13 18:42:22,0,ESTRUCTURACION_SMURFING_DETECTADA,,,,
TX-0005009,CLI-00774,SISTEMA,DEPOSITO_EFECTIVO,112.57,2026-05-13 19:04:22,0,ESTRUCTURACION_SMURFING_DETECTADA,,,,
TX-0003624,CLI-00549,SISTEMA,DEPOSITO_EFECTIVO,9632.84,2026-05-13 19:11:22,0,ESTRUCTURACION_SMURFING_DETECTADA,,,,
TX-0030187,CLI-04650,SISTEMA,DEPOSITO_EFECTIVO,657.92,2026-05-13 19:25:22,0,ESTRUCTURACION_SMURFING_DETECTADA,,,,
TX-0026725,CLI-04114,SISTEMA,DEPOSITO_EFECTIVO,1851.88,2026-05-13 19:30:22,0,ESTRUCTURACION_SMURFING_DETECTADA,,,,
TX-0011816,CLI-01822,SISTEMA,DEPOSITO_EFECTIVO,1281.85,2026-05-13 19:37:22,0,ESTRUCTURACION_SMURFING_DETECTADA,,,,
TX-0009973,CLI-01532,SISTEMA,DEPOSITO_EFECTIVO,165.24,2026-05-13 19:41:22,0,ESTRUCTURACION_SMURFING_DETECTADA,,,,
TX-0025733,CLI-03969,SISTEMA,DEPOSITO_EFECTIVO,786.33,2026-05-13 19:51:22,0,ESTRUCTURACION_SMURFING_DETECTADA,,,,
TX-0002863,CLI-00435,SISTEMA,DEPOSITO_EFECTIVO,5564.83,2026-05-13 20:17:22,0,ESTRUCTURACION_SMURFING_DETECTADA,,,,
TX-0001284,CLI-00194,SISTEMA,DEPOSITO_EFECTIVO,5105.22,2026-05-13 20:17:22,0,ESTRUCTURACION_SMURFING_DETECTADA,,,,
TX-0012983,CLI-02007,SISTEMA,DEPOSITO_EFECTIVO,1125.09,2026-05-13 20:21:22,0,ESTRUCTURACION_SMURFING_DETECTADA,,,,
TX-0014521,CLI-02252,SISTEMA,DEPOSITO_EFECTIVO,132.67,2026-05-13 20:36:22,0,ESTRUCTURACION_SMURFING_DETECTADA,,,,
TX-0014692,CLI-02278,SISTEMA,DEPOSITO_EFECTIVO,5032.33,2026-05-13 20:42:22,0,ESTRUCTURACION_SMURFING_DETECTADA,,,,
TX-0030223,CLI-04656,SISTEMA,DEPOSITO_EFECTIVO,6409.43,2026-05-13 20:44:22,0,ESTRUCTURACION_SMURFING_DETECTADA,,,,
TX-0021157,CLI-03274,SISTEMA,DEPOSITO_EFECTIVO,229.05,2026-05-13 20:52:22,0,ESTRUCTURACION_SMURFING_DETECTADA,,,,
TX-0031067,CLI-04780,SISTEMA,DEPOSITO_EFECTIVO,843.38,2026-05-13 21:04:22,0,ESTRUCTURACION_SMURFING_DETECTADA,,,,
TX-0009699,CLI-01488,SISTEMA,DEPOSITO_EFECTIVO,2466.72,2026-05-13 21:05:22,0,ESTRUCTURACION_SMURFING_DETECTADA,,,,
TX-0015351,CLI-02380,SISTEMA,DEPOSITO_EFECTIVO,11255.15,2026-05-13 21:14:22,0,ESTRUCTURACION_SMURFING_DETECTADA,,,,
TX-0030314,CLI-04671,SISTEMA,DEPOSITO_EFECTIVO,3887.31,2026-05-13 21:17:22,0,ESTRUCTURACION_SMURFING_DETECTADA,,,,
TX-0014852,CLI-02305,SISTEMA,DEPOSITO_EFECTIVO,5796.72,2026-05-13 21:22:22,0,ESTRUCTURACION_SMURFING_DETECTADA,,,,
TX-0030929,CLI-04760,SISTEMA,DEPOSITO_EFECTIVO,4717.26,2026-05-13 21:23:22,0,ESTRUCTURACION_SMURFING_DETECTADA,,,,
TX-0021815,CLI-03372,SISTEMA,DEPOSITO_EFECTIVO,6417.43,2026-05-13 21:30:22,0,ESTRUCTURACION_SMURFING_DETECTADA,,,,
TX-0026645,CLI-04102,SISTEMA,DEPOSITO_EFECTIVO,5502.1,2026-05-13 21:43:22,0,ESTRUCTURACION_SMURFING_DETECTADA,,,,
TX-0028752,CLI-04426,SISTEMA,DEPOSITO_EFECTIVO,3849.67,2026-05-13 21:48:22,0,ESTRUCTURACION_SMURFING_DETECTADA,,,,
TX-0009208,CLI-01414,SISTEMA,DEPOSITO_EFECTIVO,1614.8,2026-05-13 21:49:22,0,ESTRUCTURACION_SMURFING_DETECTADA,,,,
TX-0001393,CLI-00209,SISTEMA,DEPOSITO_EFECTIVO,5609.12,2026-05-13 21:52:22,0,ESTRUCTURACION_SMURFING_DETECTADA,,,,
TX-0028481,CLI-04383,SISTEMA,DEPOSITO_EFECTIVO,106.88,2026-05-13 22:00:22,0,ESTRUCTURACION_SMURFING_DETECTADA,,,,
TX-0027977,CLI-04308,SISTEMA,DEPOSITO_EFECTIVO,529.18,2026-05-13 22:16:22,0,ESTRUCTURACION_SMURFING_DETECTADA,,,,
TX-0009273,CLI-01425,SISTEMA,DEPOSITO_EFECTIVO,167.39,2026-05-13 22:28:22,0,ESTRUCTURACION_SMURFING_DETECTADA,,,,
TX-0011252,CLI-01733,SISTEMA,DEPOSITO_EFECTIVO,238.51,2026-05-13 22:36:22,0,ESTRUCTURACION_SMURFING_DETECTADA,,,,
TX-0030359,CLI-04676,SISTEMA,DEPOSITO_EFECTIVO,1000.18,2026-05-13 22:38:22,0,ESTRUCTURACION_SMURFING_DETECTADA,,,,
TX-0002907,CLI-00442,SISTEMA,DEPOSITO_EFECTIVO,1072.09,2026-05-13 22:42:22,0,ESTRUCTURACION_SMURFING_DETECTADA,,,,
TX-0007148,CLI-01104,SISTEMA,DEPOSITO_EFECTIVO,113.42,2026-05-13 22:56:22,0,ESTRUCTURACION_SMURFING_DETECTADA,,,,
TX-0008366,CLI-01288,SISTEMA,DEPOSITO_EFECTIVO,696.04,2026-05-13 23:07:22,0,ESTRUCTURACION_SMURFING_DETECTADA,,,,
TX-0018214,CLI-02819,SISTEMA,DEPOSITO_EFECTIVO,3178.18,2026-05-13 23:23:22,0,ESTRUCTURACION_SMURFING_DETECTADA,,,,
TX-0014246,CLI-02206,SISTEMA,DEPOSITO_EFECTIVO,135.75,2026-05-13 23:33:22,0,ESTRUCTURACION_SMURFING_DETECTADA,,,,
TX-0027058,CLI-04170,SISTEMA,DEPOSITO_EFECTIVO,4798.51,2026-05-13 23:34:22,0,ESTRUCTURACION_SMURFING_DETECTADA,,,,
TX-0029370,CLI-04522,SISTEMA,DEPOSITO_EFECTIVO,223.57,2026-05-14 00:03:22,0,ESTRUCTURACION_SMURFING_DETECTADA,,,,
TX-0010220,CLI-01571,SISTEMA,DEPOSITO_EFECTIVO,610.64,2026-05-14 00:08:22,0,ESTRUCTURACION_SMURFING_DETECTADA,,,,
TX-0004341,CLI-00664,SISTEMA,DEPOSITO_EFECTIVO,624.7,2026-05-14 00:10:22,0,ESTRUCTURACION_SMURFING_DETECTADA,,,,
TX-0014817,CLI-02300,SISTEMA,DEPOSITO_EFECTIVO,3601.58,2026-05-14 00:18:22,0,ESTRUCTURACION_SMURFING_DETECTADA,,,,
TX-0008216,CLI-01265,SISTEMA,DEPOSITO_EFECTIVO,928.33,2026-05-14 00:20:22,0,ESTRUCTURACION_SMURFING_DETECTADA,,,,
TX-0030684,CLI-04723,SISTEMA,DEPOSITO_EFECTIVO,6404.33,2026-05-14 00:27:22,0,ESTRUCTURACION_SMURFING_DETECTADA,,,,
TX-0023523,CLI-03635,SISTEMA,DEPOSITO_EFECTIVO,355.08,2026-05-14 00:57:22,0,ESTRUCTURACION_SMURFING_DETECTADA,,,,
TX-0003993,CLI-00608,SISTEMA,DEPOSITO_EFECTIVO,4329.38,2026-05-14 01:02:22,0,ESTRUCTURACION_SMURFING_DETECTADA,,,,
TX-0025383,CLI-03918,SISTEMA,DEPOSITO_EFECTIVO,200.71,2026-05-14 01:11:22,0,ESTRUCTURACION_SMURFING_DETECTADA,,,,
TX-0030791,CLI-04737,SISTEMA,DEPOSITO_EFECTIVO,8089.54,2026-05-14 01:15:22,0,ESTRUCTURACION_SMURFING_DETECTADA,,,,
TX-0002540,CLI-00384,SISTEMA,DEPOSITO_EFECTIVO,807.29,2026-05-14 01:26:22,0,ESTRUCTURACION_SMURFING_DETECTADA,,,,
TX-0031098,CLI-04785,SISTEMA,DEPOSITO_EFECTIVO,2602.01,2026-05-14 01:30:22,0,ESTRUCTURACION_SMURFING_DETECTADA,,,,
TX-0030974,CLI-04765,SISTEMA,DEPOSITO_EFECTIVO,108.67,2026-05-14 01:55:22,0,ESTRUCTURACION_SMURFING_DETECTADA,,,,
TX-0015917,CLI-02464,SISTEMA,DEPOSITO_EFECTIVO,1714.33,2026-05-14 02:09:22,0,ESTRUCTURACION_SMURFING_DETECTADA,,,,
TX-0005852,CLI-00898,SISTEMA,DEPOSITO_EFECTIVO,256.45,2026-05-14 02:11:22,0,ESTRUCTURACION_SMURFING_DETECTADA,,,,
TX-0012027,CLI-01854,SISTEMA,DEPOSITO_EFECTIVO,988.49,2026-05-14 02:17:22,0,ESTRUCTURACION_SMURFING_DETECTADA,,,,
TX-0005407,CLI-00831,SISTEMA,DEPOSITO_EFECTIVO,1363.26,2026-05-14 02:20:22,0,ESTRUCTURACION_SMURFING_DETECTADA,,,,
TX-0022352,CLI-03454,SISTEMA,DEPOSITO_EFECTIVO,7034.4,2026-05-14 02:28:22,0,ESTRUCTURACION_SMURFING_DETECTADA,,,,
TX-0029440,CLI-04533,SISTEMA,DEPOSITO_EFECTIVO,2009.51,2026-05-14 02:38:22,0,ESTRUCTURACION_SMURFING_DETECTADA,,,,
TX-0002455,CLI-00372,SISTEMA,DEPOSITO_EFECTIVO,3181.87,2026-05-14 02:39:22,0,ESTRUCTURACION_SMURFING_DETECTADA,,,,
TX-0001495,CLI-00223,SISTEMA,DEPOSITO_EFECTIVO,887.24,2026-05-14 02:50:22,0,ESTRUCTURACION_SMURFING_DETECTADA,,,,
TX-0013469,CLI-02088,SISTEMA,DEPOSITO_EFECTIVO,4109.99,2026-05-14 02:53:22,0,ESTRUCTURACION_SMURFING_DETECTADA,,,,
TX-0015089,CLI-02338,SISTEMA,DEPOSITO_EFECTIVO,5859.78,2026-05-14 03:24:22,0,ESTRUCTURACION_SMURFING_DETECTADA,,,,
TX-0014767,CLI-02292,SISTEMA,DEPOSITO_EFECTIVO,216.4,2026-05-14 03:24:22,0,ESTRUCTURACION_SMURFING_DETECTADA,,,,
TX-0022347,CLI-03454,SISTEMA,DEPOSITO_EFECTIVO,7648.83,2026-05-14 03:36:22,0,ESTRUCTURACION_SMURFING_DETECTADA,,,,
TX-0013147,CLI-02033,SISTEMA,DEPOSITO_EFECTIVO,8908.56,2026-05-14 03:36:22,0,ESTRUCTURACION_SMURFING_DETECTADA,,,,
TX-0026654,CLI-04103,SISTEMA,DEPOSITO_EFECTIVO,4933.38,2026-05-14 03:47:22,0,ESTRUCTURACION_SMURFING_DETECTADA,,,,
TX-0020684,CLI-03203,SISTEMA,DEPOSITO_EFECTIVO,3372.73,2026-05-14 04:05:22,0,ESTRUCTURACION_SMURFING_DETECTADA,,,,
TX-0010439,CLI-01603,SISTEMA,DEPOSITO_EFECTIVO,118.27,2026-05-14 04:06:22,0,ESTRUCTURACION_SMURFING_DETECTADA,,,,
TX-0017791,CLI-02752,SISTEMA,DEPOSITO_EFECTIVO,567.05,2026-05-14 04:08:22,0,ESTRUCTURACION_SMURFING_DETECTADA,,,,
TX-0028320,CLI-04357,SISTEMA,DEPOSITO_EFECTIVO,1855.98,2026-05-14 04:24:22,0,ESTRUCTURACION_SMURFING_DETECTADA,,,,
TX-0027577,CLI-04250,SISTEMA,DEPOSITO_EFECTIVO,141.37,2026-05-14 04:37:22,0,ESTRUCTURACION_SMURFING_DETECTADA,,,,
TX-0023940,CLI-03698,SISTEMA,DEPOSITO_EFECTIVO,10274.73,2026-05-14 04:45:22,0,ESTRUCTURACION_SMURFING_DETECTADA,,,,
TX-0020337,CLI-03152,SISTEMA,DEPOSITO_EFECTIVO,11069.51,2026-05-14 04:48:22,0,ESTRUCTURACION_SMURFING_DETECTADA,,,,
TX-0014776,CLI-02293,SISTEMA,DEPOSITO_EFECTIVO,521.44,2026-05-14 04:51:22,0,ESTRUCTURACION_SMURFING_DETECTADA,,,,
TX-0014715,CLI-02281,SISTEMA,DEPOSITO_EFECTIVO,9278.12,2026-05-14 04:52:22,0,ESTRUCTURACION_SMURFING_DETECTADA,,,,
TX-0009899,CLI-01518,SISTEMA,DEPOSITO_EFECTIVO,4694.53,2026-05-14 04:55:22,0,ESTRUCTURACION_SMURFING_DETECTADA,,,,
TX-0014326,CLI-02221,SISTEMA,DEPOSITO_EFECTIVO,3325.83,2026-05-14 05:09:22,0,ESTRUCTURACION_SMURFING_DETECTADA,,,,
TX-0026043,CLI-04014,SISTEMA,DEPOSITO_EFECTIVO,7199.69,2026-05-14 05:10:22,0,ESTRUCTURACION_SMURFING_DETECTADA,,,,
TX-0025422,CLI-03923,SISTEMA,DEPOSITO_EFECTIVO,1747.09,2026-05-14 05:12:22,0,ESTRUCTURACION_SMURFING_DETECTADA,,,,
TX-0012170,CLI-01879,SISTEMA,DEPOSITO_EFECTIVO,4611.09,2026-05-14 05:12:22,0,ESTRUCTURACION_SMURFING_DETECTADA,,,,
TX-0001019,CLI-00155,SISTEMA,DEPOSITO_EFECTIVO,10197.88,2026-05-14 05:17:22,0,ESTRUCTURACION_SMURFING_DETECTADA,,,,
TX-0011765,CLI-01815,SISTEMA,DEPOSITO_EFECTIVO,9325.18,2026-05-14 05:22:22,0,ESTRUCTURACION_SMURFING_DETECTADA,,,,
TX-0008214,CLI-01264,SISTEMA,DEPOSITO_EFECTIVO,88.37,2026-05-14 05:25:22,0,ESTRUCTURACION_SMURFING_DETECTADA,,,,
TX-0029632,CLI-04562,SISTEMA,DEPOSITO_EFECTIVO,2905.08,2026-05-14 05:26:22,0,ESTRUCTURACION_SMURFING_DETECTADA,,,,
TX-0000202,CLI-00030,SISTEMA,DEPOSITO_EFECTIVO,5101.33,2026-05-14 05:47:22,0,ESTRUCTURACION_SMURFING_DETECTADA,,,,
TX-0022315,CLI-03450,SISTEMA,DEPOSITO_EFECTIVO,366.18,2026-05-14 05:56:22,0,ESTRUCTURACION_SMURFING_DETECTADA,,,,
TX-0026126,CLI-04028,SISTEMA,DEPOSITO_EFECTIVO,305.87,2026-05-14 05:56:22,0,ESTRUCTURACION_SMURFING_DETECTADA,,,,
TX-0030240,CLI-04659,SISTEMA,DEPOSITO_EFECTIVO,128.82,2026-05-14 06:02:22,0,ESTRUCTURACION_SMURFING_DETECTADA,,,,
TX-0004814,CLI-00745,SISTEMA,DEPOSITO_EFECTIVO,5251.21,2026-05-14 06:11:22,0,ESTRUCTURACION_SMURFING_DETECTADA,,,,
TX-0013782,CLI-02137,SISTEMA,DEPOSITO_EFECTIVO,7925.21,2026-05-14 06:19:22,0,ESTRUCTURACION_SMURFING_DETECTADA,,,,
TX-0025464,CLI-03929,SISTEMA,DEPOSITO_EFECTIVO,5201.61,2026-05-14 06:34:22,0,ESTRUCTURACION_SMURFING_DETECTADA,,,,
TX-0005665,CLI-00870,SISTEMA,DEPOSITO_EFECTIVO,635.15,2026-05-14 06:41:22,0,ESTRUCTURACION_SMURFING_DETECTADA,,,,
TX-0010640,CLI-01638,SISTEMA,DEPOSITO_EFECTIVO,8865.26,2026-05-14 06:43:22,0,ESTRUCTURACION_SMURFING_DETECTADA,,,,
TX-0011382,CLI-01754,SISTEMA,DEPOSITO_EFECTIVO,5659.14,2026-05-14 06:50:22,0,ESTRUCTURACION_SMURFING_DETECTADA,,,,
TX-0029408,CLI-04527,SISTEMA,DEPOSITO_EFECTIVO,657.27,2026-05-14 06:58:22,0,ESTRUCTURACION_SMURFING_DETECTADA,,,,
TX-0006192,CLI-00953,SISTEMA,DEPOSITO_EFECTIVO,241.71,2026-05-14 07:05:22,0,ESTRUCTURACION_SMURFING_DETECTADA,,,,
TX-0016564,CLI-02567,SISTEMA,DEPOSITO_EFECTIVO,212.03,2026-05-14 07:22:22,0,ESTRUCTURACION_SMURFING_DETECTADA,,,,
TX-0031344,CLI-04821,SISTEMA,DEPOSITO_EFECTIVO,263.88,2026-05-14 07:26:22,0,ESTRUCTURACION_SMURFING_DETECTADA,,,,
TX-0022355,CLI-03455,SISTEMA,DEPOSITO_EFECTIVO,315.69,2026-05-14 07:28:22,0,ESTRUCTURACION_SMURFING_DETECTADA,,,,
TX-0007192,CLI-01111,SISTEMA,DEPOSITO_EFECTIVO,1146.48,2026-05-14 07:28:22,0,ESTRUCTURACION_SMURFING_DETECTADA,,,,
TX-0030844,CLI-04748,SISTEMA,DEPOSITO_EFECTIVO,210.63,2026-05-14 07:38:22,0,ESTRUCTURACION_SMURFING_DETECTADA,,,,
TX-0024489,CLI-03780,SISTEMA,DEPOSITO_EFECTIVO,14643.23,2026-05-14 07:52:22,0,ESTRUCTURACION_SMURFING_DETECTADA,,,,
TX-0001365,CLI-00206,SISTEMA,DEPOSITO_EFECTIVO,3030.01,2026-05-14 07:53:22,0,ESTRUCTURACION_SMURFING_DETECTADA,,,,
TX-0019104,CLI-02956,SISTEMA,DEPOSITO_EFECTIVO,443.85,2026-05-14 07:56:22,0,ESTRUCTURACION_SMURFING_DETECTADA,,,,
TX-0029236,CLI-04501,SISTEMA,DEPOSITO_EFECTIVO,3265.98,2026-05-14 08:01:22,0,ESTRUCTURACION_SMURFING_DETECTADA,,,,
TX-0000672,CLI-00103,SISTEMA,DEPOSITO_EFECTIVO,1998.71,2026-05-14 08:02:22,0,ESTRUCTURACION_SMURFING_DETECTADA,,,,
TX-0028696,CLI-04417,SISTEMA,DEPOSITO_EFECTIVO,2859.99,2026-05-14 08:13:22,0,ESTRUCTURACION_SMURFING_DETECTADA,,,,
TX-0009786,CLI-01502,SISTEMA,DEPOSITO_EFECTIVO,264.89,2026-05-14 08:18:22,0,ESTRUCTURACION_SMURFING_DETECTADA,,,,
TX-0007247,CLI-01120,SISTEMA,DEPOSITO_EFECTIVO,7146.26,2026-05-14 08:21:22,0,ESTRUCTURACION_SMURFING_DETECTADA,,,,
TX-0029697,CLI-04571,SISTEMA,DEPOSITO_EFECTIVO,2200.59,2026-05-14 08:52:22,0,ESTRUCTURACION_SMURFING_DETECTADA,,,,
TX-0007686,CLI-01181,SISTEMA,DEPOSITO_EFECTIVO,5409.45,2026-05-14 09:01:22,0,ESTRUCTURACION_SMURFING_DETECTADA,,,,
TX-0031169,CLI-04796,SISTEMA,DEPOSITO_EFECTIVO,1053.21,2026-05-14 09:06:22,0,ESTRUCTURACION_SMURFING_DETECTADA,,,,
TX-0003386,CLI-00513,SISTEMA,DEPOSITO_EFECTIVO,301.52,2026-05-14 09:08:22,0,ESTRUCTURACION_SMURFING_DETECTADA,,,,
TX-0005710,CLI-00876,SISTEMA,DEPOSITO_EFECTIVO,2150.33,2026-05-14 09:15:22,0,ESTRUCTURACION_SMURFING_DETECTADA,,,,
TX-0004109,CLI-00629,SISTEMA,DEPOSITO_EFECTIVO,277.34,2026-05-14 09:32:22,0,ESTRUCTURACION_SMURFING_DETECTADA,,,,
TX-0005497,CLI-00843,SISTEMA,DEPOSITO_EFECTIVO,667.2,2026-05-14 09:34:22,0,ESTRUCTURACION_SMURFING_DETECTADA,,,,
TX-0002223,CLI-00333,SISTEMA,DEPOSITO_EFECTIVO,415.63,2026-05-14 09:36:22,0,ESTRUCTURACION_SMURFING_DETECTADA,,,,
TX-0026210,CLI-04038,SISTEMA,DEPOSITO_EFECTIVO,7273.32,2026-05-14 09:37:22,0,ESTRUCTURACION_SMURFING_DETECTADA,,,,
TX-0022647,CLI-03500,SISTEMA,DEPOSITO_EFECTIVO,693.67,2026-05-14 09:52:22,0,ESTRUCTURACION_SMURFING_DETECTADA,,,,
TX-0026180,CLI-04034,SISTEMA,DEPOSITO_EFECTIVO,1803.8,2026-05-14 09:52:22,0,ESTRUCTURACION_SMURFING_DETECTADA,,,,
TX-0009947,CLI-01529,SISTEMA,DEPOSITO_EFECTIVO,3876.05,2026-05-14 09:56:22,0,ESTRUCTURACION_SMURFING_DETECTADA,,,,
TX-0016747,CLI-02595,SISTEMA,DEPOSITO_EFECTIVO,539.5,2026-05-14 10:03:22,0,ESTRUCTURACION_SMURFING_DETECTADA,,,,
TX-0031017,CLI-04774,SISTEMA,DEPOSITO_EFECTIVO,443.39,2026-05-14 10:05:22,0,ESTRUCTURACION_SMURFING_DETECTADA,,,,
TX-0005238,CLI-00807,SISTEMA,DEPOSITO_EFECTIVO,1311.55,2026-05-14 10:06:22,0,ESTRUCTURACION_SMURFING_DETECTADA,,,,
TX-0005138,CLI-00792,SISTEMA,DEPOSITO_EFECTIVO,3817.51,2026-05-14 10:07:22,0,ESTRUCTURACION_SMURFING_DETECTADA,,,,
TX-0007926,CLI-01219,SISTEMA,DEPOSITO_EFECTIVO,98.97,2026-05-14 10:12:22,0,ESTRUCTURACION_SMURFING_DETECTADA,,,,
TX-0009062,CLI-01392,SISTEMA,DEPOSITO_EFECTIVO,6515.25,2026-05-14 10:14:22,0,ESTRUCTURACION_SMURFING_DETECTADA,,,,
TX-0011062,CLI-01704,SISTEMA,DEPOSITO_EFECTIVO,1710.11,2026-05-14 10:16:22,0,ESTRUCTURACION_SMURFING_DETECTADA,,,,
TX-0017170,CLI-02660,SISTEMA,DEPOSITO_EFECTIVO,4309.39,2026-05-14 10:26:22,0,ESTRUCTURACION_SMURFING_DETECTADA,,,,
TX-0032082,CLI-04930,SISTEMA,DEPOSITO_EFECTIVO,5412.22,2026-05-14 10:26:22,0,ESTRUCTURACION_SMURFING_DETECTADA,,,,
TX-0014722,CLI-02283,SISTEMA,DEPOSITO_EFECTIVO,5934.69,2026-05-14 10:37:22,0,ESTRUCTURACION_SMURFING_DETECTADA,,,,
TX-0023652,CLI-03656,SISTEMA,DEPOSITO_EFECTIVO,6877.06,2026-05-14 10:38:22,0,ESTRUCTURACION_SMURFING_DETECTADA,,,,
TX-0028530,CLI-04391,SISTEMA,DEPOSITO_EFECTIVO,1699.45,2026-05-14 10:48:22,0,ESTRUCTURACION_SMURFING_DETECTADA,,,,
TX-0015761,CLI-02439,SISTEMA,DEPOSITO_EFECTIVO,3589.64,2026-05-14 10:50:22,0,ESTRUCTURACION_SMURFING_DETECTADA,,,,
TX-0014528,CLI-02253,SISTEMA,DEPOSITO_EFECTIVO,2778.08,2026-05-14 10:54:22,0,ESTRUCTURACION_SMURFING_DETECTADA,,,,
TX-0025703,CLI-03965,SISTEMA,DEPOSITO_EFECTIVO,187.21,2026-05-14 10:59:22,0,ESTRUCTURACION_SMURFING_DETECTADA,,,,
TX-0000753,CLI-00116,SISTEMA,DEPOSITO_EFECTIVO,2854.24,2026-05-14 11:05:22,0,ESTRUCTURACION_SMURFING_DETECTADA,,,,
TX-0032016,CLI-04920,SISTEMA,DEPOSITO_EFECTIVO,123.97,2026-05-14 11:06:22,0,ESTRUCTURACION_SMURFING_DETECTADA,,,,
TX-0015354,CLI-02380,SISTEMA,DEPOSITO_EFECTIVO,1194.33,2026-05-14 11:14:22,0,ESTRUCTURACION_SMURFING_DETECTADA,,,,
TX-0010530,CLI-01617,SISTEMA,DEPOSITO_EFECTIVO,2532.83,2026-05-14 11:15:22,0,ESTRUCTURACION_SMURFING_DETECTADA,,,,
TX-0002466,CLI-00373,SISTEMA,DEPOSITO_EFECTIVO,11674.52,2026-05-14 11:16:22,0,ESTRUCTURACION_SMURFING_DETECTADA,,,,
TX-0020624,CLI-03194,SISTEMA,DEPOSITO_EFECTIVO,1053.37,2026-05-14 11:18:22,0,ESTRUCTURACION_SMURFING_DETECTADA,,,,
TX-0032337,CLI-04966,SISTEMA,DEPOSITO_EFECTIVO,177.86,2026-05-14 11:27:22,0,ESTRUCTURACION_SMURFING_DETECTADA,,,,
TX-0001590,CLI-00240,SISTEMA,DEPOSITO_EFECTIVO,1011.41,2026-05-14 11:27:22,0,ESTRUCTURACION_SMURFING_DETECTADA,,,,
TX-0006290,CLI-00969,SISTEMA,DEPOSITO_EFECTIVO,78.91,2026-05-14 11:39:22,0,ESTRUCTURACION_SMURFING_DETECTADA,,,,
TX-0013631,CLI-02114,SISTEMA,DEPOSITO_EFECTIVO,1851.69,2026-05-14 11:43:22,0,ESTRUCTURACION_SMURFING_DETECTADA,,,,
TX-0029717,CLI-04576,SISTEMA,DEPOSITO_EFECTIVO,4650.17,2026-05-14 11:50:22,0,ESTRUCTURACION_SMURFING_DETECTADA,,,,
TX-0000597,CLI-00091,SISTEMA,DEPOSITO_EFECTIVO,1860.84,2026-05-14 11:50:22,0,ESTRUCTURACION_SMURFING_DETECTADA,,,,
TX-0011612,CLI-01790,SISTEMA,DEPOSITO_EFECTIVO,7656.48,2026-05-14 11:52:22,0,ESTRUCTURACION_SMURFING_DETECTADA,,,,
TX-0019416,CLI-03009,SISTEMA,DEPOSITO_EFECTIVO,1360.55,2026-05-14 12:11:22,0,ESTRUCTURACION_SMURFING_DETECTADA,,,,
TX-0017470,CLI-02707,SISTEMA,DEPOSITO_EFECTIVO,885.48,2026-05-14 12:14:22,0,ESTRUCTURACION_SMURFING_DETECTADA,,,,
TX-0028221,CLI-04343,SISTEMA,DEPOSITO_EFECTIVO,226.14,2026-05-14 12:27:22,0,ESTRUCTURACION_SMURFING_DETECTADA,,,,
TX-0003520,CLI-00534,SISTEMA,DEPOSITO_EFECTIVO,11639.32,2026-05-14 12:28:22,0,ESTRUCTURACION_SMURFING_DETECTADA,,,,
TX-0017953,CLI-02777,SISTEMA,DEPOSITO_EFECTIVO,736.86,2026-05-14 12:29:22,0,ESTRUCTURACION_SMURFING_DETECTADA,,,,
TX-0005140,CLI-00792,SISTEMA,DEPOSITO_EFECTIVO,4138.2,2026-05-14 12:31:22,0,ESTRUCTURACION_SMURFING_DETECTADA,,,,
TX-0003401,CLI-00515,SISTEMA,DEPOSITO_EFECTIVO,14251.29,2026-05-14 12:38:22,0,ESTRUCTURACION_SMURFING_DETECTADA,,,,
TX-0001782,CLI-00266,SISTEMA,DEPOSITO_EFECTIVO,9935.7,2026-05-14 12:43:22,0,ESTRUCTURACION_SMURFING_DETECTADA,,,,
TX-0026805,CLI-04128,SISTEMA,DEPOSITO_EFECTIVO,7297.31,2026-05-14 12:47:22,0,ESTRUCTURACION_SMURFING_DETECTADA,,,,
TX-0006984,CLI-01078,SISTEMA,DEPOSITO_EFECTIVO,1216.75,2026-05-14 12:51:22,0,ESTRUCTURACION_SMURFING_DETECTADA,,,,
TX-0022700,CLI-03508,SISTEMA,DEPOSITO_EFECTIVO,757.46,2026-05-14 13:08:22,0,ESTRUCTURACION_SMURFING_DETECTADA,,,,
TX-0022105,CLI-03417,SISTEMA,DEPOSITO_EFECTIVO,3037.72,2026-05-14 13:08:22,0,ESTRUCTURACION_SMURFING_DETECTADA,,,,
TX-0023206,CLI-03585,SISTEMA,DEPOSITO_EFECTIVO,7829.93,2026-05-14 13:13:22,0,ESTRUCTURACION_SMURFING_DETECTADA,,,,
TX-0019783,CLI-03067,SISTEMA,DEPOSITO_EFECTIVO,2160.81,2026-05-14 13:24:22,0,ESTRUCTURACION_SMURFING_DETECTADA,,,,
TX-0020297,CLI-03147,SISTEMA,DEPOSITO_EFECTIVO,6428.28,2026-05-14 13:26:22,0,ESTRUCTURACION_SMURFING_DETECTADA,,,,
TX-0030782,CLI-04736,SISTEMA,DEPOSITO_EFECTIVO,9802.33,2026-05-14 13:26:22,0,ESTRUCTURACION_SMURFING_DETECTADA,,,,
TX-0015861,CLI-02455,SISTEMA,DEPOSITO_EFECTIVO,5251.19,2026-05-14 13:33:22,0,ESTRUCTURACION_SMURFING_DETECTADA,,,,
TX-0004985,CLI-00771,SISTEMA,DEPOSITO_EFECTIVO,664.14,2026-05-14 13:33:22,0,ESTRUCTURACION_SMURFING_DETECTADA,,,,
TX-0006387,CLI-00985,SISTEMA,DEPOSITO_EFECTIVO,1712.42,2026-05-14 13:40:22,0,ESTRUCTURACION_SMURFING_DETECTADA,,,,
TX-0012132,CLI-01872,SISTEMA,DEPOSITO_EFECTIVO,502.22,2026-05-14 13:44:22,0,ESTRUCTURACION_SMURFING_DETECTADA,,,,
TX-0018860,CLI-02916,SISTEMA,DEPOSITO_EFECTIVO,264.49,2026-05-14 13:57:22,0,ESTRUCTURACION_SMURFING_DETECTADA,,,,
TX-0021014,CLI-03251,SISTEMA,DEPOSITO_EFECTIVO,431.05,2026-05-14 13:57:22,0,ESTRUCTURACION_SMURFING_DETECTADA,,,,
TX-0019026,CLI-02944,SISTEMA,DEPOSITO_EFECTIVO,8592.39,2026-05-14 13:58:22,0,ESTRUCTURACION_SMURFING_DETECTADA,,,,
TX-0027047,CLI-04169,SISTEMA,DEPOSITO_EFECTIVO,750.66,2026-05-14 14:03:22,0,ESTRUCTURACION_SMURFING_DETECTADA,,,,
TX-0011196,CLI-01724,SISTEMA,DEPOSITO_EFECTIVO,13945.35,2026-05-14 14:16:22,0,ESTRUCTURACION_SMURFING_DETECTADA,,,,
TX-0016424,CLI-02544,SISTEMA,DEPOSITO_EFECTIVO,7761.14,2026-05-14 14:17:22,0,ESTRUCTURACION_SMURFING_DETECTADA,,,,
TX-0023724,CLI-03668,SISTEMA,DEPOSITO_EFECTIVO,4614.26,2026-05-14 14:19:22,0,ESTRUCTURACION_SMURFING_DETECTADA,,,,
TX-0028775,CLI-04430,SISTEMA,DEPOSITO_EFECTIVO,4618.6,2026-05-14 14:33:22,0,ESTRUCTURACION_SMURFING_DETECTADA,,,,
TX-0027336,CLI-04215,SISTEMA,DEPOSITO_EFECTIVO,187.09,2026-05-14 14:43:22,0,ESTRUCTURACION_SMURFING_DETECTADA,,,,
TX-0004292,CLI-00656,SISTEMA,DEPOSITO_EFECTIVO,1414.34,2026-05-14 14:59:22,0,ESTRUCTURACION_SMURFING_DETECTADA,,,,
TX-0024306,CLI-03751,SISTEMA,DEPOSITO_EFECTIVO,153.98,2026-05-14 15:24:22,0,ESTRUCTURACION_SMURFING_DETECTADA,,,,
TX-0005715,CLI-00877,SISTEMA,DEPOSITO_EFECTIVO,1427.48,2026-05-14 15:24:22,0,ESTRUCTURACION_SMURFING_DETECTADA,,,,
TX-0015298,CLI-02370,SISTEMA,DEPOSITO_EFECTIVO,532.1,2026-05-14 15:28:22,0,ESTRUCTURACION_SMURFING_DETECTADA,,,,
TX-0003949,CLI-00601,SISTEMA,DEPOSITO_EFECTIVO,230.71,2026-05-14 15:48:22,0,ESTRUCTURACION_SMURFING_DETECTADA,,,,
TX-0001295,CLI-00196,SISTEMA,DEPOSITO_EFECTIVO,4657.11,2026-05-14 15:57:22,0,ESTRUCTURACION_SMURFING_DETECTADA,,,,
TX-0026978,CLI-04159,SISTEMA,DEPOSITO_EFECTIVO,750.64,2026-05-14 16:20:22,0,ESTRUCTURACION_SMURFING_DETECTADA,,,,
TX-0001457,CLI-00219,SISTEMA,DEPOSITO_EFECTIVO,291.13,2026-05-14 16:27:22,0,ESTRUCTURACION_SMURFING_DETECTADA,,,,
TX-0006019,CLI-00926,SISTEMA,DEPOSITO_EFECTIVO,10794.48,2026-05-14 16:29:22,0,ESTRUCTURACION_SMURFING_DETECTADA,,,,
TX-0029970,CLI-04616,SISTEMA,DEPOSITO_EFECTIVO,4977.62,2026-05-14 16:34:22,0,ESTRUCTURACION_SMURFING_DETECTADA,,,,
TX-0022285,CLI-03446,SISTEMA,DEPOSITO_EFECTIVO,331.79,2026-05-14 16:39:22,0,ESTRUCTURACION_SMURFING_DETECTADA,,,,
TX-0020971,CLI-03246,SISTEMA,DEPOSITO_EFECTIVO,452.19,2026-05-14 16:39:22,0,ESTRUCTURACION_SMURFING_DETECTADA,,,,
TX-0010179,CLI-01564,SISTEMA,DEPOSITO_EFECTIVO,3318.62,2026-05-14 16:43:22,0,ESTRUCTURACION_SMURFING_DETECTADA,,,,
TX-0002107,CLI-00316,SISTEMA,DEPOSITO_EFECTIVO,12740.51,2026-05-14 16:52:22,0,ESTRUCTURACION_SMURFING_DETECTADA,,,,
TX-0022450,CLI-03469,SISTEMA,DEPOSITO_EFECTIVO,153.51,2026-05-14 16:56:22,0,ESTRUCTURACION_SMURFING_DETECTADA,,,,
TX-0028061,CLI-04322,SISTEMA,DEPOSITO_EFECTIVO,976.54,2026-05-14 17:04:22,0,ESTRUCTURACION_SMURFING_DETECTADA,,,,
TX-0000793,CLI-00122,SISTEMA,DEPOSITO_EFECTIVO,4408.01,2026-05-14 17:09:22,0,ESTRUCTURACION_SMURFING_DETECTADA,,,,
TX-0026912,CLI-04147,SISTEMA,DEPOSITO_EFECTIVO,2095.4,2026-05-14 17:10:22,0,ESTRUCTURACION_SMURFING_DETECTADA,,,,
TX-0004904,CLI-00759,SISTEMA,DEPOSITO_EFECTIVO,532.14,2026-05-14 17:30:22,0,ESTRUCTURACION_SMURFING_DETECTADA,,,,
TX-0025716,CLI-03968,SISTEMA,DEPOSITO_EFECTIVO,191.71,2026-05-14 17:31:22,0,ESTRUCTURACION_SMURFING_DETECTADA,,,,
TX-0015429,CLI-02389,SISTEMA,DEPOSITO_EFECTIVO,2364.34,2026-05-14 17:38:22,0,ESTRUCTURACION_SMURFING_DETECTADA,,,,
TX-0031551,CLI-04853,SISTEMA,DEPOSITO_EFECTIVO,611.6,2026-05-14 17:57:22,0,ESTRUCTURACION_SMURFING_DETECTADA,,,,
TX-0030651,CLI-04719,SISTEMA,DEPOSITO_EFECTIVO,2193.73,2026-05-14 17:58:22,0,ESTRUCTURACION_SMURFING_DETECTADA,,,,
TX-0007514,CLI-01158,SISTEMA,DEPOSITO_EFECTIVO,1683.21,2026-05-14 18:00:22,0,ESTRUCTURACION_SMURFING_DETECTADA,,,,
TX-0024159,CLI-03730,SISTEMA,DEPOSITO_EFECTIVO,358.32,2026-05-14 18:00:22,0,ESTRUCTURACION_SMURFING_DETECTADA,,,,
TX-0001059,CLI-00160,SISTEMA,DEPOSITO_EFECTIVO,253.18,2026-05-14 18:01:22,0,ESTRUCTURACION_SMURFING_DETECTADA,,,,
TX-0021507,CLI-03325,SISTEMA,DEPOSITO_EFECTIVO,67.76,2026-05-14 18:06:22,0,ESTRUCTURACION_SMURFING_DETECTADA,,,,
TX-0013664,CLI-02118,SISTEMA,DEPOSITO_EFECTIVO,1896.67,2026-05-14 18:08:22,0,ESTRUCTURACION_SMURFING_DETECTADA,,,,
TX-0022859,CLI-03533,SISTEMA,DEPOSITO_EFECTIVO,2041.98,2026-05-14 18:12:22,0,ESTRUCTURACION_SMURFING_DETECTADA,,,,
TX-0019484,CLI-03020,SISTEMA,DEPOSITO_EFECTIVO,5849.97,2026-05-14 18:31:22,0,ESTRUCTURACION_SMURFING_DETECTADA,,,,
TX-0011371,CLI-01752,SISTEMA,DEPOSITO_EFECTIVO,12872.05,2026-05-14 18:48:22,0,ESTRUCTURACION_SMURFING_DETECTADA,,,,
TX-0011662,CLI-01799,SISTEMA,DEPOSITO_EFECTIVO,181.34,2026-05-14 18:52:22,0,ESTRUCTURACION_SMURFING_DETECTADA,,,,
TX-0022950,CLI-03545,SISTEMA,DEPOSITO_EFECTIVO,150.46,2026-05-14 18:55:22,0,ESTRUCTURACION_SMURFING_DETECTADA,,,,
TX-0023069,CLI-03564,SISTEMA,DEPOSITO_EFECTIVO,1699.01,2026-05-14 19:01:22,0,ESTRUCTURACION_SMURFING_DETECTADA,,,,
TX-0029399,CLI-04526,SISTEMA,DEPOSITO_EFECTIVO,11731.14,2026-05-14 19:08:22,0,ESTRUCTURACION_SMURFING_DETECTADA,,,,
TX-0007374,CLI-01139,SISTEMA,DEPOSITO_EFECTIVO,6366.86,2026-05-14 19:13:22,0,ESTRUCTURACION_SMURFING_DETECTADA,,,,
TX-0022745,CLI-03516,SISTEMA,DEPOSITO_EFECTIVO,311.42,2026-05-14 19:42:22,0,ESTRUCTURACION_SMURFING_DETECTADA,,,,
TX-0008930,CLI-01372,SISTEMA,DEPOSITO_EFECTIVO,1945.75,2026-05-14 19:42:22,0,ESTRUCTURACION_SMURFING_DETECTADA,,,,
TX-0026439,CLI-04072,SISTEMA,DEPOSITO_EFECTIVO,690.54,2026-05-14 19:47:22,0,ESTRUCTURACION_SMURFING_DETECTADA,,,,
TX-0026246,CLI-04043,SISTEMA,DEPOSITO_EFECTIVO,719.62,2026-05-14 19:59:22,0,ESTRUCTURACION_SMURFING_DETECTADA,,,,
TX-0004717,CLI-00728,SISTEMA,DEPOSITO_EFECTIVO,1244.77,2026-05-14 20:05:22,0,ESTRUCTURACION_SMURFING_DETECTADA,,,,
TX-0021396,CLI-03306,SISTEMA,DEPOSITO_EFECTIVO,602.6,2026-05-14 20:06:22,0,ESTRUCTURACION_SMURFING_DETECTADA,,,,
TX-0006653,CLI-01026,SISTEMA,DEPOSITO_EFECTIVO,2896.42,2026-05-14 20:21:22,0,ESTRUCTURACION_SMURFING_DETECTADA,,,,
TX-0020709,CLI-03205,SISTEMA,DEPOSITO_EFECTIVO,13927.43,2026-05-14 20:25:22,0,ESTRUCTURACION_SMURFING_DETECTADA,,,,
TX-0003549,CLI-00537,SISTEMA,DEPOSITO_EFECTIVO,2067.55,2026-05-14 20:26:22,0,ESTRUCTURACION_SMURFING_DETECTADA,,,,
TX-0001481,CLI-00222,SISTEMA,DEPOSITO_EFECTIVO,511.22,2026-05-14 20:29:22,0,ESTRUCTURACION_SMURFING_DETECTADA,,,,
TX-0032306,CLI-04962,SISTEMA,DEPOSITO_EFECTIVO,3179.93,2026-05-14 20:34:22,0,ESTRUCTURACION_SMURFING_DETECTADA,,,,
TX-0025157,CLI-03882,SISTEMA,DEPOSITO_EFECTIVO,7668.09,2026-05-14 20:37:22,0,ESTRUCTURACION_SMURFING_DETECTADA,,,,
TX-0032222,CLI-04951,SISTEMA,DEPOSITO_EFECTIVO,114.69,2026-05-14 20:40:22,0,ESTRUCTURACION_SMURFING_DETECTADA,,,,
TX-0024112,CLI-03723,SISTEMA,DEPOSITO_EFECTIVO,996.79,2026-05-14 20:43:22,0,ESTRUCTURACION_SMURFING_DETECTADA,,,,
TX-0027675,CLI-04264,SISTEMA,DEPOSITO_EFECTIVO,1353.52,2026-05-14 21:14:22,0,ESTRUCTURACION_SMURFING_DETECTADA,,,,
TX-0022444,CLI-03468,SISTEMA,DEPOSITO_EFECTIVO,4539.88,2026-05-14 21:15:22,0,ESTRUCTURACION_SMURFING_DETECTADA,,,,
TX-0010798,CLI-01664,SISTEMA,DEPOSITO_EFECTIVO,383.06,2026-05-14 21:27:22,0,ESTRUCTURACION_SMURFING_DETECTADA,,,,
TX-0032515,CLI-04994,SISTEMA,DEPOSITO_EFECTIVO,1306.72,2026-05-14 21:37:22,0,ESTRUCTURACION_SMURFING_DETECTADA,,,,
TX-0019314,CLI-02992,SISTEMA,DEPOSITO_EFECTIVO,141.75,2026-05-14 21:49:22,0,ESTRUCTURACION_SMURFING_DETECTADA,,,,
TX-0018325,CLI-02836,SISTEMA,DEPOSITO_EFECTIVO,278.18,2026-05-14 21:53:22,0,ESTRUCTURACION_SMURFING_DETECTADA,,,,
TX-0022309,CLI-03449,SISTEMA,DEPOSITO_EFECTIVO,90.06,2026-05-14 21:57:22,0,ESTRUCTURACION_SMURFING_DETECTADA,,,,
TX-0011981,CLI-01846,SISTEMA,DEPOSITO_EFECTIVO,1774.99,2026-05-14 22:05:22,0,ESTRUCTURACION_SMURFING_DETECTADA,,,,
TX-0023363,CLI-03609,SISTEMA,DEPOSITO_EFECTIVO,230.34,2026-05-14 22:13:22,0,ESTRUCTURACION_SMURFING_DETECTADA,,,,
TX-0019215,CLI-02975,SISTEMA,DEPOSITO_EFECTIVO,558.83,2026-05-14 22:38:22,0,ESTRUCTURACION_SMURFING_DETECTADA,,,,
TX-0023235,CLI-03590,SISTEMA,DEPOSITO_EFECTIVO,7121.19,2026-05-14 23:21:22,0,ESTRUCTURACION_SMURFING_DETECTADA,,,,
TX-0010660,CLI-01641,SISTEMA,DEPOSITO_EFECTIVO,3842.54,2026-05-14 23:32:22,0,ESTRUCTURACION_SMURFING_DETECTADA,,,,
TX-0000134,CLI-00020,SISTEMA,DEPOSITO_EFECTIVO,135.15,2026-05-14 23:35:22,0,ESTRUCTURACION_SMURFING_DETECTADA,,,,
TX-0030506,CLI-04694,SISTEMA,DEPOSITO_EFECTIVO,679.4,2026-05-14 23:37:22,0,ESTRUCTURACION_SMURFING_DETECTADA,,,,
TX-0007067,CLI-01092,SISTEMA,DEPOSITO_EFECTIVO,6283.44,2026-05-14 23:52:22,0,ESTRUCTURACION_SMURFING_DETECTADA,,,,
TX-0015773,CLI-02441,SISTEMA,DEPOSITO_EFECTIVO,5018.81,2026-05-15 00:01:22,0,ESTRUCTURACION_SMURFING_DETECTADA,,,,
TX-0006981,CLI-01078,SISTEMA,DEPOSITO_EFECTIVO,2275.94,2026-05-15 00:01:22,0,ESTRUCTURACION_SMURFING_DETECTADA,,,,
TX-0005043,CLI-00779,SISTEMA,DEPOSITO_EFECTIVO,8939.78,2026-05-15 00:21:22,0,ESTRUCTURACION_SMURFING_DETECTADA,,,,
TX-0021036,CLI-03255,SISTEMA,DEPOSITO_EFECTIVO,634.98,2026-05-15 00:32:22,0,ESTRUCTURACION_SMURFING_DETECTADA,,,,
TX-0020488,CLI-03175,SISTEMA,DEPOSITO_EFECTIVO,955.03,2026-05-15 00:45:22,0,ESTRUCTURACION_SMURFING_DETECTADA,,,,
TX-0013099,CLI-02026,SISTEMA,DEPOSITO_EFECTIVO,1489.04,2026-05-15 00:46:22,0,ESTRUCTURACION_SMURFING_DETECTADA,,,,
TX-0006381,CLI-00984,SISTEMA,DEPOSITO_EFECTIVO,736.24,2026-05-15 00:54:22,0,ESTRUCTURACION_SMURFING_DETECTADA,,,,
TX-0014429,CLI-02237,SISTEMA,DEPOSITO_EFECTIVO,454.2,2026-05-15 01:06:22,0,ESTRUCTURACION_SMURFING_DETECTADA,,,,
TX-0007768,CLI-01193,SISTEMA,DEPOSITO_EFECTIVO,785.46,2026-05-15 01:08:22,0,ESTRUCTURACION_SMURFING_DETECTADA,,,,
TX-0003244,CLI-00491,SISTEMA,DEPOSITO_EFECTIVO,510.56,2026-05-15 01:10:22,0,ESTRUCTURACION_SMURFING_DETECTADA,,,,
TX-0016102,CLI-02490,SISTEMA,DEPOSITO_EFECTIVO,4665.67,2026-05-15 01:11:22,0,ESTRUCTURACION_SMURFING_DETECTADA,,,,
TX-0022746,CLI-03516,SISTEMA,DEPOSITO_EFECTIVO,385.22,2026-05-15 01:32:22,0,ESTRUCTURACION_SMURFING_DETECTADA,,,,
TX-0001490,CLI-00223,SISTEMA,DEPOSITO_EFECTIVO,1009.61,2026-05-15 01:54:22,0,ESTRUCTURACION_SMURFING_DETECTADA,,,,
TX-0007300,CLI-01128,SISTEMA,DEPOSITO_EFECTIVO,620.93,2026-05-15 02:02:22,0,ESTRUCTURACION_SMURFING_DETECTADA,,,,
TX-0000186,CLI-00028,SISTEMA,DEPOSITO_EFECTIVO,7848.55,2026-05-15 02:08:22,0,ESTRUCTURACION_SMURFING_DETECTADA,,,,
TX-0011072,CLI-01705,SISTEMA,DEPOSITO_EFECTIVO,6006.03,2026-05-15 02:21:22,0,ESTRUCTURACION_SMURFING_DETECTADA,,,,
TX-0000195,CLI-00029,SISTEMA,DEPOSITO_EFECTIVO,9926.4,2026-05-15 02:26:22,0,ESTRUCTURACION_SMURFING_DETECTADA,,,,
TX-0015428,CLI-02389,SISTEMA,DEPOSITO_EFECTIVO,2512.83,2026-05-15 02:47:22,0,ESTRUCTURACION_SMURFING_DETECTADA,,,,
TX-0020996,CLI-03249,SISTEMA,DEPOSITO_EFECTIVO,601.55,2026-05-15 02:49:22,0,ESTRUCTURACION_SMURFING_DETECTADA,,,,
TX-0022383,CLI-03460,SISTEMA,DEPOSITO_EFECTIVO,7368.48,2026-05-15 02:49:22,0,ESTRUCTURACION_SMURFING_DETECTADA,,,,
TX-0016010,CLI-02476,SISTEMA,DEPOSITO_EFECTIVO,893.5,2026-05-15 02:51:22,0,ESTRUCTURACION_SMURFING_DETECTADA,,,,
TX-0019763,CLI-03064,SISTEMA,DEPOSITO_EFECTIVO,8656.97,2026-05-15 02:55:22,0,ESTRUCTURACION_SMURFING_DETECTADA,,,,
TX-0000514,CLI-00080,SISTEMA,DEPOSITO_EFECTIVO,613.6,2026-05-15 02:59:22,0,ESTRUCTURACION_SMURFING_DETECTADA,,,,
TX-0026527,CLI-04084,SISTEMA,DEPOSITO_EFECTIVO,7365.54,2026-05-15 03:04:22,0,ESTRUCTURACION_SMURFING_DETECTADA,,,,
TX-0012690,CLI-01957,SISTEMA,DEPOSITO_EFECTIVO,10994.68,2026-05-15 03:20:22,0,ESTRUCTURACION_SMURFING_DETECTADA,,,,
TX-0014427,CLI-02237,SISTEMA,DEPOSITO_EFECTIVO,269.0,2026-05-15 03:27:22,0,ESTRUCTURACION_SMURFING_DETECTADA,,,,
TX-0022412,CLI-03463,SISTEMA,DEPOSITO_EFECTIVO,99.44,2026-05-15 03:47:22,0,ESTRUCTURACION_SMURFING_DETECTADA,,,,
TX-0003230,CLI-00489,SISTEMA,DEPOSITO_EFECTIVO,7742.95,2026-05-15 03:51:22,0,ESTRUCTURACION_SMURFING_DETECTADA,,,,
TX-0021818,CLI-03373,SISTEMA,DEPOSITO_EFECTIVO,1568.19,2026-05-15 03:52:22,0,ESTRUCTURACION_SMURFING_DETECTADA,,,,
TX-0031674,CLI-04870,SISTEMA,DEPOSITO_EFECTIVO,4253.54,2026-05-15 04:10:22,0,ESTRUCTURACION_SMURFING_DETECTADA,,,,
TX-0015163,CLI-02348,SISTEMA,DEPOSITO_EFECTIVO,159.93,2026-05-15 04:16:22,0,ESTRUCTURACION_SMURFING_DETECTADA,,,,
TX-0026385,CLI-04064,SISTEMA,DEPOSITO_EFECTIVO,365.64,2026-05-15 04:17:22,0,ESTRUCTURACION_SMURFING_DETECTADA,,,,
TX-0012694,CLI-01959,SISTEMA,DEPOSITO_EFECTIVO,737.48,2026-05-15 04:26:22,0,ESTRUCTURACION_SMURFING_DETECTADA,,,,
TX-0005410,CLI-00832,SISTEMA,DEPOSITO_EFECTIVO,7604.15,2026-05-15 04:29:22,0,ESTRUCTURACION_SMURFING_DETECTADA,,,,
TX-0015414,CLI-02388,SISTEMA,DEPOSITO_EFECTIVO,505.65,2026-05-15 04:32:22,0,ESTRUCTURACION_SMURFING_DETECTADA,,,,
TX-0001089,CLI-00164,SISTEMA,DEPOSITO_EFECTIVO,3026.46,2026-05-15 04:43:22,0,ESTRUCTURACION_SMURFING_DETECTADA,,,,
TX-0003021,CLI-00459,SISTEMA,DEPOSITO_EFECTIVO,208.15,2026-05-15 04:44:22,0,ESTRUCTURACION_SMURFING_DETECTADA,,,,
TX-0005400,CLI-00830,SISTEMA,DEPOSITO_EFECTIVO,251.16,2026-05-15 05:01:22,0,ESTRUCTURACION_SMURFING_DETECTADA,,,,
TX-0026663,CLI-04104,SISTEMA,DEPOSITO_EFECTIVO,1292.1,2026-05-15 05:12:22,0,ESTRUCTURACION_SMURFING_DETECTADA,,,,
TX-0022862,CLI-03533,SISTEMA,DEPOSITO_EFECTIVO,1855.15,2026-05-15 05:17:22,0,ESTRUCTURACION_SMURFING_DETECTADA,,,,
TX-0020646,CLI-03197,SISTEMA,DEPOSITO_EFECTIVO,5491.61,2026-05-15 05:28:22,0,ESTRUCTURACION_SMURFING_DETECTADA,,,,
TX-0003093,CLI-00470,SISTEMA,DEPOSITO_EFECTIVO,6998.49,2026-05-15 05:44:22,0,ESTRUCTURACION_SMURFING_DETECTADA,,,,
TX-0001036,CLI-00157,SISTEMA,DEPOSITO_EFECTIVO,7535.86,2026-05-15 05:53:22,0,ESTRUCTURACION_SMURFING_DETECTADA,,,,
TX-0007515,CLI-01158,SISTEMA,DEPOSITO_EFECTIVO,1068.47,2026-05-15 05:55:22,0,ESTRUCTURACION_SMURFING_DETECTADA,,,,
TX-0002596,CLI-00393,SISTEMA,DEPOSITO_EFECTIVO,1832.91,2026-05-15 06:05:22,0,ESTRUCTURACION_SMURFING_DETECTADA,,,,
TX-0015010,CLI-02327,SISTEMA,DEPOSITO_EFECTIVO,912.45,2026-05-15 06:10:22,0,ESTRUCTURACION_SMURFING_DETECTADA,,,,
TX-0030626,CLI-04715,SISTEMA,DEPOSITO_EFECTIVO,3079.82,2026-05-15 06:26:22,0,ESTRUCTURACION_SMURFING_DETECTADA,,,,
TX-0001711,CLI-00257,SISTEMA,DEPOSITO_EFECTIVO,298.8,2026-05-15 06:32:22,0,ESTRUCTURACION_SMURFING_DETECTADA,,,,
TX-0022467,CLI-03472,SISTEMA,DEPOSITO_EFECTIVO,5634.4,2026-05-15 06:54:22,0,ESTRUCTURACION_SMURFING_DETECTADA,,,,
TX-0026629,CLI-04100,SISTEMA,DEPOSITO_EFECTIVO,2117.11,2026-05-15 06:55:22,0,ESTRUCTURACION_SMURFING_DETECTADA,,,,
TX-0027421,CLI-04228,SISTEMA,DEPOSITO_EFECTIVO,7682.52,2026-05-15 07:09:22,0,ESTRUCTURACION_SMURFING_DETECTADA,,,,
TX-0004712,CLI-00727,SISTEMA,DEPOSITO_EFECTIVO,105.73,2026-05-15 07:11:22,0,ESTRUCTURACION_SMURFING_DETECTADA,,,,
TX-0013727,CLI-02128,SISTEMA,DEPOSITO_EFECTIVO,435.48,2026-05-15 07:12:22,0,ESTRUCTURACION_SMURFING_DETECTADA,,,,
TX-0020067,CLI-03110,SISTEMA,DEPOSITO_EFECTIVO,6767.22,2026-05-15 07:19:22,0,ESTRUCTURACION_SMURFING_DETECTADA,,,,
TX-0023062,CLI-03563,SISTEMA,DEPOSITO_EFECTIVO,6130.33,2026-05-15 07:21:22,0,ESTRUCTURACION_SMURFING_DETECTADA,,,,
TX-0000873,CLI-00133,SISTEMA,DEPOSITO_EFECTIVO,1363.1,2026-05-15 07:24:22,0,ESTRUCTURACION_SMURFING_DETECTADA,,,,
TX-0000062,CLI-00009,SISTEMA,DEPOSITO_EFECTIVO,635.63,2026-05-15 07:26:22,0,ESTRUCTURACION_SMURFING_DETECTADA,,,,
TX-0030703,CLI-04725,SISTEMA,DEPOSITO_EFECTIVO,492.27,2026-05-15 07:27:22,0,ESTRUCTURACION_SMURFING_DETECTADA,,,,
TX-0027161,CLI-04186,SISTEMA,DEPOSITO_EFECTIVO,11545.4,2026-05-15 07:40:22,0,ESTRUCTURACION_SMURFING_DETECTADA,,,,
TX-0018256,CLI-02826,SISTEMA,DEPOSITO_EFECTIVO,2561.77,2026-05-15 07:41:22,0,ESTRUCTURACION_SMURFING_DETECTADA,,,,
TX-0008292,CLI-01276,SISTEMA,DEPOSITO_EFECTIVO,451.17,2026-05-15 07:42:22,0,ESTRUCTURACION_SMURFING_DETECTADA,,,,
TX-0000175,CLI-00027,SISTEMA,DEPOSITO_EFECTIVO,152.98,2026-05-15 08:08:22,0,ESTRUCTURACION_SMURFING_DETECTADA,,,,
TX-0026865,CLI-04139,SISTEMA,DEPOSITO_EFECTIVO,2488.57,2026-05-15 08:15:22,0,ESTRUCTURACION_SMURFING_DETECTADA,,,,
TX-0013639,CLI-02115,SISTEMA,DEPOSITO_EFECTIVO,2325.34,2026-05-15 08:25:22,0,ESTRUCTURACION_SMURFING_DETECTADA,,,,
TX-0024377,CLI-03763,SISTEMA,DEPOSITO_EFECTIVO,9463.19,2026-05-15 08:32:22,0,ESTRUCTURACION_SMURFING_DETECTADA,,,,
TX-0014889,CLI-02311,SISTEMA,DEPOSITO_EFECTIVO,4693.85,2026-05-15 09:01:22,0,ESTRUCTURACION_SMURFING_DETECTADA,,,,
TX-0000332,CLI-00050,SISTEMA,DEPOSITO_EFECTIVO,294.1,2026-05-15 09:02:22,0,ESTRUCTURACION_SMURFING_DETECTADA,,,,
TX-0031533,CLI-04850,SISTEMA,DEPOSITO_EFECTIVO,3439.26,2026-05-15 09:06:22,0,ESTRUCTURACION_SMURFING_DETECTADA,,,,
TX-0030377,CLI-04679,SISTEMA,DEPOSITO_EFECTIVO,735.01,2026-05-15 09:15:22,0,ESTRUCTURACION_SMURFING_DETECTADA,,,,
TX-0030278,CLI-04666,SISTEMA,DEPOSITO_EFECTIVO,127.95,2026-05-15 09:24:22,0,ESTRUCTURACION_SMURFING_DETECTADA,,,,
TX-0004939,CLI-00764,SISTEMA,DEPOSITO_EFECTIVO,9802.75,2026-05-15 09:29:22,0,ESTRUCTURACION_SMURFING_DETECTADA,,,,
TX-0011629,CLI-01793,SISTEMA,DEPOSITO_EFECTIVO,10775.76,2026-05-15 09:31:22,0,ESTRUCTURACION_SMURFING_DETECTADA,,,,
TX-0002046,CLI-00308,SISTEMA,DEPOSITO_EFECTIVO,561.78,2026-05-15 09:36:22,0,ESTRUCTURACION_SMURFING_DETECTADA,,,,
TX-0012792,CLI-01975,SISTEMA,DEPOSITO_EFECTIVO,655.19,2026-05-15 09:38:22,0,ESTRUCTURACION_SMURFING_DETECTADA,,,,
TX-0001392,CLI-00209,SISTEMA,DEPOSITO_EFECTIVO,4037.53,2026-05-15 09:39:22,0,ESTRUCTURACION_SMURFING_DETECTADA,,,,
TX-0024856,CLI-03837,SISTEMA,DEPOSITO_EFECTIVO,282.51,2026-05-15 09:42:22,0,ESTRUCTURACION_SMURFING_DETECTADA,,,,
TX-0027259,CLI-04203,SISTEMA,DEPOSITO_EFECTIVO,373.71,2026-05-15 10:11:22,0,ESTRUCTURACION_SMURFING_DETECTADA,,,,
TX-0019035,CLI-02946,SISTEMA,DEPOSITO_EFECTIVO,4866.83,2026-05-15 10:24:22,0,ESTRUCTURACION_SMURFING_DETECTADA,,,,
TX-0002254,CLI-00341,SISTEMA,DEPOSITO_EFECTIVO,1964.82,2026-05-15 10:33:22,0,ESTRUCTURACION_SMURFING_DETECTADA,,,,
TX-0020241,CLI-03140,SISTEMA,DEPOSITO_EFECTIVO,353.59,2026-05-15 10:56:22,0,ESTRUCTURACION_SMURFING_DETECTADA,,,,
TX-0011010,CLI-01697,SISTEMA,DEPOSITO_EFECTIVO,12079.48,2026-05-15 11:20:22,0,ESTRUCTURACION_SMURFING_DETECTADA,,,,
TX-0003947,CLI-00601,SISTEMA,DEPOSITO_EFECTIVO,201.47,2026-05-15 11:31:22,0,ESTRUCTURACION_SMURFING_DETECTADA,,,,
TX-0005223,CLI-00804,SISTEMA,DEPOSITO_EFECTIVO,4844.22,2026-05-15 11:46:22,0,ESTRUCTURACION_SMURFING_DETECTADA,,,,
TX-0006973,CLI-01075,SISTEMA,DEPOSITO_EFECTIVO,507.54,2026-05-15 12:09:22,0,ESTRUCTURACION_SMURFING_DETECTADA,,,,
TX-0008260,CLI-01271,SISTEMA,DEPOSITO_EFECTIVO,3169.58,2026-05-15 12:11:22,0,ESTRUCTURACION_SMURFING_DETECTADA,,,,
TX-0020949,CLI-03243,SISTEMA,DEPOSITO_EFECTIVO,2107.5,2026-05-15 12:17:22,0,ESTRUCTURACION_SMURFING_DETECTADA,,,,
TX-0026946,CLI-04152,SISTEMA,DEPOSITO_EFECTIVO,574.05,2026-05-15 12:23:22,0,ESTRUCTURACION_SMURFING_DETECTADA,,,,
TX-0026231,CLI-04042,SISTEMA,DEPOSITO_EFECTIVO,1139.82,2026-05-15 12:27:22,0,ESTRUCTURACION_SMURFING_DETECTADA,,,,
TX-0014481,CLI-02244,SISTEMA,DEPOSITO_EFECTIVO,1362.81,2026-05-15 12:38:22,0,ESTRUCTURACION_SMURFING_DETECTADA,,,,
TX-0003876,CLI-00590,SISTEMA,DEPOSITO_EFECTIVO,5354.04,2026-05-15 12:45:22,0,ESTRUCTURACION_SMURFING_DETECTADA,,,,
TX-0008080,CLI-01245,SISTEMA,DEPOSITO_EFECTIVO,1595.17,2026-05-15 12:53:22,0,ESTRUCTURACION_SMURFING_DETECTADA,,,,
TX-0023407,CLI-03616,SISTEMA,DEPOSITO_EFECTIVO,2397.47,2026-05-15 12:56:22,0,ESTRUCTURACION_SMURFING_DETECTADA,,,,
TX-0022479,CLI-03474,SISTEMA,DEPOSITO_EFECTIVO,571.67,2026-05-15 13:15:22,0,ESTRUCTURACION_SMURFING_DETECTADA,,,,
TX-0026056,CLI-04017,SISTEMA,DEPOSITO_EFECTIVO,2165.25,2026-05-15 13:24:22,0,ESTRUCTURACION_SMURFING_DETECTADA,,,,
TX-0015864,CLI-02455,SISTEMA,DEPOSITO_EFECTIVO,8554.36,2026-05-15 13:30:22,0,ESTRUCTURACION_SMURFING_DETECTADA,,,,
TX-0025818,CLI-03982,SISTEMA,DEPOSITO_EFECTIVO,1041.17,2026-05-15 13:53:22,0,ESTRUCTURACION_SMURFING_DETECTADA,,,,
TX-0005159,CLI-00796,SISTEMA,DEPOSITO_EFECTIVO,5720.24,2026-05-15 14:21:22,0,ESTRUCTURACION_SMURFING_DETECTADA,,,,
TX-0015689,CLI-02427,SISTEMA,DEPOSITO_EFECTIVO,237.53,2026-05-15 14:23:22,0,ESTRUCTURACION_SMURFING_DETECTADA,,,,
TX-0019407,CLI-03009,SISTEMA,DEPOSITO_EFECTIVO,7447.34,2026-05-15 14:45:22,0,ESTRUCTURACION_SMURFING_DETECTADA,,,,
TX-0010553,CLI-01622,SISTEMA,DEPOSITO_EFECTIVO,8361.0,2026-05-15 15:17:22,0,ESTRUCTURACION_SMURFING_DETECTADA,,,,
TX-0005038,CLI-00778,SISTEMA,DEPOSITO_EFECTIVO,686.38,2026-05-15 15:37:22,0,ESTRUCTURACION_SMURFING_DETECTADA,,,,
TX-0018023,CLI-02788,SISTEMA,DEPOSITO_EFECTIVO,3433.47,2026-05-15 15:40:22,0,ESTRUCTURACION_SMURFING_DETECTADA,,,,
TX-0021543,CLI-03332,SISTEMA,DEPOSITO_EFECTIVO,2142.01,2026-05-15 15:42:22,0,ESTRUCTURACION_SMURFING_DETECTADA,,,,
TX-0031609,CLI-04862,SISTEMA,DEPOSITO_EFECTIVO,8883.09,2026-05-15 15:45:22,0,ESTRUCTURACION_SMURFING_DETECTADA,,,,
TX-0028224,CLI-04343,SISTEMA,DEPOSITO_EFECTIVO,181.57,2026-05-15 15:49:22,0,ESTRUCTURACION_SMURFING_DETECTADA,,,,
TX-0005544,CLI-00851,SISTEMA,DEPOSITO_EFECTIVO,3419.23,2026-05-15 15:56:22,0,ESTRUCTURACION_SMURFING_DETECTADA,,,,
TX-0007790,CLI-01197,SISTEMA,DEPOSITO_EFECTIVO,667.36,2026-05-15 16:03:22,0,ESTRUCTURACION_SMURFING_DETECTADA,,,,
TX-0008116,CLI-01250,SISTEMA,DEPOSITO_EFECTIVO,4617.24,2026-05-15 16:03:22,0,ESTRUCTURACION_SMURFING_DETECTADA,,,,
TX-0006289,CLI-00969,SISTEMA,DEPOSITO_EFECTIVO,88.24,2026-05-15 16:06:22,0,ESTRUCTURACION_SMURFING_DETECTADA,,,,
TX-0004015,CLI-00612,SISTEMA,DEPOSITO_EFECTIVO,3559.5,2026-05-15 16:19:22,0,ESTRUCTURACION_SMURFING_DETECTADA,,,,
TX-0026985,CLI-04160,SISTEMA,DEPOSITO_EFECTIVO,903.11,2026-05-15 16:30:22,0,ESTRUCTURACION_SMURFING_DETECTADA,,,,
TX-0008895,CLI-01366,SISTEMA,DEPOSITO_EFECTIVO,435.51,2026-05-15 16:37:22,0,ESTRUCTURACION_SMURFING_DETECTADA,,,,
TX-0000408,CLI-00062,SISTEMA,DEPOSITO_EFECTIVO,806.07,2026-05-15 16:41:22,0,ESTRUCTURACION_SMURFING_DETECTADA,,,,
TX-0005433,CLI-00835,SISTEMA,DEPOSITO_EFECTIVO,968.73,2026-05-15 16:44:22,0,ESTRUCTURACION_SMURFING_DETECTADA,,,,
TX-0030218,CLI-04656,SISTEMA,DEPOSITO_EFECTIVO,1048.6,2026-05-15 16:58:22,0,ESTRUCTURACION_SMURFING_DETECTADA,,,,
TX-0003303,CLI-00499,SISTEMA,DEPOSITO_EFECTIVO,1025.81,2026-05-15 16:58:22,0,ESTRUCTURACION_SMURFING_DETECTADA,,,,
TX-0031911,CLI-04902,SISTEMA,DEPOSITO_EFECTIVO,5365.27,2026-05-15 17:10:22,0,ESTRUCTURACION_SMURFING_DETECTADA,,,,
TX-0003591,CLI-00543,SISTEMA,DEPOSITO_EFECTIVO,724.6,2026-05-15 17:20:22,0,ESTRUCTURACION_SMURFING_DETECTADA,,,,
TX-0000060,CLI-00009,SISTEMA,DEPOSITO_EFECTIVO,223.74,2026-05-15 17:25:22,0,ESTRUCTURACION_SMURFING_DETECTADA,,,,
TX-0013803,CLI-02139,SISTEMA,DEPOSITO_EFECTIVO,416.7,2026-05-15 17:26:22,0,ESTRUCTURACION_SMURFING_DETECTADA,,,,
TX-0023311,CLI-03602,SISTEMA,DEPOSITO_EFECTIVO,258.89,2026-05-15 17:41:22,0,ESTRUCTURACION_SMURFING_DETECTADA,,,,
TX-0015975,CLI-02472,SISTEMA,DEPOSITO_EFECTIVO,1841.06,2026-05-15 17:50:22,0,ESTRUCTURACION_SMURFING_DETECTADA,,,,
TX-0010264,CLI-01578,SISTEMA,DEPOSITO_EFECTIVO,2510.87,2026-05-15 17:52:22,0,ESTRUCTURACION_SMURFING_DETECTADA,,,,
TX-0010728,CLI-01653,SISTEMA,DEPOSITO_EFECTIVO,422.55,2026-05-15 17:54:22,0,ESTRUCTURACION_SMURFING_DETECTADA,,,,
TX-0027702,CLI-04267,SISTEMA,DEPOSITO_EFECTIVO,1205.05,2026-05-15 18:28:22,0,ESTRUCTURACION_SMURFING_DETECTADA,,,,
TX-0023027,CLI-03558,SISTEMA,DEPOSITO_EFECTIVO,13263.28,2026-05-15 18:30:22,0,ESTRUCTURACION_SMURFING_DETECTADA,,,,
TX-0022155,CLI-03426,SISTEMA,DEPOSITO_EFECTIVO,4686.89,2026-05-15 18:36:22,0,ESTRUCTURACION_SMURFING_DETECTADA,,,,
TX-0012678,CLI-01956,SISTEMA,DEPOSITO_EFECTIVO,192.77,2026-05-15 18:38:22,0,ESTRUCTURACION_SMURFING_DETECTADA,,,,
TX-0030795,CLI-04738,SISTEMA,DEPOSITO_EFECTIVO,5788.71,2026-05-15 18:44:22,0,ESTRUCTURACION_SMURFING_DETECTADA,,,,
TX-0010710,CLI-01650,SISTEMA,DEPOSITO_EFECTIVO,756.89,2026-05-15 18:49:22,0,ESTRUCTURACION_SMURFING_DETECTADA,,,,
TX-0027934,CLI-04302,SISTEMA,DEPOSITO_EFECTIVO,1146.85,2026-05-15 19:02:22,0,ESTRUCTURACION_SMURFING_DETECTADA,,,,
TX-0019864,CLI-03079,SISTEMA,DEPOSITO_EFECTIVO,779.08,2026-05-15 19:08:22,0,ESTRUCTURACION_SMURFING_DETECTADA,,,,
TX-0014581,CLI-02260,SISTEMA,DEPOSITO_EFECTIVO,349.41,2026-05-15 19:12:22,0,ESTRUCTURACION_SMURFING_DETECTADA,,,,
TX-0025825,CLI-03983,SISTEMA,DEPOSITO_EFECTIVO,6286.06,2026-05-15 19:12:22,0,ESTRUCTURACION_SMURFING_DETECTADA,,,,
TX-0014815,CLI-02300,SISTEMA,DEPOSITO_EFECTIVO,7497.77,2026-05-15 19:22:22,0,ESTRUCTURACION_SMURFING_DETECTADA,,,,
TX-0002656,CLI-00402,SISTEMA,DEPOSITO_EFECTIVO,108.47,2026-05-15 19:34:22,0,ESTRUCTURACION_SMURFING_DETECTADA,,,,
TX-0009295,CLI-01428,SISTEMA,DEPOSITO_EFECTIVO,123.58,2026-05-15 19:42:22,0,ESTRUCTURACION_SMURFING_DETECTADA,,,,
TX-0013201,CLI-02041,SISTEMA,DEPOSITO_EFECTIVO,2694.03,2026-05-15 19:53:22,0,ESTRUCTURACION_SMURFING_DETECTADA,,,,
TX-0028125,CLI-04330,SISTEMA,DEPOSITO_EFECTIVO,704.56,2026-05-15 20:12:22,0,ESTRUCTURACION_SMURFING_DETECTADA,,,,
TX-0003936,CLI-00599,SISTEMA,DEPOSITO_EFECTIVO,3346.25,2026-05-15 20:22:22,0,ESTRUCTURACION_SMURFING_DETECTADA,,,,
TX-0013560,CLI-02102,SISTEMA,DEPOSITO_EFECTIVO,311.06,2026-05-15 20:29:22,0,ESTRUCTURACION_SMURFING_DETECTADA,,,,
TX-0021558,CLI-03334,SISTEMA,DEPOSITO_EFECTIVO,1174.28,2026-05-15 20:33:22,0,ESTRUCTURACION_SMURFING_DETECTADA,,,,
TX-0013562,CLI-02102,SISTEMA,DEPOSITO_EFECTIVO,405.05,2026-05-15 20:35:22,0,ESTRUCTURACION_SMURFING_DETECTADA,,,,
TX-0001394,CLI-00209,SISTEMA,DEPOSITO_EFECTIVO,661.95,2026-05-15 20:37:22,0,ESTRUCTURACION_SMURFING_DETECTADA,,,,
TX-0027294,CLI-04209,SISTEMA,DEPOSITO_EFECTIVO,7737.48,2026-05-15 20:41:22,0,ESTRUCTURACION_SMURFING_DETECTADA,,,,
TX-0011931,CLI-01839,SISTEMA,DEPOSITO_EFECTIVO,2685.12,2026-05-15 20:41:22,0,ESTRUCTURACION_SMURFING_DETECTADA,,,,
TX-0009597,CLI-01475,SISTEMA,DEPOSITO_EFECTIVO,442.34,2026-05-15 20:43:22,0,ESTRUCTURACION_SMURFING_DETECTADA,,,,
TX-0031846,CLI-04894,SISTEMA,DEPOSITO_EFECTIVO,123.99,2026-05-15 20:51:22,0,ESTRUCTURACION_SMURFING_DETECTADA,,,,
TX-0023532,CLI-03636,SISTEMA,DEPOSITO_EFECTIVO,112.25,2026-05-15 20:51:22,0,ESTRUCTURACION_SMURFING_DETECTADA,,,,
TX-0002968,CLI-00452,SISTEMA,DEPOSITO_EFECTIVO,897.47,2026-05-15 20:56:22,0,ESTRUCTURACION_SMURFING_DETECTADA,,,,
TX-0006533,CLI-01007,SISTEMA,DEPOSITO_EFECTIVO,1430.34,2026-05-15 21:06:22,0,ESTRUCTURACION_SMURFING_DETECTADA,,,,
TX-0017849,CLI-02763,SISTEMA,DEPOSITO_EFECTIVO,2128.23,2026-05-15 21:13:22,0,ESTRUCTURACION_SMURFING_DETECTADA,,,,
TX-0029869,CLI-04602,SISTEMA,DEPOSITO_EFECTIVO,4702.93,2026-05-15 21:19:22,0,ESTRUCTURACION_SMURFING_DETECTADA,,,,
TX-0001876,CLI-00281,SISTEMA,DEPOSITO_EFECTIVO,3862.18,2026-05-15 21:26:22,0,ESTRUCTURACION_SMURFING_DETECTADA,,,,
TX-0004324,CLI-00662,SISTEMA,DEPOSITO_EFECTIVO,8252.32,2026-05-15 21:33:22,0,ESTRUCTURACION_SMURFING_DETECTADA,,,,
TX-0011655,CLI-01797,SISTEMA,DEPOSITO_EFECTIVO,316.71,2026-05-15 21:35:22,0,ESTRUCTURACION_SMURFING_DETECTADA,,,,
TX-0020831,CLI-03225,SISTEMA,DEPOSITO_EFECTIVO,1912.06,2026-05-15 21:38:22,0,ESTRUCTURACION_SMURFING_DETECTADA,,,,
TX-0001293,CLI-00195,SISTEMA,DEPOSITO_EFECTIVO,473.01,2026-05-15 21:51:22,0,ESTRUCTURACION_SMURFING_DETECTADA,,,,
TX-0032226,CLI-04951,SISTEMA,DEPOSITO_EFECTIVO,621.92,2026-05-15 21:52:22,0,ESTRUCTURACION_SMURFING_DETECTADA,,,,
TX-0031688,CLI-04873,SISTEMA,DEPOSITO_EFECTIVO,2903.78,2026-05-15 21:54:22,0,ESTRUCTURACION_SMURFING_DETECTADA,,,,
TX-0022350,CLI-03454,SISTEMA,DEPOSITO_EFECTIVO,8932.17,2026-05-15 21:56:22,0,ESTRUCTURACION_SMURFING_DETECTADA,,,,
TX-0015481,CLI-02397,SISTEMA,DEPOSITO_EFECTIVO,1750.32,2026-05-15 21:57:22,0,ESTRUCTURACION_SMURFING_DETECTADA,,,,
TX-0005969,CLI-00919,SISTEMA,DEPOSITO_EFECTIVO,5689.56,2026-05-15 21:58:22,0,ESTRUCTURACION_SMURFING_DETECTADA,,,,
TX-0028905,CLI-04450,SISTEMA,DEPOSITO_EFECTIVO,10995.46,2026-05-15 22:07:22,0,ESTRUCTURACION_SMURFING_DETECTADA,,,,
TX-0018597,CLI-02875,SISTEMA,DEPOSITO_EFECTIVO,2993.57,2026-05-15 22:09:22,0,ESTRUCTURACION_SMURFING_DETECTADA,,,,
TX-0019922,CLI-03088,SISTEMA,DEPOSITO_EFECTIVO,3997.3,2026-05-15 22:25:22,0,ESTRUCTURACION_SMURFING_DETECTADA,,,,
TX-0010474,CLI-01608,SISTEMA,DEPOSITO_EFECTIVO,262.54,2026-05-15 22:27:22,0,ESTRUCTURACION_SMURFING_DETECTADA,,,,
TX-0030914,CLI-04759,SISTEMA,DEPOSITO_EFECTIVO,14971.14,2026-05-15 22:45:22,0,ESTRUCTURACION_SMURFING_DETECTADA,,,,
TX-0014592,CLI-02263,SISTEMA,DEPOSITO_EFECTIVO,8077.98,2026-05-15 22:54:22,0,ESTRUCTURACION_SMURFING_DETECTADA,,,,
TX-0031752,CLI-04882,SISTEMA,DEPOSITO_EFECTIVO,878.64,2026-05-15 22:58:22,0,ESTRUCTURACION_SMURFING_DETECTADA,,,,
TX-0015990,CLI-02474,SISTEMA,DEPOSITO_EFECTIVO,1356.5,2026-05-15 23:00:22,0,ESTRUCTURACION_SMURFING_DETECTADA,,,,
TX-0018869,CLI-02917,SISTEMA,DEPOSITO_EFECTIVO,2196.67,2026-05-15 23:03:22,0,ESTRUCTURACION_SMURFING_DETECTADA,,,,
TX-0028232,CLI-04345,SISTEMA,DEPOSITO_EFECTIVO,7493.55,2026-05-15 23:07:22,0,ESTRUCTURACION_SMURFING_DETECTADA,,,,
TX-0028790,CLI-04432,SISTEMA,DEPOSITO_EFECTIVO,143.15,2026-05-15 23:08:22,0,ESTRUCTURACION_SMURFING_DETECTADA,,,,
TX-0026829,CLI-04132,SISTEMA,DEPOSITO_EFECTIVO,482.12,2026-05-15 23:10:22,0,ESTRUCTURACION_SMURFING_DETECTADA,,,,
TX-0011485,CLI-01771,SISTEMA,DEPOSITO_EFECTIVO,1160.69,2026-05-15 23:17:22,0,ESTRUCTURACION_SMURFING_DETECTADA,,,,
TX-0029806,CLI-04592,SISTEMA,DEPOSITO_EFECTIVO,8353.3,2026-05-15 23:23:22,0,ESTRUCTURACION_SMURFING_DETECTADA,,,,
TX-0009026,CLI-01387,SISTEMA,DEPOSITO_EFECTIVO,1102.17,2026-05-15 23:43:22,0,ESTRUCTURACION_SMURFING_DETECTADA,,,,
TX-0014195,CLI-02199,SISTEMA,DEPOSITO_EFECTIVO,602.28,2026-05-15 23:49:22,0,ESTRUCTURACION_SMURFING_DETECTADA,,,,
TX-0002862,CLI-00435,SISTEMA,DEPOSITO_EFECTIVO,4969.8,2026-05-15 23:52:22,0,ESTRUCTURACION_SMURFING_DETECTADA,,,,
TX-0020553,CLI-03185,SISTEMA,DEPOSITO_EFECTIVO,10278.05,2026-05-15 23:53:22,0,ESTRUCTURACION_SMURFING_DETECTADA,,,,
TX-0020351,CLI-03154,SISTEMA,DEPOSITO_EFECTIVO,2659.87,2026-05-15 23:59:22,0,ESTRUCTURACION_SMURFING_DETECTADA,,,,
TX-0028222,CLI-04343,SISTEMA,DEPOSITO_EFECTIVO,157.72,2026-05-15 23:59:22,0,ESTRUCTURACION_SMURFING_DETECTADA,,,,
TX-0004880,CLI-00756,SISTEMA,DEPOSITO_EFECTIVO,1164.6,2026-05-16 00:11:22,0,ESTRUCTURACION_SMURFING_DETECTADA,,,,
TX-0006175,CLI-00951,SISTEMA,DEPOSITO_EFECTIVO,1368.32,2026-05-16 00:15:22,0,ESTRUCTURACION_SMURFING_DETECTADA,,,,
TX-0023935,CLI-03697,SISTEMA,DEPOSITO_EFECTIVO,160.6,2026-05-16 00:16:22,0,ESTRUCTURACION_SMURFING_DETECTADA,,,,
TX-0014961,CLI-02321,SISTEMA,DEPOSITO_EFECTIVO,1012.3,2026-05-16 00:17:22,0,ESTRUCTURACION_SMURFING_DETECTADA,,,,
TX-0020177,CLI-03130,SISTEMA,DEPOSITO_EFECTIVO,1198.12,2026-05-16 00:24:22,0,ESTRUCTURACION_SMURFING_DETECTADA,,,,
TX-0019600,CLI-03039,SISTEMA,DEPOSITO_EFECTIVO,7996.76,2026-05-16 00:28:22,0,ESTRUCTURACION_SMURFING_DETECTADA,,,,
TX-0002448,CLI-00371,SISTEMA,DEPOSITO_EFECTIVO,209.81,2026-05-16 00:39:22,0,ESTRUCTURACION_SMURFING_DETECTADA,,,,
TX-0028685,CLI-04416,SISTEMA,DEPOSITO_EFECTIVO,3162.86,2026-05-16 00:50:22,0,ESTRUCTURACION_SMURFING_DETECTADA,,,,
TX-0030243,CLI-04660,SISTEMA,DEPOSITO_EFECTIVO,3869.6,2026-05-16 00:53:22,0,ESTRUCTURACION_SMURFING_DETECTADA,,,,
TX-0008199,CLI-01262,SISTEMA,DEPOSITO_EFECTIVO,623.97,2026-05-16 00:59:22,0,ESTRUCTURACION_SMURFING_DETECTADA,,,,
TX-0017907,CLI-02770,SISTEMA,DEPOSITO_EFECTIVO,434.82,2026-05-16 01:08:22,0,ESTRUCTURACION_SMURFING_DETECTADA,,,,
TX-0031212,CLI-04803,SISTEMA,DEPOSITO_EFECTIVO,3192.34,2026-05-16 01:19:22,0,ESTRUCTURACION_SMURFING_DETECTADA,,,,
TX-0013316,CLI-02061,SISTEMA,DEPOSITO_EFECTIVO,397.02,2026-05-16 01:44:22,0,ESTRUCTURACION_SMURFING_DETECTADA,,,,
TX-0014349,CLI-02224,SISTEMA,DEPOSITO_EFECTIVO,515.09,2026-05-16 01:45:22,0,ESTRUCTURACION_SMURFING_DETECTADA,,,,
TX-0014979,CLI-02323,SISTEMA,DEPOSITO_EFECTIVO,2406.45,2026-05-16 01:46:22,0,ESTRUCTURACION_SMURFING_DETECTADA,,,,
TX-0011068,CLI-01704,SISTEMA,DEPOSITO_EFECTIVO,4444.63,2026-05-16 01:57:22,0,ESTRUCTURACION_SMURFING_DETECTADA,,,,
TX-0004499,CLI-00688,SISTEMA,DEPOSITO_EFECTIVO,608.4,2026-05-16 02:04:22,0,ESTRUCTURACION_SMURFING_DETECTADA,,,,
TX-0022244,CLI-03440,SISTEMA,DEPOSITO_EFECTIVO,538.84,2026-05-16 02:13:22,0,ESTRUCTURACION_SMURFING_DETECTADA,,,,
TX-0002065,CLI-00310,SISTEMA,DEPOSITO_EFECTIVO,1516.27,2026-05-16 02:17:22,0,ESTRUCTURACION_SMURFING_DETECTADA,,,,
TX-0030467,CLI-04689,SISTEMA,DEPOSITO_EFECTIVO,1180.16,2026-05-16 02:24:22,0,ESTRUCTURACION_SMURFING_DETECTADA,,,,
TX-0008372,CLI-01288,SISTEMA,DEPOSITO_EFECTIVO,287.85,2026-05-16 02:25:22,0,ESTRUCTURACION_SMURFING_DETECTADA,,,,
TX-0028622,CLI-04405,SISTEMA,DEPOSITO_EFECTIVO,1434.75,2026-05-16 02:29:22,0,ESTRUCTURACION_SMURFING_DETECTADA,,,,
TX-0008255,CLI-01271,SISTEMA,DEPOSITO_EFECTIVO,3694.67,2026-05-16 02:40:22,0,ESTRUCTURACION_SMURFING_DETECTADA,,,,
TX-0030545,CLI-04701,SISTEMA,DEPOSITO_EFECTIVO,11625.42,2026-05-16 02:59:22,0,ESTRUCTURACION_SMURFING_DETECTADA,,,,
TX-0018896,CLI-02921,SISTEMA,DEPOSITO_EFECTIVO,7151.85,2026-05-16 03:03:22,0,ESTRUCTURACION_SMURFING_DETECTADA,,,,
TX-0017733,CLI-02745,SISTEMA,DEPOSITO_EFECTIVO,6324.31,2026-05-16 03:04:22,0,ESTRUCTURACION_SMURFING_DETECTADA,,,,
TX-0029647,CLI-04564,SISTEMA,DEPOSITO_EFECTIVO,8094.82,2026-05-16 03:19:22,0,ESTRUCTURACION_SMURFING_DETECTADA,,,,
TX-0012429,CLI-01918,SISTEMA,DEPOSITO_EFECTIVO,1853.25,2026-05-16 03:19:22,0,ESTRUCTURACION_SMURFING_DETECTADA,,,,
TX-0021846,CLI-03376,SISTEMA,DEPOSITO_EFECTIVO,2629.73,2026-05-16 03:23:22,0,ESTRUCTURACION_SMURFING_DETECTADA,,,,
TX-0008457,CLI-01299,SISTEMA,DEPOSITO_EFECTIVO,547.52,2026-05-16 03:24:22,0,ESTRUCTURACION_SMURFING_DETECTADA,,,,
TX-0027862,CLI-04291,SISTEMA,DEPOSITO_EFECTIVO,3253.12,2026-05-16 03:37:22,0,ESTRUCTURACION_SMURFING_DETECTADA,,,,
TX-0031486,CLI-04843,SISTEMA,DEPOSITO_EFECTIVO,398.61,2026-05-16 03:46:22,0,ESTRUCTURACION_SMURFING_DETECTADA,,,,
TX-0027656,CLI-04261,SISTEMA,DEPOSITO_EFECTIVO,741.88,2026-05-16 03:52:22,0,ESTRUCTURACION_SMURFING_DETECTADA,,,,
TX-0016043,CLI-02481,SISTEMA,DEPOSITO_EFECTIVO,230.88,2026-05-16 03:53:22,0,ESTRUCTURACION_SMURFING_DETECTADA,,,,
TX-0005483,CLI-00841,SISTEMA,DEPOSITO_EFECTIVO,555.51,2026-05-16 04:01:22,0,ESTRUCTURACION_SMURFING_DETECTADA,,,,
TX-0001296,CLI-00196,SISTEMA,DEPOSITO_EFECTIVO,4879.12,2026-05-16 04:07:22,0,ESTRUCTURACION_SMURFING_DETECTADA,,,,
TX-0021694,CLI-03354,SISTEMA,DEPOSITO_EFECTIVO,1203.67,2026-05-16 04:17:22,0,ESTRUCTURACION_SMURFING_DETECTADA,,,,
TX-0020753,CLI-03211,SISTEMA,DEPOSITO_EFECTIVO,371.43,2026-05-16 04:25:22,0,ESTRUCTURACION_SMURFING_DETECTADA,,,,
TX-0009562,CLI-01469,SISTEMA,DEPOSITO_EFECTIVO,307.29,2026-05-16 04:38:22,0,ESTRUCTURACION_SMURFING_DETECTADA,,,,
TX-0012073,CLI-01863,SISTEMA,DEPOSITO_EFECTIVO,586.91,2026-05-16 04:39:22,0,ESTRUCTURACION_SMURFING_DETECTADA,,,,
TX-0009081,CLI-01396,SISTEMA,DEPOSITO_EFECTIVO,13970.98,2026-05-16 04:43:22,0,ESTRUCTURACION_SMURFING_DETECTADA,,,,
TX-0015851,CLI-02452,SISTEMA,DEPOSITO_EFECTIVO,2554.38,2026-05-16 04:56:22,0,ESTRUCTURACION_SMURFING_DETECTADA,,,,
TX-0000682,CLI-00105,SISTEMA,DEPOSITO_EFECTIVO,1922.09,2026-05-16 05:17:22,0,ESTRUCTURACION_SMURFING_DETECTADA,,,,
TX-0026086,CLI-04022,SISTEMA,DEPOSITO_EFECTIVO,6882.11,2026-05-16 05:20:22,0,ESTRUCTURACION_SMURFING_DETECTADA,,,,
TX-0013812,CLI-02141,SISTEMA,DEPOSITO_EFECTIVO,2186.47,2026-05-16 05:31:22,0,ESTRUCTURACION_SMURFING_DETECTADA,,,,
TX-0020942,CLI-03242,SISTEMA,DEPOSITO_EFECTIVO,1006.51,2026-05-16 05:34:22,0,ESTRUCTURACION_SMURFING_DETECTADA,,,,
TX-0020740,CLI-03209,SISTEMA,DEPOSITO_EFECTIVO,2027.86,2026-05-16 05:35:22,0,ESTRUCTURACION_SMURFING_DETECTADA,,,,
TX-0012592,CLI-01943,SISTEMA,DEPOSITO_EFECTIVO,10162.66,2026-05-16 05:38:22,0,ESTRUCTURACION_SMURFING_DETECTADA,,,,
TX-0026094,CLI-04024,SISTEMA,DEPOSITO_EFECTIVO,317.09,2026-05-16 05:48:22,0,ESTRUCTURACION_SMURFING_DETECTADA,,,,
TX-0024038,CLI-03712,SISTEMA,DEPOSITO_EFECTIVO,675.0,2026-05-16 06:15:22,0,ESTRUCTURACION_SMURFING_DETECTADA,,,,
TX-0005023,CLI-00776,SISTEMA,DEPOSITO_EFECTIVO,270.31,2026-05-16 06:28:22,0,ESTRUCTURACION_SMURFING_DETECTADA,,,,
TX-0028445,CLI-04378,SISTEMA,DEPOSITO_EFECTIVO,176.4,2026-05-16 06:32:22,0,ESTRUCTURACION_SMURFING_DETECTADA,,,,
TX-0009619,CLI-01478,SISTEMA,DEPOSITO_EFECTIVO,619.96,2026-05-16 06:35:22,0,ESTRUCTURACION_SMURFING_DETECTADA,,,,
TX-0021802,CLI-03370,SISTEMA,DEPOSITO_EFECTIVO,371.29,2026-05-16 06:47:22,0,ESTRUCTURACION_SMURFING_DETECTADA,,,,
TX-0000002,CLI-00001,SISTEMA,DEPOSITO_EFECTIVO,124.74,2026-05-16 06:48:22,0,ESTRUCTURACION_SMURFING_DETECTADA,,,,
TX-0021387,CLI-03305,SISTEMA,DEPOSITO_EFECTIVO,106.86,2026-05-16 06:49:22,0,ESTRUCTURACION_SMURFING_DETECTADA,,,,
TX-0010678,CLI-01645,SISTEMA,DEPOSITO_EFECTIVO,7372.13,2026-05-16 07:03:22,0,ESTRUCTURACION_SMURFING_DETECTADA,,,,
TX-0015220,CLI-02357,SISTEMA,DEPOSITO_EFECTIVO,281.38,2026-05-16 07:03:22,0,ESTRUCTURACION_SMURFING_DETECTADA,,,,
TX-0029008,CLI-04466,SISTEMA,DEPOSITO_EFECTIVO,563.37,2026-05-16 07:06:22,0,ESTRUCTURACION_SMURFING_DETECTADA,,,,
TX-0028665,CLI-04413,SISTEMA,DEPOSITO_EFECTIVO,3205.56,2026-05-16 07:09:22,0,ESTRUCTURACION_SMURFING_DETECTADA,,,,
TX-0013788,CLI-02138,SISTEMA,DEPOSITO_EFECTIVO,3509.7,2026-05-16 07:33:22,0,ESTRUCTURACION_SMURFING_DETECTADA,,,,
TX-0011805,CLI-01820,SISTEMA,DEPOSITO_EFECTIVO,641.01,2026-05-16 07:45:22,0,ESTRUCTURACION_SMURFING_DETECTADA,,,,
TX-0025359,CLI-03914,SISTEMA,DEPOSITO_EFECTIVO,7425.29,2026-05-16 07:51:22,0,ESTRUCTURACION_SMURFING_DETECTADA,,,,
TX-0018844,CLI-02914,SISTEMA,DEPOSITO_EFECTIVO,8225.96,2026-05-16 08:03:22,0,ESTRUCTURACION_SMURFING_DETECTADA,,,,
TX-0012764,CLI-01970,SISTEMA,DEPOSITO_EFECTIVO,3088.5,2026-05-16 08:07:22,0,ESTRUCTURACION_SMURFING_DETECTADA,,,,
TX-0030032,CLI-04628,SISTEMA,DEPOSITO_EFECTIVO,6575.18,2026-05-16 08:14:22,0,ESTRUCTURACION_SMURFING_DETECTADA,,,,
TX-0011779,CLI-01817,SISTEMA,DEPOSITO_EFECTIVO,279.11,2026-05-16 08:14:22,0,ESTRUCTURACION_SMURFING_DETECTADA,,,,
TX-0012247,CLI-01890,SISTEMA,DEPOSITO_EFECTIVO,1305.29,2026-05-16 08:23:22,0,ESTRUCTURACION_SMURFING_DETECTADA,,,,
TX-0002737,CLI-00415,SISTEMA,DEPOSITO_EFECTIVO,7132.26,2026-05-16 08:24:22,0,ESTRUCTURACION_SMURFING_DETECTADA,,,,
TX-0026483,CLI-04077,SISTEMA,DEPOSITO_EFECTIVO,299.55,2026-05-16 08:27:22,0,ESTRUCTURACION_SMURFING_DETECTADA,,,,
TX-0021914,CLI-03386,SISTEMA,DEPOSITO_EFECTIVO,8257.69,2026-05-16 08:36:22,0,ESTRUCTURACION_SMURFING_DETECTADA,,,,
TX-0004070,CLI-00621,SISTEMA,DEPOSITO_EFECTIVO,750.43,2026-05-16 08:40:22,0,ESTRUCTURACION_SMURFING_DETECTADA,,,,
TX-0028216,CLI-04343,SISTEMA,DEPOSITO_EFECTIVO,280.96,2026-05-16 08:41:22,0,ESTRUCTURACION_SMURFING_DETECTADA,,,,
TX-0010683,CLI-01646,SISTEMA,DEPOSITO_EFECTIVO,2038.27,2026-05-16 09:01:22,0,ESTRUCTURACION_SMURFING_DETECTADA,,,,
TX-0015420,CLI-02388,SISTEMA,DEPOSITO_EFECTIVO,262.68,2026-05-16 09:02:22,0,ESTRUCTURACION_SMURFING_DETECTADA,,,,
TX-0000338,CLI-00051,SISTEMA,DEPOSITO_EFECTIVO,10280.28,2026-05-16 09:03:22,0,ESTRUCTURACION_SMURFING_DETECTADA,,,,
TX-0028179,CLI-04337,SISTEMA,DEPOSITO_EFECTIVO,1154.92,2026-05-16 09:05:22,0,ESTRUCTURACION_SMURFING_DETECTADA,,,,
TX-0017334,CLI-02687,SISTEMA,DEPOSITO_EFECTIVO,1154.16,2026-05-16 09:24:22,0,ESTRUCTURACION_SMURFING_DETECTADA,,,,
TX-0006570,CLI-01012,SISTEMA,DEPOSITO_EFECTIVO,643.8,2026-05-16 10:06:22,0,ESTRUCTURACION_SMURFING_DETECTADA,,,,
TX-0011815,CLI-01822,SISTEMA,DEPOSITO_EFECTIVO,359.39,2026-05-16 10:07:22,0,ESTRUCTURACION_SMURFING_DETECTADA,,,,
TX-0027328,CLI-04214,SISTEMA,DEPOSITO_EFECTIVO,1867.76,2026-05-16 10:27:22,0,ESTRUCTURACION_SMURFING_DETECTADA,,,,
TX-0015365,CLI-02382,SISTEMA,DEPOSITO_EFECTIVO,7438.06,2026-05-16 10:39:22,0,ESTRUCTURACION_SMURFING_DETECTADA,,,,
TX-0004163,CLI-00638,SISTEMA,DEPOSITO_EFECTIVO,9955.62,2026-05-16 10:57:22,0,ESTRUCTURACION_SMURFING_DETECTADA,,,,
TX-0025736,CLI-03970,SISTEMA,DEPOSITO_EFECTIVO,4577.12,2026-05-16 10:58:22,0,ESTRUCTURACION_SMURFING_DETECTADA,,,,
TX-0003491,CLI-00530,SISTEMA,DEPOSITO_EFECTIVO,331.99,2026-05-16 11:18:22,0,ESTRUCTURACION_SMURFING_DETECTADA,,,,
TX-0007705,CLI-01184,SISTEMA,DEPOSITO_EFECTIVO,1242.09,2026-05-16 11:21:22,0,ESTRUCTURACION_SMURFING_DETECTADA,,,,
TX-0006299,CLI-00971,SISTEMA,DEPOSITO_EFECTIVO,248.03,2026-05-16 11:24:22,0,ESTRUCTURACION_SMURFING_DETECTADA,,,,
TX-0016549,CLI-02564,SISTEMA,DEPOSITO_EFECTIVO,693.56,2026-05-16 11:32:22,0,ESTRUCTURACION_SMURFING_DETECTADA,,,,
TX-0016591,CLI-02571,SISTEMA,DEPOSITO_EFECTIVO,5261.53,2026-05-16 11:39:22,0,ESTRUCTURACION_SMURFING_DETECTADA,,,,
TX-0000975,CLI-00148,SISTEMA,DEPOSITO_EFECTIVO,234.22,2026-05-16 11:58:22,0,ESTRUCTURACION_SMURFING_DETECTADA,,,,
TX-0003987,CLI-00608,SISTEMA,DEPOSITO_EFECTIVO,10468.97,2026-05-16 12:01:22,0,ESTRUCTURACION_SMURFING_DETECTADA,,,,
TX-0026784,CLI-04124,SISTEMA,DEPOSITO_EFECTIVO,536.32,2026-05-16 12:03:22,0,ESTRUCTURACION_SMURFING_DETECTADA,,,,
TX-0008602,CLI-01321,SISTEMA,DEPOSITO_EFECTIVO,4260.54,2026-05-16 12:16:22,0,ESTRUCTURACION_SMURFING_DETECTADA,,,,
TX-0030153,CLI-04645,SISTEMA,DEPOSITO_EFECTIVO,716.85,2026-05-16 12:19:22,0,ESTRUCTURACION_SMURFING_DETECTADA,,,,
TX-0032069,CLI-04928,SISTEMA,DEPOSITO_EFECTIVO,5925.54,2026-05-16 12:33:22,0,ESTRUCTURACION_SMURFING_DETECTADA,,,,
TX-0017981,CLI-02781,SISTEMA,DEPOSITO_EFECTIVO,7700.4,2026-05-16 12:36:22,0,ESTRUCTURACION_SMURFING_DETECTADA,,,,
TX-0004430,CLI-00676,SISTEMA,DEPOSITO_EFECTIVO,1361.33,2026-05-16 12:38:22,0,ESTRUCTURACION_SMURFING_DETECTADA,,,,
TX-0000836,CLI-00128,SISTEMA,DEPOSITO_EFECTIVO,754.03,2026-05-16 12:53:22,0,ESTRUCTURACION_SMURFING_DETECTADA,,,,
TX-0021771,CLI-03365,SISTEMA,DEPOSITO_EFECTIVO,1270.66,2026-05-16 13:10:22,0,ESTRUCTURACION_SMURFING_DETECTADA,,,,
TX-0026925,CLI-04150,SISTEMA,DEPOSITO_EFECTIVO,9463.83,2026-05-16 13:45:22,0,ESTRUCTURACION_SMURFING_DETECTADA,,,,
TX-0002525,CLI-00381,SISTEMA,DEPOSITO_EFECTIVO,392.33,2026-05-16 13:52:22,0,ESTRUCTURACION_SMURFING_DETECTADA,,,,
TX-0003305,CLI-00499,SISTEMA,DEPOSITO_EFECTIVO,807.46,2026-05-16 14:06:22,0,ESTRUCTURACION_SMURFING_DETECTADA,,,,
TX-0015137,CLI-02344,SISTEMA,DEPOSITO_EFECTIVO,10288.81,2026-05-16 14:27:22,0,ESTRUCTURACION_SMURFING_DETECTADA,,,,
TX-0031692,CLI-04874,SISTEMA,DEPOSITO_EFECTIVO,191.09,2026-05-16 14:35:22,0,ESTRUCTURACION_SMURFING_DETECTADA,,,,
TX-0027799,CLI-04281,SISTEMA,DEPOSITO_EFECTIVO,248.8,2026-05-16 14:56:22,0,ESTRUCTURACION_SMURFING_DETECTADA,,,,
TX-0012893,CLI-01994,SISTEMA,DEPOSITO_EFECTIVO,3954.46,2026-05-16 15:05:22,0,ESTRUCTURACION_SMURFING_DETECTADA,,,,
TX-0025516,CLI-03936,SISTEMA,DEPOSITO_EFECTIVO,4108.72,2026-05-16 15:21:22,0,ESTRUCTURACION_SMURFING_DETECTADA,,,,
TX-0007146,CLI-01104,SISTEMA,DEPOSITO_EFECTIVO,399.23,2026-05-16 15:25:22,0,ESTRUCTURACION_SMURFING_DETECTADA,,,,
TX-0026099,CLI-04025,SISTEMA,DEPOSITO_EFECTIVO,409.78,2026-05-16 15:28:22,0,ESTRUCTURACION_SMURFING_DETECTADA,,,,
TX-0016863,CLI-02612,SISTEMA,DEPOSITO_EFECTIVO,760.16,2026-05-16 15:31:22,0,ESTRUCTURACION_SMURFING_DETECTADA,,,,
TX-0027647,CLI-04260,SISTEMA,DEPOSITO_EFECTIVO,5453.41,2026-05-16 15:44:22,0,ESTRUCTURACION_SMURFING_DETECTADA,,,,
TX-0017968,CLI-02779,SISTEMA,DEPOSITO_EFECTIVO,2620.45,2026-05-16 15:50:22,0,ESTRUCTURACION_SMURFING_DETECTADA,,,,
TX-0023379,CLI-03611,SISTEMA,DEPOSITO_EFECTIVO,235.83,2026-05-16 15:51:22,0,ESTRUCTURACION_SMURFING_DETECTADA,,,,
TX-0010073,CLI-01547,SISTEMA,DEPOSITO_EFECTIVO,14888.28,2026-05-16 16:02:22,0,ESTRUCTURACION_SMURFING_DETECTADA,,,,
TX-0014899,CLI-02313,SISTEMA,DEPOSITO_EFECTIVO,1612.86,2026-05-16 16:04:22,0,ESTRUCTURACION_SMURFING_DETECTADA,,,,
TX-0019548,CLI-03031,SISTEMA,DEPOSITO_EFECTIVO,5342.6,2026-05-16 16:08:22,0,ESTRUCTURACION_SMURFING_DETECTADA,,,,
TX-0008452,CLI-01298,SISTEMA,DEPOSITO_EFECTIVO,120.4,2026-05-16 16:20:22,0,ESTRUCTURACION_SMURFING_DETECTADA,,,,
TX-0022426,CLI-03465,SISTEMA,DEPOSITO_EFECTIVO,2660.13,2026-05-16 16:23:22,0,ESTRUCTURACION_SMURFING_DETECTADA,,,,
TX-0020866,CLI-03231,SISTEMA,DEPOSITO_EFECTIVO,302.42,2026-05-16 16:25:22,0,ESTRUCTURACION_SMURFING_DETECTADA,,,,
TX-0030220,CLI-04656,SISTEMA,DEPOSITO_EFECTIVO,1523.02,2026-05-16 16:26:22,0,ESTRUCTURACION_SMURFING_DETECTADA,,,,
TX-0000724,CLI-00112,SISTEMA,DEPOSITO_EFECTIVO,102.46,2026-05-16 16:27:22,0,ESTRUCTURACION_SMURFING_DETECTADA,,,,
TX-0029454,CLI-04535,SISTEMA,DEPOSITO_EFECTIVO,1272.41,2026-05-16 16:33:22,0,ESTRUCTURACION_SMURFING_DETECTADA,,,,
TX-0022305,CLI-03448,SISTEMA,DEPOSITO_EFECTIVO,310.3,2026-05-16 16:34:22,0,ESTRUCTURACION_SMURFING_DETECTADA,,,,
TX-0015950,CLI-02469,SISTEMA,DEPOSITO_EFECTIVO,1877.25,2026-05-16 16:35:22,0,ESTRUCTURACION_SMURFING_DETECTADA,,,,
TX-0030614,CLI-04712,SISTEMA,DEPOSITO_EFECTIVO,176.02,2026-05-16 16:43:22,0,ESTRUCTURACION_SMURFING_DETECTADA,,,,
TX-0016310,CLI-02524,SISTEMA,DEPOSITO_EFECTIVO,1288.7,2026-05-16 16:43:22,0,ESTRUCTURACION_SMURFING_DETECTADA,,,,
TX-0008704,CLI-01336,SISTEMA,DEPOSITO_EFECTIVO,869.45,2026-05-16 16:49:22,0,ESTRUCTURACION_SMURFING_DETECTADA,,,,
TX-0026687,CLI-04108,SISTEMA,DEPOSITO_EFECTIVO,6046.27,2026-05-16 16:59:22,0,ESTRUCTURACION_SMURFING_DETECTADA,,,,
TX-0016854,CLI-02611,SISTEMA,DEPOSITO_EFECTIVO,104.8,2026-05-16 17:05:22,0,ESTRUCTURACION_SMURFING_DETECTADA,,,,
TX-0013725,CLI-02127,SISTEMA,DEPOSITO_EFECTIVO,414.39,2026-05-16 17:08:22,0,ESTRUCTURACION_SMURFING_DETECTADA,,,,
TX-0013459,CLI-02086,SISTEMA,DEPOSITO_EFECTIVO,1581.63,2026-05-16 17:10:22,0,ESTRUCTURACION_SMURFING_DETECTADA,,,,
TX-0002787,CLI-00422,SISTEMA,DEPOSITO_EFECTIVO,4087.57,2026-05-16 17:12:22,0,ESTRUCTURACION_SMURFING_DETECTADA,,,,
TX-0029888,CLI-04604,SISTEMA,DEPOSITO_EFECTIVO,399.51,2026-05-16 17:25:22,0,ESTRUCTURACION_SMURFING_DETECTADA,,,,
TX-0026136,CLI-04029,SISTEMA,DEPOSITO_EFECTIVO,1983.35,2026-05-16 17:30:22,0,ESTRUCTURACION_SMURFING_DETECTADA,,,,
TX-0022439,CLI-03467,SISTEMA,DEPOSITO_EFECTIVO,186.49,2026-05-16 17:42:22,0,ESTRUCTURACION_SMURFING_DETECTADA,,,,
TX-0015228,CLI-02358,SISTEMA,DEPOSITO_EFECTIVO,1051.24,2026-05-16 17:59:22,0,ESTRUCTURACION_SMURFING_DETECTADA,,,,
TX-0001791,CLI-00268,SISTEMA,DEPOSITO_EFECTIVO,8390.0,2026-05-16 18:01:22,0,ESTRUCTURACION_SMURFING_DETECTADA,,,,
TX-0009997,CLI-01536,SISTEMA,DEPOSITO_EFECTIVO,239.78,2026-05-16 18:03:22,0,ESTRUCTURACION_SMURFING_DETECTADA,,,,
TX-0016652,CLI-02578,SISTEMA,DEPOSITO_EFECTIVO,806.44,2026-05-16 18:09:22,0,ESTRUCTURACION_SMURFING_DETECTADA,,,,
TX-0025437,CLI-03924,SISTEMA,DEPOSITO_EFECTIVO,547.24,2026-05-16 18:30:22,0,ESTRUCTURACION_SMURFING_DETECTADA,,,,
TX-0012752,CLI-01968,SISTEMA,DEPOSITO_EFECTIVO,3621.39,2026-05-16 18:32:22,0,ESTRUCTURACION_SMURFING_DETECTADA,,,,
TX-0026505,CLI-04080,SISTEMA,DEPOSITO_EFECTIVO,2516.98,2026-05-16 18:43:22,0,ESTRUCTURACION_SMURFING_DETECTADA,,,,
TX-0024854,CLI-03837,SISTEMA,DEPOSITO_EFECTIVO,571.15,2026-05-16 18:48:22,0,ESTRUCTURACION_SMURFING_DETECTADA,,,,
TX-0007770,CLI-01193,SISTEMA,DEPOSITO_EFECTIVO,527.43,2026-05-16 19:19:22,0,ESTRUCTURACION_SMURFING_DETECTADA,,,,
TX-0010846,CLI-01671,SISTEMA,DEPOSITO_EFECTIVO,12347.46,2026-05-16 19:21:22,0,ESTRUCTURACION_SMURFING_DETECTADA,,,,
TX-0025854,CLI-03988,SISTEMA,DEPOSITO_EFECTIVO,3235.17,2026-05-16 19:29:22,0,ESTRUCTURACION_SMURFING_DETECTADA,,,,
TX-0012497,CLI-01929,SISTEMA,DEPOSITO_EFECTIVO,168.2,2026-05-16 19:29:22,0,ESTRUCTURACION_SMURFING_DETECTADA,,,,
TX-0006943,CLI-01071,SISTEMA,DEPOSITO_EFECTIVO,1029.36,2026-05-16 19:36:22,0,ESTRUCTURACION_SMURFING_DETECTADA,,,,
TX-0017384,CLI-02697,SISTEMA,DEPOSITO_EFECTIVO,86.88,2026-05-16 19:41:22,0,ESTRUCTURACION_SMURFING_DETECTADA,,,,
TX-0008313,CLI-01280,SISTEMA,DEPOSITO_EFECTIVO,1456.53,2026-05-16 20:03:22,0,ESTRUCTURACION_SMURFING_DETECTADA,,,,
TX-0019856,CLI-03077,SISTEMA,DEPOSITO_EFECTIVO,544.94,2026-05-16 20:06:22,0,ESTRUCTURACION_SMURFING_DETECTADA,,,,
TX-0020651,CLI-03198,SISTEMA,DEPOSITO_EFECTIVO,6782.09,2026-05-16 20:10:22,0,ESTRUCTURACION_SMURFING_DETECTADA,,,,
TX-0009705,CLI-01489,SISTEMA,DEPOSITO_EFECTIVO,2072.86,2026-05-16 20:18:22,0,ESTRUCTURACION_SMURFING_DETECTADA,,,,
TX-0012845,CLI-01985,SISTEMA,DEPOSITO_EFECTIVO,1050.61,2026-05-16 20:27:22,0,ESTRUCTURACION_SMURFING_DETECTADA,,,,
TX-0013129,CLI-02030,SISTEMA,DEPOSITO_EFECTIVO,391.27,2026-05-16 20:28:22,0,ESTRUCTURACION_SMURFING_DETECTADA,,,,
TX-0014321,CLI-02220,SISTEMA,DEPOSITO_EFECTIVO,160.2,2026-05-16 20:28:22,0,ESTRUCTURACION_SMURFING_DETECTADA,,,,
TX-0004542,CLI-00696,SISTEMA,DEPOSITO_EFECTIVO,271.12,2026-05-16 20:32:22,0,ESTRUCTURACION_SMURFING_DETECTADA,,,,
TX-0016372,CLI-02536,SISTEMA,DEPOSITO_EFECTIVO,433.01,2026-05-16 21:10:22,0,ESTRUCTURACION_SMURFING_DETECTADA,,,,
TX-0031322,CLI-04817,SISTEMA,DEPOSITO_EFECTIVO,187.43,2026-05-16 21:16:22,0,ESTRUCTURACION_SMURFING_DETECTADA,,,,
TX-0014972,CLI-02323,SISTEMA,DEPOSITO_EFECTIVO,1267.12,2026-05-16 21:26:22,0,ESTRUCTURACION_SMURFING_DETECTADA,,,,
TX-0016122,CLI-02494,SISTEMA,DEPOSITO_EFECTIVO,2847.8,2026-05-16 21:26:22,0,ESTRUCTURACION_SMURFING_DETECTADA,,,,
TX-0023780,CLI-03676,SISTEMA,DEPOSITO_EFECTIVO,397.72,2026-05-16 21:31:22,0,ESTRUCTURACION_SMURFING_DETECTADA,,,,
TX-0026559,CLI-04089,SISTEMA,DEPOSITO_EFECTIVO,698.05,2026-05-16 21:34:22,0,ESTRUCTURACION_SMURFING_DETECTADA,,,,
TX-0014710,CLI-02280,SISTEMA,DEPOSITO_EFECTIVO,4584.01,2026-05-16 21:35:22,0,ESTRUCTURACION_SMURFING_DETECTADA,,,,
TX-0021809,CLI-03372,SISTEMA,DEPOSITO_EFECTIVO,5156.94,2026-05-16 21:44:22,0,ESTRUCTURACION_SMURFING_DETECTADA,,,,
TX-0030284,CLI-04667,SISTEMA,DEPOSITO_EFECTIVO,418.5,2026-05-16 21:56:22,0,ESTRUCTURACION_SMURFING_DETECTADA,,,,
TX-0014092,CLI-02181,SISTEMA,DEPOSITO_EFECTIVO,264.81,2026-05-16 22:02:22,0,ESTRUCTURACION_SMURFING_DETECTADA,,,,
TX-0010880,CLI-01675,SISTEMA,DEPOSITO_EFECTIVO,884.47,2026-05-16 22:04:22,0,ESTRUCTURACION_SMURFING_DETECTADA,,,,
TX-0025988,CLI-04007,SISTEMA,DEPOSITO_EFECTIVO,346.29,2026-05-16 22:04:22,0,ESTRUCTURACION_SMURFING_DETECTADA,,,,
TX-0031354,CLI-04822,SISTEMA,DEPOSITO_EFECTIVO,1669.13,2026-05-16 22:22:22,0,ESTRUCTURACION_SMURFING_DETECTADA,,,,
TX-0025841,CLI-03986,SISTEMA,DEPOSITO_EFECTIVO,14107.78,2026-05-16 22:28:22,0,ESTRUCTURACION_SMURFING_DETECTADA,,,,
TX-0000425,CLI-00066,SISTEMA,DEPOSITO_EFECTIVO,3905.2,2026-05-16 22:36:22,0,ESTRUCTURACION_SMURFING_DETECTADA,,,,
TX-0000477,CLI-00075,SISTEMA,DEPOSITO_EFECTIVO,2737.74,2026-05-16 22:39:22,0,ESTRUCTURACION_SMURFING_DETECTADA,,,,
TX-0011681,CLI-01802,SISTEMA,DEPOSITO_EFECTIVO,3349.8,2026-05-16 22:47:22,0,ESTRUCTURACION_SMURFING_DETECTADA,,,,
TX-0024266,CLI-03745,SISTEMA,DEPOSITO_EFECTIVO,5436.53,2026-05-16 22:57:22,0,ESTRUCTURACION_SMURFING_DETECTADA,,,,
TX-0019404,CLI-03008,SISTEMA,DEPOSITO_EFECTIVO,143.44,2026-05-16 23:03:22,0,ESTRUCTURACION_SMURFING_DETECTADA,,,,
TX-0030617,CLI-04713,SISTEMA,DEPOSITO_EFECTIVO,155.03,2026-05-16 23:08:22,0,ESTRUCTURACION_SMURFING_DETECTADA,,,,
TX-0013578,CLI-02105,SISTEMA,DEPOSITO_EFECTIVO,109.77,2026-05-16 23:27:22,0,ESTRUCTURACION_SMURFING_DETECTADA,,,,
TX-0022764,CLI-03519,SISTEMA,DEPOSITO_EFECTIVO,5248.48,2026-05-16 23:28:22,0,ESTRUCTURACION_SMURFING_DETECTADA,,,,
TX-0013901,CLI-02153,SISTEMA,DEPOSITO_EFECTIVO,842.25,2026-05-16 23:33:22,0,ESTRUCTURACION_SMURFING_DETECTADA,,,,
TX-0013439,CLI-02082,SISTEMA,DEPOSITO_EFECTIVO,8295.42,2026-05-16 23:39:22,0,ESTRUCTURACION_SMURFING_DETECTADA,,,,
TX-0017240,CLI-02673,SISTEMA,DEPOSITO_EFECTIVO,319.2,2026-05-16 23:46:22,0,ESTRUCTURACION_SMURFING_DETECTADA,,,,
TX-0016972,CLI-02629,SISTEMA,DEPOSITO_EFECTIVO,637.32,2026-05-16 23:50:22,0,ESTRUCTURACION_SMURFING_DETECTADA,,,,
TX-0022288,CLI-03446,SISTEMA,DEPOSITO_EFECTIVO,363.42,2026-05-16 23:58:22,0,ESTRUCTURACION_SMURFING_DETECTADA,,,,
TX-0002887,CLI-00438,SISTEMA,DEPOSITO_EFECTIVO,2071.51,2026-05-17 00:07:22,0,ESTRUCTURACION_SMURFING_DETECTADA,,,,
TX-0017970,CLI-02779,SISTEMA,DEPOSITO_EFECTIVO,2515.03,2026-05-17 00:11:22,0,ESTRUCTURACION_SMURFING_DETECTADA,,,,
TX-0014281,CLI-02213,SISTEMA,DEPOSITO_EFECTIVO,803.89,2026-05-17 00:18:22,0,ESTRUCTURACION_SMURFING_DETECTADA,,,,
TX-0032533,CLI-04996,SISTEMA,DEPOSITO_EFECTIVO,427.48,2026-05-17 00:20:22,0,ESTRUCTURACION_SMURFING_DETECTADA,,,,
TX-0021665,CLI-03350,SISTEMA,DEPOSITO_EFECTIVO,1523.67,2026-05-17 00:23:22,0,ESTRUCTURACION_SMURFING_DETECTADA,,,,
TX-0005229,CLI-00805,SISTEMA,DEPOSITO_EFECTIVO,1617.01,2026-05-17 00:35:22,0,ESTRUCTURACION_SMURFING_DETECTADA,,,,
TX-0021041,CLI-03256,SISTEMA,DEPOSITO_EFECTIVO,237.15,2026-05-17 00:39:22,0,ESTRUCTURACION_SMURFING_DETECTADA,,,,
TX-0001155,CLI-00174,SISTEMA,DEPOSITO_EFECTIVO,7890.92,2026-05-17 01:11:22,0,ESTRUCTURACION_SMURFING_DETECTADA,,,,
TX-0015106,CLI-02340,SISTEMA,DEPOSITO_EFECTIVO,785.67,2026-05-17 01:19:22,0,ESTRUCTURACION_SMURFING_DETECTADA,,,,
TX-0011082,CLI-01707,SISTEMA,DEPOSITO_EFECTIVO,2100.76,2026-05-17 01:26:22,0,ESTRUCTURACION_SMURFING_DETECTADA,,,,
TX-0002557,CLI-00386,SISTEMA,DEPOSITO_EFECTIVO,6019.74,2026-05-17 01:30:22,0,ESTRUCTURACION_SMURFING_DETECTADA,,,,
TX-0002239,CLI-00337,SISTEMA,DEPOSITO_EFECTIVO,7235.16,2026-05-17 01:32:22,0,ESTRUCTURACION_SMURFING_DETECTADA,,,,
TX-0012643,CLI-01952,SISTEMA,DEPOSITO_EFECTIVO,5829.58,2026-05-17 01:32:22,0,ESTRUCTURACION_SMURFING_DETECTADA,,,,
TX-0002848,CLI-00432,SISTEMA,DEPOSITO_EFECTIVO,2117.42,2026-05-17 01:48:22,0,ESTRUCTURACION_SMURFING_DETECTADA,,,,
TX-0025090,CLI-03873,SISTEMA,DEPOSITO_EFECTIVO,6227.9,2026-05-17 01:49:22,0,ESTRUCTURACION_SMURFING_DETECTADA,,,,
TX-0029870,CLI-04602,SISTEMA,DEPOSITO_EFECTIVO,1468.02,2026-05-17 01:51:22,0,ESTRUCTURACION_SMURFING_DETECTADA,,,,
TX-0008263,CLI-01271,SISTEMA,DEPOSITO_EFECTIVO,1077.46,2026-05-17 01:55:22,0,ESTRUCTURACION_SMURFING_DETECTADA,,,,
TX-0025389,CLI-03919,SISTEMA,DEPOSITO_EFECTIVO,1403.13,2026-05-17 01:56:22,0,ESTRUCTURACION_SMURFING_DETECTADA,,,,
TX-0000901,CLI-00137,SISTEMA,DEPOSITO_EFECTIVO,988.92,2026-05-17 02:03:22,0,ESTRUCTURACION_SMURFING_DETECTADA,,,,
TX-0007191,CLI-01111,SISTEMA,DEPOSITO_EFECTIVO,1573.29,2026-05-17 02:10:22,0,ESTRUCTURACION_SMURFING_DETECTADA,,,,
TX-0012049,CLI-01859,SISTEMA,DEPOSITO_EFECTIVO,1040.29,2026-05-17 02:17:22,0,ESTRUCTURACION_SMURFING_DETECTADA,,,,
TX-0012390,CLI-01911,SISTEMA,DEPOSITO_EFECTIVO,4694.88,2026-05-17 02:31:22,0,ESTRUCTURACION_SMURFING_DETECTADA,,,,
TX-0010644,CLI-01638,SISTEMA,DEPOSITO_EFECTIVO,4989.61,2026-05-17 02:33:22,0,ESTRUCTURACION_SMURFING_DETECTADA,,,,
TX-0000923,CLI-00141,SISTEMA,DEPOSITO_EFECTIVO,2287.06,2026-05-17 02:50:22,0,ESTRUCTURACION_SMURFING_DETECTADA,,,,
TX-0024064,CLI-03716,SISTEMA,DEPOSITO_EFECTIVO,9020.09,2026-05-17 02:58:22,0,ESTRUCTURACION_SMURFING_DETECTADA,,,,
TX-0010571,CLI-01624,SISTEMA,DEPOSITO_EFECTIVO,167.85,2026-05-17 03:11:22,0,ESTRUCTURACION_SMURFING_DETECTADA,,,,
TX-0027417,CLI-04227,SISTEMA,DEPOSITO_EFECTIVO,1862.46,2026-05-17 03:35:22,0,ESTRUCTURACION_SMURFING_DETECTADA,,,,
TX-0018492,CLI-02861,SISTEMA,DEPOSITO_EFECTIVO,417.11,2026-05-17 03:39:22,0,ESTRUCTURACION_SMURFING_DETECTADA,,,,
TX-0004346,CLI-00665,SISTEMA,DEPOSITO_EFECTIVO,3115.5,2026-05-17 03:54:22,0,ESTRUCTURACION_SMURFING_DETECTADA,,,,
TX-0014666,CLI-02273,SISTEMA,DEPOSITO_EFECTIVO,588.26,2026-05-17 04:00:22,0,ESTRUCTURACION_SMURFING_DETECTADA,,,,
TX-0008196,CLI-01262,SISTEMA,DEPOSITO_EFECTIVO,153.12,2026-05-17 04:08:22,0,ESTRUCTURACION_SMURFING_DETECTADA,,,,
TX-0023995,CLI-03705,SISTEMA,DEPOSITO_EFECTIVO,232.35,2026-05-17 04:21:22,0,ESTRUCTURACION_SMURFING_DETECTADA,,,,
TX-0003198,CLI-00485,SISTEMA,DEPOSITO_EFECTIVO,257.39,2026-05-17 04:26:22,0,ESTRUCTURACION_SMURFING_DETECTADA,,,,
TX-0009149,CLI-01406,SISTEMA,DEPOSITO_EFECTIVO,2047.29,2026-05-17 04:33:22,0,ESTRUCTURACION_SMURFING_DETECTADA,,,,
TX-0030646,CLI-04718,SISTEMA,DEPOSITO_EFECTIVO,2714.69,2026-05-17 04:35:22,0,ESTRUCTURACION_SMURFING_DETECTADA,,,,
TX-0019969,CLI-03097,SISTEMA,DEPOSITO_EFECTIVO,4257.3,2026-05-17 04:38:22,0,ESTRUCTURACION_SMURFING_DETECTADA,,,,
TX-0025149,CLI-03881,SISTEMA,DEPOSITO_EFECTIVO,7128.15,2026-05-17 04:44:22,0,ESTRUCTURACION_SMURFING_DETECTADA,,,,
TX-0030487,CLI-04692,SISTEMA,DEPOSITO_EFECTIVO,388.52,2026-05-17 04:51:22,0,ESTRUCTURACION_SMURFING_DETECTADA,,,,
TX-0012372,CLI-01909,SISTEMA,DEPOSITO_EFECTIVO,670.11,2026-05-17 04:58:22,0,ESTRUCTURACION_SMURFING_DETECTADA,,,,
TX-0023674,CLI-03659,SISTEMA,DEPOSITO_EFECTIVO,101.3,2026-05-17 05:24:22,0,ESTRUCTURACION_SMURFING_DETECTADA,,,,
TX-0005066,CLI-00782,SISTEMA,DEPOSITO_EFECTIVO,195.61,2026-05-17 05:29:22,0,ESTRUCTURACION_SMURFING_DETECTADA,,,,
TX-0019751,CLI-03060,SISTEMA,DEPOSITO_EFECTIVO,8932.56,2026-05-17 05:30:22,0,ESTRUCTURACION_SMURFING_DETECTADA,,,,
TX-0025052,CLI-03865,SISTEMA,DEPOSITO_EFECTIVO,184.93,2026-05-17 05:31:22,0,ESTRUCTURACION_SMURFING_DETECTADA,,,,
TX-0014832,CLI-02302,SISTEMA,DEPOSITO_EFECTIVO,306.64,2026-05-17 05:52:22,0,ESTRUCTURACION_SMURFING_DETECTADA,,,,
TX-0022074,CLI-03411,SISTEMA,DEPOSITO_EFECTIVO,2623.8,2026-05-17 06:00:22,0,ESTRUCTURACION_SMURFING_DETECTADA,,,,
TX-0004009,CLI-00611,SISTEMA,DEPOSITO_EFECTIVO,1280.57,2026-05-17 06:06:22,0,ESTRUCTURACION_SMURFING_DETECTADA,,,,
TX-0010565,CLI-01624,SISTEMA,DEPOSITO_EFECTIVO,266.02,2026-05-17 06:09:22,0,ESTRUCTURACION_SMURFING_DETECTADA,,,,
TX-0024213,CLI-03738,SISTEMA,DEPOSITO_EFECTIVO,8741.85,2026-05-17 06:13:22,0,ESTRUCTURACION_SMURFING_DETECTADA,,,,
TX-0028801,CLI-04433,SISTEMA,DEPOSITO_EFECTIVO,207.11,2026-05-17 06:14:22,0,ESTRUCTURACION_SMURFING_DETECTADA,,,,
TX-0030623,CLI-04714,SISTEMA,DEPOSITO_EFECTIVO,10247.37,2026-05-17 06:22:22,0,ESTRUCTURACION_SMURFING_DETECTADA,,,,
TX-0017317,CLI-02683,SISTEMA,DEPOSITO_EFECTIVO,556.82,2026-05-17 06:38:22,0,ESTRUCTURACION_SMURFING_DETECTADA,,,,
TX-0021603,CLI-03342,SISTEMA,DEPOSITO_EFECTIVO,613.57,2026-05-17 06:42:22,0,ESTRUCTURACION_SMURFING_DETECTADA,,,,
TX-0008044,CLI-01239,SISTEMA,DEPOSITO_EFECTIVO,2032.63,2026-05-17 06:48:22,0,ESTRUCTURACION_SMURFING_DETECTADA,,,,
TX-0013331,CLI-02064,SISTEMA,DEPOSITO_EFECTIVO,2505.64,2026-05-17 07:12:22,0,ESTRUCTURACION_SMURFING_DETECTADA,,,,
TX-0015186,CLI-02351,SISTEMA,DEPOSITO_EFECTIVO,2378.08,2026-05-17 07:29:22,0,ESTRUCTURACION_SMURFING_DETECTADA,,,,
TX-0027016,CLI-04163,SISTEMA,DEPOSITO_EFECTIVO,826.43,2026-05-17 07:47:22,0,ESTRUCTURACION_SMURFING_DETECTADA,,,,
TX-0005132,CLI-00792,SISTEMA,DEPOSITO_EFECTIVO,228.02,2026-05-17 07:51:22,0,ESTRUCTURACION_SMURFING_DETECTADA,,,,
TX-0015057,CLI-02333,SISTEMA,DEPOSITO_EFECTIVO,563.42,2026-05-17 07:52:22,0,ESTRUCTURACION_SMURFING_DETECTADA,,,,
TX-0013753,CLI-02132,SISTEMA,DEPOSITO_EFECTIVO,2847.52,2026-05-17 08:23:22,0,ESTRUCTURACION_SMURFING_DETECTADA,,,,
TX-0027535,CLI-04245,SISTEMA,DEPOSITO_EFECTIVO,703.87,2026-05-17 08:27:22,0,ESTRUCTURACION_SMURFING_DETECTADA,,,,
TX-0013638,CLI-02114,SISTEMA,DEPOSITO_EFECTIVO,399.8,2026-05-17 08:33:22,0,ESTRUCTURACION_SMURFING_DETECTADA,,,,
TX-0024504,CLI-03782,SISTEMA,DEPOSITO_EFECTIVO,842.04,2026-05-17 08:46:22,0,ESTRUCTURACION_SMURFING_DETECTADA,,,,
TX-0002396,CLI-00363,SISTEMA,DEPOSITO_EFECTIVO,8210.39,2026-05-17 08:49:22,0,ESTRUCTURACION_SMURFING_DETECTADA,,,,
TX-0015356,CLI-02381,SISTEMA,DEPOSITO_EFECTIVO,2672.02,2026-05-17 08:52:22,0,ESTRUCTURACION_SMURFING_DETECTADA,,,,
TX-0013437,CLI-02082,SISTEMA,DEPOSITO_EFECTIVO,5127.63,2026-05-17 08:58:22,0,ESTRUCTURACION_SMURFING_DETECTADA,,,,
TX-0006418,CLI-00989,SISTEMA,DEPOSITO_EFECTIVO,1187.69,2026-05-17 09:11:22,0,ESTRUCTURACION_SMURFING_DETECTADA,,,,
TX-0011780,CLI-01817,SISTEMA,DEPOSITO_EFECTIVO,456.06,2026-05-17 09:19:22,0,ESTRUCTURACION_SMURFING_DETECTADA,,,,
TX-0011114,CLI-01713,SISTEMA,DEPOSITO_EFECTIVO,2418.19,2026-05-17 09:24:22,0,ESTRUCTURACION_SMURFING_DETECTADA,,,,
TX-0028377,CLI-04367,SISTEMA,DEPOSITO_EFECTIVO,65.94,2026-05-17 09:27:22,0,ESTRUCTURACION_SMURFING_DETECTADA,,,,
TX-0016051,CLI-02483,SISTEMA,DEPOSITO_EFECTIVO,6652.43,2026-05-17 09:51:22,0,ESTRUCTURACION_SMURFING_DETECTADA,,,,
TX-0023618,CLI-03649,SISTEMA,DEPOSITO_EFECTIVO,5196.32,2026-05-17 10:01:22,0,ESTRUCTURACION_SMURFING_DETECTADA,,,,
TX-0006360,CLI-00981,SISTEMA,DEPOSITO_EFECTIVO,8697.95,2026-05-17 10:02:22,0,ESTRUCTURACION_SMURFING_DETECTADA,,,,
TX-0006986,CLI-01078,SISTEMA,DEPOSITO_EFECTIVO,1589.33,2026-05-17 10:03:22,0,ESTRUCTURACION_SMURFING_DETECTADA,,,,
TX-0007755,CLI-01191,SISTEMA,DEPOSITO_EFECTIVO,626.74,2026-05-17 10:08:22,0,ESTRUCTURACION_SMURFING_DETECTADA,,,,
TX-0002142,CLI-00321,SISTEMA,DEPOSITO_EFECTIVO,8937.27,2026-05-17 10:11:22,0,ESTRUCTURACION_SMURFING_DETECTADA,,,,
TX-0006296,CLI-00970,SISTEMA,DEPOSITO_EFECTIVO,181.58,2026-05-17 10:20:22,0,ESTRUCTURACION_SMURFING_DETECTADA,,,,
TX-0020921,CLI-03239,SISTEMA,DEPOSITO_EFECTIVO,1586.73,2026-05-17 10:38:22,0,ESTRUCTURACION_SMURFING_DETECTADA,,,,
TX-0005545,CLI-00851,SISTEMA,DEPOSITO_EFECTIVO,264.16,2026-05-17 10:56:22,0,ESTRUCTURACION_SMURFING_DETECTADA,,,,
TX-0002941,CLI-00447,SISTEMA,DEPOSITO_EFECTIVO,1041.77,2026-05-17 11:10:22,0,ESTRUCTURACION_SMURFING_DETECTADA,,,,
TX-0019966,CLI-03096,SISTEMA,DEPOSITO_EFECTIVO,4803.75,2026-05-17 11:11:22,0,ESTRUCTURACION_SMURFING_DETECTADA,,,,
TX-0028499,CLI-04386,SISTEMA,DEPOSITO_EFECTIVO,847.81,2026-05-17 11:29:22,0,ESTRUCTURACION_SMURFING_DETECTADA,,,,
TX-0027168,CLI-04188,SISTEMA,DEPOSITO_EFECTIVO,3334.71,2026-05-17 11:29:22,0,ESTRUCTURACION_SMURFING_DETECTADA,,,,
TX-0015881,CLI-02458,SISTEMA,DEPOSITO_EFECTIVO,7098.69,2026-05-17 11:34:22,0,ESTRUCTURACION_SMURFING_DETECTADA,,,,
TX-0023962,CLI-03701,SISTEMA,DEPOSITO_EFECTIVO,11200.72,2026-05-17 11:37:22,0,ESTRUCTURACION_SMURFING_DETECTADA,,,,
TX-0016446,CLI-02548,SISTEMA,DEPOSITO_EFECTIVO,2062.06,2026-05-17 11:44:22,0,ESTRUCTURACION_SMURFING_DETECTADA,,,,
TX-0009238,CLI-01419,SISTEMA,DEPOSITO_EFECTIVO,4681.57,2026-05-17 11:45:22,0,ESTRUCTURACION_SMURFING_DETECTADA,,,,
TX-0014759,CLI-02290,SISTEMA,DEPOSITO_EFECTIVO,7094.94,2026-05-17 11:49:22,0,ESTRUCTURACION_SMURFING_DETECTADA,,,,
TX-0002270,CLI-00343,SISTEMA,DEPOSITO_EFECTIVO,8643.47,2026-05-17 12:08:22,0,ESTRUCTURACION_SMURFING_DETECTADA,,,,
TX-0023751,CLI-03671,SISTEMA,DEPOSITO_EFECTIVO,106.55,2026-05-17 12:15:22,0,ESTRUCTURACION_SMURFING_DETECTADA,,,,
TX-0011361,CLI-01750,SISTEMA,DEPOSITO_EFECTIVO,9860.3,2026-05-17 12:18:22,0,ESTRUCTURACION_SMURFING_DETECTADA,,,,
TX-0016672,CLI-02583,SISTEMA,DEPOSITO_EFECTIVO,2075.4,2026-05-17 12:18:22,0,ESTRUCTURACION_SMURFING_DETECTADA,,,,
TX-0001603,CLI-00242,SISTEMA,DEPOSITO_EFECTIVO,2367.82,2026-05-17 12:20:22,0,ESTRUCTURACION_SMURFING_DETECTADA,,,,
TX-0031028,CLI-04775,SISTEMA,DEPOSITO_EFECTIVO,775.05,2026-05-17 12:32:22,0,ESTRUCTURACION_SMURFING_DETECTADA,,,,
TX-0025990,CLI-04007,SISTEMA,DEPOSITO_EFECTIVO,159.34,2026-05-17 12:40:22,0,ESTRUCTURACION_SMURFING_DETECTADA,,,,
TX-0006075,CLI-00935,SISTEMA,DEPOSITO_EFECTIVO,7265.3,2026-05-17 12:56:22,0,ESTRUCTURACION_SMURFING_DETECTADA,,,,
TX-0002414,CLI-00365,SISTEMA,DEPOSITO_EFECTIVO,106.47,2026-05-17 13:00:22,0,ESTRUCTURACION_SMURFING_DETECTADA,,,,
TX-0013688,CLI-02122,SISTEMA,DEPOSITO_EFECTIVO,5410.81,2026-05-17 13:04:22,0,ESTRUCTURACION_SMURFING_DETECTADA,,,,
TX-0029889,CLI-04604,SISTEMA,DEPOSITO_EFECTIVO,355.03,2026-05-17 13:25:22,0,ESTRUCTURACION_SMURFING_DETECTADA,,,,
TX-0003774,CLI-00572,SISTEMA,DEPOSITO_EFECTIVO,7172.42,2026-05-17 13:28:22,0,ESTRUCTURACION_SMURFING_DETECTADA,,,,
TX-0001026,CLI-00156,SISTEMA,DEPOSITO_EFECTIVO,1167.67,2026-05-17 13:31:22,0,ESTRUCTURACION_SMURFING_DETECTADA,,,,
TX-0017583,CLI-02723,SISTEMA,DEPOSITO_EFECTIVO,5006.34,2026-05-17 13:43:22,0,ESTRUCTURACION_SMURFING_DETECTADA,,,,
TX-0000327,CLI-00050,SISTEMA,DEPOSITO_EFECTIVO,447.06,2026-05-17 13:49:22,0,ESTRUCTURACION_SMURFING_DETECTADA,,,,
TX-0008582,CLI-01318,SISTEMA,DEPOSITO_EFECTIVO,4711.22,2026-05-17 14:14:22,0,ESTRUCTURACION_SMURFING_DETECTADA,,,,
TX-0023368,CLI-03610,SISTEMA,DEPOSITO_EFECTIVO,5803.13,2026-05-17 14:38:22,0,ESTRUCTURACION_SMURFING_DETECTADA,,,,
TX-0027137,CLI-04182,SISTEMA,DEPOSITO_EFECTIVO,4770.1,2026-05-17 14:51:22,0,ESTRUCTURACION_SMURFING_DETECTADA,,,,
TX-0018109,CLI-02802,SISTEMA,DEPOSITO_EFECTIVO,1534.09,2026-05-17 14:57:22,0,ESTRUCTURACION_SMURFING_DETECTADA,,,,
TX-0027614,CLI-04255,SISTEMA,DEPOSITO_EFECTIVO,1949.15,2026-05-17 15:03:22,0,ESTRUCTURACION_SMURFING_DETECTADA,,,,
TX-0002528,CLI-00382,SISTEMA,DEPOSITO_EFECTIVO,909.32,2026-05-17 15:06:22,0,ESTRUCTURACION_SMURFING_DETECTADA,,,,
TX-0032405,CLI-04977,SISTEMA,DEPOSITO_EFECTIVO,2708.58,2026-05-17 15:12:22,0,ESTRUCTURACION_SMURFING_DETECTADA,,,,
TX-0020407,CLI-03162,SISTEMA,DEPOSITO_EFECTIVO,132.82,2026-05-17 15:19:22,0,ESTRUCTURACION_SMURFING_DETECTADA,,,,
TX-0030508,CLI-04694,SISTEMA,DEPOSITO_EFECTIVO,213.2,2026-05-17 15:38:22,0,ESTRUCTURACION_SMURFING_DETECTADA,,,,
TX-0001836,CLI-00274,SISTEMA,DEPOSITO_EFECTIVO,316.92,2026-05-17 15:44:22,0,ESTRUCTURACION_SMURFING_DETECTADA,,,,
TX-0018558,CLI-02870,SISTEMA,DEPOSITO_EFECTIVO,4393.41,2026-05-17 16:02:22,0,ESTRUCTURACION_SMURFING_DETECTADA,,,,
TX-0012069,CLI-01862,SISTEMA,DEPOSITO_EFECTIVO,856.83,2026-05-17 16:09:22,0,ESTRUCTURACION_SMURFING_DETECTADA,,,,
TX-0007105,CLI-01097,SISTEMA,DEPOSITO_EFECTIVO,833.06,2026-05-17 16:17:22,0,ESTRUCTURACION_SMURFING_DETECTADA,,,,
TX-0018527,CLI-02865,SISTEMA,DEPOSITO_EFECTIVO,5958.14,2026-05-17 16:21:22,0,ESTRUCTURACION_SMURFING_DETECTADA,,,,
TX-0027018,CLI-04164,SISTEMA,DEPOSITO_EFECTIVO,290.75,2026-05-17 16:21:22,0,ESTRUCTURACION_SMURFING_DETECTADA,,,,
TX-0005818,CLI-00892,SISTEMA,DEPOSITO_EFECTIVO,8944.43,2026-05-17 16:29:22,0,ESTRUCTURACION_SMURFING_DETECTADA,,,,
TX-0013692,CLI-02122,SISTEMA,DEPOSITO_EFECTIVO,4417.49,2026-05-17 16:32:22,0,ESTRUCTURACION_SMURFING_DETECTADA,,,,
TX-0016116,CLI-02493,SISTEMA,DEPOSITO_EFECTIVO,367.81,2026-05-17 16:46:22,0,ESTRUCTURACION_SMURFING_DETECTADA,,,,
TX-0001843,CLI-00275,SISTEMA,DEPOSITO_EFECTIVO,2851.33,2026-05-17 16:53:22,0,ESTRUCTURACION_SMURFING_DETECTADA,,,,
TX-0018336,CLI-02839,SISTEMA,DEPOSITO_EFECTIVO,354.76,2026-05-17 17:00:22,0,ESTRUCTURACION_SMURFING_DETECTADA,,,,
TX-0003795,CLI-00575,SISTEMA,DEPOSITO_EFECTIVO,156.04,2026-05-17 17:23:22,0,ESTRUCTURACION_SMURFING_DETECTADA,,,,
TX-0020558,CLI-03186,SISTEMA,DEPOSITO_EFECTIVO,561.03,2026-05-17 17:28:22,0,ESTRUCTURACION_SMURFING_DETECTADA,,,,
TX-0026715,CLI-04112,SISTEMA,DEPOSITO_EFECTIVO,7795.29,2026-05-17 17:51:22,0,ESTRUCTURACION_SMURFING_DETECTADA,,,,
TX-0005820,CLI-00892,SISTEMA,DEPOSITO_EFECTIVO,2518.53,2026-05-17 18:03:22,0,ESTRUCTURACION_SMURFING_DETECTADA,,,,
TX-0004481,CLI-00685,SISTEMA,DEPOSITO_EFECTIVO,787.52,2026-05-17 18:07:22,0,ESTRUCTURACION_SMURFING_DETECTADA,,,,
TX-0009197,CLI-01413,SISTEMA,DEPOSITO_EFECTIVO,4281.23,2026-05-17 18:07:22,0,ESTRUCTURACION_SMURFING_DETECTADA,,,,
TX-0029031,CLI-04470,SISTEMA,DEPOSITO_EFECTIVO,3008.97,2026-05-17 18:12:22,0,ESTRUCTURACION_SMURFING_DETECTADA,,,,
TX-0020989,CLI-03248,SISTEMA,DEPOSITO_EFECTIVO,533.32,2026-05-17 18:16:22,0,ESTRUCTURACION_SMURFING_DETECTADA,,,,
TX-0031880,CLI-04899,SISTEMA,DEPOSITO_EFECTIVO,978.63,2026-05-17 18:21:22,0,ESTRUCTURACION_SMURFING_DETECTADA,,,,
TX-0019928,CLI-03089,SISTEMA,DEPOSITO_EFECTIVO,323.05,2026-05-17 18:39:22,0,ESTRUCTURACION_SMURFING_DETECTADA,,,,
TX-0023207,CLI-03585,SISTEMA,DEPOSITO_EFECTIVO,11810.09,2026-05-17 18:47:22,0,ESTRUCTURACION_SMURFING_DETECTADA,,,,
TX-0013198,CLI-02041,SISTEMA,DEPOSITO_EFECTIVO,9732.65,2026-05-17 18:52:22,0,ESTRUCTURACION_SMURFING_DETECTADA,,,,
TX-0019745,CLI-03059,SISTEMA,DEPOSITO_EFECTIVO,813.1,2026-05-17 18:57:22,0,ESTRUCTURACION_SMURFING_DETECTADA,,,,
TX-0013268,CLI-02054,SISTEMA,DEPOSITO_EFECTIVO,1054.09,2026-05-17 19:02:22,0,ESTRUCTURACION_SMURFING_DETECTADA,,,,
TX-0003035,CLI-00461,SISTEMA,DEPOSITO_EFECTIVO,180.44,2026-05-17 19:10:22,0,ESTRUCTURACION_SMURFING_DETECTADA,,,,
TX-0003429,CLI-00519,SISTEMA,DEPOSITO_EFECTIVO,7554.38,2026-05-17 19:13:22,0,ESTRUCTURACION_SMURFING_DETECTADA,,,,
TX-0001732,CLI-00260,SISTEMA,DEPOSITO_EFECTIVO,1309.42,2026-05-17 19:16:22,0,ESTRUCTURACION_SMURFING_DETECTADA,,,,
TX-0004270,CLI-00653,SISTEMA,DEPOSITO_EFECTIVO,7422.62,2026-05-17 19:16:22,0,ESTRUCTURACION_SMURFING_DETECTADA,,,,
TX-0022448,CLI-03469,SISTEMA,DEPOSITO_EFECTIVO,163.62,2026-05-17 19:19:22,0,ESTRUCTURACION_SMURFING_DETECTADA,,,,
TX-0027390,CLI-04223,SISTEMA,DEPOSITO_EFECTIVO,1023.06,2026-05-17 19:31:22,0,ESTRUCTURACION_SMURFING_DETECTADA,,,,
TX-0000555,CLI-00085,SISTEMA,DEPOSITO_EFECTIVO,9309.44,2026-05-17 19:33:22,0,ESTRUCTURACION_SMURFING_DETECTADA,,,,
TX-0012877,CLI-01991,SISTEMA,DEPOSITO_EFECTIVO,454.0,2026-05-17 19:35:22,0,ESTRUCTURACION_SMURFING_DETECTADA,,,,
TX-0009184,CLI-01411,SISTEMA,DEPOSITO_EFECTIVO,8518.12,2026-05-17 19:40:22,0,ESTRUCTURACION_SMURFING_DETECTADA,,,,
TX-0029715,CLI-04576,SISTEMA,DEPOSITO_EFECTIVO,2882.1,2026-05-17 20:06:22,0,ESTRUCTURACION_SMURFING_DETECTADA,,,,
TX-0004071,CLI-00621,SISTEMA,DEPOSITO_EFECTIVO,292.24,2026-05-17 20:18:22,0,ESTRUCTURACION_SMURFING_DETECTADA,,,,
TX-0028122,CLI-04330,SISTEMA,DEPOSITO_EFECTIVO,532.63,2026-05-17 20:22:22,0,ESTRUCTURACION_SMURFING_DETECTADA,,,,
TX-0000166,CLI-00024,SISTEMA,DEPOSITO_EFECTIVO,1566.98,2026-05-17 20:23:22,0,ESTRUCTURACION_SMURFING_DETECTADA,,,,
TX-0031629,CLI-04864,SISTEMA,DEPOSITO_EFECTIVO,182.46,2026-05-17 20:32:22,0,ESTRUCTURACION_SMURFING_DETECTADA,,,,
TX-0026018,CLI-04010,SISTEMA,DEPOSITO_EFECTIVO,354.53,2026-05-17 20:45:22,0,ESTRUCTURACION_SMURFING_DETECTADA,,,,
TX-0015911,CLI-02464,SISTEMA,DEPOSITO_EFECTIVO,1451.96,2026-05-17 20:46:22,0,ESTRUCTURACION_SMURFING_DETECTADA,,,,
TX-0018378,CLI-02844,SISTEMA,DEPOSITO_EFECTIVO,5028.46,2026-05-17 20:54:22,0,ESTRUCTURACION_SMURFING_DETECTADA,,,,
TX-0014679,CLI-02276,SISTEMA,DEPOSITO_EFECTIVO,2969.15,2026-05-17 21:05:22,0,ESTRUCTURACION_SMURFING_DETECTADA,,,,
TX-0026329,CLI-04056,SISTEMA,DEPOSITO_EFECTIVO,3905.71,2026-05-17 21:09:22,0,ESTRUCTURACION_SMURFING_DETECTADA,,,,
TX-0010453,CLI-01604,SISTEMA,DEPOSITO_EFECTIVO,1002.09,2026-05-17 21:10:22,0,ESTRUCTURACION_SMURFING_DETECTADA,,,,
TX-0024959,CLI-03852,SISTEMA,DEPOSITO_EFECTIVO,6360.13,2026-05-17 21:17:22,0,ESTRUCTURACION_SMURFING_DETECTADA,,,,
TX-0025679,CLI-03961,SISTEMA,DEPOSITO_EFECTIVO,513.97,2026-05-17 21:19:22,0,ESTRUCTURACION_SMURFING_DETECTADA,,,,
TX-0001194,CLI-00180,SISTEMA,DEPOSITO_EFECTIVO,1017.78,2026-05-17 21:21:22,0,ESTRUCTURACION_SMURFING_DETECTADA,,,,
TX-0011908,CLI-01835,SISTEMA,DEPOSITO_EFECTIVO,2487.47,2026-05-17 21:26:22,0,ESTRUCTURACION_SMURFING_DETECTADA,,,,
TX-0007202,CLI-01112,SISTEMA,DEPOSITO_EFECTIVO,6322.24,2026-05-17 21:27:22,0,ESTRUCTURACION_SMURFING_DETECTADA,,,,
TX-0000412,CLI-00063,SISTEMA,DEPOSITO_EFECTIVO,1535.88,2026-05-17 21:31:22,0,ESTRUCTURACION_SMURFING_DETECTADA,,,,
TX-0001520,CLI-00229,SISTEMA,DEPOSITO_EFECTIVO,571.03,2026-05-17 21:31:22,0,ESTRUCTURACION_SMURFING_DETECTADA,,,,
TX-0019579,CLI-03037,SISTEMA,DEPOSITO_EFECTIVO,13385.98,2026-05-17 21:32:22,0,ESTRUCTURACION_SMURFING_DETECTADA,,,,
TX-0026093,CLI-04023,SISTEMA,DEPOSITO_EFECTIVO,133.84,2026-05-17 21:34:22,0,ESTRUCTURACION_SMURFING_DETECTADA,,,,
TX-0011233,CLI-01731,SISTEMA,DEPOSITO_EFECTIVO,2374.74,2026-05-17 21:41:22,0,ESTRUCTURACION_SMURFING_DETECTADA,,,,
TX-0000592,CLI-00090,SISTEMA,DEPOSITO_EFECTIVO,215.29,2026-05-17 21:41:22,0,ESTRUCTURACION_SMURFING_DETECTADA,,,,
TX-0005853,CLI-00898,SISTEMA,DEPOSITO_EFECTIVO,164.31,2026-05-17 21:57:22,0,ESTRUCTURACION_SMURFING_DETECTADA,,,,
TX-0022339,CLI-03453,SISTEMA,DEPOSITO_EFECTIVO,1717.75,2026-05-17 22:08:22,0,ESTRUCTURACION_SMURFING_DETECTADA,,,,
TX-0031301,CLI-04814,SISTEMA,DEPOSITO_EFECTIVO,12241.46,2026-05-17 22:28:22,0,ESTRUCTURACION_SMURFING_DETECTADA,,,,
TX-0021943,CLI-03391,SISTEMA,DEPOSITO_EFECTIVO,1379.4,2026-05-17 22:40:22,0,ESTRUCTURACION_SMURFING_DETECTADA,,,,
TX-0011100,CLI-01711,SISTEMA,DEPOSITO_EFECTIVO,1934.6,2026-05-17 22:43:22,0,ESTRUCTURACION_SMURFING_DETECTADA,,,,
TX-0030433,CLI-04686,SISTEMA,DEPOSITO_EFECTIVO,2050.51,2026-05-17 22:46:22,0,ESTRUCTURACION_SMURFING_DETECTADA,,,,
TX-0011978,CLI-01845,SISTEMA,DEPOSITO_EFECTIVO,121.2,2026-05-17 22:47:22,0,ESTRUCTURACION_SMURFING_DETECTADA,,,,
TX-0011451,CLI-01765,SISTEMA,DEPOSITO_EFECTIVO,352.05,2026-05-17 22:47:22,0,ESTRUCTURACION_SMURFING_DETECTADA,,,,
TX-0027858,CLI-04290,SISTEMA,DEPOSITO_EFECTIVO,387.82,2026-05-17 22:52:22,0,ESTRUCTURACION_SMURFING_DETECTADA,,,,
TX-0000423,CLI-00066,SISTEMA,DEPOSITO_EFECTIVO,2195.18,2026-05-17 23:16:22,0,ESTRUCTURACION_SMURFING_DETECTADA,,,,
TX-0016860,CLI-02612,SISTEMA,DEPOSITO_EFECTIVO,315.8,2026-05-17 23:29:22,0,ESTRUCTURACION_SMURFING_DETECTADA,,,,
TX-0011754,CLI-01814,SISTEMA,DEPOSITO_EFECTIVO,7275.92,2026-05-17 23:36:22,0,ESTRUCTURACION_SMURFING_DETECTADA,,,,
TX-0011324,CLI-01744,SISTEMA,DEPOSITO_EFECTIVO,4708.42,2026-05-17 23:37:22,0,ESTRUCTURACION_SMURFING_DETECTADA,,,,
TX-0026460,CLI-04074,SISTEMA,DEPOSITO_EFECTIVO,668.04,2026-05-17 23:39:22,0,ESTRUCTURACION_SMURFING_DETECTADA,,,,
TX-0018450,CLI-02856,SISTEMA,DEPOSITO_EFECTIVO,2237.81,2026-05-17 23:47:22,0,ESTRUCTURACION_SMURFING_DETECTADA,,,,
TX-0029951,CLI-04613,SISTEMA,DEPOSITO_EFECTIVO,3417.49,2026-05-17 23:50:22,0,ESTRUCTURACION_SMURFING_DETECTADA,,,,
TX-0020089,CLI-03113,SISTEMA,DEPOSITO_EFECTIVO,2832.54,2026-05-17 23:53:22,0,ESTRUCTURACION_SMURFING_DETECTADA,,,,
TX-0000206,CLI-00030,SISTEMA,DEPOSITO_EFECTIVO,7796.64,2026-05-18 00:33:22,0,ESTRUCTURACION_SMURFING_DETECTADA,,,,
TX-0019043,CLI-02947,SISTEMA,DEPOSITO_EFECTIVO,4729.76,2026-05-18 00:59:22,0,ESTRUCTURACION_SMURFING_DETECTADA,,,,
TX-0014917,CLI-02315,SISTEMA,DEPOSITO_EFECTIVO,3438.92,2026-05-18 01:03:22,0,ESTRUCTURACION_SMURFING_DETECTADA,,,,
TX-0017838,CLI-02761,SISTEMA,DEPOSITO_EFECTIVO,6822.57,2026-05-18 01:10:22,0,ESTRUCTURACION_SMURFING_DETECTADA,,,,
TX-0016621,CLI-02575,SISTEMA,DEPOSITO_EFECTIVO,174.02,2026-05-18 01:15:22,0,ESTRUCTURACION_SMURFING_DETECTADA,,,,
TX-0000354,CLI-00054,SISTEMA,DEPOSITO_EFECTIVO,3939.12,2026-05-18 01:26:22,0,ESTRUCTURACION_SMURFING_DETECTADA,,,,
TX-0014563,CLI-02258,SISTEMA,DEPOSITO_EFECTIVO,792.16,2026-05-18 01:27:22,0,ESTRUCTURACION_SMURFING_DETECTADA,,,,
TX-0019715,CLI-03053,SISTEMA,DEPOSITO_EFECTIVO,555.44,2026-05-18 01:38:22,0,ESTRUCTURACION_SMURFING_DETECTADA,,,,
TX-0023581,CLI-03643,SISTEMA,DEPOSITO_EFECTIVO,8579.06,2026-05-18 01:48:22,0,ESTRUCTURACION_SMURFING_DETECTADA,,,,
TX-0018572,CLI-02872,SISTEMA,DEPOSITO_EFECTIVO,1748.93,2026-05-18 01:52:22,0,ESTRUCTURACION_SMURFING_DETECTADA,,,,
TX-0005398,CLI-00830,SISTEMA,DEPOSITO_EFECTIVO,2414.2,2026-05-18 02:01:22,0,ESTRUCTURACION_SMURFING_DETECTADA,,,,
TX-0025070,CLI-03868,SISTEMA,DEPOSITO_EFECTIVO,435.61,2026-05-18 02:02:22,0,ESTRUCTURACION_SMURFING_DETECTADA,,,,
TX-0006826,CLI-01052,SISTEMA,DEPOSITO_EFECTIVO,2382.5,2026-05-18 02:11:22,0,ESTRUCTURACION_SMURFING_DETECTADA,,,,
TX-0023269,CLI-03595,SISTEMA,DEPOSITO_EFECTIVO,481.01,2026-05-18 02:27:22,0,ESTRUCTURACION_SMURFING_DETECTADA,,,,
TX-0008312,CLI-01280,SISTEMA,DEPOSITO_EFECTIVO,885.13,2026-05-18 02:32:22,0,ESTRUCTURACION_SMURFING_DETECTADA,,,,
TX-0020397,CLI-03160,SISTEMA,DEPOSITO_EFECTIVO,11142.24,2026-05-18 02:36:22,0,ESTRUCTURACION_SMURFING_DETECTADA,,,,
TX-0001525,CLI-00229,SISTEMA,DEPOSITO_EFECTIVO,1122.03,2026-05-18 02:37:22,0,ESTRUCTURACION_SMURFING_DETECTADA,,,,
TX-0027973,CLI-04307,SISTEMA,DEPOSITO_EFECTIVO,217.39,2026-05-18 02:42:22,0,ESTRUCTURACION_SMURFING_DETECTADA,,,,
TX-0026141,CLI-04030,SISTEMA,DEPOSITO_EFECTIVO,413.5,2026-05-18 02:57:22,0,ESTRUCTURACION_SMURFING_DETECTADA,,,,
TX-0017857,CLI-02764,SISTEMA,DEPOSITO_EFECTIVO,12757.6,2026-05-18 03:05:22,0,ESTRUCTURACION_SMURFING_DETECTADA,,,,
TX-0000924,CLI-00141,SISTEMA,DEPOSITO_EFECTIVO,1654.12,2026-05-18 03:21:22,0,ESTRUCTURACION_SMURFING_DETECTADA,,,,
TX-0026624,CLI-04100,SISTEMA,DEPOSITO_EFECTIVO,507.05,2026-05-18 03:29:22,0,ESTRUCTURACION_SMURFING_DETECTADA,,,,
TX-0019320,CLI-02993,SISTEMA,DEPOSITO_EFECTIVO,2969.02,2026-05-18 03:31:22,0,ESTRUCTURACION_SMURFING_DETECTADA,,,,
TX-0018708,CLI-02894,SISTEMA,DEPOSITO_EFECTIVO,14780.72,2026-05-18 03:34:22,0,ESTRUCTURACION_SMURFING_DETECTADA,,,,
TX-0021871,CLI-03379,SISTEMA,DEPOSITO_EFECTIVO,235.53,2026-05-18 03:52:22,0,ESTRUCTURACION_SMURFING_DETECTADA,,,,
TX-0013750,CLI-02132,SISTEMA,DEPOSITO_EFECTIVO,9153.89,2026-05-18 03:54:22,0,ESTRUCTURACION_SMURFING_DETECTADA,,,,
TX-0015055,CLI-02333,SISTEMA,DEPOSITO_EFECTIVO,122.27,2026-05-18 04:01:22,0,ESTRUCTURACION_SMURFING_DETECTADA,,,,
TX-0007099,CLI-01096,SISTEMA,DEPOSITO_EFECTIVO,3204.9,2026-05-18 04:03:22,0,ESTRUCTURACION_SMURFING_DETECTADA,,,,
TX-0023676,CLI-03660,SISTEMA,DEPOSITO_EFECTIVO,256.45,2026-05-18 04:04:22,0,ESTRUCTURACION_SMURFING_DETECTADA,,,,
TX-0001595,CLI-00241,SISTEMA,DEPOSITO_EFECTIVO,407.28,2026-05-18 04:09:22,0,ESTRUCTURACION_SMURFING_DETECTADA,,,,
TX-0021707,CLI-03355,SISTEMA,DEPOSITO_EFECTIVO,4475.21,2026-05-18 04:17:22,0,ESTRUCTURACION_SMURFING_DETECTADA,,,,
TX-0017216,CLI-02668,SISTEMA,DEPOSITO_EFECTIVO,2822.54,2026-05-18 04:21:22,0,ESTRUCTURACION_SMURFING_DETECTADA,,,,
TX-0025302,CLI-03904,SISTEMA,DEPOSITO_EFECTIVO,383.83,2026-05-18 04:26:22,0,ESTRUCTURACION_SMURFING_DETECTADA,,,,
TX-0013751,CLI-02132,SISTEMA,DEPOSITO_EFECTIVO,608.57,2026-05-18 04:36:22,0,ESTRUCTURACION_SMURFING_DETECTADA,,,,
TX-0030002,CLI-04622,SISTEMA,DEPOSITO_EFECTIVO,672.82,2026-05-18 04:38:22,0,ESTRUCTURACION_SMURFING_DETECTADA,,,,
TX-0004903,CLI-00759,SISTEMA,DEPOSITO_EFECTIVO,2319.82,2026-05-18 05:08:22,0,ESTRUCTURACION_SMURFING_DETECTADA,,,,
TX-0007330,CLI-01133,SISTEMA,DEPOSITO_EFECTIVO,4401.88,2026-05-18 05:11:22,0,ESTRUCTURACION_SMURFING_DETECTADA,,,,
TX-0020420,CLI-03163,SISTEMA,DEPOSITO_EFECTIVO,175.91,2026-05-18 05:46:22,0,ESTRUCTURACION_SMURFING_DETECTADA,,,,
TX-0015422,CLI-02388,SISTEMA,DEPOSITO_EFECTIVO,115.45,2026-05-18 05:57:22,0,ESTRUCTURACION_SMURFING_DETECTADA,,,,
TX-0006886,CLI-01061,SISTEMA,DEPOSITO_EFECTIVO,784.56,2026-05-18 06:07:22,0,ESTRUCTURACION_SMURFING_DETECTADA,,,,
TX-0021700,CLI-03354,SISTEMA,DEPOSITO_EFECTIVO,960.52,2026-05-18 06:32:22,0,ESTRUCTURACION_SMURFING_DETECTADA,,,,
TX-0000754,CLI-00117,SISTEMA,DEPOSITO_EFECTIVO,10187.22,2026-05-18 06:33:22,0,ESTRUCTURACION_SMURFING_DETECTADA,,,,
TX-0025069,CLI-03868,SISTEMA,DEPOSITO_EFECTIVO,611.55,2026-05-18 06:33:22,0,ESTRUCTURACION_SMURFING_DETECTADA,,,,
TX-0006775,CLI-01045,SISTEMA,DEPOSITO_EFECTIVO,3113.36,2026-05-18 06:46:22,0,ESTRUCTURACION_SMURFING_DETECTADA,,,,
TX-0004924,CLI-00762,SISTEMA,DEPOSITO_EFECTIVO,121.07,2026-05-18 06:51:22,0,ESTRUCTURACION_SMURFING_DETECTADA,,,,
TX-0029573,CLI-04553,SISTEMA,DEPOSITO_EFECTIVO,544.38,2026-05-18 06:52:22,0,ESTRUCTURACION_SMURFING_DETECTADA,,,,
TX-0011830,CLI-01823,SISTEMA,DEPOSITO_EFECTIVO,519.97,2026-05-18 07:02:22,0,ESTRUCTURACION_SMURFING_DETECTADA,,,,
TX-0026241,CLI-04043,SISTEMA,DEPOSITO_EFECTIVO,1018.47,2026-05-18 07:08:22,0,ESTRUCTURACION_SMURFING_DETECTADA,,,,
TX-0016983,CLI-02631,SISTEMA,DEPOSITO_EFECTIVO,758.36,2026-05-18 07:10:22,0,ESTRUCTURACION_SMURFING_DETECTADA,,,,
TX-0014162,CLI-02193,SISTEMA,DEPOSITO_EFECTIVO,185.43,2026-05-18 07:14:22,0,ESTRUCTURACION_SMURFING_DETECTADA,,,,
TX-0009323,CLI-01431,SISTEMA,DEPOSITO_EFECTIVO,1871.27,2026-05-18 07:14:22,0,ESTRUCTURACION_SMURFING_DETECTADA,,,,
TX-0013387,CLI-02074,SISTEMA,DEPOSITO_EFECTIVO,816.16,2026-05-18 07:15:22,0,ESTRUCTURACION_SMURFING_DETECTADA,,,,
TX-0005586,CLI-00858,SISTEMA,DEPOSITO_EFECTIVO,4830.95,2026-05-18 07:21:22,0,ESTRUCTURACION_SMURFING_DETECTADA,,,,
TX-0025198,CLI-03890,SISTEMA,DEPOSITO_EFECTIVO,4300.52,2026-05-18 07:26:22,0,ESTRUCTURACION_SMURFING_DETECTADA,,,,
TX-0017433,CLI-02702,SISTEMA,DEPOSITO_EFECTIVO,8926.47,2026-05-18 07:31:22,0,ESTRUCTURACION_SMURFING_DETECTADA,,,,
TX-0028019,CLI-04314,SISTEMA,DEPOSITO_EFECTIVO,14726.93,2026-05-18 07:39:22,0,ESTRUCTURACION_SMURFING_DETECTADA,,,,
TX-0030434,CLI-04686,SISTEMA,DEPOSITO_EFECTIVO,373.25,2026-05-18 07:43:22,0,ESTRUCTURACION_SMURFING_DETECTADA,,,,
TX-0030176,CLI-04649,SISTEMA,DEPOSITO_EFECTIVO,9574.93,2026-05-18 07:53:22,0,ESTRUCTURACION_SMURFING_DETECTADA,,,,
TX-0020441,CLI-03166,SISTEMA,DEPOSITO_EFECTIVO,1487.74,2026-05-18 07:54:22,0,ESTRUCTURACION_SMURFING_DETECTADA,,,,
TX-0025013,CLI-03859,SISTEMA,DEPOSITO_EFECTIVO,892.58,2026-05-18 07:54:22,0,ESTRUCTURACION_SMURFING_DETECTADA,,,,
TX-0003989,CLI-00608,SISTEMA,DEPOSITO_EFECTIVO,6644.61,2026-05-18 07:57:22,0,ESTRUCTURACION_SMURFING_DETECTADA,,,,
TX-0022597,CLI-03493,SISTEMA,DEPOSITO_EFECTIVO,4225.73,2026-05-18 08:01:22,0,ESTRUCTURACION_SMURFING_DETECTADA,,,,
TX-0026578,CLI-04092,SISTEMA,DEPOSITO_EFECTIVO,5137.2,2026-05-18 08:33:22,0,ESTRUCTURACION_SMURFING_DETECTADA,,,,
TX-0013071,CLI-02022,SISTEMA,DEPOSITO_EFECTIVO,11097.43,2026-05-18 09:00:22,0,ESTRUCTURACION_SMURFING_DETECTADA,,,,
TX-0010019,CLI-01540,SISTEMA,DEPOSITO_EFECTIVO,13732.79,2026-05-18 09:08:22,0,ESTRUCTURACION_SMURFING_DETECTADA,,,,
TX-0027117,CLI-04179,SISTEMA,DEPOSITO_EFECTIVO,628.8,2026-05-18 09:29:22,0,ESTRUCTURACION_SMURFING_DETECTADA,,,,
TX-0019880,CLI-03082,SISTEMA,DEPOSITO_EFECTIVO,442.12,2026-05-18 09:37:22,0,ESTRUCTURACION_SMURFING_DETECTADA,,,,
TX-0012505,CLI-01930,SISTEMA,DEPOSITO_EFECTIVO,133.29,2026-05-18 09:53:22,0,ESTRUCTURACION_SMURFING_DETECTADA,,,,
TX-0026029,CLI-04011,SISTEMA,DEPOSITO_EFECTIVO,118.65,2026-05-18 09:57:22,0,ESTRUCTURACION_SMURFING_DETECTADA,,,,
TX-0028022,CLI-04315,SISTEMA,DEPOSITO_EFECTIVO,5939.74,2026-05-18 09:59:22,0,ESTRUCTURACION_SMURFING_DETECTADA,,,,
TX-0003907,CLI-00595,SISTEMA,DEPOSITO_EFECTIVO,12746.77,2026-05-18 10:18:22,0,ESTRUCTURACION_SMURFING_DETECTADA,,,,
TX-0017573,CLI-02722,SISTEMA,DEPOSITO_EFECTIVO,1826.07,2026-05-18 10:22:22,0,ESTRUCTURACION_SMURFING_DETECTADA,,,,
TX-0008029,CLI-01237,SISTEMA,DEPOSITO_EFECTIVO,2012.35,2026-05-18 10:23:22,0,ESTRUCTURACION_SMURFING_DETECTADA,,,,
TX-0010756,CLI-01659,SISTEMA,DEPOSITO_EFECTIVO,6595.96,2026-05-18 11:00:22,0,ESTRUCTURACION_SMURFING_DETECTADA,,,,
TX-0018222,CLI-02821,SISTEMA,DEPOSITO_EFECTIVO,5276.05,2026-05-18 11:07:22,0,ESTRUCTURACION_SMURFING_DETECTADA,,,,
TX-0030139,CLI-04643,SISTEMA,DEPOSITO_EFECTIVO,2042.02,2026-05-18 11:11:22,0,ESTRUCTURACION_SMURFING_DETECTADA,,,,
TX-0009629,CLI-01480,SISTEMA,DEPOSITO_EFECTIVO,1335.6,2026-05-18 11:11:22,0,ESTRUCTURACION_SMURFING_DETECTADA,,,,
TX-0027107,CLI-04177,SISTEMA,DEPOSITO_EFECTIVO,9867.59,2026-05-18 11:19:22,0,ESTRUCTURACION_SMURFING_DETECTADA,,,,
TX-0019116,CLI-02959,SISTEMA,DEPOSITO_EFECTIVO,219.46,2026-05-18 11:19:22,0,ESTRUCTURACION_SMURFING_DETECTADA,,,,
TX-0020011,CLI-03103,SISTEMA,DEPOSITO_EFECTIVO,289.29,2026-05-18 11:23:22,0,ESTRUCTURACION_SMURFING_DETECTADA,,,,
TX-0020573,CLI-03188,SISTEMA,DEPOSITO_EFECTIVO,11473.36,2026-05-18 11:27:22,0,ESTRUCTURACION_SMURFING_DETECTADA,,,,
TX-0028583,CLI-04399,SISTEMA,DEPOSITO_EFECTIVO,8026.04,2026-05-18 11:29:22,0,ESTRUCTURACION_SMURFING_DETECTADA,,,,
TX-0027659,CLI-04262,SISTEMA,DEPOSITO_EFECTIVO,565.05,2026-05-18 11:30:22,0,ESTRUCTURACION_SMURFING_DETECTADA,,,,
TX-0026802,CLI-04128,SISTEMA,DEPOSITO_EFECTIVO,6087.16,2026-05-18 11:34:22,0,ESTRUCTURACION_SMURFING_DETECTADA,,,,
TX-0019086,CLI-02954,SISTEMA,DEPOSITO_EFECTIVO,4122.92,2026-05-18 11:47:22,0,ESTRUCTURACION_SMURFING_DETECTADA,,,,
TX-0023535,CLI-03636,SISTEMA,DEPOSITO_EFECTIVO,329.14,2026-05-18 11:53:22,0,ESTRUCTURACION_SMURFING_DETECTADA,,,,
TX-0026830,CLI-04132,SISTEMA,DEPOSITO_EFECTIVO,1203.81,2026-05-18 12:21:22,0,ESTRUCTURACION_SMURFING_DETECTADA,,,,
TX-0016794,CLI-02602,SISTEMA,DEPOSITO_EFECTIVO,516.6,2026-05-18 12:22:22,0,ESTRUCTURACION_SMURFING_DETECTADA,,,,
TX-0015002,CLI-02327,SISTEMA,DEPOSITO_EFECTIVO,3075.8,2026-05-18 12:33:22,0,ESTRUCTURACION_SMURFING_DETECTADA,,,,
TX-0010857,CLI-01672,SISTEMA,DEPOSITO_EFECTIVO,2116.2,2026-05-18 12:43:22,0,ESTRUCTURACION_SMURFING_DETECTADA,,,,
TX-0004798,CLI-00741,SISTEMA,DEPOSITO_EFECTIVO,7133.4,2026-05-18 13:01:22,0,ESTRUCTURACION_SMURFING_DETECTADA,,,,
TX-0001645,CLI-00249,SISTEMA,DEPOSITO_EFECTIVO,496.76,2026-05-18 13:01:22,0,ESTRUCTURACION_SMURFING_DETECTADA,,,,
TX-0006893,CLI-01062,SISTEMA,DEPOSITO_EFECTIVO,112.39,2026-05-18 13:18:22,0,ESTRUCTURACION_SMURFING_DETECTADA,,,,
TX-0016850,CLI-02611,SISTEMA,DEPOSITO_EFECTIVO,2278.78,2026-05-18 13:27:22,0,ESTRUCTURACION_SMURFING_DETECTADA,,,,
TX-0018228,CLI-02821,SISTEMA,DEPOSITO_EFECTIVO,7863.47,2026-05-18 13:29:22,0,ESTRUCTURACION_SMURFING_DETECTADA,,,,
TX-0014713,CLI-02281,SISTEMA,DEPOSITO_EFECTIVO,3405.54,2026-05-18 13:54:22,0,ESTRUCTURACION_SMURFING_DETECTADA,,,,
TX-0005446,CLI-00836,SISTEMA,DEPOSITO_EFECTIVO,337.34,2026-05-18 13:54:22,0,ESTRUCTURACION_SMURFING_DETECTADA,,,,
TX-0032088,CLI-04931,SISTEMA,DEPOSITO_EFECTIVO,1082.26,2026-05-18 13:55:22,0,ESTRUCTURACION_SMURFING_DETECTADA,,,,
TX-0027024,CLI-04164,SISTEMA,DEPOSITO_EFECTIVO,400.51,2026-05-18 14:29:22,0,ESTRUCTURACION_SMURFING_DETECTADA,,,,
TX-0030019,CLI-04625,SISTEMA,DEPOSITO_EFECTIVO,1146.11,2026-05-18 14:45:22,0,ESTRUCTURACION_SMURFING_DETECTADA,,,,
TX-0029138,CLI-04487,SISTEMA,DEPOSITO_EFECTIVO,12783.03,2026-05-18 14:49:22,0,ESTRUCTURACION_SMURFING_DETECTADA,,,,
TX-0011028,CLI-01699,SISTEMA,DEPOSITO_EFECTIVO,277.77,2026-05-18 14:51:22,0,ESTRUCTURACION_SMURFING_DETECTADA,,,,
TX-0008527,CLI-01309,SISTEMA,DEPOSITO_EFECTIVO,1899.52,2026-05-18 15:13:22,0,ESTRUCTURACION_SMURFING_DETECTADA,,,,
TX-0017689,CLI-02740,SISTEMA,DEPOSITO_EFECTIVO,11896.62,2026-05-18 15:24:22,0,ESTRUCTURACION_SMURFING_DETECTADA,,,,
TX-0026678,CLI-04106,SISTEMA,DEPOSITO_EFECTIVO,1621.32,2026-05-18 15:29:22,0,ESTRUCTURACION_SMURFING_DETECTADA,,,,
TX-0015367,CLI-02382,SISTEMA,DEPOSITO_EFECTIVO,4899.53,2026-05-18 15:30:22,0,ESTRUCTURACION_SMURFING_DETECTADA,,,,
TX-0016526,CLI-02559,SISTEMA,DEPOSITO_EFECTIVO,6774.47,2026-05-18 15:40:22,0,ESTRUCTURACION_SMURFING_DETECTADA,,,,
TX-0013245,CLI-02049,SISTEMA,DEPOSITO_EFECTIVO,564.24,2026-05-18 15:43:22,0,ESTRUCTURACION_SMURFING_DETECTADA,,,,
TX-0031164,CLI-04796,SISTEMA,DEPOSITO_EFECTIVO,1540.51,2026-05-18 16:04:22,0,ESTRUCTURACION_SMURFING_DETECTADA,,,,
TX-0003506,CLI-00532,SISTEMA,DEPOSITO_EFECTIVO,8305.03,2026-05-18 16:07:22,0,ESTRUCTURACION_SMURFING_DETECTADA,,,,
TX-0029884,CLI-04604,SISTEMA,DEPOSITO_EFECTIVO,383.01,2026-05-18 16:19:22,0,ESTRUCTURACION_SMURFING_DETECTADA,,,,
TX-0017756,CLI-02748,SISTEMA,DEPOSITO_EFECTIVO,266.24,2026-05-18 16:21:22,0,ESTRUCTURACION_SMURFING_DETECTADA,,,,
TX-0021022,CLI-03253,SISTEMA,DEPOSITO_EFECTIVO,444.89,2026-05-18 16:32:22,0,ESTRUCTURACION_SMURFING_DETECTADA,,,,
TX-0004655,CLI-00718,SISTEMA,DEPOSITO_EFECTIVO,1779.68,2026-05-18 16:35:22,0,ESTRUCTURACION_SMURFING_DETECTADA,,,,
TX-0026463,CLI-04074,SISTEMA,DEPOSITO_EFECTIVO,292.99,2026-05-18 16:45:22,0,ESTRUCTURACION_SMURFING_DETECTADA,,,,
TX-0031149,CLI-04794,SISTEMA,DEPOSITO_EFECTIVO,158.73,2026-05-18 16:52:22,0,ESTRUCTURACION_SMURFING_DETECTADA,,,,
TX-0025212,CLI-03892,SISTEMA,DEPOSITO_EFECTIVO,638.1,2026-05-18 16:55:22,0,ESTRUCTURACION_SMURFING_DETECTADA,,,,
TX-0030386,CLI-04680,SISTEMA,DEPOSITO_EFECTIVO,132.93,2026-05-18 16:55:22,0,ESTRUCTURACION_SMURFING_DETECTADA,,,,
TX-0016168,CLI-02503,SISTEMA,DEPOSITO_EFECTIVO,1907.72,2026-05-18 17:01:22,0,ESTRUCTURACION_SMURFING_DETECTADA,,,,
TX-0001025,CLI-00156,SISTEMA,DEPOSITO_EFECTIVO,366.34,2026-05-18 17:01:22,0,ESTRUCTURACION_SMURFING_DETECTADA,,,,
TX-0018118,CLI-02803,SISTEMA,DEPOSITO_EFECTIVO,4902.89,2026-05-18 17:15:22,0,ESTRUCTURACION_SMURFING_DETECTADA,,,,
TX-0030455,CLI-04688,SISTEMA,DEPOSITO_EFECTIVO,7584.08,2026-05-18 17:22:22,0,ESTRUCTURACION_SMURFING_DETECTADA,,,,
TX-0012060,CLI-01861,SISTEMA,DEPOSITO_EFECTIVO,5136.97,2026-05-18 17:24:22,0,ESTRUCTURACION_SMURFING_DETECTADA,,,,
TX-0003064,CLI-00466,SISTEMA,DEPOSITO_EFECTIVO,5147.76,2026-05-18 17:27:22,0,ESTRUCTURACION_SMURFING_DETECTADA,,,,
TX-0031247,CLI-04807,SISTEMA,DEPOSITO_EFECTIVO,1605.1,2026-05-18 17:32:22,0,ESTRUCTURACION_SMURFING_DETECTADA,,,,
TX-0027066,CLI-04172,SISTEMA,DEPOSITO_EFECTIVO,1375.09,2026-05-18 17:38:22,0,ESTRUCTURACION_SMURFING_DETECTADA,,,,
TX-0004374,CLI-00669,SISTEMA,DEPOSITO_EFECTIVO,1475.59,2026-05-18 18:05:22,0,ESTRUCTURACION_SMURFING_DETECTADA,,,,
TX-0014180,CLI-02196,SISTEMA,DEPOSITO_EFECTIVO,9779.24,2026-05-18 18:20:22,0,ESTRUCTURACION_SMURFING_DETECTADA,,,,
TX-0024934,CLI-03849,SISTEMA,DEPOSITO_EFECTIVO,2565.03,2026-05-18 18:22:22,0,ESTRUCTURACION_SMURFING_DETECTADA,,,,
TX-0017217,CLI-02668,SISTEMA,DEPOSITO_EFECTIVO,13941.61,2026-05-18 18:27:22,0,ESTRUCTURACION_SMURFING_DETECTADA,,,,
TX-0011862,CLI-01828,SISTEMA,DEPOSITO_EFECTIVO,6047.44,2026-05-18 18:28:22,0,ESTRUCTURACION_SMURFING_DETECTADA,,,,
TX-0031023,CLI-04775,SISTEMA,DEPOSITO_EFECTIVO,2426.37,2026-05-18 18:30:22,0,ESTRUCTURACION_SMURFING_DETECTADA,,,,
TX-0025698,CLI-03964,SISTEMA,DEPOSITO_EFECTIVO,1663.92,2026-05-18 18:31:22,0,ESTRUCTURACION_SMURFING_DETECTADA,,,,
TX-0022902,CLI-03539,SISTEMA,DEPOSITO_EFECTIVO,1051.51,2026-05-18 19:02:22,0,ESTRUCTURACION_SMURFING_DETECTADA,,,,
TX-0025849,CLI-03987,SISTEMA,DEPOSITO_EFECTIVO,662.44,2026-05-18 19:03:22,0,ESTRUCTURACION_SMURFING_DETECTADA,,,,
TX-0014392,CLI-02231,SISTEMA,DEPOSITO_EFECTIVO,303.75,2026-05-18 19:04:22,0,ESTRUCTURACION_SMURFING_DETECTADA,,,,
TX-0024244,CLI-03742,SISTEMA,DEPOSITO_EFECTIVO,976.66,2026-05-18 19:17:22,0,ESTRUCTURACION_SMURFING_DETECTADA,,,,
TX-0022692,CLI-03507,SISTEMA,DEPOSITO_EFECTIVO,12386.16,2026-05-18 19:25:22,0,ESTRUCTURACION_SMURFING_DETECTADA,,,,
TX-0023318,CLI-03603,SISTEMA,DEPOSITO_EFECTIVO,3523.34,2026-05-18 19:25:22,0,ESTRUCTURACION_SMURFING_DETECTADA,,,,
TX-0025399,CLI-03920,SISTEMA,DEPOSITO_EFECTIVO,2438.34,2026-05-18 19:55:22,0,ESTRUCTURACION_SMURFING_DETECTADA,,,,
TX-0002034,CLI-00306,SISTEMA,DEPOSITO_EFECTIVO,642.12,2026-05-18 20:27:22,0,ESTRUCTURACION_SMURFING_DETECTADA,,,,
TX-0013051,CLI-02020,SISTEMA,DEPOSITO_EFECTIVO,3796.85,2026-05-18 20:29:22,0,ESTRUCTURACION_SMURFING_DETECTADA,,,,
TX-0019260,CLI-02983,SISTEMA,DEPOSITO_EFECTIVO,4423.18,2026-05-18 20:43:22,0,ESTRUCTURACION_SMURFING_DETECTADA,,,,
TX-0013340,CLI-02066,SISTEMA,DEPOSITO_EFECTIVO,8922.69,2026-05-18 20:44:22,0,ESTRUCTURACION_SMURFING_DETECTADA,,,,
TX-0020347,CLI-03153,SISTEMA,DEPOSITO_EFECTIVO,5965.52,2026-05-18 20:45:22,0,ESTRUCTURACION_SMURFING_DETECTADA,,,,
TX-0016109,CLI-02491,SISTEMA,DEPOSITO_EFECTIVO,5357.98,2026-05-18 20:47:22,0,ESTRUCTURACION_SMURFING_DETECTADA,,,,
TX-0000037,CLI-00006,SISTEMA,DEPOSITO_EFECTIVO,11188.41,2026-05-18 20:54:22,0,ESTRUCTURACION_SMURFING_DETECTADA,,,,
TX-0020775,CLI-03215,SISTEMA,DEPOSITO_EFECTIVO,3441.72,2026-05-18 21:00:22,0,ESTRUCTURACION_SMURFING_DETECTADA,,,,
TX-0027839,CLI-04288,SISTEMA,DEPOSITO_EFECTIVO,1262.32,2026-05-18 21:03:22,0,ESTRUCTURACION_SMURFING_DETECTADA,,,,
TX-0013162,CLI-02036,SISTEMA,DEPOSITO_EFECTIVO,1102.57,2026-05-18 21:12:22,0,ESTRUCTURACION_SMURFING_DETECTADA,,,,
TX-0002516,CLI-00381,SISTEMA,DEPOSITO_EFECTIVO,1119.82,2026-05-18 21:19:22,0,ESTRUCTURACION_SMURFING_DETECTADA,,,,
TX-0000847,CLI-00129,SISTEMA,DEPOSITO_EFECTIVO,776.77,2026-05-18 21:27:22,0,ESTRUCTURACION_SMURFING_DETECTADA,,,,
TX-0021814,CLI-03372,SISTEMA,DEPOSITO_EFECTIVO,1604.42,2026-05-18 21:29:22,0,ESTRUCTURACION_SMURFING_DETECTADA,,,,
TX-0006105,CLI-00941,SISTEMA,DEPOSITO_EFECTIVO,465.51,2026-05-18 21:31:22,0,ESTRUCTURACION_SMURFING_DETECTADA,,,,
TX-0014645,CLI-02270,SISTEMA,DEPOSITO_EFECTIVO,379.85,2026-05-18 21:33:22,0,ESTRUCTURACION_SMURFING_DETECTADA,,,,
TX-0001108,CLI-00167,SISTEMA,DEPOSITO_EFECTIVO,1543.65,2026-05-18 21:43:22,0,ESTRUCTURACION_SMURFING_DETECTADA,,,,
TX-0008451,CLI-01298,SISTEMA,DEPOSITO_EFECTIVO,338.56,2026-05-18 21:50:22,0,ESTRUCTURACION_SMURFING_DETECTADA,,,,
TX-0014074,CLI-02178,SISTEMA,DEPOSITO_EFECTIVO,1319.61,2026-05-18 21:59:22,0,ESTRUCTURACION_SMURFING_DETECTADA,,,,
TX-0021123,CLI-03267,SISTEMA,DEPOSITO_EFECTIVO,140.45,2026-05-18 22:04:22,0,ESTRUCTURACION_SMURFING_DETECTADA,,,,
TX-0024982,CLI-03855,SISTEMA,DEPOSITO_EFECTIVO,3437.61,2026-05-18 22:24:22,0,ESTRUCTURACION_SMURFING_DETECTADA,,,,
TX-0024567,CLI-03792,SISTEMA,DEPOSITO_EFECTIVO,835.45,2026-05-18 22:38:22,0,ESTRUCTURACION_SMURFING_DETECTADA,,,,
TX-0030445,CLI-04687,SISTEMA,DEPOSITO_EFECTIVO,1766.22,2026-05-18 22:45:22,0,ESTRUCTURACION_SMURFING_DETECTADA,,,,
TX-0026055,CLI-04017,SISTEMA,DEPOSITO_EFECTIVO,448.52,2026-05-18 22:52:22,0,ESTRUCTURACION_SMURFING_DETECTADA,,,,
TX-0018459,CLI-02857,SISTEMA,DEPOSITO_EFECTIVO,3500.76,2026-05-18 22:54:22,0,ESTRUCTURACION_SMURFING_DETECTADA,,,,
TX-0016443,CLI-02547,SISTEMA,DEPOSITO_EFECTIVO,2379.8,2026-05-18 22:56:22,0,ESTRUCTURACION_SMURFING_DETECTADA,,,,
TX-0005286,CLI-00815,SISTEMA,DEPOSITO_EFECTIVO,2383.42,2026-05-18 23:05:22,0,ESTRUCTURACION_SMURFING_DETECTADA,,,,
TX-0020985,CLI-03248,SISTEMA,DEPOSITO_EFECTIVO,6264.21,2026-05-18 23:10:22,0,ESTRUCTURACION_SMURFING_DETECTADA,,,,
TX-0026127,CLI-04028,SISTEMA,DEPOSITO_EFECTIVO,292.03,2026-05-18 23:24:22,0,ESTRUCTURACION_SMURFING_DETECTADA,,,,
TX-0000700,CLI-00108,SISTEMA,DEPOSITO_EFECTIVO,942.43,2026-05-18 23:31:22,0,ESTRUCTURACION_SMURFING_DETECTADA,,,,
TX-0003094,CLI-00470,SISTEMA,DEPOSITO_EFECTIVO,4427.63,2026-05-18 23:31:22,0,ESTRUCTURACION_SMURFING_DETECTADA,,,,
TX-0001961,CLI-00295,SISTEMA,DEPOSITO_EFECTIVO,3195.45,2026-05-18 23:37:22,0,ESTRUCTURACION_SMURFING_DETECTADA,,,,
TX-0014383,CLI-02230,SISTEMA,DEPOSITO_EFECTIVO,487.89,2026-05-18 23:47:22,0,ESTRUCTURACION_SMURFING_DETECTADA,,,,
TX-0028637,CLI-04408,SISTEMA,DEPOSITO_EFECTIVO,2250.39,2026-05-18 23:51:22,0,ESTRUCTURACION_SMURFING_DETECTADA,,,,
TX-0009216,CLI-01415,SISTEMA,DEPOSITO_EFECTIVO,108.04,2026-05-18 23:55:22,0,ESTRUCTURACION_SMURFING_DETECTADA,,,,
TX-0010720,CLI-01652,SISTEMA,DEPOSITO_EFECTIVO,172.96,2026-05-19 00:05:22,0,ESTRUCTURACION_SMURFING_DETECTADA,,,,
TX-0014709,CLI-02280,SISTEMA,DEPOSITO_EFECTIVO,3913.45,2026-05-19 00:12:22,0,ESTRUCTURACION_SMURFING_DETECTADA,,,,
TX-0014544,CLI-02256,SISTEMA,DEPOSITO_EFECTIVO,1117.02,2026-05-19 00:26:22,0,ESTRUCTURACION_SMURFING_DETECTADA,,,,
TX-0018894,CLI-02920,SISTEMA,DEPOSITO_EFECTIVO,1991.42,2026-05-19 00:28:22,0,ESTRUCTURACION_SMURFING_DETECTADA,,,,
TX-0008248,CLI-01269,SISTEMA,DEPOSITO_EFECTIVO,693.26,2026-05-19 00:58:22,0,ESTRUCTURACION_SMURFING_DETECTADA,,,,
TX-0004007,CLI-00611,SISTEMA,DEPOSITO_EFECTIVO,2036.57,2026-05-19 00:58:22,0,ESTRUCTURACION_SMURFING_DETECTADA,,,,
TX-0003142,CLI-00478,SISTEMA,DEPOSITO_EFECTIVO,11985.78,2026-05-19 01:00:22,0,ESTRUCTURACION_SMURFING_DETECTADA,,,,
TX-0004234,CLI-00648,SISTEMA,DEPOSITO_EFECTIVO,6479.26,2026-05-19 01:01:22,0,ESTRUCTURACION_SMURFING_DETECTADA,,,,
TX-0007092,CLI-01095,SISTEMA,DEPOSITO_EFECTIVO,6186.49,2026-05-19 01:01:22,0,ESTRUCTURACION_SMURFING_DETECTADA,,,,
TX-0010116,CLI-01554,SISTEMA,DEPOSITO_EFECTIVO,9274.66,2026-05-19 01:31:22,0,ESTRUCTURACION_SMURFING_DETECTADA,,,,
TX-0002410,CLI-00365,SISTEMA,DEPOSITO_EFECTIVO,606.76,2026-05-19 01:35:22,0,ESTRUCTURACION_SMURFING_DETECTADA,,,,
TX-0019638,CLI-03044,SISTEMA,DEPOSITO_EFECTIVO,12338.23,2026-05-19 01:35:22,0,ESTRUCTURACION_SMURFING_DETECTADA,,,,
TX-0000957,CLI-00145,SISTEMA,DEPOSITO_EFECTIVO,8959.96,2026-05-19 01:55:22,0,ESTRUCTURACION_SMURFING_DETECTADA,,,,
TX-0024820,CLI-03833,SISTEMA,DEPOSITO_EFECTIVO,3946.63,2026-05-19 02:08:22,0,ESTRUCTURACION_SMURFING_DETECTADA,,,,
TX-0027531,CLI-04245,SISTEMA,DEPOSITO_EFECTIVO,668.45,2026-05-19 02:19:22,0,ESTRUCTURACION_SMURFING_DETECTADA,,,,
TX-0024780,CLI-03826,SISTEMA,DEPOSITO_EFECTIVO,104.68,2026-05-19 02:23:22,0,ESTRUCTURACION_SMURFING_DETECTADA,,,,
TX-0011470,CLI-01769,SISTEMA,DEPOSITO_EFECTIVO,661.0,2026-05-19 02:24:22,0,ESTRUCTURACION_SMURFING_DETECTADA,,,,
TX-0020576,CLI-03188,SISTEMA,DEPOSITO_EFECTIVO,812.7,2026-05-19 02:28:22,0,ESTRUCTURACION_SMURFING_DETECTADA,,,,
TX-0018156,CLI-02809,SISTEMA,DEPOSITO_EFECTIVO,538.5,2026-05-19 02:31:22,0,ESTRUCTURACION_SMURFING_DETECTADA,,,,
TX-0018573,CLI-02872,SISTEMA,DEPOSITO_EFECTIVO,4202.33,2026-05-19 02:43:22,0,ESTRUCTURACION_SMURFING_DETECTADA,,,,
TX-0016002,CLI-02475,SISTEMA,DEPOSITO_EFECTIVO,13235.93,2026-05-19 02:50:22,0,ESTRUCTURACION_SMURFING_DETECTADA,,,,
TX-0026366,CLI-04062,SISTEMA,DEPOSITO_EFECTIVO,5415.69,2026-05-19 02:57:22,0,ESTRUCTURACION_SMURFING_DETECTADA,,,,
TX-0001592,CLI-00240,SISTEMA,DEPOSITO_EFECTIVO,470.43,2026-05-19 03:04:22,0,ESTRUCTURACION_SMURFING_DETECTADA,,,,
TX-0031012,CLI-04773,SISTEMA,DEPOSITO_EFECTIVO,4784.36,2026-05-19 03:04:22,0,ESTRUCTURACION_SMURFING_DETECTADA,,,,
TX-0003187,CLI-00484,SISTEMA,DEPOSITO_EFECTIVO,9779.23,2026-05-19 03:06:22,0,ESTRUCTURACION_SMURFING_DETECTADA,,,,
TX-0001290,CLI-00195,SISTEMA,DEPOSITO_EFECTIVO,599.55,2026-05-19 03:08:22,0,ESTRUCTURACION_SMURFING_DETECTADA,,,,
TX-0027089,CLI-04175,SISTEMA,DEPOSITO_EFECTIVO,256.28,2026-05-19 03:08:22,0,ESTRUCTURACION_SMURFING_DETECTADA,,,,
TX-0013532,CLI-02098,SISTEMA,DEPOSITO_EFECTIVO,5669.55,2026-05-19 03:09:22,0,ESTRUCTURACION_SMURFING_DETECTADA,,,,
TX-0020706,CLI-03205,SISTEMA,DEPOSITO_EFECTIVO,4002.07,2026-05-19 03:26:22,0,ESTRUCTURACION_SMURFING_DETECTADA,,,,
TX-0018716,CLI-02896,SISTEMA,DEPOSITO_EFECTIVO,218.1,2026-05-19 03:34:22,0,ESTRUCTURACION_SMURFING_DETECTADA,,,,
TX-0006650,CLI-01025,SISTEMA,DEPOSITO_EFECTIVO,927.96,2026-05-19 03:45:22,0,ESTRUCTURACION_SMURFING_DETECTADA,,,,
TX-0012023,CLI-01854,SISTEMA,DEPOSITO_EFECTIVO,927.29,2026-05-19 03:50:22,0,ESTRUCTURACION_SMURFING_DETECTADA,,,,
TX-0027511,CLI-04241,SISTEMA,DEPOSITO_EFECTIVO,389.46,2026-05-19 03:56:22,0,ESTRUCTURACION_SMURFING_DETECTADA,,,,
TX-0012420,CLI-01917,SISTEMA,DEPOSITO_EFECTIVO,1616.83,2026-05-19 04:08:22,0,ESTRUCTURACION_SMURFING_DETECTADA,,,,
TX-0007656,CLI-01177,SISTEMA,DEPOSITO_EFECTIVO,1848.91,2026-05-19 04:27:22,0,ESTRUCTURACION_SMURFING_DETECTADA,,,,
TX-0013645,CLI-02115,SISTEMA,DEPOSITO_EFECTIVO,1207.4,2026-05-19 04:40:22,0,ESTRUCTURACION_SMURFING_DETECTADA,,,,
TX-0006715,CLI-01036,SISTEMA,DEPOSITO_EFECTIVO,2083.44,2026-05-19 04:41:22,0,ESTRUCTURACION_SMURFING_DETECTADA,,,,
TX-0015820,CLI-02447,SISTEMA,DEPOSITO_EFECTIVO,2569.97,2026-05-19 04:52:22,0,ESTRUCTURACION_SMURFING_DETECTADA,,,,
TX-0018340,CLI-02839,SISTEMA,DEPOSITO_EFECTIVO,131.16,2026-05-19 04:58:22,0,ESTRUCTURACION_SMURFING_DETECTADA,,,,
TX-0027409,CLI-04225,SISTEMA,DEPOSITO_EFECTIVO,11535.92,2026-05-19 05:03:22,0,ESTRUCTURACION_SMURFING_DETECTADA,,,,
TX-0019251,CLI-02982,SISTEMA,DEPOSITO_EFECTIVO,1113.12,2026-05-19 05:12:22,0,ESTRUCTURACION_SMURFING_DETECTADA,,,,
TX-0003025,CLI-00460,SISTEMA,DEPOSITO_EFECTIVO,3626.17,2026-05-19 05:15:22,0,ESTRUCTURACION_SMURFING_DETECTADA,,,,
TX-0010856,CLI-01672,SISTEMA,DEPOSITO_EFECTIVO,2071.38,2026-05-19 05:21:22,0,ESTRUCTURACION_SMURFING_DETECTADA,,,,
TX-0018153,CLI-02809,SISTEMA,DEPOSITO_EFECTIVO,2151.88,2026-05-19 05:26:22,0,ESTRUCTURACION_SMURFING_DETECTADA,,,,
TX-0015531,CLI-02405,SISTEMA,DEPOSITO_EFECTIVO,490.29,2026-05-19 05:56:22,0,ESTRUCTURACION_SMURFING_DETECTADA,,,,
TX-0028415,CLI-04373,SISTEMA,DEPOSITO_EFECTIVO,2344.94,2026-05-19 05:56:22,0,ESTRUCTURACION_SMURFING_DETECTADA,,,,
TX-0013215,CLI-02044,SISTEMA,DEPOSITO_EFECTIVO,157.73,2026-05-19 05:57:22,0,ESTRUCTURACION_SMURFING_DETECTADA,,,,
TX-0012011,CLI-01852,SISTEMA,DEPOSITO_EFECTIVO,106.96,2026-05-19 06:01:22,0,ESTRUCTURACION_SMURFING_DETECTADA,,,,
TX-0003959,CLI-00603,SISTEMA,DEPOSITO_EFECTIVO,2035.82,2026-05-19 06:04:22,0,ESTRUCTURACION_SMURFING_DETECTADA,,,,
TX-0027413,CLI-04226,SISTEMA,DEPOSITO_EFECTIVO,1183.64,2026-05-19 06:11:22,0,ESTRUCTURACION_SMURFING_DETECTADA,,,,
TX-0003791,CLI-00574,SISTEMA,DEPOSITO_EFECTIVO,1923.17,2026-05-19 06:17:22,0,ESTRUCTURACION_SMURFING_DETECTADA,,,,
TX-0008192,CLI-01261,SISTEMA,DEPOSITO_EFECTIVO,3803.39,2026-05-19 06:18:22,0,ESTRUCTURACION_SMURFING_DETECTADA,,,,
TX-0010531,CLI-01617,SISTEMA,DEPOSITO_EFECTIVO,1813.25,2026-05-19 06:20:22,0,ESTRUCTURACION_SMURFING_DETECTADA,,,,
TX-0029209,CLI-04498,SISTEMA,DEPOSITO_EFECTIVO,3766.16,2026-05-19 06:25:22,0,ESTRUCTURACION_SMURFING_DETECTADA,,,,
TX-0008923,CLI-01370,SISTEMA,DEPOSITO_EFECTIVO,7348.64,2026-05-19 06:35:22,0,ESTRUCTURACION_SMURFING_DETECTADA,,,,
TX-0010646,CLI-01639,SISTEMA,DEPOSITO_EFECTIVO,183.67,2026-05-19 06:48:22,0,ESTRUCTURACION_SMURFING_DETECTADA,,,,
TX-0012898,CLI-01995,SISTEMA,DEPOSITO_EFECTIVO,956.14,2026-05-19 06:56:22,0,ESTRUCTURACION_SMURFING_DETECTADA,,,,
TX-0001125,CLI-00169,SISTEMA,DEPOSITO_EFECTIVO,510.81,2026-05-19 06:59:22,0,ESTRUCTURACION_SMURFING_DETECTADA,,,,
TX-0001396,CLI-00210,SISTEMA,DEPOSITO_EFECTIVO,3745.21,2026-05-19 07:08:22,0,ESTRUCTURACION_SMURFING_DETECTADA,,,,
TX-0016009,CLI-02476,SISTEMA,DEPOSITO_EFECTIVO,2206.62,2026-05-19 07:15:22,0,ESTRUCTURACION_SMURFING_DETECTADA,,,,
TX-0030474,CLI-04690,SISTEMA,DEPOSITO_EFECTIVO,431.2,2026-05-19 07:18:22,0,ESTRUCTURACION_SMURFING_DETECTADA,,,,
TX-0016126,CLI-02494,SISTEMA,DEPOSITO_EFECTIVO,4647.79,2026-05-19 07:28:22,0,ESTRUCTURACION_SMURFING_DETECTADA,,,,
TX-0016147,CLI-02499,SISTEMA,DEPOSITO_EFECTIVO,5443.37,2026-05-19 07:35:22,0,ESTRUCTURACION_SMURFING_DETECTADA,,,,
TX-0016338,CLI-02529,SISTEMA,DEPOSITO_EFECTIVO,2284.4,2026-05-19 07:42:22,0,ESTRUCTURACION_SMURFING_DETECTADA,,,,
TX-0003362,CLI-00508,SISTEMA,DEPOSITO_EFECTIVO,1108.58,2026-05-19 07:49:22,0,ESTRUCTURACION_SMURFING_DETECTADA,,,,
TX-0020622,CLI-03194,SISTEMA,DEPOSITO_EFECTIVO,962.29,2026-05-19 07:54:22,0,ESTRUCTURACION_SMURFING_DETECTADA,,,,
TX-0016890,CLI-02616,SISTEMA,DEPOSITO_EFECTIVO,320.31,2026-05-19 08:01:22,0,ESTRUCTURACION_SMURFING_DETECTADA,,,,
TX-0027736,CLI-04272,SISTEMA,DEPOSITO_EFECTIVO,3206.61,2026-05-19 08:17:22,0,ESTRUCTURACION_SMURFING_DETECTADA,,,,
TX-0012866,CLI-01989,SISTEMA,DEPOSITO_EFECTIVO,11.07,2026-05-19 08:17:22,0,ESTRUCTURACION_SMURFING_DETECTADA,,,,
TX-0027223,CLI-04197,SISTEMA,DEPOSITO_EFECTIVO,9734.79,2026-05-19 08:21:22,0,ESTRUCTURACION_SMURFING_DETECTADA,,,,
TX-0032554,CLI-04999,SISTEMA,DEPOSITO_EFECTIVO,117.76,2026-05-19 08:48:22,0,ESTRUCTURACION_SMURFING_DETECTADA,,,,
TX-0011407,CLI-01758,SISTEMA,DEPOSITO_EFECTIVO,159.37,2026-05-19 08:52:22,0,ESTRUCTURACION_SMURFING_DETECTADA,,,,
TX-0025287,CLI-03902,SISTEMA,DEPOSITO_EFECTIVO,12712.76,2026-05-19 08:56:22,0,ESTRUCTURACION_SMURFING_DETECTADA,,,,
TX-0023894,CLI-03692,SISTEMA,DEPOSITO_EFECTIVO,599.24,2026-05-19 09:05:22,0,ESTRUCTURACION_SMURFING_DETECTADA,,,,
TX-0021059,CLI-03259,SISTEMA,DEPOSITO_EFECTIVO,823.48,2026-05-19 09:17:22,0,ESTRUCTURACION_SMURFING_DETECTADA,,,,
TX-0029631,CLI-04561,SISTEMA,DEPOSITO_EFECTIVO,1160.63,2026-05-19 09:20:22,0,ESTRUCTURACION_SMURFING_DETECTADA,,,,
TX-0030937,CLI-04761,SISTEMA,DEPOSITO_EFECTIVO,11925.71,2026-05-19 09:29:22,0,ESTRUCTURACION_SMURFING_DETECTADA,,,,
TX-0011338,CLI-01746,SISTEMA,DEPOSITO_EFECTIVO,1590.71,2026-05-19 09:36:22,0,ESTRUCTURACION_SMURFING_DETECTADA,,,,
TX-0030358,CLI-04676,SISTEMA,DEPOSITO_EFECTIVO,1282.74,2026-05-19 09:46:22,0,ESTRUCTURACION_SMURFING_DETECTADA,,,,
TX-0015878,CLI-02457,SISTEMA,DEPOSITO_EFECTIVO,11145.55,2026-05-19 09:48:22,0,ESTRUCTURACION_SMURFING_DETECTADA,,,,
TX-0020080,CLI-03112,SISTEMA,DEPOSITO_EFECTIVO,1588.07,2026-05-19 09:53:22,0,ESTRUCTURACION_SMURFING_DETECTADA,,,,
TX-0008757,CLI-01342,SISTEMA,DEPOSITO_EFECTIVO,8202.38,2026-05-19 10:08:22,0,ESTRUCTURACION_SMURFING_DETECTADA,,,,
TX-0015433,CLI-02390,SISTEMA,DEPOSITO_EFECTIVO,9087.13,2026-05-19 10:10:22,0,ESTRUCTURACION_SMURFING_DETECTADA,,,,
TX-0020313,CLI-03150,SISTEMA,DEPOSITO_EFECTIVO,606.3,2026-05-19 10:11:22,0,ESTRUCTURACION_SMURFING_DETECTADA,,,,
TX-0003778,CLI-00572,SISTEMA,DEPOSITO_EFECTIVO,5993.36,2026-05-19 10:14:22,0,ESTRUCTURACION_SMURFING_DETECTADA,,,,
TX-0010456,CLI-01605,SISTEMA,DEPOSITO_EFECTIVO,14.79,2026-05-19 10:35:22,0,ESTRUCTURACION_SMURFING_DETECTADA,,,,
TX-0003372,CLI-00510,SISTEMA,DEPOSITO_EFECTIVO,2807.83,2026-05-19 10:36:22,0,ESTRUCTURACION_SMURFING_DETECTADA,,,,
TX-0020609,CLI-03192,SISTEMA,DEPOSITO_EFECTIVO,7329.19,2026-05-19 10:38:22,0,ESTRUCTURACION_SMURFING_DETECTADA,,,,
TX-0012546,CLI-01936,SISTEMA,DEPOSITO_EFECTIVO,6020.72,2026-05-19 10:38:22,0,ESTRUCTURACION_SMURFING_DETECTADA,,,,
TX-0011446,CLI-01765,SISTEMA,DEPOSITO_EFECTIVO,408.66,2026-05-19 10:49:22,0,ESTRUCTURACION_SMURFING_DETECTADA,,,,
TX-0006071,CLI-00935,SISTEMA,DEPOSITO_EFECTIVO,478.0,2026-05-19 10:55:22,0,ESTRUCTURACION_SMURFING_DETECTADA,,,,
TX-0012445,CLI-01920,SISTEMA,DEPOSITO_EFECTIVO,462.46,2026-05-19 10:58:22,0,ESTRUCTURACION_SMURFING_DETECTADA,,,,
TX-0028350,CLI-04362,SISTEMA,DEPOSITO_EFECTIVO,620.89,2026-05-19 11:04:22,0,ESTRUCTURACION_SMURFING_DETECTADA,,,,
TX-0024507,CLI-03782,SISTEMA,DEPOSITO_EFECTIVO,2122.99,2026-05-19 11:11:22,0,ESTRUCTURACION_SMURFING_DETECTADA,,,,
TX-0029940,CLI-04612,SISTEMA,DEPOSITO_EFECTIVO,833.87,2026-05-19 11:18:22,0,ESTRUCTURACION_SMURFING_DETECTADA,,,,
TX-0017556,CLI-02720,SISTEMA,DEPOSITO_EFECTIVO,92.5,2026-05-19 11:28:22,0,ESTRUCTURACION_SMURFING_DETECTADA,,,,
TX-0006359,CLI-00981,SISTEMA,DEPOSITO_EFECTIVO,8544.0,2026-05-19 11:30:22,0,ESTRUCTURACION_SMURFING_DETECTADA,,,,
TX-0015048,CLI-02332,SISTEMA,DEPOSITO_EFECTIVO,2609.77,2026-05-19 11:42:22,0,ESTRUCTURACION_SMURFING_DETECTADA,,,,
TX-0011677,CLI-01801,SISTEMA,DEPOSITO_EFECTIVO,4475.15,2026-05-19 11:52:22,0,ESTRUCTURACION_SMURFING_DETECTADA,,,,
TX-0021493,CLI-03323,SISTEMA,DEPOSITO_EFECTIVO,539.11,2026-05-19 12:20:22,0,ESTRUCTURACION_SMURFING_DETECTADA,,,,
TX-0001893,CLI-00283,SISTEMA,DEPOSITO_EFECTIVO,909.56,2026-05-19 12:33:22,0,ESTRUCTURACION_SMURFING_DETECTADA,,,,
TX-0021084,CLI-03263,SISTEMA,DEPOSITO_EFECTIVO,1846.01,2026-05-19 12:39:22,0,ESTRUCTURACION_SMURFING_DETECTADA,,,,
TX-0016981,CLI-02631,SISTEMA,DEPOSITO_EFECTIVO,168.02,2026-05-19 12:40:22,0,ESTRUCTURACION_SMURFING_DETECTADA,,,,
TX-0014042,CLI-02174,SISTEMA,DEPOSITO_EFECTIVO,6186.16,2026-05-19 12:47:22,0,ESTRUCTURACION_SMURFING_DETECTADA,,,,
TX-0010803,CLI-01665,SISTEMA,DEPOSITO_EFECTIVO,357.85,2026-05-19 12:59:22,0,ESTRUCTURACION_SMURFING_DETECTADA,,,,
TX-0019949,CLI-03093,SISTEMA,DEPOSITO_EFECTIVO,325.46,2026-05-19 13:04:22,0,ESTRUCTURACION_SMURFING_DETECTADA,,,,
TX-0000863,CLI-00132,SISTEMA,DEPOSITO_EFECTIVO,1267.46,2026-05-19 13:04:22,0,ESTRUCTURACION_SMURFING_DETECTADA,,,,
TX-0015033,CLI-02331,SISTEMA,DEPOSITO_EFECTIVO,10326.71,2026-05-19 13:06:22,0,ESTRUCTURACION_SMURFING_DETECTADA,,,,
TX-0027533,CLI-04245,SISTEMA,DEPOSITO_EFECTIVO,1396.79,2026-05-19 13:07:22,0,ESTRUCTURACION_SMURFING_DETECTADA,,,,
TX-0028150,CLI-04333,SISTEMA,DEPOSITO_EFECTIVO,838.01,2026-05-19 13:10:22,0,ESTRUCTURACION_SMURFING_DETECTADA,,,,
TX-0012842,CLI-01985,SISTEMA,DEPOSITO_EFECTIVO,1531.53,2026-05-19 13:17:22,0,ESTRUCTURACION_SMURFING_DETECTADA,,,,
TX-0015749,CLI-02437,SISTEMA,DEPOSITO_EFECTIVO,50.27,2026-05-19 13:22:22,0,ESTRUCTURACION_SMURFING_DETECTADA,,,,
TX-0021619,CLI-03344,SISTEMA,DEPOSITO_EFECTIVO,5646.79,2026-05-19 13:53:22,0,ESTRUCTURACION_SMURFING_DETECTADA,,,,
TX-0010227,CLI-01572,SISTEMA,DEPOSITO_EFECTIVO,4391.48,2026-05-19 13:57:22,0,ESTRUCTURACION_SMURFING_DETECTADA,,,,
TX-0005800,CLI-00888,SISTEMA,DEPOSITO_EFECTIVO,641.82,2026-05-19 14:05:22,0,ESTRUCTURACION_SMURFING_DETECTADA,,,,
TX-0023932,CLI-03697,SISTEMA,DEPOSITO_EFECTIVO,788.17,2026-05-19 14:05:22,0,ESTRUCTURACION_SMURFING_DETECTADA,,,,
TX-0016155,CLI-02500,SISTEMA,DEPOSITO_EFECTIVO,265.96,2026-05-19 14:27:22,0,ESTRUCTURACION_SMURFING_DETECTADA,,,,
TX-0025763,CLI-03974,SISTEMA,DEPOSITO_EFECTIVO,439.06,2026-05-19 14:27:22,0,ESTRUCTURACION_SMURFING_DETECTADA,,,,
TX-0024986,CLI-03856,SISTEMA,DEPOSITO_EFECTIVO,4925.67,2026-05-19 14:40:22,0,ESTRUCTURACION_SMURFING_DETECTADA,,,,
TX-0001764,CLI-00264,SISTEMA,DEPOSITO_EFECTIVO,858.96,2026-05-19 14:40:22,0,ESTRUCTURACION_SMURFING_DETECTADA,,,,
TX-0014069,CLI-02178,SISTEMA,DEPOSITO_EFECTIVO,9737.47,2026-05-19 14:53:22,0,ESTRUCTURACION_SMURFING_DETECTADA,,,,
TX-0023617,CLI-03649,SISTEMA,DEPOSITO_EFECTIVO,5189.19,2026-05-19 15:04:22,0,ESTRUCTURACION_SMURFING_DETECTADA,,,,
TX-0022078,CLI-03411,SISTEMA,DEPOSITO_EFECTIVO,4037.55,2026-05-19 15:04:22,0,ESTRUCTURACION_SMURFING_DETECTADA,,,,
TX-0015616,CLI-02417,SISTEMA,DEPOSITO_EFECTIVO,152.33,2026-05-19 15:14:22,0,ESTRUCTURACION_SMURFING_DETECTADA,,,,
TX-0026020,CLI-04011,SISTEMA,DEPOSITO_EFECTIVO,169.61,2026-05-19 15:25:22,0,ESTRUCTURACION_SMURFING_DETECTADA,,,,
TX-0025722,CLI-03968,SISTEMA,DEPOSITO_EFECTIVO,524.13,2026-05-19 15:27:22,0,ESTRUCTURACION_SMURFING_DETECTADA,,,,
TX-0005863,CLI-00900,SISTEMA,DEPOSITO_EFECTIVO,3411.39,2026-05-19 15:29:22,0,ESTRUCTURACION_SMURFING_DETECTADA,,,,
TX-0011510,CLI-01775,SISTEMA,DEPOSITO_EFECTIVO,1066.65,2026-05-19 15:34:22,0,ESTRUCTURACION_SMURFING_DETECTADA,,,,
TX-0010031,CLI-01541,SISTEMA,DEPOSITO_EFECTIVO,305.43,2026-05-19 15:49:22,0,ESTRUCTURACION_SMURFING_DETECTADA,,,,
TX-0019389,CLI-03005,SISTEMA,DEPOSITO_EFECTIVO,4454.15,2026-05-19 15:53:22,0,ESTRUCTURACION_SMURFING_DETECTADA,,,,
TX-0005609,CLI-00861,SISTEMA,DEPOSITO_EFECTIVO,509.68,2026-05-19 15:54:22,0,ESTRUCTURACION_SMURFING_DETECTADA,,,,
TX-0002449,CLI-00371,SISTEMA,DEPOSITO_EFECTIVO,173.53,2026-05-19 15:56:22,0,ESTRUCTURACION_SMURFING_DETECTADA,,,,
TX-0021458,CLI-03318,SISTEMA,DEPOSITO_EFECTIVO,1547.21,2026-05-19 15:57:22,0,ESTRUCTURACION_SMURFING_DETECTADA,,,,
TX-0024291,CLI-03750,SISTEMA,DEPOSITO_EFECTIVO,2947.97,2026-05-19 16:05:22,0,ESTRUCTURACION_SMURFING_DETECTADA,,,,
TX-0015778,CLI-02441,SISTEMA,DEPOSITO_EFECTIVO,4912.12,2026-05-19 16:10:22,0,ESTRUCTURACION_SMURFING_DETECTADA,,,,
TX-0004502,CLI-00688,SISTEMA,DEPOSITO_EFECTIVO,684.31,2026-05-19 16:11:22,0,ESTRUCTURACION_SMURFING_DETECTADA,,,,
TX-0022638,CLI-03498,SISTEMA,DEPOSITO_EFECTIVO,1035.49,2026-05-19 16:17:22,0,ESTRUCTURACION_SMURFING_DETECTADA,,,,
TX-0030885,CLI-04755,SISTEMA,DEPOSITO_EFECTIVO,148.18,2026-05-19 16:20:22,0,ESTRUCTURACION_SMURFING_DETECTADA,,,,
TX-0027495,CLI-04238,SISTEMA,DEPOSITO_EFECTIVO,4462.12,2026-05-19 16:31:22,0,ESTRUCTURACION_SMURFING_DETECTADA,,,,
TX-0003070,CLI-00467,SISTEMA,DEPOSITO_EFECTIVO,219.56,2026-05-19 16:35:22,0,ESTRUCTURACION_SMURFING_DETECTADA,,,,
TX-0030935,CLI-04761,SISTEMA,DEPOSITO_EFECTIVO,2934.78,2026-05-19 16:37:22,0,ESTRUCTURACION_SMURFING_DETECTADA,,,,
TX-0016427,CLI-02545,SISTEMA,DEPOSITO_EFECTIVO,11512.27,2026-05-19 16:39:22,0,ESTRUCTURACION_SMURFING_DETECTADA,,,,
TX-0026276,CLI-04047,SISTEMA,DEPOSITO_EFECTIVO,2264.22,2026-05-19 16:56:22,0,ESTRUCTURACION_SMURFING_DETECTADA,,,,
TX-0016357,CLI-02533,SISTEMA,DEPOSITO_EFECTIVO,7617.21,2026-05-19 17:09:22,0,ESTRUCTURACION_SMURFING_DETECTADA,,,,
TX-0019536,CLI-03029,SISTEMA,DEPOSITO_EFECTIVO,2097.51,2026-05-19 17:10:22,0,ESTRUCTURACION_SMURFING_DETECTADA,,,,
TX-0003090,CLI-00470,SISTEMA,DEPOSITO_EFECTIVO,3289.28,2026-05-19 17:14:22,0,ESTRUCTURACION_SMURFING_DETECTADA,,,,
TX-0011703,CLI-01806,SISTEMA,DEPOSITO_EFECTIVO,138.19,2026-05-19 17:24:22,0,ESTRUCTURACION_SMURFING_DETECTADA,,,,
TX-0015938,CLI-02467,SISTEMA,DEPOSITO_EFECTIVO,425.4,2026-05-19 17:31:22,0,ESTRUCTURACION_SMURFING_DETECTADA,,,,
TX-0009448,CLI-01452,SISTEMA,DEPOSITO_EFECTIVO,3453.64,2026-05-19 17:44:22,0,ESTRUCTURACION_SMURFING_DETECTADA,,,,
TX-0031509,CLI-04847,SISTEMA,DEPOSITO_EFECTIVO,4289.86,2026-05-19 17:46:22,0,ESTRUCTURACION_SMURFING_DETECTADA,,,,
TX-0018102,CLI-02801,SISTEMA,DEPOSITO_EFECTIVO,121.0,2026-05-19 17:52:22,0,ESTRUCTURACION_SMURFING_DETECTADA,,,,
TX-0014229,CLI-02204,SISTEMA,DEPOSITO_EFECTIVO,6429.39,2026-05-19 17:53:22,0,ESTRUCTURACION_SMURFING_DETECTADA,,,,
TX-0029552,CLI-04549,SISTEMA,DEPOSITO_EFECTIVO,733.58,2026-05-19 17:54:22,0,ESTRUCTURACION_SMURFING_DETECTADA,,,,
TX-0024821,CLI-03833,SISTEMA,DEPOSITO_EFECTIVO,9944.47,2026-05-19 17:57:22,0,ESTRUCTURACION_SMURFING_DETECTADA,,,,
TX-0016966,CLI-02629,SISTEMA,DEPOSITO_EFECTIVO,248.53,2026-05-19 17:57:22,0,ESTRUCTURACION_SMURFING_DETECTADA,,,,
TX-0023625,CLI-03651,SISTEMA,DEPOSITO_EFECTIVO,3013.02,2026-05-19 18:06:22,0,ESTRUCTURACION_SMURFING_DETECTADA,,,,
TX-0027957,CLI-04305,SISTEMA,DEPOSITO_EFECTIVO,8409.92,2026-05-19 18:31:22,0,ESTRUCTURACION_SMURFING_DETECTADA,,,,
TX-0017914,CLI-02771,SISTEMA,DEPOSITO_EFECTIVO,1588.32,2026-05-19 18:36:22,0,ESTRUCTURACION_SMURFING_DETECTADA,,,,
TX-0026990,CLI-04160,SISTEMA,DEPOSITO_EFECTIVO,8778.67,2026-05-19 18:49:22,0,ESTRUCTURACION_SMURFING_DETECTADA,,,,
TX-0001225,CLI-00185,SISTEMA,DEPOSITO_EFECTIVO,3502.55,2026-05-19 18:55:22,0,ESTRUCTURACION_SMURFING_DETECTADA,,,,
TX-0006069,CLI-00934,SISTEMA,DEPOSITO_EFECTIVO,5737.34,2026-05-19 19:09:22,0,ESTRUCTURACION_SMURFING_DETECTADA,,,,
TX-0005280,CLI-00814,SISTEMA,DEPOSITO_EFECTIVO,732.21,2026-05-19 19:17:22,0,ESTRUCTURACION_SMURFING_DETECTADA,,,,
TX-0028776,CLI-04430,SISTEMA,DEPOSITO_EFECTIVO,1174.11,2026-05-19 19:18:22,0,ESTRUCTURACION_SMURFING_DETECTADA,,,,
TX-0026728,CLI-04114,SISTEMA,DEPOSITO_EFECTIVO,955.16,2026-05-19 19:19:22,0,ESTRUCTURACION_SMURFING_DETECTADA,,,,
TX-0003754,CLI-00569,SISTEMA,DEPOSITO_EFECTIVO,369.47,2026-05-19 19:41:22,0,ESTRUCTURACION_SMURFING_DETECTADA,,,,
TX-0028177,CLI-04337,SISTEMA,DEPOSITO_EFECTIVO,1307.42,2026-05-19 19:43:22,0,ESTRUCTURACION_SMURFING_DETECTADA,,,,
TX-0001937,CLI-00290,SISTEMA,DEPOSITO_EFECTIVO,10240.93,2026-05-19 19:51:22,0,ESTRUCTURACION_SMURFING_DETECTADA,,,,
TX-0010304,CLI-01583,SISTEMA,DEPOSITO_EFECTIVO,2712.75,2026-05-19 20:00:22,0,ESTRUCTURACION_SMURFING_DETECTADA,,,,
TX-0004544,CLI-00696,SISTEMA,DEPOSITO_EFECTIVO,564.7,2026-05-19 20:11:22,0,ESTRUCTURACION_SMURFING_DETECTADA,,,,
TX-0022209,CLI-03435,SISTEMA,DEPOSITO_EFECTIVO,398.05,2026-05-19 20:15:22,0,ESTRUCTURACION_SMURFING_DETECTADA,,,,
TX-0014906,CLI-02314,SISTEMA,DEPOSITO_EFECTIVO,225.48,2026-05-19 20:18:22,0,ESTRUCTURACION_SMURFING_DETECTADA,,,,
TX-0014173,CLI-02195,SISTEMA,DEPOSITO_EFECTIVO,90.01,2026-05-19 20:19:22,0,ESTRUCTURACION_SMURFING_DETECTADA,,,,
TX-0007588,CLI-01169,SISTEMA,DEPOSITO_EFECTIVO,997.96,2026-05-19 20:22:22,0,ESTRUCTURACION_SMURFING_DETECTADA,,,,
TX-0000095,CLI-00015,SISTEMA,DEPOSITO_EFECTIVO,1042.66,2026-05-19 20:23:22,0,ESTRUCTURACION_SMURFING_DETECTADA,,,,
TX-0024956,CLI-03851,SISTEMA,DEPOSITO_EFECTIVO,8953.16,2026-05-19 20:26:22,0,ESTRUCTURACION_SMURFING_DETECTADA,,,,
TX-0007234,CLI-01118,SISTEMA,DEPOSITO_EFECTIVO,163.86,2026-05-19 20:50:22,0,ESTRUCTURACION_SMURFING_DETECTADA,,,,
TX-0025096,CLI-03874,SISTEMA,DEPOSITO_EFECTIVO,5559.18,2026-05-19 20:59:22,0,ESTRUCTURACION_SMURFING_DETECTADA,,,,
TX-0000999,CLI-00152,SISTEMA,DEPOSITO_EFECTIVO,4475.17,2026-05-19 21:07:22,0,ESTRUCTURACION_SMURFING_DETECTADA,,,,
TX-0010792,CLI-01664,SISTEMA,DEPOSITO_EFECTIVO,114.76,2026-05-19 21:10:22,0,ESTRUCTURACION_SMURFING_DETECTADA,,,,
TX-0031250,CLI-04808,SISTEMA,DEPOSITO_EFECTIVO,380.68,2026-05-19 21:14:22,0,ESTRUCTURACION_SMURFING_DETECTADA,,,,
TX-0014342,CLI-02223,SISTEMA,DEPOSITO_EFECTIVO,2852.48,2026-05-19 21:19:22,0,ESTRUCTURACION_SMURFING_DETECTADA,,,,
TX-0027353,CLI-04217,SISTEMA,DEPOSITO_EFECTIVO,126.6,2026-05-19 21:40:22,0,ESTRUCTURACION_SMURFING_DETECTADA,,,,
TX-0026825,CLI-04132,SISTEMA,DEPOSITO_EFECTIVO,529.64,2026-05-19 21:53:22,0,ESTRUCTURACION_SMURFING_DETECTADA,,,,
TX-0004342,CLI-00665,SISTEMA,DEPOSITO_EFECTIVO,2592.8,2026-05-19 21:56:22,0,ESTRUCTURACION_SMURFING_DETECTADA,,,,
TX-0006231,CLI-00959,SISTEMA,DEPOSITO_EFECTIVO,1325.66,2026-05-19 21:56:22,0,ESTRUCTURACION_SMURFING_DETECTADA,,,,
TX-0017586,CLI-02724,SISTEMA,DEPOSITO_EFECTIVO,1881.76,2026-05-19 21:58:22,0,ESTRUCTURACION_SMURFING_DETECTADA,,,,
TX-0025499,CLI-03934,SISTEMA,DEPOSITO_EFECTIVO,1380.21,2026-05-19 22:06:22,0,ESTRUCTURACION_SMURFING_DETECTADA,,,,
TX-0020333,CLI-03152,SISTEMA,DEPOSITO_EFECTIVO,10890.67,2026-05-19 22:09:22,0,ESTRUCTURACION_SMURFING_DETECTADA,,,,
TX-0014189,CLI-02198,SISTEMA,DEPOSITO_EFECTIVO,286.17,2026-05-19 22:09:22,0,ESTRUCTURACION_SMURFING_DETECTADA,,,,
TX-0027517,CLI-04242,SISTEMA,DEPOSITO_EFECTIVO,3818.73,2026-05-19 22:11:22,0,ESTRUCTURACION_SMURFING_DETECTADA,,,,
TX-0018698,CLI-02892,SISTEMA,DEPOSITO_EFECTIVO,1342.46,2026-05-19 22:53:22,0,ESTRUCTURACION_SMURFING_DETECTADA,,,,
TX-0004073,CLI-00622,SISTEMA,DEPOSITO_EFECTIVO,520.59,2026-05-19 22:56:22,0,ESTRUCTURACION_SMURFING_DETECTADA,,,,
TX-0015112,CLI-02340,SISTEMA,DEPOSITO_EFECTIVO,743.4,2026-05-19 23:00:22,0,ESTRUCTURACION_SMURFING_DETECTADA,,,,
TX-0023398,CLI-03614,SISTEMA,DEPOSITO_EFECTIVO,1137.95,2026-05-19 23:11:22,0,ESTRUCTURACION_SMURFING_DETECTADA,,,,
TX-0010029,CLI-01541,SISTEMA,DEPOSITO_EFECTIVO,283.73,2026-05-19 23:31:22,0,ESTRUCTURACION_SMURFING_DETECTADA,,,,
TX-0010106,CLI-01552,SISTEMA,DEPOSITO_EFECTIVO,217.91,2026-05-19 23:34:22,0,ESTRUCTURACION_SMURFING_DETECTADA,,,,
TX-0008269,CLI-01272,SISTEMA,DEPOSITO_EFECTIVO,330.06,2026-05-19 23:38:22,0,ESTRUCTURACION_SMURFING_DETECTADA,,,,
TX-0001649,CLI-00249,SISTEMA,DEPOSITO_EFECTIVO,470.29,2026-05-19 23:50:22,0,ESTRUCTURACION_SMURFING_DETECTADA,,,,
TX-0020155,CLI-03125,SISTEMA,DEPOSITO_EFECTIVO,1511.97,2026-05-20 00:00:22,0,ESTRUCTURACION_SMURFING_DETECTADA,,,,
TX-0012324,CLI-01902,SISTEMA,DEPOSITO_EFECTIVO,498.7,2026-05-20 00:18:22,0,ESTRUCTURACION_SMURFING_DETECTADA,,,,
TX-0026170,CLI-04033,SISTEMA,DEPOSITO_EFECTIVO,1718.77,2026-05-20 00:20:22,0,ESTRUCTURACION_SMURFING_DETECTADA,,,,
TX-0023759,CLI-03672,SISTEMA,DEPOSITO_EFECTIVO,77.91,2026-05-20 00:21:22,0,ESTRUCTURACION_SMURFING_DETECTADA,,,,
TX-0002481,CLI-00375,SISTEMA,DEPOSITO_EFECTIVO,1834.62,2026-05-20 00:33:22,0,ESTRUCTURACION_SMURFING_DETECTADA,,,,
TX-0016692,CLI-02586,SISTEMA,DEPOSITO_EFECTIVO,8424.1,2026-05-20 00:38:22,0,ESTRUCTURACION_SMURFING_DETECTADA,,,,
TX-0018231,CLI-02822,SISTEMA,DEPOSITO_EFECTIVO,354.84,2026-05-20 00:45:22,0,ESTRUCTURACION_SMURFING_DETECTADA,,,,
TX-0022945,CLI-03545,SISTEMA,DEPOSITO_EFECTIVO,1357.27,2026-05-20 00:51:22,0,ESTRUCTURACION_SMURFING_DETECTADA,,,,
TX-0020981,CLI-03247,SISTEMA,DEPOSITO_EFECTIVO,449.8,2026-05-20 00:52:22,0,ESTRUCTURACION_SMURFING_DETECTADA,,,,
TX-0007267,CLI-01123,SISTEMA,DEPOSITO_EFECTIVO,810.64,2026-05-20 00:58:22,0,ESTRUCTURACION_SMURFING_DETECTADA,,,,
TX-0002646,CLI-00401,SISTEMA,DEPOSITO_EFECTIVO,867.05,2026-05-20 01:24:22,0,ESTRUCTURACION_SMURFING_DETECTADA,,,,
TX-0032317,CLI-04964,SISTEMA,DEPOSITO_EFECTIVO,115.26,2026-05-20 01:26:22,0,ESTRUCTURACION_SMURFING_DETECTADA,,,,
TX-0000639,CLI-00098,SISTEMA,DEPOSITO_EFECTIVO,551.37,2026-05-20 01:27:22,0,ESTRUCTURACION_SMURFING_DETECTADA,,,,
TX-0015949,CLI-02469,SISTEMA,DEPOSITO_EFECTIVO,726.16,2026-05-20 01:35:22,0,ESTRUCTURACION_SMURFING_DETECTADA,,,,
TX-0011009,CLI-01697,SISTEMA,DEPOSITO_EFECTIVO,7548.17,2026-05-20 01:36:22,0,ESTRUCTURACION_SMURFING_DETECTADA,,,,
TX-0015114,CLI-02341,SISTEMA,DEPOSITO_EFECTIVO,4528.52,2026-05-20 01:44:22,0,ESTRUCTURACION_SMURFING_DETECTADA,,,,
TX-0004108,CLI-00629,SISTEMA,DEPOSITO_EFECTIVO,119.46,2026-05-20 01:45:22,0,ESTRUCTURACION_SMURFING_DETECTADA,,,,
TX-0016486,CLI-02554,SISTEMA,DEPOSITO_EFECTIVO,7896.59,2026-05-20 01:53:22,0,ESTRUCTURACION_SMURFING_DETECTADA,,,,
TX-0029452,CLI-04535,SISTEMA,DEPOSITO_EFECTIVO,3830.31,2026-05-20 01:55:22,0,ESTRUCTURACION_SMURFING_DETECTADA,,,,
TX-0031590,CLI-04860,SISTEMA,DEPOSITO_EFECTIVO,499.26,2026-05-20 02:04:22,0,ESTRUCTURACION_SMURFING_DETECTADA,,,,
TX-0023493,CLI-03630,SISTEMA,DEPOSITO_EFECTIVO,4554.03,2026-05-20 02:04:22,0,ESTRUCTURACION_SMURFING_DETECTADA,,,,
TX-0009936,CLI-01527,SISTEMA,DEPOSITO_EFECTIVO,106.47,2026-05-20 02:25:22,0,ESTRUCTURACION_SMURFING_DETECTADA,,,,
TX-0014557,CLI-02257,SISTEMA,DEPOSITO_EFECTIVO,523.8,2026-05-20 02:39:22,0,ESTRUCTURACION_SMURFING_DETECTADA,,,,
TX-0009584,CLI-01474,SISTEMA,DEPOSITO_EFECTIVO,9259.66,2026-05-20 02:55:22,0,ESTRUCTURACION_SMURFING_DETECTADA,,,,
TX-0004838,CLI-00749,SISTEMA,DEPOSITO_EFECTIVO,1717.79,2026-05-20 02:55:22,0,ESTRUCTURACION_SMURFING_DETECTADA,,,,
TX-0024254,CLI-03743,SISTEMA,DEPOSITO_EFECTIVO,4861.86,2026-05-20 03:01:22,0,ESTRUCTURACION_SMURFING_DETECTADA,,,,
TX-0015866,CLI-02455,SISTEMA,DEPOSITO_EFECTIVO,2269.02,2026-05-20 03:02:22,0,ESTRUCTURACION_SMURFING_DETECTADA,,,,
TX-0007208,CLI-01114,SISTEMA,DEPOSITO_EFECTIVO,591.36,2026-05-20 03:02:22,0,ESTRUCTURACION_SMURFING_DETECTADA,,,,
TX-0022429,CLI-03465,SISTEMA,DEPOSITO_EFECTIVO,12446.06,2026-05-20 03:07:22,0,ESTRUCTURACION_SMURFING_DETECTADA,,,,
TX-0014146,CLI-02189,SISTEMA,DEPOSITO_EFECTIVO,744.92,2026-05-20 03:08:22,0,ESTRUCTURACION_SMURFING_DETECTADA,,,,
TX-0013712,CLI-02126,SISTEMA,DEPOSITO_EFECTIVO,6963.7,2026-05-20 03:14:22,0,ESTRUCTURACION_SMURFING_DETECTADA,,,,
TX-0002559,CLI-00386,SISTEMA,DEPOSITO_EFECTIVO,1276.46,2026-05-20 03:51:22,0,ESTRUCTURACION_SMURFING_DETECTADA,,,,
TX-0012606,CLI-01945,SISTEMA,DEPOSITO_EFECTIVO,2564.57,2026-05-20 03:57:22,0,ESTRUCTURACION_SMURFING_DETECTADA,,,,
TX-0015651,CLI-02422,SISTEMA,DEPOSITO_EFECTIVO,3254.52,2026-05-20 03:59:22,0,ESTRUCTURACION_SMURFING_DETECTADA,,,,
TX-0009933,CLI-01526,SISTEMA,DEPOSITO_EFECTIVO,11986.56,2026-05-20 04:00:22,0,ESTRUCTURACION_SMURFING_DETECTADA,,,,
TX-0018688,CLI-02891,SISTEMA,DEPOSITO_EFECTIVO,12375.26,2026-05-20 04:03:22,0,ESTRUCTURACION_SMURFING_DETECTADA,,,,
TX-0025920,CLI-03998,SISTEMA,DEPOSITO_EFECTIVO,11591.66,2026-05-20 04:03:22,0,ESTRUCTURACION_SMURFING_DETECTADA,,,,
TX-0007668,CLI-01179,SISTEMA,DEPOSITO_EFECTIVO,1146.33,2026-05-20 04:09:22,0,ESTRUCTURACION_SMURFING_DETECTADA,,,,
TX-0022695,CLI-03507,SISTEMA,DEPOSITO_EFECTIVO,6397.91,2026-05-20 04:11:22,0,ESTRUCTURACION_SMURFING_DETECTADA,,,,
TX-0031237,CLI-04806,SISTEMA,DEPOSITO_EFECTIVO,101.32,2026-05-20 04:21:22,0,ESTRUCTURACION_SMURFING_DETECTADA,,,,
TX-0028742,CLI-04425,SISTEMA,DEPOSITO_EFECTIVO,133.97,2026-05-20 04:22:22,0,ESTRUCTURACION_SMURFING_DETECTADA,,,,
TX-0015808,CLI-02446,SISTEMA,DEPOSITO_EFECTIVO,1217.19,2026-05-20 04:24:22,0,ESTRUCTURACION_SMURFING_DETECTADA,,,,
TX-0029428,CLI-04531,SISTEMA,DEPOSITO_EFECTIVO,3643.06,2026-05-20 04:27:22,0,ESTRUCTURACION_SMURFING_DETECTADA,,,,
TX-0028258,CLI-04349,SISTEMA,DEPOSITO_EFECTIVO,366.5,2026-05-20 04:37:22,0,ESTRUCTURACION_SMURFING_DETECTADA,,,,
TX-0023907,CLI-03693,SISTEMA,DEPOSITO_EFECTIVO,7062.17,2026-05-20 04:45:22,0,ESTRUCTURACION_SMURFING_DETECTADA,,,,
TX-0031068,CLI-04781,SISTEMA,DEPOSITO_EFECTIVO,243.36,2026-05-20 04:50:22,0,ESTRUCTURACION_SMURFING_DETECTADA,,,,
TX-0013886,CLI-02151,SISTEMA,DEPOSITO_EFECTIVO,9830.5,2026-05-20 04:54:22,0,ESTRUCTURACION_SMURFING_DETECTADA,,,,
TX-0028272,CLI-04351,SISTEMA,DEPOSITO_EFECTIVO,8810.85,2026-05-20 04:58:22,0,ESTRUCTURACION_SMURFING_DETECTADA,,,,
TX-0020259,CLI-03142,SISTEMA,DEPOSITO_EFECTIVO,157.22,2026-05-20 05:00:22,0,ESTRUCTURACION_SMURFING_DETECTADA,,,,
TX-0001996,CLI-00301,SISTEMA,DEPOSITO_EFECTIVO,7614.67,2026-05-20 05:06:22,0,ESTRUCTURACION_SMURFING_DETECTADA,,,,
TX-0009178,CLI-01411,SISTEMA,DEPOSITO_EFECTIVO,10609.36,2026-05-20 05:08:22,0,ESTRUCTURACION_SMURFING_DETECTADA,,,,
TX-0030470,CLI-04690,SISTEMA,DEPOSITO_EFECTIVO,2391.85,2026-05-20 05:24:22,0,ESTRUCTURACION_SMURFING_DETECTADA,,,,
TX-0022969,CLI-03549,SISTEMA,DEPOSITO_EFECTIVO,6962.23,2026-05-20 05:34:22,0,ESTRUCTURACION_SMURFING_DETECTADA,,,,
TX-0000455,CLI-00072,SISTEMA,DEPOSITO_EFECTIVO,11224.81,2026-05-20 05:41:22,0,ESTRUCTURACION_SMURFING_DETECTADA,,,,
TX-0016350,CLI-02532,SISTEMA,DEPOSITO_EFECTIVO,1598.93,2026-05-20 05:50:22,0,ESTRUCTURACION_SMURFING_DETECTADA,,,,
TX-0012717,CLI-01962,SISTEMA,DEPOSITO_EFECTIVO,1277.89,2026-05-20 06:02:22,0,ESTRUCTURACION_SMURFING_DETECTADA,,,,
TX-0003666,CLI-00555,SISTEMA,DEPOSITO_EFECTIVO,179.01,2026-05-20 06:03:22,0,ESTRUCTURACION_SMURFING_DETECTADA,,,,
TX-0031465,CLI-04839,SISTEMA,DEPOSITO_EFECTIVO,254.3,2026-05-20 06:09:22,0,ESTRUCTURACION_SMURFING_DETECTADA,,,,
TX-0020694,CLI-03204,SISTEMA,DEPOSITO_EFECTIVO,406.22,2026-05-20 06:21:22,0,ESTRUCTURACION_SMURFING_DETECTADA,,,,
TX-0006204,CLI-00955,SISTEMA,DEPOSITO_EFECTIVO,559.23,2026-05-20 06:25:22,0,ESTRUCTURACION_SMURFING_DETECTADA,,,,
TX-0030427,CLI-04685,SISTEMA,DEPOSITO_EFECTIVO,2284.8,2026-05-20 06:28:22,0,ESTRUCTURACION_SMURFING_DETECTADA,,,,
TX-0025548,CLI-03942,SISTEMA,DEPOSITO_EFECTIVO,11501.69,2026-05-20 06:28:22,0,ESTRUCTURACION_SMURFING_DETECTADA,,,,
TX-0000262,CLI-00039,SISTEMA,DEPOSITO_EFECTIVO,149.8,2026-05-20 06:34:22,0,ESTRUCTURACION_SMURFING_DETECTADA,,,,
TX-0023620,CLI-03650,SISTEMA,DEPOSITO_EFECTIVO,9131.36,2026-05-20 06:44:22,0,ESTRUCTURACION_SMURFING_DETECTADA,,,,
TX-0016097,CLI-02489,SISTEMA,DEPOSITO_EFECTIVO,3606.51,2026-05-20 06:45:22,0,ESTRUCTURACION_SMURFING_DETECTADA,,,,
TX-0000596,CLI-00091,SISTEMA,DEPOSITO_EFECTIVO,1214.55,2026-05-20 06:55:22,0,ESTRUCTURACION_SMURFING_DETECTADA,,,,
TX-0001107,CLI-00167,SISTEMA,DEPOSITO_EFECTIVO,879.93,2026-05-20 06:57:22,0,ESTRUCTURACION_SMURFING_DETECTADA,,,,
TX-0002992,CLI-00455,SISTEMA,DEPOSITO_EFECTIVO,359.97,2026-05-20 07:04:22,0,ESTRUCTURACION_SMURFING_DETECTADA,,,,
TX-0026194,CLI-04036,SISTEMA,DEPOSITO_EFECTIVO,1422.25,2026-05-20 07:05:22,0,ESTRUCTURACION_SMURFING_DETECTADA,,,,
TX-0013038,CLI-02017,SISTEMA,DEPOSITO_EFECTIVO,6239.5,2026-05-20 07:05:22,0,ESTRUCTURACION_SMURFING_DETECTADA,,,,
TX-0008089,CLI-01246,SISTEMA,DEPOSITO_EFECTIVO,4129.78,2026-05-20 07:26:22,0,ESTRUCTURACION_SMURFING_DETECTADA,,,,
TX-0009651,CLI-01483,SISTEMA,DEPOSITO_EFECTIVO,2374.39,2026-05-20 07:44:22,0,ESTRUCTURACION_SMURFING_DETECTADA,,,,
TX-0021984,CLI-03396,SISTEMA,DEPOSITO_EFECTIVO,713.24,2026-05-20 07:45:22,0,ESTRUCTURACION_SMURFING_DETECTADA,,,,
TX-0026155,CLI-04031,SISTEMA,DEPOSITO_EFECTIVO,5621.02,2026-05-20 07:46:22,0,ESTRUCTURACION_SMURFING_DETECTADA,,,,
TX-0027994,CLI-04311,SISTEMA,DEPOSITO_EFECTIVO,186.49,2026-05-20 07:48:22,0,ESTRUCTURACION_SMURFING_DETECTADA,,,,
TX-0015577,CLI-02412,SISTEMA,DEPOSITO_EFECTIVO,598.8,2026-05-20 07:50:22,0,ESTRUCTURACION_SMURFING_DETECTADA,,,,
TX-0019805,CLI-03070,SISTEMA,DEPOSITO_EFECTIVO,2327.75,2026-05-20 07:51:22,0,ESTRUCTURACION_SMURFING_DETECTADA,,,,
TX-0017659,CLI-02735,SISTEMA,DEPOSITO_EFECTIVO,753.97,2026-05-20 07:52:22,0,ESTRUCTURACION_SMURFING_DETECTADA,,,,
TX-0007257,CLI-01121,SISTEMA,DEPOSITO_EFECTIVO,11370.7,2026-05-20 07:54:22,0,ESTRUCTURACION_SMURFING_DETECTADA,,,,
TX-0028599,CLI-04402,SISTEMA,DEPOSITO_EFECTIVO,985.25,2026-05-20 07:55:22,0,ESTRUCTURACION_SMURFING_DETECTADA,,,,
TX-0010839,CLI-01670,SISTEMA,DEPOSITO_EFECTIVO,267.82,2026-05-20 08:01:22,0,ESTRUCTURACION_SMURFING_DETECTADA,,,,
TX-0030060,CLI-04631,SISTEMA,DEPOSITO_EFECTIVO,210.97,2026-05-20 08:07:22,0,ESTRUCTURACION_SMURFING_DETECTADA,,,,
TX-0021075,CLI-03260,SISTEMA,DEPOSITO_EFECTIVO,3404.93,2026-05-20 08:10:22,0,ESTRUCTURACION_SMURFING_DETECTADA,,,,
TX-0010774,CLI-01661,SISTEMA,DEPOSITO_EFECTIVO,7781.15,2026-05-20 08:11:22,0,ESTRUCTURACION_SMURFING_DETECTADA,,,,
TX-0025237,CLI-03896,SISTEMA,DEPOSITO_EFECTIVO,1638.1,2026-05-20 08:31:22,0,ESTRUCTURACION_SMURFING_DETECTADA,,,,
TX-0007615,CLI-01171,SISTEMA,DEPOSITO_EFECTIVO,932.02,2026-05-20 08:34:22,0,ESTRUCTURACION_SMURFING_DETECTADA,,,,
TX-0011147,CLI-01718,SISTEMA,DEPOSITO_EFECTIVO,2520.37,2026-05-20 08:40:22,0,ESTRUCTURACION_SMURFING_DETECTADA,,,,
TX-0008651,CLI-01328,SISTEMA,DEPOSITO_EFECTIVO,10212.52,2026-05-20 08:53:22,0,ESTRUCTURACION_SMURFING_DETECTADA,,,,
TX-0000912,CLI-00139,SISTEMA,DEPOSITO_EFECTIVO,1626.88,2026-05-20 09:03:22,0,ESTRUCTURACION_SMURFING_DETECTADA,,,,
TX-0024725,CLI-03815,SISTEMA,DEPOSITO_EFECTIVO,463.81,2026-05-20 09:14:22,0,ESTRUCTURACION_SMURFING_DETECTADA,,,,
TX-0029904,CLI-04607,SISTEMA,DEPOSITO_EFECTIVO,367.8,2026-05-20 09:16:22,0,ESTRUCTURACION_SMURFING_DETECTADA,,,,
TX-0024070,CLI-03717,SISTEMA,DEPOSITO_EFECTIVO,1822.22,2026-05-20 09:25:22,0,ESTRUCTURACION_SMURFING_DETECTADA,,,,
TX-0019886,CLI-03083,SISTEMA,DEPOSITO_EFECTIVO,7224.5,2026-05-20 09:32:22,0,ESTRUCTURACION_SMURFING_DETECTADA,,,,
TX-0027932,CLI-04302,SISTEMA,DEPOSITO_EFECTIVO,2258.09,2026-05-20 09:36:22,0,ESTRUCTURACION_SMURFING_DETECTADA,,,,
TX-0009537,CLI-01465,SISTEMA,DEPOSITO_EFECTIVO,5287.44,2026-05-20 09:46:22,0,ESTRUCTURACION_SMURFING_DETECTADA,,,,
TX-0006230,CLI-00959,SISTEMA,DEPOSITO_EFECTIVO,1402.77,2026-05-20 10:08:22,0,ESTRUCTURACION_SMURFING_DETECTADA,,,,
TX-0014651,CLI-02271,SISTEMA,DEPOSITO_EFECTIVO,1336.89,2026-05-20 10:10:22,0,ESTRUCTURACION_SMURFING_DETECTADA,,,,
TX-0022798,CLI-03523,SISTEMA,DEPOSITO_EFECTIVO,5067.15,2026-05-20 10:12:22,0,ESTRUCTURACION_SMURFING_DETECTADA,,,,
TX-0002374,CLI-00360,SISTEMA,DEPOSITO_EFECTIVO,997.1,2026-05-20 10:18:22,0,ESTRUCTURACION_SMURFING_DETECTADA,,,,
TX-0013949,CLI-02159,SISTEMA,DEPOSITO_EFECTIVO,126.45,2026-05-20 10:21:22,0,ESTRUCTURACION_SMURFING_DETECTADA,,,,
TX-0002167,CLI-00326,SISTEMA,DEPOSITO_EFECTIVO,601.29,2026-05-20 10:27:22,0,ESTRUCTURACION_SMURFING_DETECTADA,,,,
TX-0000073,CLI-00011,SISTEMA,DEPOSITO_EFECTIVO,7760.18,2026-05-20 10:42:22,0,ESTRUCTURACION_SMURFING_DETECTADA,,,,
TX-0000004,CLI-00001,SISTEMA,DEPOSITO_EFECTIVO,120.23,2026-05-20 11:02:22,0,ESTRUCTURACION_SMURFING_DETECTADA,,,,
TX-0000109,CLI-00016,SISTEMA,DEPOSITO_EFECTIVO,5477.96,2026-05-20 11:05:22,0,ESTRUCTURACION_SMURFING_DETECTADA,,,,
TX-0011879,CLI-01830,SISTEMA,DEPOSITO_EFECTIVO,5296.38,2026-05-20 11:14:22,0,ESTRUCTURACION_SMURFING_DETECTADA,,,,
TX-0004115,CLI-00629,SISTEMA,DEPOSITO_EFECTIVO,167.72,2026-05-20 11:15:22,0,ESTRUCTURACION_SMURFING_DETECTADA,,,,
TX-0031035,CLI-04776,SISTEMA,DEPOSITO_EFECTIVO,2120.45,2026-05-20 11:17:22,0,ESTRUCTURACION_SMURFING_DETECTADA,,,,
TX-0032054,CLI-04926,SISTEMA,DEPOSITO_EFECTIVO,582.01,2026-05-20 11:20:22,0,ESTRUCTURACION_SMURFING_DETECTADA,,,,
TX-0025103,CLI-03874,SISTEMA,DEPOSITO_EFECTIVO,5262.13,2026-05-20 11:51:22,0,ESTRUCTURACION_SMURFING_DETECTADA,,,,
TX-0026085,CLI-04022,SISTEMA,DEPOSITO_EFECTIVO,2382.26,2026-05-20 12:13:22,0,ESTRUCTURACION_SMURFING_DETECTADA,,,,
TX-0008683,CLI-01333,SISTEMA,DEPOSITO_EFECTIVO,345.34,2026-05-20 12:16:22,0,ESTRUCTURACION_SMURFING_DETECTADA,,,,
TX-0031239,CLI-04806,SISTEMA,DEPOSITO_EFECTIVO,254.26,2026-05-20 12:19:22,0,ESTRUCTURACION_SMURFING_DETECTADA,,,,
TX-0028144,CLI-04332,SISTEMA,DEPOSITO_EFECTIVO,416.66,2026-05-20 12:32:22,0,ESTRUCTURACION_SMURFING_DETECTADA,,,,
TX-0002152,CLI-00323,SISTEMA,DEPOSITO_EFECTIVO,116.84,2026-05-20 12:58:22,0,ESTRUCTURACION_SMURFING_DETECTADA,,,,
TX-0009411,CLI-01444,SISTEMA,DEPOSITO_EFECTIVO,5019.04,2026-05-20 13:07:22,0,ESTRUCTURACION_SMURFING_DETECTADA,,,,
TX-0008197,CLI-01262,SISTEMA,DEPOSITO_EFECTIVO,441.66,2026-05-20 13:09:22,0,ESTRUCTURACION_SMURFING_DETECTADA,,,,
TX-0010197,CLI-01566,SISTEMA,DEPOSITO_EFECTIVO,51.75,2026-05-20 13:09:22,0,ESTRUCTURACION_SMURFING_DETECTADA,,,,
TX-0025919,CLI-03997,SISTEMA,DEPOSITO_EFECTIVO,5088.6,2026-05-20 13:19:22,0,ESTRUCTURACION_SMURFING_DETECTADA,,,,
TX-0010663,CLI-01642,SISTEMA,DEPOSITO_EFECTIVO,109.69,2026-05-20 13:35:22,0,ESTRUCTURACION_SMURFING_DETECTADA,,,,
TX-0030707,CLI-04725,SISTEMA,DEPOSITO_EFECTIVO,1755.84,2026-05-20 13:39:22,0,ESTRUCTURACION_SMURFING_DETECTADA,,,,
TX-0025081,CLI-03871,SISTEMA,DEPOSITO_EFECTIVO,8325.32,2026-05-20 14:14:22,0,ESTRUCTURACION_SMURFING_DETECTADA,,,,
TX-0030616,CLI-04713,SISTEMA,DEPOSITO_EFECTIVO,243.49,2026-05-20 14:25:22,0,ESTRUCTURACION_SMURFING_DETECTADA,,,,
TX-0027151,CLI-04184,SISTEMA,DEPOSITO_EFECTIVO,5976.84,2026-05-20 14:53:22,0,ESTRUCTURACION_SMURFING_DETECTADA,,,,
TX-0009851,CLI-01511,SISTEMA,DEPOSITO_EFECTIVO,105.32,2026-05-20 15:03:22,0,ESTRUCTURACION_SMURFING_DETECTADA,,,,
TX-0026265,CLI-04046,SISTEMA,DEPOSITO_EFECTIVO,4569.17,2026-05-20 15:04:22,0,ESTRUCTURACION_SMURFING_DETECTADA,,,,
TX-0017740,CLI-02746,SISTEMA,DEPOSITO_EFECTIVO,825.66,2026-05-20 15:07:22,0,ESTRUCTURACION_SMURFING_DETECTADA,,,,
TX-0001451,CLI-00219,SISTEMA,DEPOSITO_EFECTIVO,566.73,2026-05-20 15:12:22,0,ESTRUCTURACION_SMURFING_DETECTADA,,,,
TX-0011317,CLI-01744,SISTEMA,DEPOSITO_EFECTIVO,3439.04,2026-05-20 15:14:22,0,ESTRUCTURACION_SMURFING_DETECTADA,,,,
TX-0013231,CLI-02047,SISTEMA,DEPOSITO_EFECTIVO,370.02,2026-05-20 15:18:22,0,ESTRUCTURACION_SMURFING_DETECTADA,,,,
TX-0009937,CLI-01527,SISTEMA,DEPOSITO_EFECTIVO,469.13,2026-05-20 15:20:22,0,ESTRUCTURACION_SMURFING_DETECTADA,,,,
TX-0022085,CLI-03413,SISTEMA,DEPOSITO_EFECTIVO,880.94,2026-05-20 15:23:22,0,ESTRUCTURACION_SMURFING_DETECTADA,,,,
TX-0000403,CLI-00062,SISTEMA,DEPOSITO_EFECTIVO,1468.74,2026-05-20 15:33:22,0,ESTRUCTURACION_SMURFING_DETECTADA,,,,
TX-0012384,CLI-01911,SISTEMA,DEPOSITO_EFECTIVO,10897.3,2026-05-20 15:36:22,0,ESTRUCTURACION_SMURFING_DETECTADA,,,,
TX-0020978,CLI-03247,SISTEMA,DEPOSITO_EFECTIVO,639.88,2026-05-20 15:55:22,0,ESTRUCTURACION_SMURFING_DETECTADA,,,,
TX-0010938,CLI-01684,SISTEMA,DEPOSITO_EFECTIVO,4628.07,2026-05-20 16:04:22,0,ESTRUCTURACION_SMURFING_DETECTADA,,,,
TX-0009576,CLI-01471,SISTEMA,DEPOSITO_EFECTIVO,1868.07,2026-05-20 16:09:22,0,ESTRUCTURACION_SMURFING_DETECTADA,,,,
TX-0023656,CLI-03657,SISTEMA,DEPOSITO_EFECTIVO,7002.97,2026-05-20 16:13:22,0,ESTRUCTURACION_SMURFING_DETECTADA,,,,
TX-0004350,CLI-00666,SISTEMA,DEPOSITO_EFECTIVO,940.71,2026-05-20 16:22:22,0,ESTRUCTURACION_SMURFING_DETECTADA,,,,
TX-0015619,CLI-02418,SISTEMA,DEPOSITO_EFECTIVO,3029.28,2026-05-20 17:00:22,0,ESTRUCTURACION_SMURFING_DETECTADA,,,,
TX-0019770,CLI-03065,SISTEMA,DEPOSITO_EFECTIVO,6588.86,2026-05-20 17:17:22,0,ESTRUCTURACION_SMURFING_DETECTADA,,,,
TX-0010940,CLI-01685,SISTEMA,DEPOSITO_EFECTIVO,115.84,2026-05-20 17:26:22,0,ESTRUCTURACION_SMURFING_DETECTADA,,,,
TX-0000749,CLI-00116,SISTEMA,DEPOSITO_EFECTIVO,2843.88,2026-05-20 17:27:22,0,ESTRUCTURACION_SMURFING_DETECTADA,,,,
TX-0017279,CLI-02678,SISTEMA,DEPOSITO_EFECTIVO,335.37,2026-05-20 17:29:22,0,ESTRUCTURACION_SMURFING_DETECTADA,,,,
TX-0016958,CLI-02628,SISTEMA,DEPOSITO_EFECTIVO,1798.23,2026-05-20 17:45:22,0,ESTRUCTURACION_SMURFING_DETECTADA,,,,
TX-0010011,CLI-01538,SISTEMA,DEPOSITO_EFECTIVO,795.62,2026-05-20 17:53:22,0,ESTRUCTURACION_SMURFING_DETECTADA,,,,
TX-0020764,CLI-03212,SISTEMA,DEPOSITO_EFECTIVO,867.38,2026-05-20 17:58:22,0,ESTRUCTURACION_SMURFING_DETECTADA,,,,
TX-0025131,CLI-03878,SISTEMA,DEPOSITO_EFECTIVO,3360.76,2026-05-20 18:20:22,0,ESTRUCTURACION_SMURFING_DETECTADA,,,,
TX-0007761,CLI-01192,SISTEMA,DEPOSITO_EFECTIVO,2875.62,2026-05-20 18:34:22,0,ESTRUCTURACION_SMURFING_DETECTADA,,,,
TX-0029100,CLI-04480,SISTEMA,DEPOSITO_EFECTIVO,726.41,2026-05-20 18:36:22,0,ESTRUCTURACION_SMURFING_DETECTADA,,,,
TX-0005442,CLI-00836,SISTEMA,DEPOSITO_EFECTIVO,860.0,2026-05-20 18:41:22,0,ESTRUCTURACION_SMURFING_DETECTADA,,,,
TX-0015318,CLI-02374,SISTEMA,DEPOSITO_EFECTIVO,3434.98,2026-05-20 18:42:22,0,ESTRUCTURACION_SMURFING_DETECTADA,,,,
TX-0005874,CLI-00903,SISTEMA,DEPOSITO_EFECTIVO,1765.12,2026-05-20 18:42:22,0,ESTRUCTURACION_SMURFING_DETECTADA,,,,
TX-0012414,CLI-01915,SISTEMA,DEPOSITO_EFECTIVO,78.89,2026-05-20 18:45:22,0,ESTRUCTURACION_SMURFING_DETECTADA,,,,
TX-0030129,CLI-04642,SISTEMA,DEPOSITO_EFECTIVO,1103.01,2026-05-20 18:55:22,0,ESTRUCTURACION_SMURFING_DETECTADA,,,,
TX-0019972,CLI-03098,SISTEMA,DEPOSITO_EFECTIVO,207.75,2026-05-20 19:02:22,0,ESTRUCTURACION_SMURFING_DETECTADA,,,,
TX-0006783,CLI-01046,SISTEMA,DEPOSITO_EFECTIVO,6640.55,2026-05-20 19:10:22,0,ESTRUCTURACION_SMURFING_DETECTADA,,,,
TX-0007779,CLI-01195,SISTEMA,DEPOSITO_EFECTIVO,190.89,2026-05-20 19:13:22,0,ESTRUCTURACION_SMURFING_DETECTADA,,,,
TX-0030727,CLI-04728,SISTEMA,DEPOSITO_EFECTIVO,5343.17,2026-05-20 19:20:22,0,ESTRUCTURACION_SMURFING_DETECTADA,,,,
TX-0028176,CLI-04337,SISTEMA,DEPOSITO_EFECTIVO,1410.33,2026-05-20 19:22:22,0,ESTRUCTURACION_SMURFING_DETECTADA,,,,
TX-0001215,CLI-00184,SISTEMA,DEPOSITO_EFECTIVO,1288.59,2026-05-20 19:25:22,0,ESTRUCTURACION_SMURFING_DETECTADA,,,,
TX-0025348,CLI-03912,SISTEMA,DEPOSITO_EFECTIVO,397.29,2026-05-20 19:26:22,0,ESTRUCTURACION_SMURFING_DETECTADA,,,,
TX-0028410,CLI-04372,SISTEMA,DEPOSITO_EFECTIVO,810.29,2026-05-20 19:40:22,0,ESTRUCTURACION_SMURFING_DETECTADA,,,,
TX-0029517,CLI-04544,SISTEMA,DEPOSITO_EFECTIVO,7796.02,2026-05-20 19:43:22,0,ESTRUCTURACION_SMURFING_DETECTADA,,,,
TX-0024581,CLI-03794,SISTEMA,DEPOSITO_EFECTIVO,2967.18,2026-05-20 19:44:22,0,ESTRUCTURACION_SMURFING_DETECTADA,,,,
TX-0016161,CLI-02501,SISTEMA,DEPOSITO_EFECTIVO,1208.2,2026-05-20 20:11:22,0,ESTRUCTURACION_SMURFING_DETECTADA,,,,
TX-0024262,CLI-03744,SISTEMA,DEPOSITO_EFECTIVO,535.76,2026-05-20 20:27:22,0,ESTRUCTURACION_SMURFING_DETECTADA,,,,
TX-0001537,CLI-00231,SISTEMA,DEPOSITO_EFECTIVO,1972.19,2026-05-20 20:33:22,0,ESTRUCTURACION_SMURFING_DETECTADA,,,,
TX-0018659,CLI-02887,SISTEMA,DEPOSITO_EFECTIVO,2516.34,2026-05-20 20:46:22,0,ESTRUCTURACION_SMURFING_DETECTADA,,,,
TX-0007649,CLI-01176,SISTEMA,DEPOSITO_EFECTIVO,6813.42,2026-05-20 20:53:22,0,ESTRUCTURACION_SMURFING_DETECTADA,,,,
TX-0025481,CLI-03932,SISTEMA,DEPOSITO_EFECTIVO,4454.68,2026-05-20 20:54:22,0,ESTRUCTURACION_SMURFING_DETECTADA,,,,
TX-0011473,CLI-01769,SISTEMA,DEPOSITO_EFECTIVO,736.16,2026-05-20 21:02:22,0,ESTRUCTURACION_SMURFING_DETECTADA,,,,
TX-0018498,CLI-02862,SISTEMA,DEPOSITO_EFECTIVO,821.72,2026-05-20 21:20:22,0,ESTRUCTURACION_SMURFING_DETECTADA,,,,
TX-0002262,CLI-00342,SISTEMA,DEPOSITO_EFECTIVO,236.81,2026-05-20 21:23:22,0,ESTRUCTURACION_SMURFING_DETECTADA,,,,
TX-0016719,CLI-02591,SISTEMA,DEPOSITO_EFECTIVO,687.87,2026-05-20 21:24:22,0,ESTRUCTURACION_SMURFING_DETECTADA,,,,
TX-0018052,CLI-02793,SISTEMA,DEPOSITO_EFECTIVO,60.77,2026-05-20 21:33:22,0,ESTRUCTURACION_SMURFING_DETECTADA,,,,
TX-0012928,CLI-01999,SISTEMA,DEPOSITO_EFECTIVO,773.91,2026-05-20 21:52:22,0,ESTRUCTURACION_SMURFING_DETECTADA,,,,
TX-0018073,CLI-02796,SISTEMA,DEPOSITO_EFECTIVO,125.62,2026-05-20 21:53:22,0,ESTRUCTURACION_SMURFING_DETECTADA,,,,
TX-0013909,CLI-02154,SISTEMA,DEPOSITO_EFECTIVO,198.54,2026-05-20 21:56:22,0,ESTRUCTURACION_SMURFING_DETECTADA,,,,
TX-0025717,CLI-03968,SISTEMA,DEPOSITO_EFECTIVO,633.11,2026-05-20 22:06:22,0,ESTRUCTURACION_SMURFING_DETECTADA,,,,
TX-0026594,CLI-04095,SISTEMA,DEPOSITO_EFECTIVO,1431.42,2026-05-20 22:10:22,0,ESTRUCTURACION_SMURFING_DETECTADA,,,,
TX-0011911,CLI-01836,SISTEMA,DEPOSITO_EFECTIVO,560.54,2026-05-20 22:20:22,0,ESTRUCTURACION_SMURFING_DETECTADA,,,,
TX-0022327,CLI-03451,SISTEMA,DEPOSITO_EFECTIVO,243.15,2026-05-20 22:37:22,0,ESTRUCTURACION_SMURFING_DETECTADA,,,,
TX-0026699,CLI-04109,SISTEMA,DEPOSITO_EFECTIVO,2379.15,2026-05-20 22:59:22,0,ESTRUCTURACION_SMURFING_DETECTADA,,,,
TX-0016993,CLI-02633,SISTEMA,DEPOSITO_EFECTIVO,78.56,2026-05-20 23:22:22,0,ESTRUCTURACION_SMURFING_DETECTADA,,,,
TX-0010936,CLI-01684,SISTEMA,DEPOSITO_EFECTIVO,3228.93,2026-05-20 23:32:22,0,ESTRUCTURACION_SMURFING_DETECTADA,,,,
TX-0014760,CLI-02290,SISTEMA,DEPOSITO_EFECTIVO,7420.83,2026-05-20 23:33:22,0,ESTRUCTURACION_SMURFING_DETECTADA,,,,
TX-0024320,CLI-03754,SISTEMA,DEPOSITO_EFECTIVO,210.12,2026-05-20 23:37:22,0,ESTRUCTURACION_SMURFING_DETECTADA,,,,
TX-0022897,CLI-03538,SISTEMA,DEPOSITO_EFECTIVO,359.23,2026-05-20 23:48:22,0,ESTRUCTURACION_SMURFING_DETECTADA,,,,
TX-0008273,CLI-01273,SISTEMA,DEPOSITO_EFECTIVO,1211.94,2026-05-20 23:49:22,0,ESTRUCTURACION_SMURFING_DETECTADA,,,,
TX-0017320,CLI-02683,SISTEMA,DEPOSITO_EFECTIVO,287.43,2026-05-20 23:53:22,0,ESTRUCTURACION_SMURFING_DETECTADA,,,,
TX-0015425,CLI-02389,SISTEMA,DEPOSITO_EFECTIVO,1815.74,2026-05-20 23:53:22,0,ESTRUCTURACION_SMURFING_DETECTADA,,,,
TX-0017587,CLI-02724,SISTEMA,DEPOSITO_EFECTIVO,3786.64,2026-05-21 00:14:22,0,ESTRUCTURACION_SMURFING_DETECTADA,,,,
TX-0022097,CLI-03415,SISTEMA,DEPOSITO_EFECTIVO,699.29,2026-05-21 00:16:22,0,ESTRUCTURACION_SMURFING_DETECTADA,,,,
TX-0013851,CLI-02146,SISTEMA,DEPOSITO_EFECTIVO,8619.57,2026-05-21 00:18:22,0,ESTRUCTURACION_SMURFING_DETECTADA,,,,
TX-0011300,CLI-01740,SISTEMA,DEPOSITO_EFECTIVO,185.52,2026-05-21 00:20:22,0,ESTRUCTURACION_SMURFING_DETECTADA,,,,
TX-0011617,CLI-01791,SISTEMA,DEPOSITO_EFECTIVO,2570.96,2026-05-21 00:30:22,0,ESTRUCTURACION_SMURFING_DETECTADA,,,,
TX-0001653,CLI-00249,SISTEMA,DEPOSITO_EFECTIVO,194.87,2026-05-21 00:36:22,0,ESTRUCTURACION_SMURFING_DETECTADA,,,,
TX-0009918,CLI-01523,SISTEMA,DEPOSITO_EFECTIVO,12813.04,2026-05-21 00:39:22,0,ESTRUCTURACION_SMURFING_DETECTADA,,,,
TX-0031401,CLI-04829,SISTEMA,DEPOSITO_EFECTIVO,599.06,2026-05-21 00:53:22,0,ESTRUCTURACION_SMURFING_DETECTADA,,,,
TX-0007577,CLI-01167,SISTEMA,DEPOSITO_EFECTIVO,600.57,2026-05-21 00:53:22,0,ESTRUCTURACION_SMURFING_DETECTADA,,,,
TX-0016724,CLI-02592,SISTEMA,DEPOSITO_EFECTIVO,9011.81,2026-05-21 00:53:22,0,ESTRUCTURACION_SMURFING_DETECTADA,,,,
TX-0001404,CLI-00211,SISTEMA,DEPOSITO_EFECTIVO,2409.19,2026-05-21 01:04:22,0,ESTRUCTURACION_SMURFING_DETECTADA,,,,
TX-0005306,CLI-00817,SISTEMA,DEPOSITO_EFECTIVO,509.86,2026-05-21 01:15:22,0,ESTRUCTURACION_SMURFING_DETECTADA,,,,
TX-0031835,CLI-04893,SISTEMA,DEPOSITO_EFECTIVO,8582.51,2026-05-21 01:20:22,0,ESTRUCTURACION_SMURFING_DETECTADA,,,,
TX-0020414,CLI-03162,SISTEMA,DEPOSITO_EFECTIVO,112.88,2026-05-21 01:42:22,0,ESTRUCTURACION_SMURFING_DETECTADA,,,,
TX-0006727,CLI-01037,SISTEMA,DEPOSITO_EFECTIVO,88.11,2026-05-21 01:46:22,0,ESTRUCTURACION_SMURFING_DETECTADA,,,,
TX-0024222,CLI-03739,SISTEMA,DEPOSITO_EFECTIVO,889.37,2026-05-21 02:05:22,0,ESTRUCTURACION_SMURFING_DETECTADA,,,,
TX-0030464,CLI-04689,SISTEMA,DEPOSITO_EFECTIVO,665.72,2026-05-21 02:21:22,0,ESTRUCTURACION_SMURFING_DETECTADA,,,,
TX-0003659,CLI-00554,SISTEMA,DEPOSITO_EFECTIVO,4842.27,2026-05-21 02:37:22,0,ESTRUCTURACION_SMURFING_DETECTADA,,,,
TX-0032211,CLI-04950,SISTEMA,DEPOSITO_EFECTIVO,1398.95,2026-05-21 02:43:22,0,ESTRUCTURACION_SMURFING_DETECTADA,,,,
TX-0004496,CLI-00688,SISTEMA,DEPOSITO_EFECTIVO,657.92,2026-05-21 02:50:22,0,ESTRUCTURACION_SMURFING_DETECTADA,,,,
TX-0030311,CLI-04671,SISTEMA,DEPOSITO_EFECTIVO,2348.99,2026-05-21 03:11:22,0,ESTRUCTURACION_SMURFING_DETECTADA,,,,
TX-0028360,CLI-04364,SISTEMA,DEPOSITO_EFECTIVO,459.78,2026-05-21 03:16:22,0,ESTRUCTURACION_SMURFING_DETECTADA,,,,
TX-0028985,CLI-04463,SISTEMA,DEPOSITO_EFECTIVO,7057.58,2026-05-21 03:19:22,0,ESTRUCTURACION_SMURFING_DETECTADA,,,,
TX-0009911,CLI-01521,SISTEMA,DEPOSITO_EFECTIVO,128.26,2026-05-21 03:37:22,0,ESTRUCTURACION_SMURFING_DETECTADA,,,,
TX-0006631,CLI-01022,SISTEMA,DEPOSITO_EFECTIVO,955.96,2026-05-21 03:38:22,0,ESTRUCTURACION_SMURFING_DETECTADA,,,,
TX-0001441,CLI-00216,SISTEMA,DEPOSITO_EFECTIVO,1378.12,2026-05-21 03:45:22,0,ESTRUCTURACION_SMURFING_DETECTADA,,,,
TX-0012518,CLI-01932,SISTEMA,DEPOSITO_EFECTIVO,10979.57,2026-05-21 03:55:22,0,ESTRUCTURACION_SMURFING_DETECTADA,,,,
TX-0028234,CLI-04345,SISTEMA,DEPOSITO_EFECTIVO,8663.65,2026-05-21 04:12:22,0,ESTRUCTURACION_SMURFING_DETECTADA,,,,
TX-0009467,CLI-01456,SISTEMA,DEPOSITO_EFECTIVO,5193.46,2026-05-21 04:37:22,0,ESTRUCTURACION_SMURFING_DETECTADA,,,,
TX-0009264,CLI-01423,SISTEMA,DEPOSITO_EFECTIVO,9676.75,2026-05-21 04:39:22,0,ESTRUCTURACION_SMURFING_DETECTADA,,,,
TX-0000173,CLI-00026,SISTEMA,DEPOSITO_EFECTIVO,90.14,2026-05-21 04:45:22,0,ESTRUCTURACION_SMURFING_DETECTADA,,,,
TX-0029021,CLI-04468,SISTEMA,DEPOSITO_EFECTIVO,7105.52,2026-05-21 05:04:22,0,ESTRUCTURACION_SMURFING_DETECTADA,,,,
TX-0006784,CLI-01046,SISTEMA,DEPOSITO_EFECTIVO,7614.75,2026-05-21 05:13:22,0,ESTRUCTURACION_SMURFING_DETECTADA,,,,
TX-0028153,CLI-04333,SISTEMA,DEPOSITO_EFECTIVO,268.64,2026-05-21 05:35:22,0,ESTRUCTURACION_SMURFING_DETECTADA,,,,
TX-0009655,CLI-01483,SISTEMA,DEPOSITO_EFECTIVO,5188.82,2026-05-21 05:49:22,0,ESTRUCTURACION_SMURFING_DETECTADA,,,,
TX-0014170,CLI-02194,SISTEMA,DEPOSITO_EFECTIVO,7930.08,2026-05-21 06:14:22,0,ESTRUCTURACION_SMURFING_DETECTADA,,,,
TX-0022351,CLI-03454,SISTEMA,DEPOSITO_EFECTIVO,6679.14,2026-05-21 06:22:22,0,ESTRUCTURACION_SMURFING_DETECTADA,,,,
TX-0011951,CLI-01841,SISTEMA,DEPOSITO_EFECTIVO,7807.36,2026-05-21 06:25:22,0,ESTRUCTURACION_SMURFING_DETECTADA,,,,
TX-0004923,CLI-00762,SISTEMA,DEPOSITO_EFECTIVO,345.4,2026-05-21 06:26:22,0,ESTRUCTURACION_SMURFING_DETECTADA,,,,
TX-0001488,CLI-00223,SISTEMA,DEPOSITO_EFECTIVO,400.33,2026-05-21 06:30:22,0,ESTRUCTURACION_SMURFING_DETECTADA,,,,
TX-0011773,CLI-01816,SISTEMA,DEPOSITO_EFECTIVO,885.89,2026-05-21 06:32:22,0,ESTRUCTURACION_SMURFING_DETECTADA,,,,
TX-0003768,CLI-00571,SISTEMA,DEPOSITO_EFECTIVO,350.74,2026-05-21 06:38:22,0,ESTRUCTURACION_SMURFING_DETECTADA,,,,
TX-0021030,CLI-03254,SISTEMA,DEPOSITO_EFECTIVO,521.75,2026-05-21 06:40:22,0,ESTRUCTURACION_SMURFING_DETECTADA,,,,
TX-0017074,CLI-02645,SISTEMA,DEPOSITO_EFECTIVO,279.12,2026-05-21 06:42:22,0,ESTRUCTURACION_SMURFING_DETECTADA,,,,
TX-0007772,CLI-01194,SISTEMA,DEPOSITO_EFECTIVO,4452.12,2026-05-21 06:47:22,0,ESTRUCTURACION_SMURFING_DETECTADA,,,,
TX-0030368,CLI-04678,SISTEMA,DEPOSITO_EFECTIVO,219.77,2026-05-21 06:51:22,0,ESTRUCTURACION_SMURFING_DETECTADA,,,,
TX-0016145,CLI-02498,SISTEMA,DEPOSITO_EFECTIVO,1854.63,2026-05-21 06:52:22,0,ESTRUCTURACION_SMURFING_DETECTADA,,,,
TX-0028397,CLI-04370,SISTEMA,DEPOSITO_EFECTIVO,610.5,2026-05-21 06:57:22,0,ESTRUCTURACION_SMURFING_DETECTADA,,,,
TX-0011246,CLI-01732,SISTEMA,DEPOSITO_EFECTIVO,2446.28,2026-05-21 07:06:22,0,ESTRUCTURACION_SMURFING_DETECTADA,,,,
TX-0012121,CLI-01869,SISTEMA,DEPOSITO_EFECTIVO,12626.46,2026-05-21 07:08:22,0,ESTRUCTURACION_SMURFING_DETECTADA,,,,
TX-0015183,CLI-02351,SISTEMA,DEPOSITO_EFECTIVO,3422.33,2026-05-21 07:12:22,0,ESTRUCTURACION_SMURFING_DETECTADA,,,,
TX-0013543,CLI-02100,SISTEMA,DEPOSITO_EFECTIVO,192.66,2026-05-21 07:18:22,0,ESTRUCTURACION_SMURFING_DETECTADA,,,,
TX-0012090,CLI-01866,SISTEMA,DEPOSITO_EFECTIVO,5581.46,2026-05-21 07:34:22,0,ESTRUCTURACION_SMURFING_DETECTADA,,,,
TX-0009297,CLI-01428,SISTEMA,DEPOSITO_EFECTIVO,196.2,2026-05-21 07:35:22,0,ESTRUCTURACION_SMURFING_DETECTADA,,,,
TX-0021460,CLI-03318,SISTEMA,DEPOSITO_EFECTIVO,1036.92,2026-05-21 07:51:22,0,ESTRUCTURACION_SMURFING_DETECTADA,,,,
TX-0004914,CLI-00760,SISTEMA,DEPOSITO_EFECTIVO,429.77,2026-05-21 07:52:22,0,ESTRUCTURACION_SMURFING_DETECTADA,,,,
TX-0022161,CLI-03427,SISTEMA,DEPOSITO_EFECTIVO,1362.93,2026-05-21 08:22:22,0,ESTRUCTURACION_SMURFING_DETECTADA,,,,
TX-0030875,CLI-04753,SISTEMA,DEPOSITO_EFECTIVO,225.68,2026-05-21 08:24:22,0,ESTRUCTURACION_SMURFING_DETECTADA,,,,
TX-0016610,CLI-02573,SISTEMA,DEPOSITO_EFECTIVO,129.57,2026-05-21 08:35:22,0,ESTRUCTURACION_SMURFING_DETECTADA,,,,
TX-0021989,CLI-03398,SISTEMA,DEPOSITO_EFECTIVO,6233.82,2026-05-21 08:39:22,0,ESTRUCTURACION_SMURFING_DETECTADA,,,,
TX-0030980,CLI-04767,SISTEMA,DEPOSITO_EFECTIVO,185.77,2026-05-21 08:44:22,0,ESTRUCTURACION_SMURFING_DETECTADA,,,,
TX-0017175,CLI-02661,SISTEMA,DEPOSITO_EFECTIVO,9766.17,2026-05-21 08:45:22,0,ESTRUCTURACION_SMURFING_DETECTADA,,,,
TX-0007311,CLI-01130,SISTEMA,DEPOSITO_EFECTIVO,136.17,2026-05-21 08:50:22,0,ESTRUCTURACION_SMURFING_DETECTADA,,,,
TX-0025799,CLI-03980,SISTEMA,DEPOSITO_EFECTIVO,186.33,2026-05-21 08:51:22,0,ESTRUCTURACION_SMURFING_DETECTADA,,,,
TX-0031736,CLI-04879,SISTEMA,DEPOSITO_EFECTIVO,259.3,2026-05-21 08:53:22,0,ESTRUCTURACION_SMURFING_DETECTADA,,,,
TX-0003541,CLI-00536,SISTEMA,DEPOSITO_EFECTIVO,9294.74,2026-05-21 09:05:22,0,ESTRUCTURACION_SMURFING_DETECTADA,,,,
TX-0000744,CLI-00115,SISTEMA,DEPOSITO_EFECTIVO,1857.07,2026-05-21 09:12:22,0,ESTRUCTURACION_SMURFING_DETECTADA,,,,
TX-0026283,CLI-04049,SISTEMA,DEPOSITO_EFECTIVO,523.04,2026-05-21 09:32:22,0,ESTRUCTURACION_SMURFING_DETECTADA,,,,
TX-0022563,CLI-03488,SISTEMA,DEPOSITO_EFECTIVO,4694.95,2026-05-21 09:36:22,0,ESTRUCTURACION_SMURFING_DETECTADA,,,,
TX-0000017,CLI-00003,SISTEMA,DEPOSITO_EFECTIVO,4930.28,2026-05-21 09:41:22,0,ESTRUCTURACION_SMURFING_DETECTADA,,,,
TX-0025283,CLI-03901,SISTEMA,DEPOSITO_EFECTIVO,3550.97,2026-05-21 09:55:22,0,ESTRUCTURACION_SMURFING_DETECTADA,,,,
TX-0013107,CLI-02027,SISTEMA,DEPOSITO_EFECTIVO,12397.28,2026-05-21 09:57:22,0,ESTRUCTURACION_SMURFING_DETECTADA,,,,
TX-0007810,CLI-01201,SISTEMA,DEPOSITO_EFECTIVO,3607.11,2026-05-21 10:00:22,0,ESTRUCTURACION_SMURFING_DETECTADA,,,,
TX-0028817,CLI-04436,SISTEMA,DEPOSITO_EFECTIVO,9519.81,2026-05-21 10:01:22,0,ESTRUCTURACION_SMURFING_DETECTADA,,,,
TX-0008801,CLI-01350,SISTEMA,DEPOSITO_EFECTIVO,319.64,2026-05-21 10:07:22,0,ESTRUCTURACION_SMURFING_DETECTADA,,,,
TX-0022205,CLI-03435,SISTEMA,DEPOSITO_EFECTIVO,397.19,2026-05-21 10:24:22,0,ESTRUCTURACION_SMURFING_DETECTADA,,,,
TX-0006898,CLI-01063,SISTEMA,DEPOSITO_EFECTIVO,138.81,2026-05-21 10:25:22,0,ESTRUCTURACION_SMURFING_DETECTADA,,,,
TX-0007542,CLI-01162,SISTEMA,DEPOSITO_EFECTIVO,966.82,2026-05-21 10:29:22,0,ESTRUCTURACION_SMURFING_DETECTADA,,,,
TX-0009639,CLI-01481,SISTEMA,DEPOSITO_EFECTIVO,5282.22,2026-05-21 10:32:22,0,ESTRUCTURACION_SMURFING_DETECTADA,,,,
TX-0018335,CLI-02838,SISTEMA,DEPOSITO_EFECTIVO,336.41,2026-05-21 10:37:22,0,ESTRUCTURACION_SMURFING_DETECTADA,,,,
TX-0019067,CLI-02950,SISTEMA,DEPOSITO_EFECTIVO,13767.86,2026-05-21 11:02:22,0,ESTRUCTURACION_SMURFING_DETECTADA,,,,
TX-0004652,CLI-00717,SISTEMA,DEPOSITO_EFECTIVO,1743.7,2026-05-21 11:15:22,0,ESTRUCTURACION_SMURFING_DETECTADA,,,,
TX-0004063,CLI-00620,SISTEMA,DEPOSITO_EFECTIVO,4331.68,2026-05-21 11:27:22,0,ESTRUCTURACION_SMURFING_DETECTADA,,,,
TX-0023648,CLI-03655,SISTEMA,DEPOSITO_EFECTIVO,2135.63,2026-05-21 11:30:22,0,ESTRUCTURACION_SMURFING_DETECTADA,,,,
TX-0011260,CLI-01734,SISTEMA,DEPOSITO_EFECTIVO,549.07,2026-05-21 11:44:22,0,ESTRUCTURACION_SMURFING_DETECTADA,,,,
TX-0030934,CLI-04761,SISTEMA,DEPOSITO_EFECTIVO,3338.65,2026-05-21 11:53:22,0,ESTRUCTURACION_SMURFING_DETECTADA,,,,
TX-0021605,CLI-03342,SISTEMA,DEPOSITO_EFECTIVO,4292.39,2026-05-21 12:15:22,0,ESTRUCTURACION_SMURFING_DETECTADA,,,,
TX-0000208,CLI-00031,SISTEMA,DEPOSITO_EFECTIVO,941.69,2026-05-21 12:39:22,0,ESTRUCTURACION_SMURFING_DETECTADA,,,,
TX-0031874,CLI-04898,SISTEMA,DEPOSITO_EFECTIVO,10972.91,2026-05-21 12:41:22,0,ESTRUCTURACION_SMURFING_DETECTADA,,,,
TX-0028204,CLI-04341,SISTEMA,DEPOSITO_EFECTIVO,341.62,2026-05-21 12:42:22,0,ESTRUCTURACION_SMURFING_DETECTADA,,,,
TX-0031532,CLI-04850,SISTEMA,DEPOSITO_EFECTIVO,2449.45,2026-05-21 12:48:22,0,ESTRUCTURACION_SMURFING_DETECTADA,,,,
TX-0016018,CLI-02477,SISTEMA,DEPOSITO_EFECTIVO,2273.51,2026-05-21 12:49:22,0,ESTRUCTURACION_SMURFING_DETECTADA,,,,
TX-0030036,CLI-04628,SISTEMA,DEPOSITO_EFECTIVO,3770.96,2026-05-21 12:57:22,0,ESTRUCTURACION_SMURFING_DETECTADA,,,,
TX-0010415,CLI-01598,SISTEMA,DEPOSITO_EFECTIVO,2825.55,2026-05-21 12:57:22,0,ESTRUCTURACION_SMURFING_DETECTADA,,,,
TX-0000005,CLI-00002,SISTEMA,DEPOSITO_EFECTIVO,150.71,2026-05-21 13:09:22,0,ESTRUCTURACION_SMURFING_DETECTADA,,,,
TX-0024124,CLI-03725,SISTEMA,DEPOSITO_EFECTIVO,7180.21,2026-05-21 13:10:22,0,ESTRUCTURACION_SMURFING_DETECTADA,,,,
TX-0009072,CLI-01394,SISTEMA,DEPOSITO_EFECTIVO,611.29,2026-05-21 13:14:22,0,ESTRUCTURACION_SMURFING_DETECTADA,,,,
TX-0020008,CLI-03102,SISTEMA,DEPOSITO_EFECTIVO,8460.12,2026-05-21 13:24:22,0,ESTRUCTURACION_SMURFING_DETECTADA,,,,
TX-0031647,CLI-04867,SISTEMA,DEPOSITO_EFECTIVO,280.22,2026-05-21 13:27:22,0,ESTRUCTURACION_SMURFING_DETECTADA,,,,
TX-0023350,CLI-03607,SISTEMA,DEPOSITO_EFECTIVO,2393.56,2026-05-21 13:28:22,0,ESTRUCTURACION_SMURFING_DETECTADA,,,,
TX-0028754,CLI-04427,SISTEMA,DEPOSITO_EFECTIVO,3266.71,2026-05-21 13:41:22,0,ESTRUCTURACION_SMURFING_DETECTADA,,,,
TX-0010301,CLI-01582,SISTEMA,DEPOSITO_EFECTIVO,320.44,2026-05-21 13:48:22,0,ESTRUCTURACION_SMURFING_DETECTADA,,,,
TX-0001229,CLI-00186,SISTEMA,DEPOSITO_EFECTIVO,106.63,2026-05-21 13:50:22,0,ESTRUCTURACION_SMURFING_DETECTADA,,,,
TX-0020867,CLI-03231,SISTEMA,DEPOSITO_EFECTIVO,2306.82,2026-05-21 13:52:22,0,ESTRUCTURACION_SMURFING_DETECTADA,,,,
TX-0015855,CLI-02453,SISTEMA,DEPOSITO_EFECTIVO,2069.72,2026-05-21 13:53:22,0,ESTRUCTURACION_SMURFING_DETECTADA,,,,
TX-0015320,CLI-02375,SISTEMA,DEPOSITO_EFECTIVO,584.07,2026-05-21 14:03:22,0,ESTRUCTURACION_SMURFING_DETECTADA,,,,
TX-0014943,CLI-02318,SISTEMA,DEPOSITO_EFECTIVO,480.12,2026-05-21 14:03:22,0,ESTRUCTURACION_SMURFING_DETECTADA,,,,
TX-0016879,CLI-02614,SISTEMA,DEPOSITO_EFECTIVO,777.26,2026-05-21 14:16:22,0,ESTRUCTURACION_SMURFING_DETECTADA,,,,
TX-0026293,CLI-04050,SISTEMA,DEPOSITO_EFECTIVO,737.26,2026-05-21 14:19:22,0,ESTRUCTURACION_SMURFING_DETECTADA,,,,
TX-0029115,CLI-04483,SISTEMA,DEPOSITO_EFECTIVO,1642.56,2026-05-21 14:29:22,0,ESTRUCTURACION_SMURFING_DETECTADA,,,,
TX-0027167,CLI-04188,SISTEMA,DEPOSITO_EFECTIVO,873.14,2026-05-21 14:41:22,0,ESTRUCTURACION_SMURFING_DETECTADA,,,,
TX-0031577,CLI-04858,SISTEMA,DEPOSITO_EFECTIVO,119.68,2026-05-21 15:13:22,0,ESTRUCTURACION_SMURFING_DETECTADA,,,,
TX-0015155,CLI-02346,SISTEMA,DEPOSITO_EFECTIVO,437.28,2026-05-21 15:16:22,0,ESTRUCTURACION_SMURFING_DETECTADA,,,,
TX-0007623,CLI-01172,SISTEMA,DEPOSITO_EFECTIVO,1807.81,2026-05-21 15:20:22,0,ESTRUCTURACION_SMURFING_DETECTADA,,,,
TX-0021474,CLI-03320,SISTEMA,DEPOSITO_EFECTIVO,1007.25,2026-05-21 15:27:22,0,ESTRUCTURACION_SMURFING_DETECTADA,,,,
TX-0026859,CLI-04137,SISTEMA,DEPOSITO_EFECTIVO,2457.14,2026-05-21 15:29:22,0,ESTRUCTURACION_SMURFING_DETECTADA,,,,
TX-0019386,CLI-03004,SISTEMA,DEPOSITO_EFECTIVO,8929.25,2026-05-21 15:36:22,0,ESTRUCTURACION_SMURFING_DETECTADA,,,,
TX-0013293,CLI-02057,SISTEMA,DEPOSITO_EFECTIVO,1567.34,2026-05-21 15:47:22,0,ESTRUCTURACION_SMURFING_DETECTADA,,,,
TX-0029220,CLI-04499,SISTEMA,DEPOSITO_EFECTIVO,812.14,2026-05-21 15:57:22,0,ESTRUCTURACION_SMURFING_DETECTADA,,,,
TX-0003228,CLI-00489,SISTEMA,DEPOSITO_EFECTIVO,10937.21,2026-05-21 16:09:22,0,ESTRUCTURACION_SMURFING_DETECTADA,,,,
TX-0026131,CLI-04029,SISTEMA,DEPOSITO_EFECTIVO,3296.36,2026-05-21 16:13:22,0,ESTRUCTURACION_SMURFING_DETECTADA,,,,
TX-0015197,CLI-02353,SISTEMA,DEPOSITO_EFECTIVO,8387.89,2026-05-21 16:14:22,0,ESTRUCTURACION_SMURFING_DETECTADA,,,,
TX-0014455,CLI-02241,SISTEMA,DEPOSITO_EFECTIVO,968.35,2026-05-21 16:15:22,0,ESTRUCTURACION_SMURFING_DETECTADA,,,,
TX-0005892,CLI-00906,SISTEMA,DEPOSITO_EFECTIVO,211.77,2026-05-21 16:24:22,0,ESTRUCTURACION_SMURFING_DETECTADA,,,,
TX-0027480,CLI-04237,SISTEMA,DEPOSITO_EFECTIVO,1608.76,2026-05-21 16:28:22,0,ESTRUCTURACION_SMURFING_DETECTADA,,,,
TX-0018984,CLI-02936,SISTEMA,DEPOSITO_EFECTIVO,161.71,2026-05-21 16:41:22,0,ESTRUCTURACION_SMURFING_DETECTADA,,,,
TX-0030737,CLI-04729,SISTEMA,DEPOSITO_EFECTIVO,5069.81,2026-05-21 16:42:22,0,ESTRUCTURACION_SMURFING_DETECTADA,,,,
TX-0026761,CLI-04120,SISTEMA,DEPOSITO_EFECTIVO,3110.97,2026-05-21 16:42:22,0,ESTRUCTURACION_SMURFING_DETECTADA,,,,
TX-0017933,CLI-02774,SISTEMA,DEPOSITO_EFECTIVO,2190.9,2026-05-21 16:49:22,0,ESTRUCTURACION_SMURFING_DETECTADA,,,,
TX-0029079,CLI-04476,SISTEMA,DEPOSITO_EFECTIVO,1052.86,2026-05-21 16:56:22,0,ESTRUCTURACION_SMURFING_DETECTADA,,,,
TX-0022131,CLI-03421,SISTEMA,DEPOSITO_EFECTIVO,2330.63,2026-05-21 17:00:22,0,ESTRUCTURACION_SMURFING_DETECTADA,,,,
TX-0004023,CLI-00613,SISTEMA,DEPOSITO_EFECTIVO,281.56,2026-05-21 17:05:22,0,ESTRUCTURACION_SMURFING_DETECTADA,,,,
TX-0029276,CLI-04506,SISTEMA,DEPOSITO_EFECTIVO,7194.46,2026-05-21 17:10:22,0,ESTRUCTURACION_SMURFING_DETECTADA,,,,
TX-0026139,CLI-04029,SISTEMA,DEPOSITO_EFECTIVO,720.79,2026-05-21 17:15:22,0,ESTRUCTURACION_SMURFING_DETECTADA,,,,
TX-0001787,CLI-00267,SISTEMA,DEPOSITO_EFECTIVO,9198.4,2026-05-21 17:15:22,0,ESTRUCTURACION_SMURFING_DETECTADA,,,,
TX-0004250,CLI-00650,SISTEMA,DEPOSITO_EFECTIVO,107.48,2026-05-21 17:24:22,0,ESTRUCTURACION_SMURFING_DETECTADA,,,,
TX-0002885,CLI-00438,SISTEMA,DEPOSITO_EFECTIVO,2639.38,2026-05-21 17:39:22,0,ESTRUCTURACION_SMURFING_DETECTADA,,,,
TX-0029719,CLI-04576,SISTEMA,DEPOSITO_EFECTIVO,1185.24,2026-05-21 17:44:22,0,ESTRUCTURACION_SMURFING_DETECTADA,,,,
TX-0005381,CLI-00828,SISTEMA,DEPOSITO_EFECTIVO,14189.68,2026-05-21 17:46:22,0,ESTRUCTURACION_SMURFING_DETECTADA,,,,
TX-0028023,CLI-04315,SISTEMA,DEPOSITO_EFECTIVO,9118.88,2026-05-21 17:51:22,0,ESTRUCTURACION_SMURFING_DETECTADA,,,,
TX-0012275,CLI-01895,SISTEMA,DEPOSITO_EFECTIVO,387.43,2026-05-21 17:56:22,0,ESTRUCTURACION_SMURFING_DETECTADA,,,,
TX-0028681,CLI-04416,SISTEMA,DEPOSITO_EFECTIVO,2936.07,2026-05-21 18:11:22,0,ESTRUCTURACION_SMURFING_DETECTADA,,,,
TX-0029269,CLI-04505,SISTEMA,DEPOSITO_EFECTIVO,11961.16,2026-05-21 18:15:22,0,ESTRUCTURACION_SMURFING_DETECTADA,,,,
TX-0031298,CLI-04814,SISTEMA,DEPOSITO_EFECTIVO,7286.41,2026-05-21 18:18:22,0,ESTRUCTURACION_SMURFING_DETECTADA,,,,
TX-0016351,CLI-02532,SISTEMA,DEPOSITO_EFECTIVO,1351.45,2026-05-21 18:25:22,0,ESTRUCTURACION_SMURFING_DETECTADA,,,,
TX-0017600,CLI-02726,SISTEMA,DEPOSITO_EFECTIVO,6893.19,2026-05-21 18:26:22,0,ESTRUCTURACION_SMURFING_DETECTADA,,,,
TX-0010689,CLI-01647,SISTEMA,DEPOSITO_EFECTIVO,4940.83,2026-05-21 18:39:22,0,ESTRUCTURACION_SMURFING_DETECTADA,,,,
TX-0007886,CLI-01212,SISTEMA,DEPOSITO_EFECTIVO,1093.92,2026-05-21 18:50:22,0,ESTRUCTURACION_SMURFING_DETECTADA,,,,
TX-0005971,CLI-00919,SISTEMA,DEPOSITO_EFECTIVO,8586.39,2026-05-21 18:51:22,0,ESTRUCTURACION_SMURFING_DETECTADA,,,,
TX-0012032,CLI-01856,SISTEMA,DEPOSITO_EFECTIVO,2176.28,2026-05-21 18:56:22,0,ESTRUCTURACION_SMURFING_DETECTADA,,,,
TX-0012416,CLI-01916,SISTEMA,DEPOSITO_EFECTIVO,431.67,2026-05-21 18:58:22,0,ESTRUCTURACION_SMURFING_DETECTADA,,,,
TX-0019709,CLI-03052,SISTEMA,DEPOSITO_EFECTIVO,2065.78,2026-05-21 19:10:22,0,ESTRUCTURACION_SMURFING_DETECTADA,,,,
TX-0014620,CLI-02267,SISTEMA,DEPOSITO_EFECTIVO,1866.7,2026-05-21 19:12:22,0,ESTRUCTURACION_SMURFING_DETECTADA,,,,
TX-0023613,CLI-03649,SISTEMA,DEPOSITO_EFECTIVO,13754.15,2026-05-21 19:16:22,0,ESTRUCTURACION_SMURFING_DETECTADA,,,,
TX-0002493,CLI-00378,SISTEMA,DEPOSITO_EFECTIVO,584.19,2026-05-21 19:25:22,0,ESTRUCTURACION_SMURFING_DETECTADA,,,,
TX-0022570,CLI-03488,SISTEMA,DEPOSITO_EFECTIVO,6746.96,2026-05-21 19:28:22,0,ESTRUCTURACION_SMURFING_DETECTADA,,,,
TX-0026772,CLI-04122,SISTEMA,DEPOSITO_EFECTIVO,5139.76,2026-05-21 19:33:22,0,ESTRUCTURACION_SMURFING_DETECTADA,,,,
TX-0025429,CLI-03924,SISTEMA,DEPOSITO_EFECTIVO,412.39,2026-05-21 19:39:22,0,ESTRUCTURACION_SMURFING_DETECTADA,,,,
TX-0024530,CLI-03786,SISTEMA,DEPOSITO_EFECTIVO,180.65,2026-05-21 19:42:22,0,ESTRUCTURACION_SMURFING_DETECTADA,,,,
TX-0016668,CLI-02582,SISTEMA,DEPOSITO_EFECTIVO,361.33,2026-05-21 20:09:22,0,ESTRUCTURACION_SMURFING_DETECTADA,,,,
TX-0007144,CLI-01104,SISTEMA,DEPOSITO_EFECTIVO,266.3,2026-05-21 20:12:22,0,ESTRUCTURACION_SMURFING_DETECTADA,,,,
TX-0029034,CLI-04470,SISTEMA,DEPOSITO_EFECTIVO,4302.94,2026-05-21 20:20:22,0,ESTRUCTURACION_SMURFING_DETECTADA,,,,
TX-0013199,CLI-02041,SISTEMA,DEPOSITO_EFECTIVO,810.21,2026-05-21 20:37:22,0,ESTRUCTURACION_SMURFING_DETECTADA,,,,
TX-0017111,CLI-02651,SISTEMA,DEPOSITO_EFECTIVO,954.46,2026-05-21 20:49:22,0,ESTRUCTURACION_SMURFING_DETECTADA,,,,
TX-0017264,CLI-02676,SISTEMA,DEPOSITO_EFECTIVO,12641.43,2026-05-21 20:50:22,0,ESTRUCTURACION_SMURFING_DETECTADA,,,,
TX-0021652,CLI-03348,SISTEMA,DEPOSITO_EFECTIVO,4756.84,2026-05-21 20:58:22,0,ESTRUCTURACION_SMURFING_DETECTADA,,,,
TX-0015289,CLI-02369,SISTEMA,DEPOSITO_EFECTIVO,1431.67,2026-05-21 20:59:22,0,ESTRUCTURACION_SMURFING_DETECTADA,,,,
TX-0031542,CLI-04851,SISTEMA,DEPOSITO_EFECTIVO,5087.23,2026-05-21 21:11:22,0,ESTRUCTURACION_SMURFING_DETECTADA,,,,
TX-0006544,CLI-01008,SISTEMA,DEPOSITO_EFECTIVO,8588.19,2026-05-21 21:27:22,0,ESTRUCTURACION_SMURFING_DETECTADA,,,,
TX-0008880,CLI-01364,SISTEMA,DEPOSITO_EFECTIVO,1829.72,2026-05-21 21:57:22,0,ESTRUCTURACION_SMURFING_DETECTADA,,,,
TX-0022280,CLI-03446,SISTEMA,DEPOSITO_EFECTIVO,463.68,2026-05-21 21:58:22,0,ESTRUCTURACION_SMURFING_DETECTADA,,,,
TX-0020720,CLI-03206,SISTEMA,DEPOSITO_EFECTIVO,1518.29,2026-05-21 22:29:22,0,ESTRUCTURACION_SMURFING_DETECTADA,,,,
TX-0017428,CLI-02702,SISTEMA,DEPOSITO_EFECTIVO,7069.94,2026-05-21 22:42:22,0,ESTRUCTURACION_SMURFING_DETECTADA,,,,
TX-0004247,CLI-00650,SISTEMA,DEPOSITO_EFECTIVO,101.41,2026-05-21 22:44:22,0,ESTRUCTURACION_SMURFING_DETECTADA,,,,
TX-0032492,CLI-04991,SISTEMA,DEPOSITO_EFECTIVO,1219.4,2026-05-21 22:59:22,0,ESTRUCTURACION_SMURFING_DETECTADA,,,,
TX-0022396,CLI-03461,SISTEMA,DEPOSITO_EFECTIVO,1139.84,2026-05-21 23:16:22,0,ESTRUCTURACION_SMURFING_DETECTADA,,,,
TX-0007965,CLI-01225,SISTEMA,DEPOSITO_EFECTIVO,836.79,2026-05-21 23:17:22,0,ESTRUCTURACION_SMURFING_DETECTADA,,,,
TX-0020635,CLI-03196,SISTEMA,DEPOSITO_EFECTIVO,2580.57,2026-05-21 23:24:22,0,ESTRUCTURACION_SMURFING_DETECTADA,,,,
TX-0001345,CLI-00203,SISTEMA,DEPOSITO_EFECTIVO,1272.93,2026-05-21 23:46:22,0,ESTRUCTURACION_SMURFING_DETECTADA,,,,
TX-0001924,CLI-00288,SISTEMA,DEPOSITO_EFECTIVO,2909.58,2026-05-21 23:47:22,0,ESTRUCTURACION_SMURFING_DETECTADA,,,,
TX-0017285,CLI-02679,SISTEMA,DEPOSITO_EFECTIVO,8109.83,2026-05-22 00:02:22,0,ESTRUCTURACION_SMURFING_DETECTADA,,,,
TX-0027710,CLI-04269,SISTEMA,DEPOSITO_EFECTIVO,2009.5,2026-05-22 00:08:22,0,ESTRUCTURACION_SMURFING_DETECTADA,,,,
TX-0027646,CLI-04260,SISTEMA,DEPOSITO_EFECTIVO,5003.5,2026-05-22 00:10:22,0,ESTRUCTURACION_SMURFING_DETECTADA,,,,
TX-0027473,CLI-04236,SISTEMA,DEPOSITO_EFECTIVO,4542.45,2026-05-22 00:13:22,0,ESTRUCTURACION_SMURFING_DETECTADA,,,,
TX-0010591,CLI-01628,SISTEMA,DEPOSITO_EFECTIVO,128.13,2026-05-22 00:28:22,0,ESTRUCTURACION_SMURFING_DETECTADA,,,,
TX-0001087,CLI-00164,SISTEMA,DEPOSITO_EFECTIVO,3102.85,2026-05-22 00:35:22,0,ESTRUCTURACION_SMURFING_DETECTADA,,,,
TX-0010018,CLI-01540,SISTEMA,DEPOSITO_EFECTIVO,11858.93,2026-05-22 00:36:22,0,ESTRUCTURACION_SMURFING_DETECTADA,,,,
TX-0011800,CLI-01820,SISTEMA,DEPOSITO_EFECTIVO,719.33,2026-05-22 00:42:22,0,ESTRUCTURACION_SMURFING_DETECTADA,,,,
TX-0027976,CLI-04308,SISTEMA,DEPOSITO_EFECTIVO,2255.35,2026-05-22 00:43:22,0,ESTRUCTURACION_SMURFING_DETECTADA,,,,
TX-0022947,CLI-03545,SISTEMA,DEPOSITO_EFECTIVO,462.1,2026-05-22 00:50:22,0,ESTRUCTURACION_SMURFING_DETECTADA,,,,
TX-0005288,CLI-00815,SISTEMA,DEPOSITO_EFECTIVO,2143.27,2026-05-22 00:51:22,0,ESTRUCTURACION_SMURFING_DETECTADA,,,,
TX-0017965,CLI-02778,SISTEMA,DEPOSITO_EFECTIVO,1230.72,2026-05-22 00:56:22,0,ESTRUCTURACION_SMURFING_DETECTADA,,,,
TX-0028310,CLI-04355,SISTEMA,DEPOSITO_EFECTIVO,241.87,2026-05-22 00:58:22,0,ESTRUCTURACION_SMURFING_DETECTADA,,,,
TX-0011731,CLI-01810,SISTEMA,DEPOSITO_EFECTIVO,2669.45,2026-05-22 01:23:22,0,ESTRUCTURACION_SMURFING_DETECTADA,,,,
TX-0015488,CLI-02397,SISTEMA,DEPOSITO_EFECTIVO,671.13,2026-05-22 01:35:22,0,ESTRUCTURACION_SMURFING_DETECTADA,,,,
TX-0007326,CLI-01132,SISTEMA,DEPOSITO_EFECTIVO,2603.13,2026-05-22 01:41:22,0,ESTRUCTURACION_SMURFING_DETECTADA,,,,
TX-0031099,CLI-04785,SISTEMA,DEPOSITO_EFECTIVO,4124.12,2026-05-22 01:48:22,0,ESTRUCTURACION_SMURFING_DETECTADA,,,,
TX-0008825,CLI-01354,SISTEMA,DEPOSITO_EFECTIVO,8414.54,2026-05-22 01:49:22,0,ESTRUCTURACION_SMURFING_DETECTADA,,,,
TX-0028919,CLI-04452,SISTEMA,DEPOSITO_EFECTIVO,398.43,2026-05-22 01:59:22,0,ESTRUCTURACION_SMURFING_DETECTADA,,,,
TX-0019317,CLI-02993,SISTEMA,DEPOSITO_EFECTIVO,3122.96,2026-05-22 02:13:22,0,ESTRUCTURACION_SMURFING_DETECTADA,,,,
TX-0028120,CLI-04329,SISTEMA,DEPOSITO_EFECTIVO,7585.09,2026-05-22 02:22:22,0,ESTRUCTURACION_SMURFING_DETECTADA,,,,
TX-0011466,CLI-01768,SISTEMA,DEPOSITO_EFECTIVO,5069.59,2026-05-22 02:23:22,0,ESTRUCTURACION_SMURFING_DETECTADA,,,,
TX-0010226,CLI-01572,SISTEMA,DEPOSITO_EFECTIVO,4818.4,2026-05-22 02:35:22,0,ESTRUCTURACION_SMURFING_DETECTADA,,,,
TX-0005697,CLI-00874,SISTEMA,DEPOSITO_EFECTIVO,1045.72,2026-05-22 02:49:22,0,ESTRUCTURACION_SMURFING_DETECTADA,,,,
TX-0013086,CLI-02024,SISTEMA,DEPOSITO_EFECTIVO,145.29,2026-05-22 03:04:22,0,ESTRUCTURACION_SMURFING_DETECTADA,,,,
TX-0024942,CLI-03850,SISTEMA,DEPOSITO_EFECTIVO,137.52,2026-05-22 03:10:22,0,ESTRUCTURACION_SMURFING_DETECTADA,,,,
TX-0030685,CLI-04723,SISTEMA,DEPOSITO_EFECTIVO,1697.94,2026-05-22 03:18:22,0,ESTRUCTURACION_SMURFING_DETECTADA,,,,
TX-0023955,CLI-03700,SISTEMA,DEPOSITO_EFECTIVO,1364.52,2026-05-22 03:24:22,0,ESTRUCTURACION_SMURFING_DETECTADA,,,,
TX-0002752,CLI-00417,SISTEMA,DEPOSITO_EFECTIVO,12179.58,2026-05-22 03:39:22,0,ESTRUCTURACION_SMURFING_DETECTADA,,,,
TX-0025554,CLI-03944,SISTEMA,DEPOSITO_EFECTIVO,3495.18,2026-05-22 03:40:22,0,ESTRUCTURACION_SMURFING_DETECTADA,,,,
TX-0013362,CLI-02069,SISTEMA,DEPOSITO_EFECTIVO,618.19,2026-05-22 03:43:22,0,ESTRUCTURACION_SMURFING_DETECTADA,,,,
TX-0007657,CLI-01177,SISTEMA,DEPOSITO_EFECTIVO,1110.22,2026-05-22 03:51:22,0,ESTRUCTURACION_SMURFING_DETECTADA,,,,
TX-0014677,CLI-02275,SISTEMA,DEPOSITO_EFECTIVO,1303.13,2026-05-22 03:56:22,0,ESTRUCTURACION_SMURFING_DETECTADA,,,,
TX-0024761,CLI-03822,SISTEMA,DEPOSITO_EFECTIVO,187.66,2026-05-22 04:05:22,0,ESTRUCTURACION_SMURFING_DETECTADA,,,,
TX-0013330,CLI-02063,SISTEMA,DEPOSITO_EFECTIVO,1166.16,2026-05-22 04:06:22,0,ESTRUCTURACION_SMURFING_DETECTADA,,,,
TX-0021738,CLI-03359,SISTEMA,DEPOSITO_EFECTIVO,4569.64,2026-05-22 04:07:22,0,ESTRUCTURACION_SMURFING_DETECTADA,,,,
TX-0014133,CLI-02187,SISTEMA,DEPOSITO_EFECTIVO,4109.99,2026-05-22 04:07:22,0,ESTRUCTURACION_SMURFING_DETECTADA,,,,
TX-0014052,CLI-02176,SISTEMA,DEPOSITO_EFECTIVO,4151.09,2026-05-22 04:16:22,0,ESTRUCTURACION_SMURFING_DETECTADA,,,,
TX-0026201,CLI-04036,SISTEMA,DEPOSITO_EFECTIVO,725.25,2026-05-22 04:17:22,0,ESTRUCTURACION_SMURFING_DETECTADA,,,,
TX-0023587,CLI-03644,SISTEMA,DEPOSITO_EFECTIVO,777.29,2026-05-22 04:31:22,0,ESTRUCTURACION_SMURFING_DETECTADA,,,,
TX-0020378,CLI-03157,SISTEMA,DEPOSITO_EFECTIVO,1918.97,2026-05-22 04:35:22,0,ESTRUCTURACION_SMURFING_DETECTADA,,,,
TX-0018876,CLI-02918,SISTEMA,DEPOSITO_EFECTIVO,508.53,2026-05-22 04:38:22,0,ESTRUCTURACION_SMURFING_DETECTADA,,,,
TX-0003652,CLI-00553,SISTEMA,DEPOSITO_EFECTIVO,597.62,2026-05-22 04:46:22,0,ESTRUCTURACION_SMURFING_DETECTADA,,,,
TX-0029720,CLI-04576,SISTEMA,DEPOSITO_EFECTIVO,6179.29,2026-05-22 04:50:22,0,ESTRUCTURACION_SMURFING_DETECTADA,,,,
TX-0027093,CLI-04176,SISTEMA,DEPOSITO_EFECTIVO,1151.27,2026-05-22 04:53:22,0,ESTRUCTURACION_SMURFING_DETECTADA,,,,
TX-0025815,CLI-03982,SISTEMA,DEPOSITO_EFECTIVO,499.75,2026-05-22 05:03:22,0,ESTRUCTURACION_SMURFING_DETECTADA,,,,
TX-0025159,CLI-03882,SISTEMA,DEPOSITO_EFECTIVO,6145.03,2026-05-22 05:11:22,0,ESTRUCTURACION_SMURFING_DETECTADA,,,,
TX-0005870,CLI-00902,SISTEMA,DEPOSITO_EFECTIVO,262.93,2026-05-22 05:15:22,0,ESTRUCTURACION_SMURFING_DETECTADA,,,,
TX-0020933,CLI-03241,SISTEMA,DEPOSITO_EFECTIVO,3378.72,2026-05-22 05:38:22,0,ESTRUCTURACION_SMURFING_DETECTADA,,,,
TX-0005513,CLI-00845,SISTEMA,DEPOSITO_EFECTIVO,4980.22,2026-05-22 05:42:22,0,ESTRUCTURACION_SMURFING_DETECTADA,,,,
TX-0018666,CLI-02888,SISTEMA,DEPOSITO_EFECTIVO,347.82,2026-05-22 05:44:22,0,ESTRUCTURACION_SMURFING_DETECTADA,,,,
TX-0032469,CLI-04987,SISTEMA,DEPOSITO_EFECTIVO,452.02,2026-05-22 05:59:22,0,ESTRUCTURACION_SMURFING_DETECTADA,,,,
TX-0021653,CLI-03348,SISTEMA,DEPOSITO_EFECTIVO,2991.02,2026-05-22 06:03:22,0,ESTRUCTURACION_SMURFING_DETECTADA,,,,
TX-0022876,CLI-03535,SISTEMA,DEPOSITO_EFECTIVO,4974.97,2026-05-22 06:05:22,0,ESTRUCTURACION_SMURFING_DETECTADA,,,,
TX-0000466,CLI-00074,SISTEMA,DEPOSITO_EFECTIVO,1641.08,2026-05-22 06:05:22,0,ESTRUCTURACION_SMURFING_DETECTADA,,,,
TX-0001003,CLI-00152,SISTEMA,DEPOSITO_EFECTIVO,4897.95,2026-05-22 06:18:22,0,ESTRUCTURACION_SMURFING_DETECTADA,,,,
TX-0016288,CLI-02521,SISTEMA,DEPOSITO_EFECTIVO,701.57,2026-05-22 06:33:22,0,ESTRUCTURACION_SMURFING_DETECTADA,,,,
TX-0024116,CLI-03724,SISTEMA,DEPOSITO_EFECTIVO,14252.41,2026-05-22 06:49:22,0,ESTRUCTURACION_SMURFING_DETECTADA,,,,
TX-0031397,CLI-04829,SISTEMA,DEPOSITO_EFECTIVO,846.15,2026-05-22 06:52:22,0,ESTRUCTURACION_SMURFING_DETECTADA,,,,
TX-0031927,CLI-04905,SISTEMA,DEPOSITO_EFECTIVO,449.67,2026-05-22 07:00:22,0,ESTRUCTURACION_SMURFING_DETECTADA,,,,
TX-0016041,CLI-02481,SISTEMA,DEPOSITO_EFECTIVO,1054.27,2026-05-22 07:05:22,0,ESTRUCTURACION_SMURFING_DETECTADA,,,,
TX-0004773,CLI-00736,SISTEMA,DEPOSITO_EFECTIVO,2692.2,2026-05-22 07:05:22,0,ESTRUCTURACION_SMURFING_DETECTADA,,,,
TX-0010493,CLI-01611,SISTEMA,DEPOSITO_EFECTIVO,1912.46,2026-05-22 07:14:22,0,ESTRUCTURACION_SMURFING_DETECTADA,,,,
TX-0007986,CLI-01229,SISTEMA,DEPOSITO_EFECTIVO,2639.67,2026-05-22 07:17:22,0,ESTRUCTURACION_SMURFING_DETECTADA,,,,
TX-0011363,CLI-01750,SISTEMA,DEPOSITO_EFECTIVO,7035.89,2026-05-22 07:21:22,0,ESTRUCTURACION_SMURFING_DETECTADA,,,,
TX-0024288,CLI-03749,SISTEMA,DEPOSITO_EFECTIVO,1062.6,2026-05-22 07:22:22,0,ESTRUCTURACION_SMURFING_DETECTADA,,,,
TX-0014241,CLI-02205,SISTEMA,DEPOSITO_EFECTIVO,578.5,2026-05-22 07:25:22,0,ESTRUCTURACION_SMURFING_DETECTADA,,,,
TX-0012536,CLI-01935,SISTEMA,DEPOSITO_EFECTIVO,128.1,2026-05-22 07:28:22,0,ESTRUCTURACION_SMURFING_DETECTADA,,,,
TX-0022250,CLI-03441,SISTEMA,DEPOSITO_EFECTIVO,279.35,2026-05-22 07:33:22,0,ESTRUCTURACION_SMURFING_DETECTADA,,,,
TX-0015287,CLI-02369,SISTEMA,DEPOSITO_EFECTIVO,1348.79,2026-05-22 07:34:22,0,ESTRUCTURACION_SMURFING_DETECTADA,,,,
TX-0026191,CLI-04035,SISTEMA,DEPOSITO_EFECTIVO,101.83,2026-05-22 07:41:22,0,ESTRUCTURACION_SMURFING_DETECTADA,,,,
TX-0007710,CLI-01185,SISTEMA,DEPOSITO_EFECTIVO,11901.69,2026-05-22 07:42:22,0,ESTRUCTURACION_SMURFING_DETECTADA,,,,
TX-0024075,CLI-03717,SISTEMA,DEPOSITO_EFECTIVO,1096.2,2026-05-22 07:49:22,0,ESTRUCTURACION_SMURFING_DETECTADA,,,,
TX-0004340,CLI-00664,SISTEMA,DEPOSITO_EFECTIVO,11635.04,2026-05-22 07:51:22,0,ESTRUCTURACION_SMURFING_DETECTADA,,,,
TX-0031549,CLI-04852,SISTEMA,DEPOSITO_EFECTIVO,597.59,2026-05-22 07:52:22,0,ESTRUCTURACION_SMURFING_DETECTADA,,,,
TX-0008596,CLI-01320,SISTEMA,DEPOSITO_EFECTIVO,3614.89,2026-05-22 08:17:22,0,ESTRUCTURACION_SMURFING_DETECTADA,,,,
TX-0022196,CLI-03433,SISTEMA,DEPOSITO_EFECTIVO,613.51,2026-05-22 08:23:22,0,ESTRUCTURACION_SMURFING_DETECTADA,,,,
TX-0000418,CLI-00065,SISTEMA,DEPOSITO_EFECTIVO,125.03,2026-05-22 08:34:22,0,ESTRUCTURACION_SMURFING_DETECTADA,,,,
TX-0010751,CLI-01658,SISTEMA,DEPOSITO_EFECTIVO,339.07,2026-05-22 08:35:22,0,ESTRUCTURACION_SMURFING_DETECTADA,,,,
TX-0024358,CLI-03760,SISTEMA,DEPOSITO_EFECTIVO,9130.91,2026-05-22 08:35:22,0,ESTRUCTURACION_SMURFING_DETECTADA,,,,
TX-0016852,CLI-02611,SISTEMA,DEPOSITO_EFECTIVO,282.14,2026-05-22 08:37:22,0,ESTRUCTURACION_SMURFING_DETECTADA,,,,
TX-0013240,CLI-02048,SISTEMA,DEPOSITO_EFECTIVO,123.97,2026-05-22 08:54:22,0,ESTRUCTURACION_SMURFING_DETECTADA,,,,
TX-0011130,CLI-01715,SISTEMA,DEPOSITO_EFECTIVO,188.72,2026-05-22 09:01:22,0,ESTRUCTURACION_SMURFING_DETECTADA,,,,
TX-0008644,CLI-01327,SISTEMA,DEPOSITO_EFECTIVO,2452.36,2026-05-22 09:22:22,0,ESTRUCTURACION_SMURFING_DETECTADA,,,,
TX-0001756,CLI-00263,SISTEMA,DEPOSITO_EFECTIVO,5163.54,2026-05-22 09:27:22,0,ESTRUCTURACION_SMURFING_DETECTADA,,,,
TX-0001048,CLI-00159,SISTEMA,DEPOSITO_EFECTIVO,248.52,2026-05-22 09:46:22,0,ESTRUCTURACION_SMURFING_DETECTADA,,,,
TX-0018429,CLI-02853,SISTEMA,DEPOSITO_EFECTIVO,1603.91,2026-05-22 09:59:22,0,ESTRUCTURACION_SMURFING_DETECTADA,,,,
TX-0023710,CLI-03665,SISTEMA,DEPOSITO_EFECTIVO,11380.31,2026-05-22 10:08:22,0,ESTRUCTURACION_SMURFING_DETECTADA,,,,
TX-0013553,CLI-02101,SISTEMA,DEPOSITO_EFECTIVO,141.77,2026-05-22 10:12:22,0,ESTRUCTURACION_SMURFING_DETECTADA,,,,
TX-0009662,CLI-01484,SISTEMA,DEPOSITO_EFECTIVO,228.95,2026-05-22 10:19:22,0,ESTRUCTURACION_SMURFING_DETECTADA,,,,
TX-0024146,CLI-03728,SISTEMA,DEPOSITO_EFECTIVO,870.93,2026-05-22 10:27:22,0,ESTRUCTURACION_SMURFING_DETECTADA,,,,
TX-0025944,CLI-04000,SISTEMA,DEPOSITO_EFECTIVO,584.33,2026-05-22 10:28:22,0,ESTRUCTURACION_SMURFING_DETECTADA,,,,
TX-0002253,CLI-00340,SISTEMA,DEPOSITO_EFECTIVO,196.71,2026-05-22 10:29:22,0,ESTRUCTURACION_SMURFING_DETECTADA,,,,
TX-0023403,CLI-03616,SISTEMA,DEPOSITO_EFECTIVO,1161.1,2026-05-22 10:32:22,0,ESTRUCTURACION_SMURFING_DETECTADA,,,,
TX-0015204,CLI-02354,SISTEMA,DEPOSITO_EFECTIVO,287.4,2026-05-22 10:37:22,0,ESTRUCTURACION_SMURFING_DETECTADA,,,,
TX-0001071,CLI-00162,SISTEMA,DEPOSITO_EFECTIVO,14975.27,2026-05-22 10:49:22,0,ESTRUCTURACION_SMURFING_DETECTADA,,,,
TX-0022931,CLI-03543,SISTEMA,DEPOSITO_EFECTIVO,2073.9,2026-05-22 11:04:22,0,ESTRUCTURACION_SMURFING_DETECTADA,,,,
TX-0025861,CLI-03989,SISTEMA,DEPOSITO_EFECTIVO,1968.17,2026-05-22 11:08:22,0,ESTRUCTURACION_SMURFING_DETECTADA,,,,
TX-0018939,CLI-02928,SISTEMA,DEPOSITO_EFECTIVO,522.96,2026-05-22 11:18:22,0,ESTRUCTURACION_SMURFING_DETECTADA,,,,
TX-0031226,CLI-04805,SISTEMA,DEPOSITO_EFECTIVO,348.86,2026-05-22 11:35:22,0,ESTRUCTURACION_SMURFING_DETECTADA,,,,
TX-0025616,CLI-03952,SISTEMA,DEPOSITO_EFECTIVO,3556.75,2026-05-22 11:47:22,0,ESTRUCTURACION_SMURFING_DETECTADA,,,,
TX-0029776,CLI-04586,SISTEMA,DEPOSITO_EFECTIVO,508.94,2026-05-22 11:53:22,0,ESTRUCTURACION_SMURFING_DETECTADA,,,,
TX-0000022,CLI-00004,SISTEMA,DEPOSITO_EFECTIVO,1379.94,2026-05-22 11:58:22,0,ESTRUCTURACION_SMURFING_DETECTADA,,,,
TX-0012075,CLI-01864,SISTEMA,DEPOSITO_EFECTIVO,687.93,2026-05-22 11:59:22,0,ESTRUCTURACION_SMURFING_DETECTADA,,,,
TX-0023182,CLI-03582,SISTEMA,DEPOSITO_EFECTIVO,477.86,2026-05-22 12:03:22,0,ESTRUCTURACION_SMURFING_DETECTADA,,,,
TX-0021953,CLI-03392,SISTEMA,DEPOSITO_EFECTIVO,720.5,2026-05-22 12:20:22,0,ESTRUCTURACION_SMURFING_DETECTADA,,,,
TX-0010664,CLI-01642,SISTEMA,DEPOSITO_EFECTIVO,463.77,2026-05-22 12:27:22,0,ESTRUCTURACION_SMURFING_DETECTADA,,,,
TX-0005527,CLI-00848,SISTEMA,DEPOSITO_EFECTIVO,570.29,2026-05-22 12:29:22,0,ESTRUCTURACION_SMURFING_DETECTADA,,,,
TX-0017599,CLI-02725,SISTEMA,DEPOSITO_EFECTIVO,125.93,2026-05-22 12:31:22,0,ESTRUCTURACION_SMURFING_DETECTADA,,,,
TX-0010767,CLI-01660,SISTEMA,DEPOSITO_EFECTIVO,2400.51,2026-05-22 12:35:22,0,ESTRUCTURACION_SMURFING_DETECTADA,,,,
TX-0024814,CLI-03832,SISTEMA,DEPOSITO_EFECTIVO,319.3,2026-05-22 12:43:22,0,ESTRUCTURACION_SMURFING_DETECTADA,,,,
TX-0012538,CLI-01935,SISTEMA,DEPOSITO_EFECTIVO,154.68,2026-05-22 12:46:22,0,ESTRUCTURACION_SMURFING_DETECTADA,,,,
TX-0027206,CLI-04194,SISTEMA,DEPOSITO_EFECTIVO,3436.61,2026-05-22 12:46:22,0,ESTRUCTURACION_SMURFING_DETECTADA,,,,
TX-0032403,CLI-04977,SISTEMA,DEPOSITO_EFECTIVO,3085.38,2026-05-22 12:48:22,0,ESTRUCTURACION_SMURFING_DETECTADA,,,,
TX-0019374,CLI-03002,SISTEMA,DEPOSITO_EFECTIVO,502.45,2026-05-22 13:02:22,0,ESTRUCTURACION_SMURFING_DETECTADA,,,,
TX-0006005,CLI-00924,SISTEMA,DEPOSITO_EFECTIVO,259.96,2026-05-22 13:07:22,0,ESTRUCTURACION_SMURFING_DETECTADA,,,,
TX-0022008,CLI-03401,SISTEMA,DEPOSITO_EFECTIVO,2674.65,2026-05-22 13:11:22,0,ESTRUCTURACION_SMURFING_DETECTADA,,,,
TX-0013627,CLI-02113,SISTEMA,DEPOSITO_EFECTIVO,123.46,2026-05-22 13:17:22,0,ESTRUCTURACION_SMURFING_DETECTADA,,,,
TX-0026304,CLI-04051,SISTEMA,DEPOSITO_EFECTIVO,147.22,2026-05-22 13:18:22,0,ESTRUCTURACION_SMURFING_DETECTADA,,,,
TX-0009776,CLI-01500,SISTEMA,DEPOSITO_EFECTIVO,818.17,2026-05-22 13:25:22,0,ESTRUCTURACION_SMURFING_DETECTADA,,,,
TX-0015004,CLI-02327,SISTEMA,DEPOSITO_EFECTIVO,1588.6,2026-05-22 13:25:22,0,ESTRUCTURACION_SMURFING_DETECTADA,,,,
TX-0001875,CLI-00281,SISTEMA,DEPOSITO_EFECTIVO,3078.25,2026-05-22 13:31:22,0,ESTRUCTURACION_SMURFING_DETECTADA,,,,
TX-0021405,CLI-03309,SISTEMA,DEPOSITO_EFECTIVO,5525.64,2026-05-22 13:37:22,0,ESTRUCTURACION_SMURFING_DETECTADA,,,,
TX-0014493,CLI-02246,SISTEMA,DEPOSITO_EFECTIVO,289.49,2026-05-22 13:43:22,0,ESTRUCTURACION_SMURFING_DETECTADA,,,,
TX-0028302,CLI-04354,SISTEMA,DEPOSITO_EFECTIVO,680.19,2026-05-22 13:59:22,0,ESTRUCTURACION_SMURFING_DETECTADA,,,,
TX-0016878,CLI-02614,SISTEMA,DEPOSITO_EFECTIVO,514.92,2026-05-22 14:12:22,0,ESTRUCTURACION_SMURFING_DETECTADA,,,,
TX-0023755,CLI-03672,SISTEMA,DEPOSITO_EFECTIVO,96.53,2026-05-22 14:17:22,0,ESTRUCTURACION_SMURFING_DETECTADA,,,,
TX-0030451,CLI-04688,SISTEMA,DEPOSITO_EFECTIVO,1131.3,2026-05-22 14:22:22,0,ESTRUCTURACION_SMURFING_DETECTADA,,,,
TX-0007063,CLI-01092,SISTEMA,DEPOSITO_EFECTIVO,3559.24,2026-05-22 14:32:22,0,ESTRUCTURACION_SMURFING_DETECTADA,,,,
TX-0024027,CLI-03710,SISTEMA,DEPOSITO_EFECTIVO,5275.19,2026-05-22 14:35:22,0,ESTRUCTURACION_SMURFING_DETECTADA,,,,
TX-0030389,CLI-04681,SISTEMA,DEPOSITO_EFECTIVO,134.04,2026-05-22 14:36:22,0,ESTRUCTURACION_SMURFING_DETECTADA,,,,
TX-0008727,CLI-01339,SISTEMA,DEPOSITO_EFECTIVO,665.87,2026-05-22 14:42:22,0,ESTRUCTURACION_SMURFING_DETECTADA,,,,
TX-0014273,CLI-02211,SISTEMA,DEPOSITO_EFECTIVO,1176.43,2026-05-22 14:45:22,0,ESTRUCTURACION_SMURFING_DETECTADA,,,,
TX-0030541,CLI-04700,SISTEMA,DEPOSITO_EFECTIVO,6132.1,2026-05-22 14:47:22,0,ESTRUCTURACION_SMURFING_DETECTADA,,,,
TX-0011086,CLI-01708,SISTEMA,DEPOSITO_EFECTIVO,466.78,2026-05-22 14:48:22,0,ESTRUCTURACION_SMURFING_DETECTADA,,,,
TX-0024181,CLI-03734,SISTEMA,DEPOSITO_EFECTIVO,3523.98,2026-05-22 14:49:22,0,ESTRUCTURACION_SMURFING_DETECTADA,,,,
TX-0008818,CLI-01353,SISTEMA,DEPOSITO_EFECTIVO,146.92,2026-05-22 14:51:22,0,ESTRUCTURACION_SMURFING_DETECTADA,,,,
TX-0023726,CLI-03668,SISTEMA,DEPOSITO_EFECTIVO,2572.52,2026-05-22 14:56:22,0,ESTRUCTURACION_SMURFING_DETECTADA,,,,
TX-0028348,CLI-04362,SISTEMA,DEPOSITO_EFECTIVO,587.87,2026-05-22 14:56:22,0,ESTRUCTURACION_SMURFING_DETECTADA,,,,
TX-0016911,CLI-02618,SISTEMA,DEPOSITO_EFECTIVO,563.04,2026-05-22 14:57:22,0,ESTRUCTURACION_SMURFING_DETECTADA,,,,
TX-0016334,CLI-02528,SISTEMA,DEPOSITO_EFECTIVO,4784.34,2026-05-22 14:58:22,0,ESTRUCTURACION_SMURFING_DETECTADA,,,,
TX-0010872,CLI-01674,SISTEMA,DEPOSITO_EFECTIVO,490.19,2026-05-22 15:01:22,0,ESTRUCTURACION_SMURFING_DETECTADA,,,,
TX-0019399,CLI-03007,SISTEMA,DEPOSITO_EFECTIVO,201.64,2026-05-22 15:10:22,0,ESTRUCTURACION_SMURFING_DETECTADA,,,,
TX-0023410,CLI-03617,SISTEMA,DEPOSITO_EFECTIVO,2946.47,2026-05-22 15:24:22,0,ESTRUCTURACION_SMURFING_DETECTADA,,,,
TX-0002591,CLI-00392,SISTEMA,DEPOSITO_EFECTIVO,1001.02,2026-05-22 15:28:22,0,ESTRUCTURACION_SMURFING_DETECTADA,,,,
TX-0006425,CLI-00991,SISTEMA,DEPOSITO_EFECTIVO,6873.21,2026-05-22 15:40:22,0,ESTRUCTURACION_SMURFING_DETECTADA,,,,
TX-0014500,CLI-02248,SISTEMA,DEPOSITO_EFECTIVO,4115.8,2026-05-22 16:06:22,0,ESTRUCTURACION_SMURFING_DETECTADA,,,,
TX-0016164,CLI-02502,SISTEMA,DEPOSITO_EFECTIVO,264.66,2026-05-22 16:09:22,0,ESTRUCTURACION_SMURFING_DETECTADA,,,,
TX-0004249,CLI-00650,SISTEMA,DEPOSITO_EFECTIVO,100.35,2026-05-22 16:40:22,0,ESTRUCTURACION_SMURFING_DETECTADA,,,,
TX-0001951,CLI-00293,SISTEMA,DEPOSITO_EFECTIVO,118.54,2026-05-22 16:41:22,0,ESTRUCTURACION_SMURFING_DETECTADA,,,,
TX-0022349,CLI-03454,SISTEMA,DEPOSITO_EFECTIVO,2568.93,2026-05-22 16:58:22,0,ESTRUCTURACION_SMURFING_DETECTADA,,,,
TX-0007677,CLI-01180,SISTEMA,DEPOSITO_EFECTIVO,544.04,2026-05-22 17:02:22,0,ESTRUCTURACION_SMURFING_DETECTADA,,,,
TX-0011753,CLI-01814,SISTEMA,DEPOSITO_EFECTIVO,3897.65,2026-05-22 17:09:22,0,ESTRUCTURACION_SMURFING_DETECTADA,,,,
TX-0023543,CLI-03637,SISTEMA,DEPOSITO_EFECTIVO,8989.09,2026-05-22 17:14:22,0,ESTRUCTURACION_SMURFING_DETECTADA,,,,
TX-0001523,CLI-00229,SISTEMA,DEPOSITO_EFECTIVO,1050.41,2026-05-22 17:32:22,0,ESTRUCTURACION_SMURFING_DETECTADA,,,,
TX-0027355,CLI-04218,SISTEMA,DEPOSITO_EFECTIVO,2117.21,2026-05-22 17:35:22,0,ESTRUCTURACION_SMURFING_DETECTADA,,,,
TX-0028333,CLI-04360,SISTEMA,DEPOSITO_EFECTIVO,9638.38,2026-05-22 17:52:22,0,ESTRUCTURACION_SMURFING_DETECTADA,,,,
TX-0002437,CLI-00369,SISTEMA,DEPOSITO_EFECTIVO,781.57,2026-05-22 18:11:22,0,ESTRUCTURACION_SMURFING_DETECTADA,,,,
TX-0015818,CLI-02447,SISTEMA,DEPOSITO_EFECTIVO,3199.69,2026-05-22 18:15:22,0,ESTRUCTURACION_SMURFING_DETECTADA,,,,
TX-0025410,CLI-03922,SISTEMA,DEPOSITO_EFECTIVO,2439.08,2026-05-22 18:22:22,0,ESTRUCTURACION_SMURFING_DETECTADA,,,,
TX-0029993,CLI-04620,SISTEMA,DEPOSITO_EFECTIVO,954.02,2026-05-22 18:30:22,0,ESTRUCTURACION_SMURFING_DETECTADA,,,,
TX-0007262,CLI-01122,SISTEMA,DEPOSITO_EFECTIVO,4740.61,2026-05-22 18:40:22,0,ESTRUCTURACION_SMURFING_DETECTADA,,,,
TX-0016421,CLI-02544,SISTEMA,DEPOSITO_EFECTIVO,1675.87,2026-05-22 19:00:22,0,ESTRUCTURACION_SMURFING_DETECTADA,,,,
TX-0026585,CLI-04093,SISTEMA,DEPOSITO_EFECTIVO,5897.03,2026-05-22 19:13:22,0,ESTRUCTURACION_SMURFING_DETECTADA,,,,
TX-0009261,CLI-01423,SISTEMA,DEPOSITO_EFECTIVO,2379.94,2026-05-22 19:24:22,0,ESTRUCTURACION_SMURFING_DETECTADA,,,,
TX-0016944,CLI-02625,SISTEMA,DEPOSITO_EFECTIVO,2972.13,2026-05-22 19:26:22,0,ESTRUCTURACION_SMURFING_DETECTADA,,,,
TX-0031848,CLI-04894,SISTEMA,DEPOSITO_EFECTIVO,140.81,2026-05-22 19:30:22,0,ESTRUCTURACION_SMURFING_DETECTADA,,,,
TX-0006237,CLI-00959,SISTEMA,DEPOSITO_EFECTIVO,813.4,2026-05-22 19:31:22,0,ESTRUCTURACION_SMURFING_DETECTADA,,,,
TX-0030831,CLI-04744,SISTEMA,DEPOSITO_EFECTIVO,1396.95,2026-05-22 19:55:22,0,ESTRUCTURACION_SMURFING_DETECTADA,,,,
TX-0029947,CLI-04613,SISTEMA,DEPOSITO_EFECTIVO,6715.17,2026-05-22 20:03:22,0,ESTRUCTURACION_SMURFING_DETECTADA,,,,
TX-0008502,CLI-01305,SISTEMA,DEPOSITO_EFECTIVO,3237.57,2026-05-22 20:04:22,0,ESTRUCTURACION_SMURFING_DETECTADA,,,,
TX-0022987,CLI-03552,SISTEMA,DEPOSITO_EFECTIVO,862.36,2026-05-22 20:09:22,0,ESTRUCTURACION_SMURFING_DETECTADA,,,,
TX-0013019,CLI-02014,SISTEMA,DEPOSITO_EFECTIVO,332.83,2026-05-22 20:09:22,0,ESTRUCTURACION_SMURFING_DETECTADA,,,,
TX-0010196,CLI-01566,SISTEMA,DEPOSITO_EFECTIVO,63.39,2026-05-22 20:15:22,0,ESTRUCTURACION_SMURFING_DETECTADA,,,,
TX-0019261,CLI-02984,SISTEMA,DEPOSITO_EFECTIVO,220.99,2026-05-22 20:19:22,0,ESTRUCTURACION_SMURFING_DETECTADA,,,,
TX-0005654,CLI-00868,SISTEMA,DEPOSITO_EFECTIVO,192.0,2026-05-22 20:30:22,0,ESTRUCTURACION_SMURFING_DETECTADA,,,,
TX-0005738,CLI-00881,SISTEMA,DEPOSITO_EFECTIVO,3778.34,2026-05-22 20:47:22,0,ESTRUCTURACION_SMURFING_DETECTADA,,,,
TX-0017360,CLI-02692,SISTEMA,DEPOSITO_EFECTIVO,1011.61,2026-05-22 20:47:22,0,ESTRUCTURACION_SMURFING_DETECTADA,,,,
TX-0002190,CLI-00329,SISTEMA,DEPOSITO_EFECTIVO,3655.01,2026-05-22 20:48:22,0,ESTRUCTURACION_SMURFING_DETECTADA,,,,
TX-0009458,CLI-01454,SISTEMA,DEPOSITO_EFECTIVO,4469.04,2026-05-22 20:50:22,0,ESTRUCTURACION_SMURFING_DETECTADA,,,,
TX-0016871,CLI-02613,SISTEMA,DEPOSITO_EFECTIVO,1366.91,2026-05-22 20:56:22,0,ESTRUCTURACION_SMURFING_DETECTADA,,,,
TX-0009750,CLI-01496,SISTEMA,DEPOSITO_EFECTIVO,11148.05,2026-05-22 20:59:22,0,ESTRUCTURACION_SMURFING_DETECTADA,,,,
TX-0024144,CLI-03728,SISTEMA,DEPOSITO_EFECTIVO,1147.86,2026-05-22 21:04:22,0,ESTRUCTURACION_SMURFING_DETECTADA,,,,
TX-0009938,CLI-01527,SISTEMA,DEPOSITO_EFECTIVO,545.23,2026-05-22 21:06:22,0,ESTRUCTURACION_SMURFING_DETECTADA,,,,
TX-0015582,CLI-02412,SISTEMA,DEPOSITO_EFECTIVO,2910.69,2026-05-22 21:06:22,0,ESTRUCTURACION_SMURFING_DETECTADA,,,,
TX-0015618,CLI-02417,SISTEMA,DEPOSITO_EFECTIVO,614.13,2026-05-22 21:19:22,0,ESTRUCTURACION_SMURFING_DETECTADA,,,,
TX-0015151,CLI-02346,SISTEMA,DEPOSITO_EFECTIVO,197.49,2026-05-22 21:20:22,0,ESTRUCTURACION_SMURFING_DETECTADA,,,,
TX-0006615,CLI-01020,SISTEMA,DEPOSITO_EFECTIVO,9133.9,2026-05-22 21:25:22,0,ESTRUCTURACION_SMURFING_DETECTADA,,,,
TX-0011967,CLI-01844,SISTEMA,DEPOSITO_EFECTIVO,2965.85,2026-05-22 21:25:22,0,ESTRUCTURACION_SMURFING_DETECTADA,,,,
TX-0011903,CLI-01835,SISTEMA,DEPOSITO_EFECTIVO,1044.48,2026-05-22 21:29:22,0,ESTRUCTURACION_SMURFING_DETECTADA,,,,
TX-0029962,CLI-04615,SISTEMA,DEPOSITO_EFECTIVO,1301.51,2026-05-22 21:37:22,0,ESTRUCTURACION_SMURFING_DETECTADA,,,,
TX-0032240,CLI-04954,SISTEMA,DEPOSITO_EFECTIVO,1465.86,2026-05-22 21:39:22,0,ESTRUCTURACION_SMURFING_DETECTADA,,,,
TX-0007198,CLI-01112,SISTEMA,DEPOSITO_EFECTIVO,151.69,2026-05-22 22:11:22,0,ESTRUCTURACION_SMURFING_DETECTADA,,,,
TX-0022186,CLI-03431,SISTEMA,DEPOSITO_EFECTIVO,668.85,2026-05-22 22:31:22,0,ESTRUCTURACION_SMURFING_DETECTADA,,,,
TX-0010817,CLI-01667,SISTEMA,DEPOSITO_EFECTIVO,872.47,2026-05-22 22:37:22,0,ESTRUCTURACION_SMURFING_DETECTADA,,,,
TX-0025909,CLI-03996,SISTEMA,DEPOSITO_EFECTIVO,110.73,2026-05-22 22:42:22,0,ESTRUCTURACION_SMURFING_DETECTADA,,,,
TX-0003443,CLI-00522,SISTEMA,DEPOSITO_EFECTIVO,743.63,2026-05-22 22:45:22,0,ESTRUCTURACION_SMURFING_DETECTADA,,,,
TX-0015288,CLI-02369,SISTEMA,DEPOSITO_EFECTIVO,107.69,2026-05-22 22:50:22,0,ESTRUCTURACION_SMURFING_DETECTADA,,,,
TX-0001235,CLI-00187,SISTEMA,DEPOSITO_EFECTIVO,292.72,2026-05-22 22:52:22,0,ESTRUCTURACION_SMURFING_DETECTADA,,,,
TX-0021046,CLI-03256,SISTEMA,DEPOSITO_EFECTIVO,643.71,2026-05-22 23:10:22,0,ESTRUCTURACION_SMURFING_DETECTADA,,,,
TX-0017757,CLI-02748,SISTEMA,DEPOSITO_EFECTIVO,165.82,2026-05-22 23:11:22,0,ESTRUCTURACION_SMURFING_DETECTADA,,,,
TX-0013614,CLI-02111,SISTEMA,DEPOSITO_EFECTIVO,3180.84,2026-05-22 23:21:22,0,ESTRUCTURACION_SMURFING_DETECTADA,,,,
TX-0027177,CLI-04190,SISTEMA,DEPOSITO_EFECTIVO,1318.68,2026-05-22 23:24:22,0,ESTRUCTURACION_SMURFING_DETECTADA,,,,
TX-0021109,CLI-03266,SISTEMA,DEPOSITO_EFECTIVO,2647.78,2026-05-22 23:31:22,0,ESTRUCTURACION_SMURFING_DETECTADA,,,,
TX-0010163,CLI-01562,SISTEMA,DEPOSITO_EFECTIVO,1590.78,2026-05-22 23:44:22,0,ESTRUCTURACION_SMURFING_DETECTADA,,,,
TX-0031780,CLI-04885,SISTEMA,DEPOSITO_EFECTIVO,512.61,2026-05-22 23:46:22,0,ESTRUCTURACION_SMURFING_DETECTADA,,,,
TX-0002163,CLI-00325,SISTEMA,DEPOSITO_EFECTIVO,287.58,2026-05-22 23:55:22,0,ESTRUCTURACION_SMURFING_DETECTADA,,,,
TX-0011557,CLI-01782,SISTEMA,DEPOSITO_EFECTIVO,294.73,2026-05-23 00:01:22,0,ESTRUCTURACION_SMURFING_DETECTADA,,,,
TX-0012426,CLI-01918,SISTEMA,DEPOSITO_EFECTIVO,3255.02,2026-05-23 00:15:22,0,ESTRUCTURACION_SMURFING_DETECTADA,,,,
TX-0009841,CLI-01509,SISTEMA,DEPOSITO_EFECTIVO,10211.25,2026-05-23 00:17:22,0,ESTRUCTURACION_SMURFING_DETECTADA,,,,
TX-0012718,CLI-01962,SISTEMA,DEPOSITO_EFECTIVO,1620.2,2026-05-23 00:17:22,0,ESTRUCTURACION_SMURFING_DETECTADA,,,,
TX-0012262,CLI-01892,SISTEMA,DEPOSITO_EFECTIVO,265.84,2026-05-23 00:18:22,0,ESTRUCTURACION_SMURFING_DETECTADA,,,,
TX-0017906,CLI-02770,SISTEMA,DEPOSITO_EFECTIVO,515.21,2026-05-23 00:24:22,0,ESTRUCTURACION_SMURFING_DETECTADA,,,,
TX-0027248,CLI-04201,SISTEMA,DEPOSITO_EFECTIVO,1899.48,2026-05-23 00:35:22,0,ESTRUCTURACION_SMURFING_DETECTADA,,,,
TX-0022109,CLI-03417,SISTEMA,DEPOSITO_EFECTIVO,7558.3,2026-05-23 00:46:22,0,ESTRUCTURACION_SMURFING_DETECTADA,,,,
TX-0023278,CLI-03596,SISTEMA,DEPOSITO_EFECTIVO,413.69,2026-05-23 00:47:22,0,ESTRUCTURACION_SMURFING_DETECTADA,,,,
TX-0009706,CLI-01489,SISTEMA,DEPOSITO_EFECTIVO,136.65,2026-05-23 00:59:22,0,ESTRUCTURACION_SMURFING_DETECTADA,,,,
TX-0001362,CLI-00205,SISTEMA,DEPOSITO_EFECTIVO,1463.91,2026-05-23 01:00:22,0,ESTRUCTURACION_SMURFING_DETECTADA,,,,
TX-0019426,CLI-03011,SISTEMA,DEPOSITO_EFECTIVO,3554.72,2026-05-23 01:01:22,0,ESTRUCTURACION_SMURFING_DETECTADA,,,,
TX-0024974,CLI-03854,SISTEMA,DEPOSITO_EFECTIVO,1011.32,2026-05-23 01:04:22,0,ESTRUCTURACION_SMURFING_DETECTADA,,,,
TX-0019076,CLI-02952,SISTEMA,DEPOSITO_EFECTIVO,675.79,2026-05-23 01:05:22,0,ESTRUCTURACION_SMURFING_DETECTADA,,,,
TX-0014617,CLI-02267,SISTEMA,DEPOSITO_EFECTIVO,1693.88,2026-05-23 01:14:22,0,ESTRUCTURACION_SMURFING_DETECTADA,,,,
TX-0022245,CLI-03440,SISTEMA,DEPOSITO_EFECTIVO,253.93,2026-05-23 01:20:22,0,ESTRUCTURACION_SMURFING_DETECTADA,,,,
TX-0017391,CLI-02698,SISTEMA,DEPOSITO_EFECTIVO,366.25,2026-05-23 01:25:22,0,ESTRUCTURACION_SMURFING_DETECTADA,,,,
TX-0020611,CLI-03192,SISTEMA,DEPOSITO_EFECTIVO,10267.76,2026-05-23 01:28:22,0,ESTRUCTURACION_SMURFING_DETECTADA,,,,
TX-0024394,CLI-03765,SISTEMA,DEPOSITO_EFECTIVO,385.65,2026-05-23 01:33:22,0,ESTRUCTURACION_SMURFING_DETECTADA,,,,
TX-0031166,CLI-04796,SISTEMA,DEPOSITO_EFECTIVO,1107.41,2026-05-23 01:38:22,0,ESTRUCTURACION_SMURFING_DETECTADA,,,,
TX-0022252,CLI-03441,SISTEMA,DEPOSITO_EFECTIVO,272.72,2026-05-23 01:50:22,0,ESTRUCTURACION_SMURFING_DETECTADA,,,,
TX-0029216,CLI-04499,SISTEMA,DEPOSITO_EFECTIVO,2772.66,2026-05-23 02:00:22,0,ESTRUCTURACION_SMURFING_DETECTADA,,,,
TX-0026981,CLI-04159,SISTEMA,DEPOSITO_EFECTIVO,255.16,2026-05-23 02:11:22,0,ESTRUCTURACION_SMURFING_DETECTADA,,,,
TX-0000936,CLI-00143,SISTEMA,DEPOSITO_EFECTIVO,945.91,2026-05-23 02:12:22,0,ESTRUCTURACION_SMURFING_DETECTADA,,,,
TX-0004701,CLI-00726,SISTEMA,DEPOSITO_EFECTIVO,298.62,2026-05-23 02:25:22,0,ESTRUCTURACION_SMURFING_DETECTADA,,,,
TX-0020161,CLI-03126,SISTEMA,DEPOSITO_EFECTIVO,106.76,2026-05-23 02:26:22,0,ESTRUCTURACION_SMURFING_DETECTADA,,,,
TX-0015738,CLI-02434,SISTEMA,DEPOSITO_EFECTIVO,705.4,2026-05-23 02:35:22,0,ESTRUCTURACION_SMURFING_DETECTADA,,,,
TX-0027829,CLI-04286,SISTEMA,DEPOSITO_EFECTIVO,2709.75,2026-05-23 03:12:22,0,ESTRUCTURACION_SMURFING_DETECTADA,,,,
TX-0009534,CLI-01464,SISTEMA,DEPOSITO_EFECTIVO,1531.72,2026-05-23 03:14:22,0,ESTRUCTURACION_SMURFING_DETECTADA,,,,
TX-0006176,CLI-00951,SISTEMA,DEPOSITO_EFECTIVO,2065.1,2026-05-23 03:18:22,0,ESTRUCTURACION_SMURFING_DETECTADA,,,,
TX-0009069,CLI-01393,SISTEMA,DEPOSITO_EFECTIVO,1123.76,2026-05-23 03:32:22,0,ESTRUCTURACION_SMURFING_DETECTADA,,,,
TX-0019005,CLI-02939,SISTEMA,DEPOSITO_EFECTIVO,1417.88,2026-05-23 03:37:22,0,ESTRUCTURACION_SMURFING_DETECTADA,,,,
TX-0026404,CLI-04067,SISTEMA,DEPOSITO_EFECTIVO,382.01,2026-05-23 03:38:22,0,ESTRUCTURACION_SMURFING_DETECTADA,,,,
TX-0019629,CLI-03043,SISTEMA,DEPOSITO_EFECTIVO,5975.2,2026-05-23 03:43:22,0,ESTRUCTURACION_SMURFING_DETECTADA,,,,
TX-0029126,CLI-04485,SISTEMA,DEPOSITO_EFECTIVO,5077.44,2026-05-23 03:53:22,0,ESTRUCTURACION_SMURFING_DETECTADA,,,,
TX-0028414,CLI-04373,SISTEMA,DEPOSITO_EFECTIVO,939.27,2026-05-23 03:59:22,0,ESTRUCTURACION_SMURFING_DETECTADA,,,,
TX-0025685,CLI-03963,SISTEMA,DEPOSITO_EFECTIVO,118.57,2026-05-23 04:04:22,0,ESTRUCTURACION_SMURFING_DETECTADA,,,,
TX-0003605,CLI-00546,SISTEMA,DEPOSITO_EFECTIVO,4980.47,2026-05-23 04:07:22,0,ESTRUCTURACION_SMURFING_DETECTADA,,,,
TX-0013643,CLI-02115,SISTEMA,DEPOSITO_EFECTIVO,3543.37,2026-05-23 04:10:22,0,ESTRUCTURACION_SMURFING_DETECTADA,,,,
TX-0012688,CLI-01957,SISTEMA,DEPOSITO_EFECTIVO,5163.91,2026-05-23 04:29:22,0,ESTRUCTURACION_SMURFING_DETECTADA,,,,
TX-0001813,CLI-00271,SISTEMA,DEPOSITO_EFECTIVO,265.63,2026-05-23 04:42:22,0,ESTRUCTURACION_SMURFING_DETECTADA,,,,
TX-0003141,CLI-00477,SISTEMA,DEPOSITO_EFECTIVO,212.5,2026-05-23 05:05:22,0,ESTRUCTURACION_SMURFING_DETECTADA,,,,
TX-0023969,CLI-03702,SISTEMA,DEPOSITO_EFECTIVO,798.76,2026-05-23 05:13:22,0,ESTRUCTURACION_SMURFING_DETECTADA,,,,
TX-0006067,CLI-00934,SISTEMA,DEPOSITO_EFECTIVO,5308.72,2026-05-23 05:19:22,0,ESTRUCTURACION_SMURFING_DETECTADA,,,,
TX-0012948,CLI-02002,SISTEMA,DEPOSITO_EFECTIVO,2608.43,2026-05-23 05:19:22,0,ESTRUCTURACION_SMURFING_DETECTADA,,,,
TX-0018077,CLI-02797,SISTEMA,DEPOSITO_EFECTIVO,8306.27,2026-05-23 05:25:22,0,ESTRUCTURACION_SMURFING_DETECTADA,,,,
TX-0013590,CLI-02106,SISTEMA,DEPOSITO_EFECTIVO,2424.9,2026-05-23 05:27:22,0,ESTRUCTURACION_SMURFING_DETECTADA,,,,
TX-0019383,CLI-03004,SISTEMA,DEPOSITO_EFECTIVO,6996.24,2026-05-23 05:31:22,0,ESTRUCTURACION_SMURFING_DETECTADA,,,,
TX-0022802,CLI-03524,SISTEMA,DEPOSITO_EFECTIVO,2277.24,2026-05-23 05:36:22,0,ESTRUCTURACION_SMURFING_DETECTADA,,,,
TX-0007612,CLI-01171,SISTEMA,DEPOSITO_EFECTIVO,1155.99,2026-05-23 05:39:22,0,ESTRUCTURACION_SMURFING_DETECTADA,,,,
TX-0012768,CLI-01971,SISTEMA,DEPOSITO_EFECTIVO,4430.01,2026-05-23 06:13:22,0,ESTRUCTURACION_SMURFING_DETECTADA,,,,
TX-0012861,CLI-01988,SISTEMA,DEPOSITO_EFECTIVO,1806.49,2026-05-23 06:41:22,0,ESTRUCTURACION_SMURFING_DETECTADA,,,,
TX-0025863,CLI-03989,SISTEMA,DEPOSITO_EFECTIVO,707.61,2026-05-23 06:41:22,0,ESTRUCTURACION_SMURFING_DETECTADA,,,,
TX-0016205,CLI-02508,SISTEMA,DEPOSITO_EFECTIVO,12781.28,2026-05-23 06:51:22,0,ESTRUCTURACION_SMURFING_DETECTADA,,,,
TX-0022658,CLI-03501,SISTEMA,DEPOSITO_EFECTIVO,2976.18,2026-05-23 06:53:22,0,ESTRUCTURACION_SMURFING_DETECTADA,,,,
TX-0016177,CLI-02504,SISTEMA,DEPOSITO_EFECTIVO,3275.78,2026-05-23 07:02:22,0,ESTRUCTURACION_SMURFING_DETECTADA,,,,
TX-0001312,CLI-00198,SISTEMA,DEPOSITO_EFECTIVO,1618.93,2026-05-23 07:07:22,0,ESTRUCTURACION_SMURFING_DETECTADA,,,,
TX-0031923,CLI-04904,SISTEMA,DEPOSITO_EFECTIVO,11582.21,2026-05-23 07:11:22,0,ESTRUCTURACION_SMURFING_DETECTADA,,,,
TX-0019440,CLI-03013,SISTEMA,DEPOSITO_EFECTIVO,6861.66,2026-05-23 07:45:22,0,ESTRUCTURACION_SMURFING_DETECTADA,,,,
TX-0022799,CLI-03524,SISTEMA,DEPOSITO_EFECTIVO,716.33,2026-05-23 07:52:22,0,ESTRUCTURACION_SMURFING_DETECTADA,,,,
TX-0031192,CLI-04800,SISTEMA,DEPOSITO_EFECTIVO,135.5,2026-05-23 08:00:22,0,ESTRUCTURACION_SMURFING_DETECTADA,,,,
TX-0007372,CLI-01138,SISTEMA,DEPOSITO_EFECTIVO,812.52,2026-05-23 08:07:22,0,ESTRUCTURACION_SMURFING_DETECTADA,,,,
TX-0000980,CLI-00149,SISTEMA,DEPOSITO_EFECTIVO,294.15,2026-05-23 08:30:22,0,ESTRUCTURACION_SMURFING_DETECTADA,,,,
TX-0030499,CLI-04693,SISTEMA,DEPOSITO_EFECTIVO,7705.58,2026-05-23 08:33:22,0,ESTRUCTURACION_SMURFING_DETECTADA,,,,
TX-0000420,CLI-00065,SISTEMA,DEPOSITO_EFECTIVO,253.5,2026-05-23 08:40:22,0,ESTRUCTURACION_SMURFING_DETECTADA,,,,
TX-0028090,CLI-04325,SISTEMA,DEPOSITO_EFECTIVO,721.2,2026-05-23 08:45:22,0,ESTRUCTURACION_SMURFING_DETECTADA,,,,
TX-0008661,CLI-01329,SISTEMA,DEPOSITO_EFECTIVO,517.07,2026-05-23 08:51:22,0,ESTRUCTURACION_SMURFING_DETECTADA,,,,
TX-0000010,CLI-00002,SISTEMA,DEPOSITO_EFECTIVO,187.08,2026-05-23 09:00:22,0,ESTRUCTURACION_SMURFING_DETECTADA,,,,
TX-0007609,CLI-01171,SISTEMA,DEPOSITO_EFECTIVO,822.01,2026-05-23 09:02:22,0,ESTRUCTURACION_SMURFING_DETECTADA,,,,
TX-0013640,CLI-02115,SISTEMA,DEPOSITO_EFECTIVO,1501.53,2026-05-23 09:21:22,0,ESTRUCTURACION_SMURFING_DETECTADA,,,,
TX-0009642,CLI-01481,SISTEMA,DEPOSITO_EFECTIVO,187.57,2026-05-23 09:26:22,0,ESTRUCTURACION_SMURFING_DETECTADA,,,,
TX-0000071,CLI-00010,SISTEMA,DEPOSITO_EFECTIVO,105.8,2026-05-23 09:27:22,0,ESTRUCTURACION_SMURFING_DETECTADA,,,,
TX-0016194,CLI-02506,SISTEMA,DEPOSITO_EFECTIVO,8630.59,2026-05-23 09:33:22,0,ESTRUCTURACION_SMURFING_DETECTADA,,,,
TX-0007087,CLI-01095,SISTEMA,DEPOSITO_EFECTIVO,1881.68,2026-05-23 09:57:22,0,ESTRUCTURACION_SMURFING_DETECTADA,,,,
TX-0006572,CLI-01013,SISTEMA,DEPOSITO_EFECTIVO,4401.77,2026-05-23 10:10:22,0,ESTRUCTURACION_SMURFING_DETECTADA,,,,
TX-0017561,CLI-02720,SISTEMA,DEPOSITO_EFECTIVO,78.73,2026-05-23 10:17:22,0,ESTRUCTURACION_SMURFING_DETECTADA,,,,
TX-0002006,CLI-00302,SISTEMA,DEPOSITO_EFECTIVO,13052.92,2026-05-23 10:19:22,0,ESTRUCTURACION_SMURFING_DETECTADA,,,,
TX-0004713,CLI-00728,SISTEMA,DEPOSITO_EFECTIVO,930.74,2026-05-23 10:37:22,0,ESTRUCTURACION_SMURFING_DETECTADA,,,,
TX-0023849,CLI-03686,SISTEMA,DEPOSITO_EFECTIVO,623.94,2026-05-23 11:06:22,0,ESTRUCTURACION_SMURFING_DETECTADA,,,,
TX-0005961,CLI-00917,SISTEMA,DEPOSITO_EFECTIVO,791.8,2026-05-23 11:10:22,0,ESTRUCTURACION_SMURFING_DETECTADA,,,,
TX-0006555,CLI-01009,SISTEMA,DEPOSITO_EFECTIVO,2114.76,2026-05-23 11:17:22,0,ESTRUCTURACION_SMURFING_DETECTADA,,,,
TX-0009138,CLI-01404,SISTEMA,DEPOSITO_EFECTIVO,1602.25,2026-05-23 11:21:22,0,ESTRUCTURACION_SMURFING_DETECTADA,,,,
TX-0021150,CLI-03272,SISTEMA,DEPOSITO_EFECTIVO,7027.57,2026-05-23 11:37:22,0,ESTRUCTURACION_SMURFING_DETECTADA,,,,
TX-0024305,CLI-03751,SISTEMA,DEPOSITO_EFECTIVO,756.12,2026-05-23 11:38:22,0,ESTRUCTURACION_SMURFING_DETECTADA,,,,
TX-0028930,CLI-04454,SISTEMA,DEPOSITO_EFECTIVO,506.45,2026-05-23 12:06:22,0,ESTRUCTURACION_SMURFING_DETECTADA,,,,
TX-0031069,CLI-04781,SISTEMA,DEPOSITO_EFECTIVO,1129.23,2026-05-23 12:07:22,0,ESTRUCTURACION_SMURFING_DETECTADA,,,,
TX-0014291,CLI-02214,SISTEMA,DEPOSITO_EFECTIVO,2264.0,2026-05-23 12:08:22,0,ESTRUCTURACION_SMURFING_DETECTADA,,,,
TX-0018026,CLI-02789,SISTEMA,DEPOSITO_EFECTIVO,358.53,2026-05-23 12:25:22,0,ESTRUCTURACION_SMURFING_DETECTADA,,,,
TX-0014885,CLI-02311,SISTEMA,DEPOSITO_EFECTIVO,1183.27,2026-05-23 12:36:22,0,ESTRUCTURACION_SMURFING_DETECTADA,,,,
TX-0023014,CLI-03556,SISTEMA,DEPOSITO_EFECTIVO,4449.04,2026-05-23 12:49:22,0,ESTRUCTURACION_SMURFING_DETECTADA,,,,
TX-0012072,CLI-01863,SISTEMA,DEPOSITO_EFECTIVO,2089.61,2026-05-23 12:58:22,0,ESTRUCTURACION_SMURFING_DETECTADA,,,,
TX-0010418,CLI-01599,SISTEMA,DEPOSITO_EFECTIVO,1476.87,2026-05-23 13:02:22,0,ESTRUCTURACION_SMURFING_DETECTADA,,,,
TX-0018141,CLI-02807,SISTEMA,DEPOSITO_EFECTIVO,5987.82,2026-05-23 13:06:22,0,ESTRUCTURACION_SMURFING_DETECTADA,,,,
TX-0019338,CLI-02996,SISTEMA,DEPOSITO_EFECTIVO,4993.99,2026-05-23 13:12:22,0,ESTRUCTURACION_SMURFING_DETECTADA,,,,
TX-0007290,CLI-01127,SISTEMA,DEPOSITO_EFECTIVO,7159.64,2026-05-23 13:29:22,0,ESTRUCTURACION_SMURFING_DETECTADA,,,,
TX-0030714,CLI-04726,SISTEMA,DEPOSITO_EFECTIVO,191.05,2026-05-23 13:33:22,0,ESTRUCTURACION_SMURFING_DETECTADA,,,,
TX-0018245,CLI-02823,SISTEMA,DEPOSITO_EFECTIVO,478.16,2026-05-23 13:45:22,0,ESTRUCTURACION_SMURFING_DETECTADA,,,,
TX-0004423,CLI-00675,SISTEMA,DEPOSITO_EFECTIVO,157.36,2026-05-23 13:49:22,0,ESTRUCTURACION_SMURFING_DETECTADA,,,,
TX-0018410,CLI-02850,SISTEMA,DEPOSITO_EFECTIVO,625.41,2026-05-23 13:49:22,0,ESTRUCTURACION_SMURFING_DETECTADA,,,,
TX-0002652,CLI-00401,SISTEMA,DEPOSITO_EFECTIVO,1474.62,2026-05-23 13:56:22,0,ESTRUCTURACION_SMURFING_DETECTADA,,,,
TX-0015120,CLI-02342,SISTEMA,DEPOSITO_EFECTIVO,1485.49,2026-05-23 14:03:22,0,ESTRUCTURACION_SMURFING_DETECTADA,,,,
TX-0008943,CLI-01373,SISTEMA,DEPOSITO_EFECTIVO,1724.38,2026-05-23 14:13:22,0,ESTRUCTURACION_SMURFING_DETECTADA,,,,
TX-0008539,CLI-01311,SISTEMA,DEPOSITO_EFECTIVO,2098.97,2026-05-23 14:18:22,0,ESTRUCTURACION_SMURFING_DETECTADA,,,,
TX-0025461,CLI-03928,SISTEMA,DEPOSITO_EFECTIVO,1114.84,2026-05-23 14:18:22,0,ESTRUCTURACION_SMURFING_DETECTADA,,,,
TX-0015407,CLI-02387,SISTEMA,DEPOSITO_EFECTIVO,2960.23,2026-05-23 14:37:22,0,ESTRUCTURACION_SMURFING_DETECTADA,,,,
TX-0000483,CLI-00075,SISTEMA,DEPOSITO_EFECTIVO,7410.47,2026-05-23 14:46:22,0,ESTRUCTURACION_SMURFING_DETECTADA,,,,
TX-0011507,CLI-01775,SISTEMA,DEPOSITO_EFECTIVO,356.17,2026-05-23 14:49:22,0,ESTRUCTURACION_SMURFING_DETECTADA,,,,
TX-0021562,CLI-03336,SISTEMA,DEPOSITO_EFECTIVO,457.5,2026-05-23 14:53:22,0,ESTRUCTURACION_SMURFING_DETECTADA,,,,
TX-0013824,CLI-02143,SISTEMA,DEPOSITO_EFECTIVO,1841.58,2026-05-23 15:19:22,0,ESTRUCTURACION_SMURFING_DETECTADA,,,,
TX-0011751,CLI-01813,SISTEMA,DEPOSITO_EFECTIVO,3722.96,2026-05-23 15:32:22,0,ESTRUCTURACION_SMURFING_DETECTADA,,,,
TX-0004750,CLI-00732,SISTEMA,DEPOSITO_EFECTIVO,4664.98,2026-05-23 15:33:22,0,ESTRUCTURACION_SMURFING_DETECTADA,,,,
TX-0028619,CLI-04405,SISTEMA,DEPOSITO_EFECTIVO,5197.37,2026-05-23 15:45:22,0,ESTRUCTURACION_SMURFING_DETECTADA,,,,
TX-0007985,CLI-01229,SISTEMA,DEPOSITO_EFECTIVO,5892.77,2026-05-23 15:46:22,0,ESTRUCTURACION_SMURFING_DETECTADA,,,,
TX-0020954,CLI-03244,SISTEMA,DEPOSITO_EFECTIVO,342.58,2026-05-23 16:15:22,0,ESTRUCTURACION_SMURFING_DETECTADA,,,,
TX-0029243,CLI-04502,SISTEMA,DEPOSITO_EFECTIVO,2387.87,2026-05-23 16:23:22,0,ESTRUCTURACION_SMURFING_DETECTADA,,,,
TX-0004436,CLI-00677,SISTEMA,DEPOSITO_EFECTIVO,6395.07,2026-05-23 16:23:22,0,ESTRUCTURACION_SMURFING_DETECTADA,,,,
TX-0021728,CLI-03357,SISTEMA,DEPOSITO_EFECTIVO,228.85,2026-05-23 16:26:22,0,ESTRUCTURACION_SMURFING_DETECTADA,,,,
TX-0020851,CLI-03229,SISTEMA,DEPOSITO_EFECTIVO,3768.21,2026-05-23 16:35:22,0,ESTRUCTURACION_SMURFING_DETECTADA,,,,
TX-0020590,CLI-03190,SISTEMA,DEPOSITO_EFECTIVO,1364.19,2026-05-23 16:50:22,0,ESTRUCTURACION_SMURFING_DETECTADA,,,,
TX-0007270,CLI-01123,SISTEMA,DEPOSITO_EFECTIVO,940.24,2026-05-23 16:56:22,0,ESTRUCTURACION_SMURFING_DETECTADA,,,,
TX-0007748,CLI-01190,SISTEMA,DEPOSITO_EFECTIVO,596.96,2026-05-23 17:28:22,0,ESTRUCTURACION_SMURFING_DETECTADA,,,,
TX-0004863,CLI-00754,SISTEMA,DEPOSITO_EFECTIVO,8584.46,2026-05-23 17:32:22,0,ESTRUCTURACION_SMURFING_DETECTADA,,,,
TX-0015244,CLI-02360,SISTEMA,DEPOSITO_EFECTIVO,787.09,2026-05-23 17:32:22,0,ESTRUCTURACION_SMURFING_DETECTADA,,,,
TX-0009608,CLI-01477,SISTEMA,DEPOSITO_EFECTIVO,418.42,2026-05-23 17:42:22,0,ESTRUCTURACION_SMURFING_DETECTADA,,,,
TX-0008823,CLI-01354,SISTEMA,DEPOSITO_EFECTIVO,5712.22,2026-05-23 17:56:22,0,ESTRUCTURACION_SMURFING_DETECTADA,,,,
TX-0007142,CLI-01103,SISTEMA,DEPOSITO_EFECTIVO,7070.02,2026-05-23 18:20:22,0,ESTRUCTURACION_SMURFING_DETECTADA,,,,
TX-0007469,CLI-01152,SISTEMA,DEPOSITO_EFECTIVO,937.33,2026-05-23 18:24:22,0,ESTRUCTURACION_SMURFING_DETECTADA,,,,
TX-0004593,CLI-00707,SISTEMA,DEPOSITO_EFECTIVO,3286.86,2026-05-23 18:44:22,0,ESTRUCTURACION_SMURFING_DETECTADA,,,,
TX-0004778,CLI-00738,SISTEMA,DEPOSITO_EFECTIVO,3022.92,2026-05-23 18:55:22,0,ESTRUCTURACION_SMURFING_DETECTADA,,,,
TX-0016676,CLI-02583,SISTEMA,DEPOSITO_EFECTIVO,1836.61,2026-05-23 19:06:22,0,ESTRUCTURACION_SMURFING_DETECTADA,,,,
TX-0014434,CLI-02238,SISTEMA,DEPOSITO_EFECTIVO,8455.05,2026-05-23 19:07:22,0,ESTRUCTURACION_SMURFING_DETECTADA,,,,
TX-0003505,CLI-00532,SISTEMA,DEPOSITO_EFECTIVO,12737.12,2026-05-23 19:12:22,0,ESTRUCTURACION_SMURFING_DETECTADA,,,,
TX-0002712,CLI-00410,SISTEMA,DEPOSITO_EFECTIVO,9931.9,2026-05-23 19:14:22,0,ESTRUCTURACION_SMURFING_DETECTADA,,,,
TX-0019730,CLI-03055,SISTEMA,DEPOSITO_EFECTIVO,1214.46,2026-05-23 19:17:22,0,ESTRUCTURACION_SMURFING_DETECTADA,,,,
TX-0029229,CLI-04500,SISTEMA,DEPOSITO_EFECTIVO,1073.06,2026-05-23 19:24:22,0,ESTRUCTURACION_SMURFING_DETECTADA,,,,
TX-0003524,CLI-00534,SISTEMA,DEPOSITO_EFECTIVO,1392.75,2026-05-23 19:31:22,0,ESTRUCTURACION_SMURFING_DETECTADA,,,,
TX-0018563,CLI-02871,SISTEMA,DEPOSITO_EFECTIVO,289.24,2026-05-23 19:40:22,0,ESTRUCTURACION_SMURFING_DETECTADA,,,,
TX-0024648,CLI-03803,SISTEMA,DEPOSITO_EFECTIVO,813.5,2026-05-23 19:53:22,0,ESTRUCTURACION_SMURFING_DETECTADA,,,,
TX-0029306,CLI-04511,SISTEMA,DEPOSITO_EFECTIVO,3607.44,2026-05-23 20:03:22,0,ESTRUCTURACION_SMURFING_DETECTADA,,,,
TX-0015561,CLI-02409,SISTEMA,DEPOSITO_EFECTIVO,352.64,2026-05-23 20:04:22,0,ESTRUCTURACION_SMURFING_DETECTADA,,,,
TX-0011993,CLI-01848,SISTEMA,DEPOSITO_EFECTIVO,3255.11,2026-05-23 20:18:22,0,ESTRUCTURACION_SMURFING_DETECTADA,,,,
TX-0001334,CLI-00202,SISTEMA,DEPOSITO_EFECTIVO,171.48,2026-05-23 20:30:22,0,ESTRUCTURACION_SMURFING_DETECTADA,,,,
TX-0011775,CLI-01816,SISTEMA,DEPOSITO_EFECTIVO,2869.29,2026-05-23 20:31:22,0,ESTRUCTURACION_SMURFING_DETECTADA,,,,
TX-0025573,CLI-03946,SISTEMA,DEPOSITO_EFECTIVO,9161.85,2026-05-23 20:43:22,0,ESTRUCTURACION_SMURFING_DETECTADA,,,,
TX-0004281,CLI-00654,SISTEMA,DEPOSITO_EFECTIVO,14318.31,2026-05-23 20:44:22,0,ESTRUCTURACION_SMURFING_DETECTADA,,,,
TX-0007889,CLI-01213,SISTEMA,DEPOSITO_EFECTIVO,113.64,2026-05-23 20:56:22,0,ESTRUCTURACION_SMURFING_DETECTADA,,,,
TX-0006248,CLI-00961,SISTEMA,DEPOSITO_EFECTIVO,1915.2,2026-05-23 21:01:22,0,ESTRUCTURACION_SMURFING_DETECTADA,,,,
TX-0017929,CLI-02773,SISTEMA,DEPOSITO_EFECTIVO,2083.21,2026-05-23 21:01:22,0,ESTRUCTURACION_SMURFING_DETECTADA,,,,
TX-0031162,CLI-04795,SISTEMA,DEPOSITO_EFECTIVO,4878.64,2026-05-23 21:01:22,0,ESTRUCTURACION_SMURFING_DETECTADA,,,,
TX-0019576,CLI-03036,SISTEMA,DEPOSITO_EFECTIVO,1445.76,2026-05-23 21:07:22,0,ESTRUCTURACION_SMURFING_DETECTADA,,,,
TX-0012249,CLI-01890,SISTEMA,DEPOSITO_EFECTIVO,1273.02,2026-05-23 21:14:22,0,ESTRUCTURACION_SMURFING_DETECTADA,,,,
TX-0029792,CLI-04589,SISTEMA,DEPOSITO_EFECTIVO,3733.46,2026-05-23 21:20:22,0,ESTRUCTURACION_SMURFING_DETECTADA,,,,
TX-0012341,CLI-01904,SISTEMA,DEPOSITO_EFECTIVO,2476.15,2026-05-23 21:22:22,0,ESTRUCTURACION_SMURFING_DETECTADA,,,,
TX-0008045,CLI-01239,SISTEMA,DEPOSITO_EFECTIVO,5873.28,2026-05-23 21:37:22,0,ESTRUCTURACION_SMURFING_DETECTADA,,,,
TX-0000535,CLI-00082,SISTEMA,DEPOSITO_EFECTIVO,698.65,2026-05-23 21:45:22,0,ESTRUCTURACION_SMURFING_DETECTADA,,,,
TX-0029476,CLI-04538,SISTEMA,DEPOSITO_EFECTIVO,1591.11,2026-05-23 21:48:22,0,ESTRUCTURACION_SMURFING_DETECTADA,,,,
TX-0020762,CLI-03212,SISTEMA,DEPOSITO_EFECTIVO,598.92,2026-05-23 22:13:22,0,ESTRUCTURACION_SMURFING_DETECTADA,,,,
TX-0016978,CLI-02630,SISTEMA,DEPOSITO_EFECTIVO,703.32,2026-05-23 22:16:22,0,ESTRUCTURACION_SMURFING_DETECTADA,,,,
TX-0003535,CLI-00536,SISTEMA,DEPOSITO_EFECTIVO,10675.58,2026-05-23 22:22:22,0,ESTRUCTURACION_SMURFING_DETECTADA,,,,
TX-0028914,CLI-04452,SISTEMA,DEPOSITO_EFECTIVO,3398.47,2026-05-23 22:25:22,0,ESTRUCTURACION_SMURFING_DETECTADA,,,,
TX-0016382,CLI-02539,SISTEMA,DEPOSITO_EFECTIVO,348.56,2026-05-23 22:51:22,0,ESTRUCTURACION_SMURFING_DETECTADA,,,,
TX-0030995,CLI-04770,SISTEMA,DEPOSITO_EFECTIVO,9620.96,2026-05-23 22:53:22,0,ESTRUCTURACION_SMURFING_DETECTADA,,,,
TX-0011878,CLI-01829,SISTEMA,DEPOSITO_EFECTIVO,12472.07,2026-05-23 23:05:22,0,ESTRUCTURACION_SMURFING_DETECTADA,,,,
TX-0004745,CLI-00732,SISTEMA,DEPOSITO_EFECTIVO,396.95,2026-05-23 23:09:22,0,ESTRUCTURACION_SMURFING_DETECTADA,,,,
TX-0022767,CLI-03519,SISTEMA,DEPOSITO_EFECTIVO,3942.1,2026-05-23 23:19:22,0,ESTRUCTURACION_SMURFING_DETECTADA,,,,
TX-0031618,CLI-04863,SISTEMA,DEPOSITO_EFECTIVO,2898.03,2026-05-23 23:35:22,0,ESTRUCTURACION_SMURFING_DETECTADA,,,,
TX-0024748,CLI-03819,SISTEMA,DEPOSITO_EFECTIVO,589.85,2026-05-23 23:44:22,0,ESTRUCTURACION_SMURFING_DETECTADA,,,,
TX-0007464,CLI-01151,SISTEMA,DEPOSITO_EFECTIVO,989.21,2026-05-23 23:55:22,0,ESTRUCTURACION_SMURFING_DETECTADA,,,,
TX-0009331,CLI-01433,SISTEMA,DEPOSITO_EFECTIVO,297.56,2026-05-23 23:57:22,0,ESTRUCTURACION_SMURFING_DETECTADA,,,,
TX-0012022,CLI-01854,SISTEMA,DEPOSITO_EFECTIVO,478.74,2026-05-23 23:58:22,0,ESTRUCTURACION_SMURFING_DETECTADA,,,,
TX-0005470,CLI-00840,SISTEMA,DEPOSITO_EFECTIVO,1577.28,2026-05-24 00:27:22,0,ESTRUCTURACION_SMURFING_DETECTADA,,,,
TX-0001857,CLI-00277,SISTEMA,DEPOSITO_EFECTIVO,617.33,2026-05-24 00:37:22,0,ESTRUCTURACION_SMURFING_DETECTADA,,,,
TX-0011394,CLI-01756,SISTEMA,DEPOSITO_EFECTIVO,3464.31,2026-05-24 00:55:22,0,ESTRUCTURACION_SMURFING_DETECTADA,,,,
TX-0014582,CLI-02260,SISTEMA,DEPOSITO_EFECTIVO,582.47,2026-05-24 01:05:22,0,ESTRUCTURACION_SMURFING_DETECTADA,,,,
TX-0032238,CLI-04953,SISTEMA,DEPOSITO_EFECTIVO,612.51,2026-05-24 01:05:22,0,ESTRUCTURACION_SMURFING_DETECTADA,,,,
TX-0026090,CLI-04023,SISTEMA,DEPOSITO_EFECTIVO,331.02,2026-05-24 01:17:22,0,ESTRUCTURACION_SMURFING_DETECTADA,,,,
TX-0003460,CLI-00524,SISTEMA,DEPOSITO_EFECTIVO,435.53,2026-05-24 01:28:22,0,ESTRUCTURACION_SMURFING_DETECTADA,,,,
TX-0005807,CLI-00889,SISTEMA,DEPOSITO_EFECTIVO,3708.04,2026-05-24 01:40:22,0,ESTRUCTURACION_SMURFING_DETECTADA,,,,
TX-0025245,CLI-03897,SISTEMA,DEPOSITO_EFECTIVO,334.72,2026-05-24 01:43:22,0,ESTRUCTURACION_SMURFING_DETECTADA,,,,
TX-0011443,CLI-01764,SISTEMA,DEPOSITO_EFECTIVO,2451.14,2026-05-24 01:47:22,0,ESTRUCTURACION_SMURFING_DETECTADA,,,,
TX-0030235,CLI-04659,SISTEMA,DEPOSITO_EFECTIVO,193.14,2026-05-24 01:48:22,0,ESTRUCTURACION_SMURFING_DETECTADA,,,,
TX-0021703,CLI-03355,SISTEMA,DEPOSITO_EFECTIVO,2764.37,2026-05-24 01:51:22,0,ESTRUCTURACION_SMURFING_DETECTADA,,,,
TX-0024847,CLI-03836,SISTEMA,DEPOSITO_EFECTIVO,12485.15,2026-05-24 01:52:22,0,ESTRUCTURACION_SMURFING_DETECTADA,,,,
TX-0017661,CLI-02735,SISTEMA,DEPOSITO_EFECTIVO,270.23,2026-05-24 01:53:22,0,ESTRUCTURACION_SMURFING_DETECTADA,,,,
TX-0025065,CLI-03867,SISTEMA,DEPOSITO_EFECTIVO,2486.25,2026-05-24 01:58:22,0,ESTRUCTURACION_SMURFING_DETECTADA,,,,
TX-0008065,CLI-01243,SISTEMA,DEPOSITO_EFECTIVO,3406.46,2026-05-24 02:03:22,0,ESTRUCTURACION_SMURFING_DETECTADA,,,,
TX-0019227,CLI-02979,SISTEMA,DEPOSITO_EFECTIVO,2767.64,2026-05-24 02:25:22,0,ESTRUCTURACION_SMURFING_DETECTADA,,,,
TX-0003782,CLI-00573,SISTEMA,DEPOSITO_EFECTIVO,1910.27,2026-05-24 02:31:22,0,ESTRUCTURACION_SMURFING_DETECTADA,,,,
TX-0015507,CLI-02400,SISTEMA,DEPOSITO_EFECTIVO,1322.1,2026-05-24 02:47:22,0,ESTRUCTURACION_SMURFING_DETECTADA,,,,
TX-0030142,CLI-04644,SISTEMA,DEPOSITO_EFECTIVO,91.36,2026-05-24 02:55:22,0,ESTRUCTURACION_SMURFING_DETECTADA,,,,
TX-0004609,CLI-00710,SISTEMA,DEPOSITO_EFECTIVO,51.51,2026-05-24 02:56:22,0,ESTRUCTURACION_SMURFING_DETECTADA,,,,
TX-0027052,CLI-04169,SISTEMA,DEPOSITO_EFECTIVO,561.49,2026-05-24 03:01:22,0,ESTRUCTURACION_SMURFING_DETECTADA,,,,
TX-0027060,CLI-04171,SISTEMA,DEPOSITO_EFECTIVO,305.24,2026-05-24 03:14:22,0,ESTRUCTURACION_SMURFING_DETECTADA,,,,
TX-0028130,CLI-04331,SISTEMA,DEPOSITO_EFECTIVO,953.53,2026-05-24 03:16:22,0,ESTRUCTURACION_SMURFING_DETECTADA,,,,
TX-0030179,CLI-04649,SISTEMA,DEPOSITO_EFECTIVO,14103.63,2026-05-24 03:17:22,0,ESTRUCTURACION_SMURFING_DETECTADA,,,,
TX-0016916,CLI-02620,SISTEMA,DEPOSITO_EFECTIVO,3243.9,2026-05-24 03:31:22,0,ESTRUCTURACION_SMURFING_DETECTADA,,,,
TX-0005742,CLI-00881,SISTEMA,DEPOSITO_EFECTIVO,9756.52,2026-05-24 03:34:22,0,ESTRUCTURACION_SMURFING_DETECTADA,,,,
TX-0029003,CLI-04465,SISTEMA,DEPOSITO_EFECTIVO,540.93,2026-05-24 03:35:22,0,ESTRUCTURACION_SMURFING_DETECTADA,,,,
TX-0006996,CLI-01079,SISTEMA,DEPOSITO_EFECTIVO,735.5,2026-05-24 04:18:22,0,ESTRUCTURACION_SMURFING_DETECTADA,,,,
TX-0031359,CLI-04823,SISTEMA,DEPOSITO_EFECTIVO,863.17,2026-05-24 04:31:22,0,ESTRUCTURACION_SMURFING_DETECTADA,,,,
TX-0017846,CLI-02762,SISTEMA,DEPOSITO_EFECTIVO,1560.81,2026-05-24 04:34:22,0,ESTRUCTURACION_SMURFING_DETECTADA,,,,
TX-0014876,CLI-02309,SISTEMA,DEPOSITO_EFECTIVO,962.57,2026-05-24 04:39:22,0,ESTRUCTURACION_SMURFING_DETECTADA,,,,
TX-0006312,CLI-00972,SISTEMA,DEPOSITO_EFECTIVO,1736.19,2026-05-24 04:46:22,0,ESTRUCTURACION_SMURFING_DETECTADA,,,,
TX-0019054,CLI-02948,SISTEMA,DEPOSITO_EFECTIVO,74.23,2026-05-24 05:00:22,0,ESTRUCTURACION_SMURFING_DETECTADA,,,,
TX-0009063,CLI-01392,SISTEMA,DEPOSITO_EFECTIVO,2952.73,2026-05-24 05:03:22,0,ESTRUCTURACION_SMURFING_DETECTADA,,,,
TX-0024387,CLI-03764,SISTEMA,DEPOSITO_EFECTIVO,722.64,2026-05-24 05:06:22,0,ESTRUCTURACION_SMURFING_DETECTADA,,,,
TX-0006881,CLI-01061,SISTEMA,DEPOSITO_EFECTIVO,11082.64,2026-05-24 05:06:22,0,ESTRUCTURACION_SMURFING_DETECTADA,,,,
TX-0021019,CLI-03252,SISTEMA,DEPOSITO_EFECTIVO,149.63,2026-05-24 05:09:22,0,ESTRUCTURACION_SMURFING_DETECTADA,,,,
TX-0023147,CLI-03576,SISTEMA,DEPOSITO_EFECTIVO,6355.38,2026-05-24 05:11:22,0,ESTRUCTURACION_SMURFING_DETECTADA,,,,
TX-0018055,CLI-02793,SISTEMA,DEPOSITO_EFECTIVO,84.53,2026-05-24 05:24:22,0,ESTRUCTURACION_SMURFING_DETECTADA,,,,
TX-0030102,CLI-04638,SISTEMA,DEPOSITO_EFECTIVO,1515.01,2026-05-24 05:33:22,0,ESTRUCTURACION_SMURFING_DETECTADA,,,,
TX-0028695,CLI-04417,SISTEMA,DEPOSITO_EFECTIVO,8758.48,2026-05-24 05:34:22,0,ESTRUCTURACION_SMURFING_DETECTADA,,,,
TX-0002906,CLI-00442,SISTEMA,DEPOSITO_EFECTIVO,960.01,2026-05-24 05:45:22,0,ESTRUCTURACION_SMURFING_DETECTADA,,,,
TX-0031899,CLI-04901,SISTEMA,DEPOSITO_EFECTIVO,1007.82,2026-05-24 05:47:22,0,ESTRUCTURACION_SMURFING_DETECTADA,,,,
TX-0001615,CLI-00245,SISTEMA,DEPOSITO_EFECTIVO,1988.85,2026-05-24 05:55:22,0,ESTRUCTURACION_SMURFING_DETECTADA,,,,
TX-0028193,CLI-04340,SISTEMA,DEPOSITO_EFECTIVO,12475.72,2026-05-24 05:55:22,0,ESTRUCTURACION_SMURFING_DETECTADA,,,,
TX-0019138,CLI-02962,SISTEMA,DEPOSITO_EFECTIVO,1120.46,2026-05-24 06:06:22,0,ESTRUCTURACION_SMURFING_DETECTADA,,,,
TX-0021764,CLI-03364,SISTEMA,DEPOSITO_EFECTIVO,5760.24,2026-05-24 06:16:22,0,ESTRUCTURACION_SMURFING_DETECTADA,,,,
TX-0019986,CLI-03100,SISTEMA,DEPOSITO_EFECTIVO,613.06,2026-05-24 06:17:22,0,ESTRUCTURACION_SMURFING_DETECTADA,,,,
TX-0023004,CLI-03554,SISTEMA,DEPOSITO_EFECTIVO,4107.72,2026-05-24 06:17:22,0,ESTRUCTURACION_SMURFING_DETECTADA,,,,
TX-0000417,CLI-00064,SISTEMA,DEPOSITO_EFECTIVO,2951.27,2026-05-24 06:23:22,0,ESTRUCTURACION_SMURFING_DETECTADA,,,,
TX-0018897,CLI-02921,SISTEMA,DEPOSITO_EFECTIVO,6743.94,2026-05-24 06:35:22,0,ESTRUCTURACION_SMURFING_DETECTADA,,,,
TX-0027631,CLI-04258,SISTEMA,DEPOSITO_EFECTIVO,1487.21,2026-05-24 06:41:22,0,ESTRUCTURACION_SMURFING_DETECTADA,,,,
TX-0017957,CLI-02777,SISTEMA,DEPOSITO_EFECTIVO,1520.94,2026-05-24 06:47:22,0,ESTRUCTURACION_SMURFING_DETECTADA,,,,
TX-0029490,CLI-04540,SISTEMA,DEPOSITO_EFECTIVO,129.26,2026-05-24 06:58:22,0,ESTRUCTURACION_SMURFING_DETECTADA,,,,
TX-0019976,CLI-03098,SISTEMA,DEPOSITO_EFECTIVO,2213.16,2026-05-24 07:03:22,0,ESTRUCTURACION_SMURFING_DETECTADA,,,,
TX-0026922,CLI-04149,SISTEMA,DEPOSITO_EFECTIVO,118.79,2026-05-24 07:06:22,0,ESTRUCTURACION_SMURFING_DETECTADA,,,,
TX-0031277,CLI-04811,SISTEMA,DEPOSITO_EFECTIVO,10709.18,2026-05-24 07:17:22,0,ESTRUCTURACION_SMURFING_DETECTADA,,,,
TX-0012575,CLI-01939,SISTEMA,DEPOSITO_EFECTIVO,4405.8,2026-05-24 07:19:22,0,ESTRUCTURACION_SMURFING_DETECTADA,,,,
TX-0016118,CLI-02494,SISTEMA,DEPOSITO_EFECTIVO,2511.1,2026-05-24 07:22:22,0,ESTRUCTURACION_SMURFING_DETECTADA,,,,
TX-0010433,CLI-01601,SISTEMA,DEPOSITO_EFECTIVO,104.38,2026-05-24 07:22:22,0,ESTRUCTURACION_SMURFING_DETECTADA,,,,
TX-0009901,CLI-01519,SISTEMA,DEPOSITO_EFECTIVO,978.95,2026-05-24 07:29:22,0,ESTRUCTURACION_SMURFING_DETECTADA,,,,
TX-0007743,CLI-01189,SISTEMA,DEPOSITO_EFECTIVO,709.6,2026-05-24 07:34:22,0,ESTRUCTURACION_SMURFING_DETECTADA,,,,
TX-0022857,CLI-03532,SISTEMA,DEPOSITO_EFECTIVO,3463.53,2026-05-24 07:35:22,0,ESTRUCTURACION_SMURFING_DETECTADA,,,,
TX-0030753,CLI-04732,SISTEMA,DEPOSITO_EFECTIVO,11142.86,2026-05-24 07:39:22,0,ESTRUCTURACION_SMURFING_DETECTADA,,,,
TX-0019574,CLI-03035,SISTEMA,DEPOSITO_EFECTIVO,2233.9,2026-05-24 07:46:22,0,ESTRUCTURACION_SMURFING_DETECTADA,,,,
TX-0026247,CLI-04044,SISTEMA,DEPOSITO_EFECTIVO,442.56,2026-05-24 07:46:22,0,ESTRUCTURACION_SMURFING_DETECTADA,,,,
TX-0032329,CLI-04965,SISTEMA,DEPOSITO_EFECTIVO,141.3,2026-05-24 08:06:22,0,ESTRUCTURACION_SMURFING_DETECTADA,,,,
TX-0009492,CLI-01459,SISTEMA,DEPOSITO_EFECTIVO,3546.14,2026-05-24 08:06:22,0,ESTRUCTURACION_SMURFING_DETECTADA,,,,
TX-0019736,CLI-03057,SISTEMA,DEPOSITO_EFECTIVO,487.66,2026-05-24 08:17:22,0,ESTRUCTURACION_SMURFING_DETECTADA,,,,
TX-0001158,CLI-00174,SISTEMA,DEPOSITO_EFECTIVO,5002.92,2026-05-24 08:24:22,0,ESTRUCTURACION_SMURFING_DETECTADA,,,,
TX-0020139,CLI-03121,SISTEMA,DEPOSITO_EFECTIVO,1733.6,2026-05-24 08:42:22,0,ESTRUCTURACION_SMURFING_DETECTADA,,,,
TX-0010730,CLI-01653,SISTEMA,DEPOSITO_EFECTIVO,564.94,2026-05-24 08:57:22,0,ESTRUCTURACION_SMURFING_DETECTADA,,,,
TX-0024640,CLI-03802,SISTEMA,DEPOSITO_EFECTIVO,563.83,2026-05-24 09:07:22,0,ESTRUCTURACION_SMURFING_DETECTADA,,,,
TX-0022255,CLI-03441,SISTEMA,DEPOSITO_EFECTIVO,156.49,2026-05-24 09:25:22,0,ESTRUCTURACION_SMURFING_DETECTADA,,,,
TX-0015518,CLI-02402,SISTEMA,DEPOSITO_EFECTIVO,11989.54,2026-05-24 09:30:22,0,ESTRUCTURACION_SMURFING_DETECTADA,,,,
TX-0012313,CLI-01900,SISTEMA,DEPOSITO_EFECTIVO,14722.41,2026-05-24 09:32:22,0,ESTRUCTURACION_SMURFING_DETECTADA,,,,
TX-0019808,CLI-03070,SISTEMA,DEPOSITO_EFECTIVO,1109.59,2026-05-24 09:44:22,0,ESTRUCTURACION_SMURFING_DETECTADA,,,,
TX-0018916,CLI-02924,SISTEMA,DEPOSITO_EFECTIVO,2548.35,2026-05-24 09:51:22,0,ESTRUCTURACION_SMURFING_DETECTADA,,,,
TX-0017621,CLI-02728,SISTEMA,DEPOSITO_EFECTIVO,114.09,2026-05-24 10:21:22,0,ESTRUCTURACION_SMURFING_DETECTADA,,,,
TX-0014966,CLI-02321,SISTEMA,DEPOSITO_EFECTIVO,981.29,2026-05-24 10:31:22,0,ESTRUCTURACION_SMURFING_DETECTADA,,,,
TX-0000523,CLI-00081,SISTEMA,DEPOSITO_EFECTIVO,4747.15,2026-05-24 10:47:22,0,ESTRUCTURACION_SMURFING_DETECTADA,,,,
TX-0028123,CLI-04330,SISTEMA,DEPOSITO_EFECTIVO,500.07,2026-05-24 11:28:22,0,ESTRUCTURACION_SMURFING_DETECTADA,,,,
TX-0012337,CLI-01904,SISTEMA,DEPOSITO_EFECTIVO,3229.81,2026-05-24 11:46:22,0,ESTRUCTURACION_SMURFING_DETECTADA,,,,
TX-0003980,CLI-00607,SISTEMA,DEPOSITO_EFECTIVO,671.3,2026-05-24 12:00:22,0,ESTRUCTURACION_SMURFING_DETECTADA,,,,
TX-0000752,CLI-00116,SISTEMA,DEPOSITO_EFECTIVO,1451.86,2026-05-24 12:05:22,0,ESTRUCTURACION_SMURFING_DETECTADA,,,,
TX-0018581,CLI-02873,SISTEMA,DEPOSITO_EFECTIVO,3849.55,2026-05-24 12:06:22,0,ESTRUCTURACION_SMURFING_DETECTADA,,,,
TX-0009247,CLI-01420,SISTEMA,DEPOSITO_EFECTIVO,2151.23,2026-05-24 12:31:22,0,ESTRUCTURACION_SMURFING_DETECTADA,,,,
TX-0008079,CLI-01245,SISTEMA,DEPOSITO_EFECTIVO,947.77,2026-05-24 12:40:22,0,ESTRUCTURACION_SMURFING_DETECTADA,,,,
TX-0022326,CLI-03451,SISTEMA,DEPOSITO_EFECTIVO,1074.13,2026-05-24 12:41:22,0,ESTRUCTURACION_SMURFING_DETECTADA,,,,
TX-0003586,CLI-00543,SISTEMA,DEPOSITO_EFECTIVO,282.39,2026-05-24 12:49:22,0,ESTRUCTURACION_SMURFING_DETECTADA,,,,
TX-0009821,CLI-01507,SISTEMA,DEPOSITO_EFECTIVO,241.19,2026-05-24 12:56:22,0,ESTRUCTURACION_SMURFING_DETECTADA,,,,
TX-0017645,CLI-02732,SISTEMA,DEPOSITO_EFECTIVO,506.18,2026-05-24 12:57:22,0,ESTRUCTURACION_SMURFING_DETECTADA,,,,
TX-0030238,CLI-04659,SISTEMA,DEPOSITO_EFECTIVO,117.86,2026-05-24 12:58:22,0,ESTRUCTURACION_SMURFING_DETECTADA,,,,
TX-0011615,CLI-01791,SISTEMA,DEPOSITO_EFECTIVO,12429.65,2026-05-24 13:00:22,0,ESTRUCTURACION_SMURFING_DETECTADA,,,,
TX-0003690,CLI-00558,SISTEMA,DEPOSITO_EFECTIVO,4884.47,2026-05-24 13:03:22,0,ESTRUCTURACION_SMURFING_DETECTADA,,,,
TX-0031662,CLI-04869,SISTEMA,DEPOSITO_EFECTIVO,6657.67,2026-05-24 13:15:22,0,ESTRUCTURACION_SMURFING_DETECTADA,,,,
TX-0004419,CLI-00675,SISTEMA,DEPOSITO_EFECTIVO,273.42,2026-05-24 13:21:22,0,ESTRUCTURACION_SMURFING_DETECTADA,,,,
TX-0018499,CLI-02862,SISTEMA,DEPOSITO_EFECTIVO,440.56,2026-05-24 13:24:22,0,ESTRUCTURACION_SMURFING_DETECTADA,,,,
TX-0026690,CLI-04108,SISTEMA,DEPOSITO_EFECTIVO,13185.84,2026-05-24 13:29:22,0,ESTRUCTURACION_SMURFING_DETECTADA,,,,
TX-0027487,CLI-04237,SISTEMA,DEPOSITO_EFECTIVO,1283.89,2026-05-24 13:38:22,0,ESTRUCTURACION_SMURFING_DETECTADA,,,,
TX-0019772,CLI-03066,SISTEMA,DEPOSITO_EFECTIVO,3902.0,2026-05-24 13:46:22,0,ESTRUCTURACION_SMURFING_DETECTADA,,,,
TX-0024962,CLI-03852,SISTEMA,DEPOSITO_EFECTIVO,5346.58,2026-05-24 13:46:22,0,ESTRUCTURACION_SMURFING_DETECTADA,,,,
TX-0027429,CLI-04228,SISTEMA,DEPOSITO_EFECTIVO,6317.38,2026-05-24 14:07:22,0,ESTRUCTURACION_SMURFING_DETECTADA,,,,
TX-0019691,CLI-03050,SISTEMA,DEPOSITO_EFECTIVO,2510.7,2026-05-24 14:14:22,0,ESTRUCTURACION_SMURFING_DETECTADA,,,,
TX-0013761,CLI-02133,SISTEMA,DEPOSITO_EFECTIVO,193.47,2026-05-24 14:23:22,0,ESTRUCTURACION_SMURFING_DETECTADA,,,,
TX-0016322,CLI-02526,SISTEMA,DEPOSITO_EFECTIVO,13501.37,2026-05-24 14:30:22,0,ESTRUCTURACION_SMURFING_DETECTADA,,,,
TX-0010992,CLI-01693,SISTEMA,DEPOSITO_EFECTIVO,1566.87,2026-05-24 14:45:22,0,ESTRUCTURACION_SMURFING_DETECTADA,,,,
TX-0017117,CLI-02652,SISTEMA,DEPOSITO_EFECTIVO,1848.72,2026-05-24 14:50:22,0,ESTRUCTURACION_SMURFING_DETECTADA,,,,
TX-0026378,CLI-04063,SISTEMA,DEPOSITO_EFECTIVO,4570.21,2026-05-24 14:51:22,0,ESTRUCTURACION_SMURFING_DETECTADA,,,,
TX-0012941,CLI-02001,SISTEMA,DEPOSITO_EFECTIVO,9517.07,2026-05-24 15:03:22,0,ESTRUCTURACION_SMURFING_DETECTADA,,,,
TX-0028028,CLI-04316,SISTEMA,DEPOSITO_EFECTIVO,9255.94,2026-05-24 15:07:22,0,ESTRUCTURACION_SMURFING_DETECTADA,,,,
TX-0000246,CLI-00036,SISTEMA,DEPOSITO_EFECTIVO,201.92,2026-05-24 15:11:22,0,ESTRUCTURACION_SMURFING_DETECTADA,,,,
TX-0031936,CLI-04908,SISTEMA,DEPOSITO_EFECTIVO,2056.86,2026-05-24 15:18:22,0,ESTRUCTURACION_SMURFING_DETECTADA,,,,
TX-0005206,CLI-00802,SISTEMA,DEPOSITO_EFECTIVO,8222.78,2026-05-24 15:39:22,0,ESTRUCTURACION_SMURFING_DETECTADA,,,,
TX-0012859,CLI-01987,SISTEMA,DEPOSITO_EFECTIVO,1411.99,2026-05-24 15:40:22,0,ESTRUCTURACION_SMURFING_DETECTADA,,,,
TX-0022740,CLI-03515,SISTEMA,DEPOSITO_EFECTIVO,3483.93,2026-05-24 15:57:22,0,ESTRUCTURACION_SMURFING_DETECTADA,,,,
TX-0026569,CLI-04091,SISTEMA,DEPOSITO_EFECTIVO,394.26,2026-05-24 15:58:22,0,ESTRUCTURACION_SMURFING_DETECTADA,,,,
TX-0001834,CLI-00274,SISTEMA,DEPOSITO_EFECTIVO,217.48,2026-05-24 15:59:22,0,ESTRUCTURACION_SMURFING_DETECTADA,,,,
TX-0020501,CLI-03176,SISTEMA,DEPOSITO_EFECTIVO,127.68,2026-05-24 16:20:22,0,ESTRUCTURACION_SMURFING_DETECTADA,,,,
TX-0014831,CLI-02302,SISTEMA,DEPOSITO_EFECTIVO,138.0,2026-05-24 16:24:22,0,ESTRUCTURACION_SMURFING_DETECTADA,,,,
TX-0020924,CLI-03240,SISTEMA,DEPOSITO_EFECTIVO,339.27,2026-05-24 16:47:22,0,ESTRUCTURACION_SMURFING_DETECTADA,,,,
TX-0030211,CLI-04655,SISTEMA,DEPOSITO_EFECTIVO,768.71,2026-05-24 16:53:22,0,ESTRUCTURACION_SMURFING_DETECTADA,,,,
TX-0020788,CLI-03218,SISTEMA,DEPOSITO_EFECTIVO,806.43,2026-05-24 16:55:22,0,ESTRUCTURACION_SMURFING_DETECTADA,,,,
TX-0002542,CLI-00384,SISTEMA,DEPOSITO_EFECTIVO,472.05,2026-05-24 17:00:22,0,ESTRUCTURACION_SMURFING_DETECTADA,,,,
TX-0000409,CLI-00063,SISTEMA,DEPOSITO_EFECTIVO,877.14,2026-05-24 17:17:22,0,ESTRUCTURACION_SMURFING_DETECTADA,,,,
TX-0019492,CLI-03022,SISTEMA,DEPOSITO_EFECTIVO,3159.78,2026-05-24 17:17:22,0,ESTRUCTURACION_SMURFING_DETECTADA,,,,
TX-0026302,CLI-04051,SISTEMA,DEPOSITO_EFECTIVO,148.5,2026-05-24 17:19:22,0,ESTRUCTURACION_SMURFING_DETECTADA,,,,
TX-0011183,CLI-01723,SISTEMA,DEPOSITO_EFECTIVO,7268.29,2026-05-24 17:45:22,0,ESTRUCTURACION_SMURFING_DETECTADA,,,,
TX-0032435,CLI-04982,SISTEMA,DEPOSITO_EFECTIVO,388.85,2026-05-24 18:04:22,0,ESTRUCTURACION_SMURFING_DETECTADA,,,,
TX-0024557,CLI-03791,SISTEMA,DEPOSITO_EFECTIVO,398.11,2026-05-24 18:12:22,0,ESTRUCTURACION_SMURFING_DETECTADA,,,,
TX-0008027,CLI-01236,SISTEMA,DEPOSITO_EFECTIVO,1153.23,2026-05-24 18:26:22,0,ESTRUCTURACION_SMURFING_DETECTADA,,,,
TX-0015260,CLI-02364,SISTEMA,DEPOSITO_EFECTIVO,8460.77,2026-05-24 18:28:22,0,ESTRUCTURACION_SMURFING_DETECTADA,,,,
TX-0009300,CLI-01428,SISTEMA,DEPOSITO_EFECTIVO,106.59,2026-05-24 18:32:22,0,ESTRUCTURACION_SMURFING_DETECTADA,,,,
TX-0031897,CLI-04901,SISTEMA,DEPOSITO_EFECTIVO,125.16,2026-05-24 18:33:22,0,ESTRUCTURACION_SMURFING_DETECTADA,,,,
TX-0028878,CLI-04446,SISTEMA,DEPOSITO_EFECTIVO,1423.84,2026-05-24 18:38:22,0,ESTRUCTURACION_SMURFING_DETECTADA,,,,
TX-0004661,CLI-00719,SISTEMA,DEPOSITO_EFECTIVO,1002.59,2026-05-24 18:39:22,0,ESTRUCTURACION_SMURFING_DETECTADA,,,,
TX-0030186,CLI-04650,SISTEMA,DEPOSITO_EFECTIVO,149.88,2026-05-24 18:41:22,0,ESTRUCTURACION_SMURFING_DETECTADA,,,,
TX-0026980,CLI-04159,SISTEMA,DEPOSITO_EFECTIVO,1292.62,2026-05-24 18:46:22,0,ESTRUCTURACION_SMURFING_DETECTADA,,,,
TX-0013542,CLI-02099,SISTEMA,DEPOSITO_EFECTIVO,1342.03,2026-05-24 18:51:22,0,ESTRUCTURACION_SMURFING_DETECTADA,,,,
TX-0011584,CLI-01785,SISTEMA,DEPOSITO_EFECTIVO,87.18,2026-05-24 19:05:22,0,ESTRUCTURACION_SMURFING_DETECTADA,,,,
TX-0027665,CLI-04263,SISTEMA,DEPOSITO_EFECTIVO,1203.32,2026-05-24 19:23:22,0,ESTRUCTURACION_SMURFING_DETECTADA,,,,
TX-0015906,CLI-02463,SISTEMA,DEPOSITO_EFECTIVO,555.03,2026-05-24 19:53:22,0,ESTRUCTURACION_SMURFING_DETECTADA,,,,
TX-0025585,CLI-03947,SISTEMA,DEPOSITO_EFECTIVO,1854.69,2026-05-24 20:01:22,0,ESTRUCTURACION_SMURFING_DETECTADA,,,,
TX-0017517,CLI-02714,SISTEMA,DEPOSITO_EFECTIVO,95.38,2026-05-24 20:06:22,0,ESTRUCTURACION_SMURFING_DETECTADA,,,,
TX-0022366,CLI-03457,SISTEMA,DEPOSITO_EFECTIVO,735.8,2026-05-24 20:10:22,0,ESTRUCTURACION_SMURFING_DETECTADA,,,,
TX-0015904,CLI-02462,SISTEMA,DEPOSITO_EFECTIVO,1170.02,2026-05-24 20:16:22,0,ESTRUCTURACION_SMURFING_DETECTADA,,,,
TX-0032304,CLI-04962,SISTEMA,DEPOSITO_EFECTIVO,1821.28,2026-05-24 20:29:22,0,ESTRUCTURACION_SMURFING_DETECTADA,,,,
TX-0014781,CLI-02294,SISTEMA,DEPOSITO_EFECTIVO,4576.5,2026-05-24 20:33:22,0,ESTRUCTURACION_SMURFING_DETECTADA,,,,
TX-0022571,CLI-03489,SISTEMA,DEPOSITO_EFECTIVO,6818.37,2026-05-24 20:35:22,0,ESTRUCTURACION_SMURFING_DETECTADA,,,,
TX-0016693,CLI-02586,SISTEMA,DEPOSITO_EFECTIVO,8458.03,2026-05-24 20:57:22,0,ESTRUCTURACION_SMURFING_DETECTADA,,,,
TX-0021721,CLI-03357,SISTEMA,DEPOSITO_EFECTIVO,626.19,2026-05-24 21:00:22,0,ESTRUCTURACION_SMURFING_DETECTADA,,,,
TX-0021344,CLI-03298,SISTEMA,DEPOSITO_EFECTIVO,876.17,2026-05-24 21:36:22,0,ESTRUCTURACION_SMURFING_DETECTADA,,,,
TX-0025848,CLI-03987,SISTEMA,DEPOSITO_EFECTIVO,4983.17,2026-05-24 21:38:22,0,ESTRUCTURACION_SMURFING_DETECTADA,,,,
TX-0018981,CLI-02936,SISTEMA,DEPOSITO_EFECTIVO,739.45,2026-05-24 22:11:22,0,ESTRUCTURACION_SMURFING_DETECTADA,,,,
TX-0023063,CLI-03563,SISTEMA,DEPOSITO_EFECTIVO,8861.71,2026-05-24 22:37:22,0,ESTRUCTURACION_SMURFING_DETECTADA,,,,
TX-0017697,CLI-02741,SISTEMA,DEPOSITO_EFECTIVO,2756.07,2026-05-24 23:18:22,0,ESTRUCTURACION_SMURFING_DETECTADA,,,,
TX-0013369,CLI-02072,SISTEMA,DEPOSITO_EFECTIVO,5007.27,2026-05-24 23:19:22,0,ESTRUCTURACION_SMURFING_DETECTADA,,,,
TX-0028289,CLI-04353,SISTEMA,DEPOSITO_EFECTIVO,3816.85,2026-05-24 23:25:22,0,ESTRUCTURACION_SMURFING_DETECTADA,,,,
TX-0002352,CLI-00357,SISTEMA,DEPOSITO_EFECTIVO,804.59,2026-05-24 23:26:22,0,ESTRUCTURACION_SMURFING_DETECTADA,,,,
TX-0021708,CLI-03355,SISTEMA,DEPOSITO_EFECTIVO,825.33,2026-05-24 23:33:22,0,ESTRUCTURACION_SMURFING_DETECTADA,,,,
TX-0002250,CLI-00340,SISTEMA,DEPOSITO_EFECTIVO,3977.64,2026-05-24 23:49:22,0,ESTRUCTURACION_SMURFING_DETECTADA,,,,
TX-0009441,CLI-01451,SISTEMA,DEPOSITO_EFECTIVO,780.77,2026-05-24 23:52:22,0,ESTRUCTURACION_SMURFING_DETECTADA,,,,
TX-0026144,CLI-04030,SISTEMA,DEPOSITO_EFECTIVO,181.13,2026-05-25 00:00:22,0,ESTRUCTURACION_SMURFING_DETECTADA,,,,
TX-0009916,CLI-01523,SISTEMA,DEPOSITO_EFECTIVO,13809.93,2026-05-25 00:05:22,0,ESTRUCTURACION_SMURFING_DETECTADA,,,,
TX-0004568,CLI-00701,SISTEMA,DEPOSITO_EFECTIVO,3500.04,2026-05-25 00:06:22,0,ESTRUCTURACION_SMURFING_DETECTADA,,,,
TX-0020522,CLI-03180,SISTEMA,DEPOSITO_EFECTIVO,2549.21,2026-05-25 00:15:22,0,ESTRUCTURACION_SMURFING_DETECTADA,,,,
TX-0002443,CLI-00370,SISTEMA,DEPOSITO_EFECTIVO,427.93,2026-05-25 00:22:22,0,ESTRUCTURACION_SMURFING_DETECTADA,,,,
TX-0003145,CLI-00478,SISTEMA,DEPOSITO_EFECTIVO,11343.69,2026-05-25 00:29:22,0,ESTRUCTURACION_SMURFING_DETECTADA,,,,
TX-0031458,CLI-04838,SISTEMA,DEPOSITO_EFECTIVO,803.95,2026-05-25 00:38:22,0,ESTRUCTURACION_SMURFING_DETECTADA,,,,
TX-0020053,CLI-03108,SISTEMA,DEPOSITO_EFECTIVO,348.88,2026-05-25 00:49:22,0,ESTRUCTURACION_SMURFING_DETECTADA,,,,
TX-0006670,CLI-01028,SISTEMA,DEPOSITO_EFECTIVO,13989.09,2026-05-25 00:51:22,0,ESTRUCTURACION_SMURFING_DETECTADA,,,,
TX-0004132,CLI-00633,SISTEMA,DEPOSITO_EFECTIVO,7091.11,2026-05-25 00:52:22,0,ESTRUCTURACION_SMURFING_DETECTADA,,,,
TX-0008194,CLI-01262,SISTEMA,DEPOSITO_EFECTIVO,233.54,2026-05-25 00:54:22,0,ESTRUCTURACION_SMURFING_DETECTADA,,,,
TX-0017122,CLI-02653,SISTEMA,DEPOSITO_EFECTIVO,66.02,2026-05-25 00:55:22,0,ESTRUCTURACION_SMURFING_DETECTADA,,,,
TX-0008223,CLI-01265,SISTEMA,DEPOSITO_EFECTIVO,494.97,2026-05-25 01:05:22,0,ESTRUCTURACION_SMURFING_DETECTADA,,,,
TX-0021412,CLI-03310,SISTEMA,DEPOSITO_EFECTIVO,597.46,2026-05-25 01:17:22,0,ESTRUCTURACION_SMURFING_DETECTADA,,,,
TX-0032437,CLI-04982,SISTEMA,DEPOSITO_EFECTIVO,5130.63,2026-05-25 01:28:22,0,ESTRUCTURACION_SMURFING_DETECTADA,,,,
TX-0005301,CLI-00817,SISTEMA,DEPOSITO_EFECTIVO,4060.38,2026-05-25 01:33:22,0,ESTRUCTURACION_SMURFING_DETECTADA,,,,
TX-0011692,CLI-01804,SISTEMA,DEPOSITO_EFECTIVO,1509.98,2026-05-25 01:41:22,0,ESTRUCTURACION_SMURFING_DETECTADA,,,,
TX-0000159,CLI-00024,SISTEMA,DEPOSITO_EFECTIVO,2396.86,2026-05-25 02:08:22,0,ESTRUCTURACION_SMURFING_DETECTADA,,,,
TX-0019975,CLI-03098,SISTEMA,DEPOSITO_EFECTIVO,307.99,2026-05-25 02:20:22,0,ESTRUCTURACION_SMURFING_DETECTADA,,,,
TX-0006828,CLI-01053,SISTEMA,DEPOSITO_EFECTIVO,3772.84,2026-05-25 02:23:22,0,ESTRUCTURACION_SMURFING_DETECTADA,,,,
TX-0016378,CLI-02537,SISTEMA,DEPOSITO_EFECTIVO,2963.17,2026-05-25 02:23:22,0,ESTRUCTURACION_SMURFING_DETECTADA,,,,
TX-0026269,CLI-04047,SISTEMA,DEPOSITO_EFECTIVO,701.84,2026-05-25 02:36:22,0,ESTRUCTURACION_SMURFING_DETECTADA,,,,
TX-0003259,CLI-00493,SISTEMA,DEPOSITO_EFECTIVO,8132.15,2026-05-25 02:56:22,0,ESTRUCTURACION_SMURFING_DETECTADA,,,,
TX-0007479,CLI-01154,SISTEMA,DEPOSITO_EFECTIVO,1088.35,2026-05-25 03:05:22,0,ESTRUCTURACION_SMURFING_DETECTADA,,,,
TX-0008508,CLI-01306,SISTEMA,DEPOSITO_EFECTIVO,8441.86,2026-05-25 03:07:22,0,ESTRUCTURACION_SMURFING_DETECTADA,,,,
TX-0008034,CLI-01238,SISTEMA,DEPOSITO_EFECTIVO,954.84,2026-05-25 03:09:22,0,ESTRUCTURACION_SMURFING_DETECTADA,,,,
TX-0003009,CLI-00458,SISTEMA,DEPOSITO_EFECTIVO,265.06,2026-05-25 03:20:22,0,ESTRUCTURACION_SMURFING_DETECTADA,,,,
TX-0018097,CLI-02800,SISTEMA,DEPOSITO_EFECTIVO,646.29,2026-05-25 03:33:22,0,ESTRUCTURACION_SMURFING_DETECTADA,,,,
TX-0029249,CLI-04503,SISTEMA,DEPOSITO_EFECTIVO,6816.41,2026-05-25 04:32:22,0,ESTRUCTURACION_SMURFING_DETECTADA,,,,
TX-0009661,CLI-01484,SISTEMA,DEPOSITO_EFECTIVO,2290.56,2026-05-25 04:34:22,0,ESTRUCTURACION_SMURFING_DETECTADA,,,,
TX-0025606,CLI-03951,SISTEMA,DEPOSITO_EFECTIVO,14060.06,2026-05-25 04:44:22,0,ESTRUCTURACION_SMURFING_DETECTADA,,,,
TX-0009603,CLI-01476,SISTEMA,DEPOSITO_EFECTIVO,10564.23,2026-05-25 04:49:22,0,ESTRUCTURACION_SMURFING_DETECTADA,,,,
TX-0031232,CLI-04805,SISTEMA,DEPOSITO_EFECTIVO,756.06,2026-05-25 04:54:22,0,ESTRUCTURACION_SMURFING_DETECTADA,,,,
TX-0022435,CLI-03466,SISTEMA,DEPOSITO_EFECTIVO,4384.97,2026-05-25 05:09:22,0,ESTRUCTURACION_SMURFING_DETECTADA,,,,
TX-0019872,CLI-03081,SISTEMA,DEPOSITO_EFECTIVO,564.15,2026-05-25 05:11:22,0,ESTRUCTURACION_SMURFING_DETECTADA,,,,
TX-0021069,CLI-03260,SISTEMA,DEPOSITO_EFECTIVO,2114.5,2026-05-25 05:20:22,0,ESTRUCTURACION_SMURFING_DETECTADA,,,,
TX-0005754,CLI-00883,SISTEMA,DEPOSITO_EFECTIVO,12271.84,2026-05-25 05:39:22,0,ESTRUCTURACION_SMURFING_DETECTADA,,,,
TX-0015364,CLI-02382,SISTEMA,DEPOSITO_EFECTIVO,446.2,2026-05-25 05:41:22,0,ESTRUCTURACION_SMURFING_DETECTADA,,,,
TX-0027327,CLI-04214,SISTEMA,DEPOSITO_EFECTIVO,4499.92,2026-05-25 06:10:22,0,ESTRUCTURACION_SMURFING_DETECTADA,,,,
TX-0012776,CLI-01973,SISTEMA,DEPOSITO_EFECTIVO,158.4,2026-05-25 06:14:22,0,ESTRUCTURACION_SMURFING_DETECTADA,,,,
TX-0009932,CLI-01526,SISTEMA,DEPOSITO_EFECTIVO,13079.8,2026-05-25 06:17:22,0,ESTRUCTURACION_SMURFING_DETECTADA,,,,
TX-0013602,CLI-02109,SISTEMA,DEPOSITO_EFECTIVO,464.99,2026-05-25 06:22:22,0,ESTRUCTURACION_SMURFING_DETECTADA,,,,
TX-0013630,CLI-02114,SISTEMA,DEPOSITO_EFECTIVO,1838.05,2026-05-25 06:27:22,0,ESTRUCTURACION_SMURFING_DETECTADA,,,,
TX-0023219,CLI-03587,SISTEMA,DEPOSITO_EFECTIVO,505.8,2026-05-25 06:39:22,0,ESTRUCTURACION_SMURFING_DETECTADA,,,,
TX-0008732,CLI-01339,SISTEMA,DEPOSITO_EFECTIVO,355.67,2026-05-25 06:47:22,0,ESTRUCTURACION_SMURFING_DETECTADA,,,,
TX-0002914,CLI-00443,SISTEMA,DEPOSITO_EFECTIVO,5924.34,2026-05-25 06:48:22,0,ESTRUCTURACION_SMURFING_DETECTADA,,,,
TX-0031900,CLI-04901,SISTEMA,DEPOSITO_EFECTIVO,611.66,2026-05-25 06:53:22,0,ESTRUCTURACION_SMURFING_DETECTADA,,,,
TX-0013717,CLI-02127,SISTEMA,DEPOSITO_EFECTIVO,1516.63,2026-05-25 06:54:22,0,ESTRUCTURACION_SMURFING_DETECTADA,,,,
TX-0011193,CLI-01724,SISTEMA,DEPOSITO_EFECTIVO,14382.4,2026-05-25 06:56:22,0,ESTRUCTURACION_SMURFING_DETECTADA,,,,
TX-0002573,CLI-00389,SISTEMA,DEPOSITO_EFECTIVO,819.15,2026-05-25 07:00:22,0,ESTRUCTURACION_SMURFING_DETECTADA,,,,
TX-0019712,CLI-03053,SISTEMA,DEPOSITO_EFECTIVO,2418.83,2026-05-25 07:16:22,0,ESTRUCTURACION_SMURFING_DETECTADA,,,,
TX-0019016,CLI-02942,SISTEMA,DEPOSITO_EFECTIVO,5859.75,2026-05-25 07:24:22,0,ESTRUCTURACION_SMURFING_DETECTADA,,,,
TX-0011251,CLI-01733,SISTEMA,DEPOSITO_EFECTIVO,196.29,2026-05-25 07:26:22,0,ESTRUCTURACION_SMURFING_DETECTADA,,,,
TX-0017251,CLI-02675,SISTEMA,DEPOSITO_EFECTIVO,2316.65,2026-05-25 07:27:22,0,ESTRUCTURACION_SMURFING_DETECTADA,,,,
TX-0007692,CLI-01181,SISTEMA,DEPOSITO_EFECTIVO,3555.21,2026-05-25 07:34:22,0,ESTRUCTURACION_SMURFING_DETECTADA,,,,
TX-0029397,CLI-04525,SISTEMA,DEPOSITO_EFECTIVO,144.99,2026-05-25 07:35:22,0,ESTRUCTURACION_SMURFING_DETECTADA,,,,
TX-0007728,CLI-01187,SISTEMA,DEPOSITO_EFECTIVO,552.91,2026-05-25 07:44:22,0,ESTRUCTURACION_SMURFING_DETECTADA,,,,
TX-0029404,CLI-04527,SISTEMA,DEPOSITO_EFECTIVO,910.79,2026-05-25 07:52:22,0,ESTRUCTURACION_SMURFING_DETECTADA,,,,
TX-0008940,CLI-01373,SISTEMA,DEPOSITO_EFECTIVO,716.63,2026-05-25 08:01:22,0,ESTRUCTURACION_SMURFING_DETECTADA,,,,
TX-0026289,CLI-04049,SISTEMA,DEPOSITO_EFECTIVO,925.74,2026-05-25 08:04:22,0,ESTRUCTURACION_SMURFING_DETECTADA,,,,
TX-0000198,CLI-00030,SISTEMA,DEPOSITO_EFECTIVO,1811.68,2026-05-25 08:09:22,0,ESTRUCTURACION_SMURFING_DETECTADA,,,,
TX-0016397,CLI-02541,SISTEMA,DEPOSITO_EFECTIVO,2528.13,2026-05-25 08:19:22,0,ESTRUCTURACION_SMURFING_DETECTADA,,,,
TX-0014586,CLI-02261,SISTEMA,DEPOSITO_EFECTIVO,208.73,2026-05-25 08:20:22,0,ESTRUCTURACION_SMURFING_DETECTADA,,,,
TX-0016477,CLI-02553,SISTEMA,DEPOSITO_EFECTIVO,320.01,2026-05-25 08:28:22,0,ESTRUCTURACION_SMURFING_DETECTADA,,,,
TX-0006552,CLI-01009,SISTEMA,DEPOSITO_EFECTIVO,2430.66,2026-05-25 08:31:22,0,ESTRUCTURACION_SMURFING_DETECTADA,,,,
TX-0004836,CLI-00748,SISTEMA,DEPOSITO_EFECTIVO,263.63,2026-05-25 08:34:22,0,ESTRUCTURACION_SMURFING_DETECTADA,,,,
TX-0014309,CLI-02218,SISTEMA,DEPOSITO_EFECTIVO,2441.84,2026-05-25 08:38:22,0,ESTRUCTURACION_SMURFING_DETECTADA,,,,
TX-0009194,CLI-01413,SISTEMA,DEPOSITO_EFECTIVO,936.76,2026-05-25 08:38:22,0,ESTRUCTURACION_SMURFING_DETECTADA,,,,
TX-0023176,CLI-03581,SISTEMA,DEPOSITO_EFECTIVO,1150.41,2026-05-25 09:00:22,0,ESTRUCTURACION_SMURFING_DETECTADA,,,,
TX-0016836,CLI-02608,SISTEMA,DEPOSITO_EFECTIVO,879.15,2026-05-25 09:16:22,0,ESTRUCTURACION_SMURFING_DETECTADA,,,,
TX-0008491,CLI-01303,SISTEMA,DEPOSITO_EFECTIVO,3614.3,2026-05-25 09:16:22,0,ESTRUCTURACION_SMURFING_DETECTADA,,,,
TX-0032212,CLI-04950,SISTEMA,DEPOSITO_EFECTIVO,1827.79,2026-05-25 09:25:22,0,ESTRUCTURACION_SMURFING_DETECTADA,,,,
TX-0031975,CLI-04914,SISTEMA,DEPOSITO_EFECTIVO,895.86,2026-05-25 09:37:22,0,ESTRUCTURACION_SMURFING_DETECTADA,,,,
TX-0013557,CLI-02102,SISTEMA,DEPOSITO_EFECTIVO,905.32,2026-05-25 09:46:22,0,ESTRUCTURACION_SMURFING_DETECTADA,,,,
TX-0001185,CLI-00179,SISTEMA,DEPOSITO_EFECTIVO,834.7,2026-05-25 09:50:22,0,ESTRUCTURACION_SMURFING_DETECTADA,,,,
TX-0021768,CLI-03365,SISTEMA,DEPOSITO_EFECTIVO,4165.45,2026-05-25 10:02:22,0,ESTRUCTURACION_SMURFING_DETECTADA,,,,
TX-0008136,CLI-01252,SISTEMA,DEPOSITO_EFECTIVO,882.57,2026-05-25 10:03:22,0,ESTRUCTURACION_SMURFING_DETECTADA,,,,
TX-0031786,CLI-04886,SISTEMA,DEPOSITO_EFECTIVO,1340.49,2026-05-25 10:06:22,0,ESTRUCTURACION_SMURFING_DETECTADA,,,,
TX-0025239,CLI-03896,SISTEMA,DEPOSITO_EFECTIVO,348.64,2026-05-25 10:14:22,0,ESTRUCTURACION_SMURFING_DETECTADA,,,,
TX-0018867,CLI-02917,SISTEMA,DEPOSITO_EFECTIVO,3893.5,2026-05-25 10:18:22,0,ESTRUCTURACION_SMURFING_DETECTADA,,,,
TX-0030837,CLI-04746,SISTEMA,DEPOSITO_EFECTIVO,7337.39,2026-05-25 10:19:22,0,ESTRUCTURACION_SMURFING_DETECTADA,,,,
TX-0013746,CLI-02131,SISTEMA,DEPOSITO_EFECTIVO,874.54,2026-05-25 10:22:22,0,ESTRUCTURACION_SMURFING_DETECTADA,,,,
TX-0028139,CLI-04332,SISTEMA,DEPOSITO_EFECTIVO,102.91,2026-05-25 10:22:22,0,ESTRUCTURACION_SMURFING_DETECTADA,,,,
TX-0012577,CLI-01940,SISTEMA,DEPOSITO_EFECTIVO,46.95,2026-05-25 10:25:22,0,ESTRUCTURACION_SMURFING_DETECTADA,,,,
TX-0000918,CLI-00139,SISTEMA,DEPOSITO_EFECTIVO,600.86,2026-05-25 10:27:22,0,ESTRUCTURACION_SMURFING_DETECTADA,,,,
TX-0025633,CLI-03955,SISTEMA,DEPOSITO_EFECTIVO,193.37,2026-05-25 10:32:22,0,ESTRUCTURACION_SMURFING_DETECTADA,,,,
TX-0028339,CLI-04361,SISTEMA,DEPOSITO_EFECTIVO,852.95,2026-05-25 10:36:22,0,ESTRUCTURACION_SMURFING_DETECTADA,,,,
TX-0001051,CLI-00159,SISTEMA,DEPOSITO_EFECTIVO,360.0,2026-05-25 10:46:22,0,ESTRUCTURACION_SMURFING_DETECTADA,,,,
TX-0013081,CLI-02023,SISTEMA,DEPOSITO_EFECTIVO,109.96,2026-05-25 10:52:22,0,ESTRUCTURACION_SMURFING_DETECTADA,,,,
TX-0007449,CLI-01150,SISTEMA,DEPOSITO_EFECTIVO,804.16,2026-05-25 10:58:22,0,ESTRUCTURACION_SMURFING_DETECTADA,,,,
TX-0015849,CLI-02452,SISTEMA,DEPOSITO_EFECTIVO,3086.94,2026-05-25 11:02:22,0,ESTRUCTURACION_SMURFING_DETECTADA,,,,
TX-0026976,CLI-04158,SISTEMA,DEPOSITO_EFECTIVO,793.92,2026-05-25 11:14:22,0,ESTRUCTURACION_SMURFING_DETECTADA,,,,
TX-0007381,CLI-01139,SISTEMA,DEPOSITO_EFECTIVO,9424.89,2026-05-25 11:16:22,0,ESTRUCTURACION_SMURFING_DETECTADA,,,,
TX-0008655,CLI-01329,SISTEMA,DEPOSITO_EFECTIVO,799.48,2026-05-25 11:17:22,0,ESTRUCTURACION_SMURFING_DETECTADA,,,,
TX-0021662,CLI-03350,SISTEMA,DEPOSITO_EFECTIVO,1434.83,2026-05-25 11:18:22,0,ESTRUCTURACION_SMURFING_DETECTADA,,,,
TX-0017528,CLI-02716,SISTEMA,DEPOSITO_EFECTIVO,120.04,2026-05-25 11:23:22,0,ESTRUCTURACION_SMURFING_DETECTADA,,,,
TX-0031211,CLI-04803,SISTEMA,DEPOSITO_EFECTIVO,1840.83,2026-05-25 11:26:22,0,ESTRUCTURACION_SMURFING_DETECTADA,,,,
TX-0014954,CLI-02320,SISTEMA,DEPOSITO_EFECTIVO,6583.64,2026-05-25 11:30:22,0,ESTRUCTURACION_SMURFING_DETECTADA,,,,
TX-0005332,CLI-00821,SISTEMA,DEPOSITO_EFECTIVO,6086.63,2026-05-25 11:35:22,0,ESTRUCTURACION_SMURFING_DETECTADA,,,,
TX-0006201,CLI-00954,SISTEMA,DEPOSITO_EFECTIVO,1019.17,2026-05-25 11:55:22,0,ESTRUCTURACION_SMURFING_DETECTADA,,,,
TX-0021159,CLI-03274,SISTEMA,DEPOSITO_EFECTIVO,369.47,2026-05-25 12:01:22,0,ESTRUCTURACION_SMURFING_DETECTADA,,,,
TX-0007243,CLI-01119,SISTEMA,DEPOSITO_EFECTIVO,3056.59,2026-05-25 12:02:22,0,ESTRUCTURACION_SMURFING_DETECTADA,,,,
TX-0022049,CLI-03407,SISTEMA,DEPOSITO_EFECTIVO,339.29,2026-05-25 12:12:22,0,ESTRUCTURACION_SMURFING_DETECTADA,,,,
TX-0019329,CLI-02995,SISTEMA,DEPOSITO_EFECTIVO,1584.27,2026-05-25 12:13:22,0,ESTRUCTURACION_SMURFING_DETECTADA,,,,
TX-0022971,CLI-03549,SISTEMA,DEPOSITO_EFECTIVO,12128.9,2026-05-25 12:13:22,0,ESTRUCTURACION_SMURFING_DETECTADA,,,,
TX-0005525,CLI-00848,SISTEMA,DEPOSITO_EFECTIVO,1684.39,2026-05-25 12:44:22,0,ESTRUCTURACION_SMURFING_DETECTADA,,,,
TX-0018425,CLI-02853,SISTEMA,DEPOSITO_EFECTIVO,2526.16,2026-05-25 12:46:22,0,ESTRUCTURACION_SMURFING_DETECTADA,,,,
TX-0027901,CLI-04297,SISTEMA,DEPOSITO_EFECTIVO,1741.97,2026-05-25 12:46:22,0,ESTRUCTURACION_SMURFING_DETECTADA,,,,
TX-0015184,CLI-02351,SISTEMA,DEPOSITO_EFECTIVO,3540.12,2026-05-25 12:46:22,0,ESTRUCTURACION_SMURFING_DETECTADA,,,,
TX-0020117,CLI-03118,SISTEMA,DEPOSITO_EFECTIVO,2213.2,2026-05-25 12:49:22,0,ESTRUCTURACION_SMURFING_DETECTADA,,,,
TX-0002563,CLI-00387,SISTEMA,DEPOSITO_EFECTIVO,536.27,2026-05-25 12:58:22,0,ESTRUCTURACION_SMURFING_DETECTADA,,,,
TX-0010783,CLI-01663,SISTEMA,DEPOSITO_EFECTIVO,263.25,2026-05-25 13:10:22,0,ESTRUCTURACION_SMURFING_DETECTADA,,,,
TX-0010245,CLI-01575,SISTEMA,DEPOSITO_EFECTIVO,604.34,2026-05-25 13:10:22,0,ESTRUCTURACION_SMURFING_DETECTADA,,,,
TX-0025222,CLI-03894,SISTEMA,DEPOSITO_EFECTIVO,3588.68,2026-05-25 13:12:22,0,ESTRUCTURACION_SMURFING_DETECTADA,,,,
TX-0026040,CLI-04013,SISTEMA,DEPOSITO_EFECTIVO,8506.75,2026-05-25 13:20:22,0,ESTRUCTURACION_SMURFING_DETECTADA,,,,
TX-0005895,CLI-00906,SISTEMA,DEPOSITO_EFECTIVO,169.76,2026-05-25 13:26:22,0,ESTRUCTURACION_SMURFING_DETECTADA,,,,
TX-0011421,CLI-01760,SISTEMA,DEPOSITO_EFECTIVO,1936.51,2026-05-25 13:29:22,0,ESTRUCTURACION_SMURFING_DETECTADA,,,,
TX-0028961,CLI-04460,SISTEMA,DEPOSITO_EFECTIVO,447.82,2026-05-25 13:32:22,0,ESTRUCTURACION_SMURFING_DETECTADA,,,,
TX-0026046,CLI-04014,SISTEMA,DEPOSITO_EFECTIVO,2981.91,2026-05-25 13:32:22,0,ESTRUCTURACION_SMURFING_DETECTADA,,,,
TX-0023444,CLI-03623,SISTEMA,DEPOSITO_EFECTIVO,546.28,2026-05-25 13:40:22,0,ESTRUCTURACION_SMURFING_DETECTADA,,,,
TX-0005529,CLI-00849,SISTEMA,DEPOSITO_EFECTIVO,1557.0,2026-05-25 13:42:22,0,ESTRUCTURACION_SMURFING_DETECTADA,,,,
TX-0019030,CLI-02945,SISTEMA,DEPOSITO_EFECTIVO,1082.87,2026-05-25 13:49:22,0,ESTRUCTURACION_SMURFING_DETECTADA,,,,
TX-0011697,CLI-01805,SISTEMA,DEPOSITO_EFECTIVO,81.62,2026-05-25 13:50:22,0,ESTRUCTURACION_SMURFING_DETECTADA,,,,
TX-0015729,CLI-02433,SISTEMA,DEPOSITO_EFECTIVO,1943.69,2026-05-25 13:56:22,0,ESTRUCTURACION_SMURFING_DETECTADA,,,,
TX-0004090,CLI-00625,SISTEMA,DEPOSITO_EFECTIVO,11471.32,2026-05-25 14:12:22,0,ESTRUCTURACION_SMURFING_DETECTADA,,,,
TX-0013476,CLI-02088,SISTEMA,DEPOSITO_EFECTIVO,1762.13,2026-05-25 14:37:22,0,ESTRUCTURACION_SMURFING_DETECTADA,,,,
TX-0029083,CLI-04476,SISTEMA,DEPOSITO_EFECTIVO,877.77,2026-05-25 14:39:22,0,ESTRUCTURACION_SMURFING_DETECTADA,,,,
TX-0001734,CLI-00260,SISTEMA,DEPOSITO_EFECTIVO,363.25,2026-05-25 14:46:22,0,ESTRUCTURACION_SMURFING_DETECTADA,,,,
TX-0024272,CLI-03746,SISTEMA,DEPOSITO_EFECTIVO,2101.75,2026-05-25 14:59:22,0,ESTRUCTURACION_SMURFING_DETECTADA,,,,
TX-0023490,CLI-03629,SISTEMA,DEPOSITO_EFECTIVO,5046.13,2026-05-25 15:04:22,0,ESTRUCTURACION_SMURFING_DETECTADA,,,,
TX-0001203,CLI-00182,SISTEMA,DEPOSITO_EFECTIVO,5767.19,2026-05-25 15:10:22,0,ESTRUCTURACION_SMURFING_DETECTADA,,,,
TX-0018275,CLI-02829,SISTEMA,DEPOSITO_EFECTIVO,1414.73,2026-05-25 15:13:22,0,ESTRUCTURACION_SMURFING_DETECTADA,,,,
TX-0031934,CLI-04907,SISTEMA,DEPOSITO_EFECTIVO,10515.61,2026-05-25 15:24:22,0,ESTRUCTURACION_SMURFING_DETECTADA,,,,
TX-0002137,CLI-00320,SISTEMA,DEPOSITO_EFECTIVO,400.76,2026-05-25 15:29:22,0,ESTRUCTURACION_SMURFING_DETECTADA,,,,
TX-0024981,CLI-03855,SISTEMA,DEPOSITO_EFECTIVO,362.13,2026-05-25 15:42:22,0,ESTRUCTURACION_SMURFING_DETECTADA,,,,
TX-0015645,CLI-02421,SISTEMA,DEPOSITO_EFECTIVO,234.78,2026-05-25 15:49:22,0,ESTRUCTURACION_SMURFING_DETECTADA,,,,
TX-0009442,CLI-01451,SISTEMA,DEPOSITO_EFECTIVO,355.53,2026-05-25 15:53:22,0,ESTRUCTURACION_SMURFING_DETECTADA,,,,
TX-0009701,CLI-01489,SISTEMA,DEPOSITO_EFECTIVO,121.07,2026-05-25 16:08:22,0,ESTRUCTURACION_SMURFING_DETECTADA,,,,
TX-0005825,CLI-00894,SISTEMA,DEPOSITO_EFECTIVO,257.33,2026-05-25 16:11:22,0,ESTRUCTURACION_SMURFING_DETECTADA,,,,
TX-0014262,CLI-02208,SISTEMA,DEPOSITO_EFECTIVO,1661.9,2026-05-25 16:11:22,0,ESTRUCTURACION_SMURFING_DETECTADA,,,,
TX-0014612,CLI-02266,SISTEMA,DEPOSITO_EFECTIVO,7464.2,2026-05-25 16:16:22,0,ESTRUCTURACION_SMURFING_DETECTADA,,,,
TX-0015992,CLI-02474,SISTEMA,DEPOSITO_EFECTIVO,1813.14,2026-05-25 16:19:22,0,ESTRUCTURACION_SMURFING_DETECTADA,,,,
TX-0028102,CLI-04327,SISTEMA,DEPOSITO_EFECTIVO,1042.85,2026-05-25 16:26:22,0,ESTRUCTURACION_SMURFING_DETECTADA,,,,
TX-0030627,CLI-04715,SISTEMA,DEPOSITO_EFECTIVO,2756.69,2026-05-25 16:32:22,0,ESTRUCTURACION_SMURFING_DETECTADA,,,,
TX-0020526,CLI-03181,SISTEMA,DEPOSITO_EFECTIVO,547.07,2026-05-25 16:40:22,0,ESTRUCTURACION_SMURFING_DETECTADA,,,,
TX-0011595,CLI-01787,SISTEMA,DEPOSITO_EFECTIVO,12.95,2026-05-25 16:41:22,0,ESTRUCTURACION_SMURFING_DETECTADA,,,,
TX-0012585,CLI-01942,SISTEMA,DEPOSITO_EFECTIVO,9759.59,2026-05-25 16:53:22,0,ESTRUCTURACION_SMURFING_DETECTADA,,,,
TX-0002833,CLI-00430,SISTEMA,DEPOSITO_EFECTIVO,578.35,2026-05-25 16:55:22,0,ESTRUCTURACION_SMURFING_DETECTADA,,,,
TX-0032194,CLI-04947,SISTEMA,DEPOSITO_EFECTIVO,4435.29,2026-05-25 16:59:22,0,ESTRUCTURACION_SMURFING_DETECTADA,,,,
TX-0009263,CLI-01423,SISTEMA,DEPOSITO_EFECTIVO,4885.98,2026-05-25 17:11:22,0,ESTRUCTURACION_SMURFING_DETECTADA,,,,
TX-0007850,CLI-01207,SISTEMA,DEPOSITO_EFECTIVO,387.34,2026-05-25 17:16:22,0,ESTRUCTURACION_SMURFING_DETECTADA,,,,
TX-0014578,CLI-02260,SISTEMA,DEPOSITO_EFECTIVO,216.05,2026-05-25 17:19:22,0,ESTRUCTURACION_SMURFING_DETECTADA,,,,
TX-0001458,CLI-00219,SISTEMA,DEPOSITO_EFECTIVO,720.54,2026-05-25 17:22:22,0,ESTRUCTURACION_SMURFING_DETECTADA,,,,
TX-0014684,CLI-02276,SISTEMA,DEPOSITO_EFECTIVO,6113.83,2026-05-25 17:26:22,0,ESTRUCTURACION_SMURFING_DETECTADA,,,,
TX-0024473,CLI-03777,SISTEMA,DEPOSITO_EFECTIVO,1478.21,2026-05-25 17:29:22,0,ESTRUCTURACION_SMURFING_DETECTADA,,,,
TX-0005436,CLI-00835,SISTEMA,DEPOSITO_EFECTIVO,496.27,2026-05-25 17:31:22,0,ESTRUCTURACION_SMURFING_DETECTADA,,,,
TX-0020623,CLI-03194,SISTEMA,DEPOSITO_EFECTIVO,223.61,2026-05-25 17:38:22,0,ESTRUCTURACION_SMURFING_DETECTADA,,,,
TX-0007375,CLI-01139,SISTEMA,DEPOSITO_EFECTIVO,8257.23,2026-05-25 17:39:22,0,ESTRUCTURACION_SMURFING_DETECTADA,,,,
TX-0023383,CLI-03612,SISTEMA,DEPOSITO_EFECTIVO,2393.84,2026-05-25 17:47:22,0,ESTRUCTURACION_SMURFING_DETECTADA,,,,
TX-0008769,CLI-01344,SISTEMA,DEPOSITO_EFECTIVO,1869.2,2026-05-25 17:53:22,0,ESTRUCTURACION_SMURFING_DETECTADA,,,,
TX-0005291,CLI-00816,SISTEMA,DEPOSITO_EFECTIVO,242.71,2026-05-25 17:56:22,0,ESTRUCTURACION_SMURFING_DETECTADA,,,,
TX-0009637,CLI-01481,SISTEMA,DEPOSITO_EFECTIVO,4028.2,2026-05-25 18:00:22,0,ESTRUCTURACION_SMURFING_DETECTADA,,,,
TX-0024915,CLI-03847,SISTEMA,DEPOSITO_EFECTIVO,2269.6,2026-05-25 18:11:22,0,ESTRUCTURACION_SMURFING_DETECTADA,,,,
TX-0021052,CLI-03258,SISTEMA,DEPOSITO_EFECTIVO,689.72,2026-05-25 18:14:22,0,ESTRUCTURACION_SMURFING_DETECTADA,,,,
TX-0018234,CLI-02822,SISTEMA,DEPOSITO_EFECTIVO,1001.03,2026-05-25 18:16:22,0,ESTRUCTURACION_SMURFING_DETECTADA,,,,
TX-0021553,CLI-03333,SISTEMA,DEPOSITO_EFECTIVO,706.12,2026-05-25 18:17:22,0,ESTRUCTURACION_SMURFING_DETECTADA,,,,
TX-0018985,CLI-02937,SISTEMA,DEPOSITO_EFECTIVO,552.78,2026-05-25 18:18:22,0,ESTRUCTURACION_SMURFING_DETECTADA,,,,
TX-0007539,CLI-01161,SISTEMA,DEPOSITO_EFECTIVO,1363.15,2026-05-25 18:24:22,0,ESTRUCTURACION_SMURFING_DETECTADA,,,,
TX-0004669,CLI-00720,SISTEMA,DEPOSITO_EFECTIVO,558.15,2026-05-25 18:42:22,0,ESTRUCTURACION_SMURFING_DETECTADA,,,,
TX-0015691,CLI-02428,SISTEMA,DEPOSITO_EFECTIVO,10565.4,2026-05-25 18:56:22,0,ESTRUCTURACION_SMURFING_DETECTADA,,,,
TX-0024898,CLI-03844,SISTEMA,DEPOSITO_EFECTIVO,557.91,2026-05-25 18:59:22,0,ESTRUCTURACION_SMURFING_DETECTADA,,,,
TX-0029581,CLI-04554,SISTEMA,DEPOSITO_EFECTIVO,7149.07,2026-05-25 19:01:22,0,ESTRUCTURACION_SMURFING_DETECTADA,,,,
TX-0017007,CLI-02635,SISTEMA,DEPOSITO_EFECTIVO,3996.34,2026-05-25 19:03:22,0,ESTRUCTURACION_SMURFING_DETECTADA,,,,
TX-0002206,CLI-00331,SISTEMA,DEPOSITO_EFECTIVO,100.77,2026-05-25 19:20:22,0,ESTRUCTURACION_SMURFING_DETECTADA,,,,
TX-0017118,CLI-02652,SISTEMA,DEPOSITO_EFECTIVO,6011.13,2026-05-25 19:27:22,0,ESTRUCTURACION_SMURFING_DETECTADA,,,,
TX-0018591,CLI-02875,SISTEMA,DEPOSITO_EFECTIVO,3476.56,2026-05-25 19:29:22,0,ESTRUCTURACION_SMURFING_DETECTADA,,,,
TX-0015168,CLI-02348,SISTEMA,DEPOSITO_EFECTIVO,355.28,2026-05-25 19:34:22,0,ESTRUCTURACION_SMURFING_DETECTADA,,,,
TX-0013291,CLI-02057,SISTEMA,DEPOSITO_EFECTIVO,9968.5,2026-05-25 19:37:22,0,ESTRUCTURACION_SMURFING_DETECTADA,,,,
TX-0013056,CLI-02020,SISTEMA,DEPOSITO_EFECTIVO,4807.39,2026-05-25 19:37:22,0,ESTRUCTURACION_SMURFING_DETECTADA,,,,
TX-0004746,CLI-00732,SISTEMA,DEPOSITO_EFECTIVO,4795.88,2026-05-25 19:48:22,0,ESTRUCTURACION_SMURFING_DETECTADA,,,,
TX-0032148,CLI-04939,SISTEMA,DEPOSITO_EFECTIVO,7416.03,2026-05-25 19:55:22,0,ESTRUCTURACION_SMURFING_DETECTADA,,,,
TX-0011927,CLI-01839,SISTEMA,DEPOSITO_EFECTIVO,2931.07,2026-05-25 19:58:22,0,ESTRUCTURACION_SMURFING_DETECTADA,,,,
TX-0002714,CLI-00411,SISTEMA,DEPOSITO_EFECTIVO,329.08,2026-05-25 20:04:22,0,ESTRUCTURACION_SMURFING_DETECTADA,,,,
TX-0029901,CLI-04606,SISTEMA,DEPOSITO_EFECTIVO,5536.29,2026-05-25 20:45:22,0,ESTRUCTURACION_SMURFING_DETECTADA,,,,
TX-0022728,CLI-03514,SISTEMA,DEPOSITO_EFECTIVO,1022.88,2026-05-25 20:56:22,0,ESTRUCTURACION_SMURFING_DETECTADA,,,,
TX-0008816,CLI-01352,SISTEMA,DEPOSITO_EFECTIVO,3743.08,2026-05-25 21:09:22,0,ESTRUCTURACION_SMURFING_DETECTADA,,,,
TX-0025195,CLI-03889,SISTEMA,DEPOSITO_EFECTIVO,11610.71,2026-05-25 21:15:22,0,ESTRUCTURACION_SMURFING_DETECTADA,,,,
TX-0006861,CLI-01057,SISTEMA,DEPOSITO_EFECTIVO,202.95,2026-05-25 21:40:22,0,ESTRUCTURACION_SMURFING_DETECTADA,,,,
TX-0007873,CLI-01211,SISTEMA,DEPOSITO_EFECTIVO,2659.89,2026-05-25 21:43:22,0,ESTRUCTURACION_SMURFING_DETECTADA,,,,
TX-0009798,CLI-01504,SISTEMA,DEPOSITO_EFECTIVO,3685.0,2026-05-25 21:44:22,0,ESTRUCTURACION_SMURFING_DETECTADA,,,,
TX-0011270,CLI-01735,SISTEMA,DEPOSITO_EFECTIVO,75.68,2026-05-25 21:51:22,0,ESTRUCTURACION_SMURFING_DETECTADA,,,,
TX-0022911,CLI-03540,SISTEMA,DEPOSITO_EFECTIVO,7391.7,2026-05-25 22:22:22,0,ESTRUCTURACION_SMURFING_DETECTADA,,,,
TX-0017739,CLI-02745,SISTEMA,DEPOSITO_EFECTIVO,4625.96,2026-05-25 22:29:22,0,ESTRUCTURACION_SMURFING_DETECTADA,,,,
TX-0023725,CLI-03668,SISTEMA,DEPOSITO_EFECTIVO,1789.89,2026-05-25 22:32:22,0,ESTRUCTURACION_SMURFING_DETECTADA,,,,
TX-0022345,CLI-03454,SISTEMA,DEPOSITO_EFECTIVO,8217.03,2026-05-25 22:37:22,0,ESTRUCTURACION_SMURFING_DETECTADA,,,,
TX-0006556,CLI-01010,SISTEMA,DEPOSITO_EFECTIVO,3815.79,2026-05-25 22:44:22,0,ESTRUCTURACION_SMURFING_DETECTADA,,,,
TX-0006982,CLI-01078,SISTEMA,DEPOSITO_EFECTIVO,182.09,2026-05-25 22:46:22,0,ESTRUCTURACION_SMURFING_DETECTADA,,,,
TX-0026512,CLI-04082,SISTEMA,DEPOSITO_EFECTIVO,3919.33,2026-05-25 22:52:22,0,ESTRUCTURACION_SMURFING_DETECTADA,,,,
TX-0030458,CLI-04689,SISTEMA,DEPOSITO_EFECTIVO,1153.22,2026-05-25 22:53:22,0,ESTRUCTURACION_SMURFING_DETECTADA,,,,
TX-0007098,CLI-01096,SISTEMA,DEPOSITO_EFECTIVO,10585.78,2026-05-25 23:03:22,0,ESTRUCTURACION_SMURFING_DETECTADA,,,,
TX-0009280,CLI-01426,SISTEMA,DEPOSITO_EFECTIVO,2302.7,2026-05-25 23:04:22,0,ESTRUCTURACION_SMURFING_DETECTADA,,,,
TX-0014483,CLI-02245,SISTEMA,DEPOSITO_EFECTIVO,1046.88,2026-05-25 23:05:22,0,ESTRUCTURACION_SMURFING_DETECTADA,,,,
TX-0009728,CLI-01492,SISTEMA,DEPOSITO_EFECTIVO,2429.35,2026-05-25 23:08:22,0,ESTRUCTURACION_SMURFING_DETECTADA,,,,
TX-0029989,CLI-04619,SISTEMA,DEPOSITO_EFECTIVO,3664.86,2026-05-25 23:23:22,0,ESTRUCTURACION_SMURFING_DETECTADA,,,,
TX-0013452,CLI-02084,SISTEMA,DEPOSITO_EFECTIVO,2590.48,2026-05-25 23:27:22,0,ESTRUCTURACION_SMURFING_DETECTADA,,,,
TX-0000023,CLI-00004,SISTEMA,DEPOSITO_EFECTIVO,836.08,2026-05-25 23:35:22,0,ESTRUCTURACION_SMURFING_DETECTADA,,,,
TX-0009498,CLI-01460,SISTEMA,DEPOSITO_EFECTIVO,11111.74,2026-05-25 23:39:22,0,ESTRUCTURACION_SMURFING_DETECTADA,,,,
TX-0031969,CLI-04912,SISTEMA,DEPOSITO_EFECTIVO,251.6,2026-05-25 23:41:22,0,ESTRUCTURACION_SMURFING_DETECTADA,,,,
TX-0013967,CLI-02163,SISTEMA,DEPOSITO_EFECTIVO,478.95,2026-05-25 23:41:22,0,ESTRUCTURACION_SMURFING_DETECTADA,,,,
TX-0010186,CLI-01565,SISTEMA,DEPOSITO_EFECTIVO,195.42,2026-05-25 23:55:22,0,ESTRUCTURACION_SMURFING_DETECTADA,,,,
TX-0028906,CLI-04451,SISTEMA,DEPOSITO_EFECTIVO,13784.1,2026-05-25 23:58:22,0,ESTRUCTURACION_SMURFING_DETECTADA,,,,
TX-0011094,CLI-01710,SISTEMA,DEPOSITO_EFECTIVO,4745.58,2026-05-26 00:08:22,0,ESTRUCTURACION_SMURFING_DETECTADA,,,,
TX-0012472,CLI-01924,SISTEMA,DEPOSITO_EFECTIVO,267.39,2026-05-26 00:31:22,0,ESTRUCTURACION_SMURFING_DETECTADA,,,,
TX-0008021,CLI-01235,SISTEMA,DEPOSITO_EFECTIVO,7137.36,2026-05-26 00:33:22,0,ESTRUCTURACION_SMURFING_DETECTADA,,,,
TX-0008311,CLI-01279,SISTEMA,DEPOSITO_EFECTIVO,2441.24,2026-05-26 00:44:22,0,ESTRUCTURACION_SMURFING_DETECTADA,,,,
TX-0008115,CLI-01250,SISTEMA,DEPOSITO_EFECTIVO,1915.02,2026-05-26 00:47:22,0,ESTRUCTURACION_SMURFING_DETECTADA,,,,
TX-0026914,CLI-04148,SISTEMA,DEPOSITO_EFECTIVO,11264.74,2026-05-26 00:57:22,0,ESTRUCTURACION_SMURFING_DETECTADA,,,,
TX-0030955,CLI-04763,SISTEMA,DEPOSITO_EFECTIVO,545.58,2026-05-26 01:50:22,0,ESTRUCTURACION_SMURFING_DETECTADA,,,,
TX-0007430,CLI-01147,SISTEMA,DEPOSITO_EFECTIVO,3499.31,2026-05-26 01:58:22,0,ESTRUCTURACION_SMURFING_DETECTADA,,,,
TX-0015440,CLI-02390,SISTEMA,DEPOSITO_EFECTIVO,3490.36,2026-05-26 02:04:22,0,ESTRUCTURACION_SMURFING_DETECTADA,,,,
TX-0012622,CLI-01948,SISTEMA,DEPOSITO_EFECTIVO,439.62,2026-05-26 02:09:22,0,ESTRUCTURACION_SMURFING_DETECTADA,,,,
TX-0015446,CLI-02392,SISTEMA,DEPOSITO_EFECTIVO,3766.2,2026-05-26 02:12:22,0,ESTRUCTURACION_SMURFING_DETECTADA,,,,
TX-0018602,CLI-02876,SISTEMA,DEPOSITO_EFECTIVO,110.46,2026-05-26 02:15:22,0,ESTRUCTURACION_SMURFING_DETECTADA,,,,
TX-0019088,CLI-02954,SISTEMA,DEPOSITO_EFECTIVO,3085.43,2026-05-26 02:21:22,0,ESTRUCTURACION_SMURFING_DETECTADA,,,,
TX-0003080,CLI-00468,SISTEMA,DEPOSITO_EFECTIVO,243.42,2026-05-26 02:34:22,0,ESTRUCTURACION_SMURFING_DETECTADA,,,,
TX-0015229,CLI-02358,SISTEMA,DEPOSITO_EFECTIVO,2796.42,2026-05-26 02:36:22,0,ESTRUCTURACION_SMURFING_DETECTADA,,,,
TX-0003999,CLI-00610,SISTEMA,DEPOSITO_EFECTIVO,503.07,2026-05-26 02:58:22,0,ESTRUCTURACION_SMURFING_DETECTADA,,,,
TX-0007073,CLI-01093,SISTEMA,DEPOSITO_EFECTIVO,367.46,2026-05-26 02:59:22,0,ESTRUCTURACION_SMURFING_DETECTADA,,,,
TX-0003536,CLI-00536,SISTEMA,DEPOSITO_EFECTIVO,6783.94,2026-05-26 02:59:22,0,ESTRUCTURACION_SMURFING_DETECTADA,,,,
TX-0031842,CLI-04893,SISTEMA,DEPOSITO_EFECTIVO,2089.24,2026-05-26 03:04:22,0,ESTRUCTURACION_SMURFING_DETECTADA,,,,
TX-0016158,CLI-02501,SISTEMA,DEPOSITO_EFECTIVO,1292.41,2026-05-26 03:19:22,0,ESTRUCTURACION_SMURFING_DETECTADA,,,,
TX-0000211,CLI-00031,SISTEMA,DEPOSITO_EFECTIVO,399.51,2026-05-26 03:20:22,0,ESTRUCTURACION_SMURFING_DETECTADA,,,,
TX-0025595,CLI-03949,SISTEMA,DEPOSITO_EFECTIVO,5239.22,2026-05-26 03:25:22,0,ESTRUCTURACION_SMURFING_DETECTADA,,,,
TX-0027585,CLI-04251,SISTEMA,DEPOSITO_EFECTIVO,127.62,2026-05-26 03:49:22,0,ESTRUCTURACION_SMURFING_DETECTADA,,,,
TX-0023629,CLI-03652,SISTEMA,DEPOSITO_EFECTIVO,280.75,2026-05-26 03:49:22,0,ESTRUCTURACION_SMURFING_DETECTADA,,,,
TX-0015909,CLI-02464,SISTEMA,DEPOSITO_EFECTIVO,843.21,2026-05-26 03:56:22,0,ESTRUCTURACION_SMURFING_DETECTADA,,,,
TX-0006149,CLI-00946,SISTEMA,DEPOSITO_EFECTIVO,395.75,2026-05-26 03:57:22,0,ESTRUCTURACION_SMURFING_DETECTADA,,,,
TX-0002959,CLI-00450,SISTEMA,DEPOSITO_EFECTIVO,1565.29,2026-05-26 04:00:22,0,ESTRUCTURACION_SMURFING_DETECTADA,,,,
TX-0002567,CLI-00388,SISTEMA,DEPOSITO_EFECTIVO,7685.48,2026-05-26 04:25:22,0,ESTRUCTURACION_SMURFING_DETECTADA,,,,
TX-0000312,CLI-00047,SISTEMA,DEPOSITO_EFECTIVO,9501.24,2026-05-26 04:26:22,0,ESTRUCTURACION_SMURFING_DETECTADA,,,,
TX-0012920,CLI-01998,SISTEMA,DEPOSITO_EFECTIVO,9226.46,2026-05-26 04:31:22,0,ESTRUCTURACION_SMURFING_DETECTADA,,,,
TX-0001187,CLI-00179,SISTEMA,DEPOSITO_EFECTIVO,880.35,2026-05-26 04:42:22,0,ESTRUCTURACION_SMURFING_DETECTADA,,,,
TX-0029778,CLI-04586,SISTEMA,DEPOSITO_EFECTIVO,511.97,2026-05-26 05:04:22,0,ESTRUCTURACION_SMURFING_DETECTADA,,,,
TX-0029444,CLI-04533,SISTEMA,DEPOSITO_EFECTIVO,10474.01,2026-05-26 05:12:22,0,ESTRUCTURACION_SMURFING_DETECTADA,,,,
TX-0006764,CLI-01043,SISTEMA,DEPOSITO_EFECTIVO,560.17,2026-05-26 05:24:22,0,ESTRUCTURACION_SMURFING_DETECTADA,,,,
TX-0013021,CLI-02015,SISTEMA,DEPOSITO_EFECTIVO,469.95,2026-05-26 05:47:22,0,ESTRUCTURACION_SMURFING_DETECTADA,,,,
TX-0017435,CLI-02702,SISTEMA,DEPOSITO_EFECTIVO,6826.81,2026-05-26 05:47:22,0,ESTRUCTURACION_SMURFING_DETECTADA,,,,
TX-0003457,CLI-00524,SISTEMA,DEPOSITO_EFECTIVO,4003.17,2026-05-26 06:02:22,0,ESTRUCTURACION_SMURFING_DETECTADA,,,,
TX-0017690,CLI-02740,SISTEMA,DEPOSITO_EFECTIVO,7317.76,2026-05-26 06:11:22,0,ESTRUCTURACION_SMURFING_DETECTADA,,,,
TX-0000767,CLI-00118,SISTEMA,DEPOSITO_EFECTIVO,102.33,2026-05-26 06:23:22,0,ESTRUCTURACION_SMURFING_DETECTADA,,,,
TX-0031457,CLI-04838,SISTEMA,DEPOSITO_EFECTIVO,452.47,2026-05-26 06:26:22,0,ESTRUCTURACION_SMURFING_DETECTADA,,,,
TX-0000623,CLI-00095,SISTEMA,DEPOSITO_EFECTIVO,2567.79,2026-05-26 06:28:22,0,ESTRUCTURACION_SMURFING_DETECTADA,,,,
TX-0020587,CLI-03189,SISTEMA,DEPOSITO_EFECTIVO,1066.86,2026-05-26 06:34:22,0,ESTRUCTURACION_SMURFING_DETECTADA,,,,
TX-0004238,CLI-00648,SISTEMA,DEPOSITO_EFECTIVO,3445.21,2026-05-26 06:40:22,0,ESTRUCTURACION_SMURFING_DETECTADA,,,,
TX-0001827,CLI-00273,SISTEMA,DEPOSITO_EFECTIVO,6177.06,2026-05-26 06:56:22,0,ESTRUCTURACION_SMURFING_DETECTADA,,,,
TX-0005207,CLI-00802,SISTEMA,DEPOSITO_EFECTIVO,13922.13,2026-05-26 06:56:22,0,ESTRUCTURACION_SMURFING_DETECTADA,,,,
TX-0012766,CLI-01970,SISTEMA,DEPOSITO_EFECTIVO,3514.81,2026-05-26 06:57:22,0,ESTRUCTURACION_SMURFING_DETECTADA,,,,
TX-0021007,CLI-03250,SISTEMA,DEPOSITO_EFECTIVO,3370.71,2026-05-26 07:52:22,0,ESTRUCTURACION_SMURFING_DETECTADA,,,,
TX-0021207,CLI-03279,SISTEMA,DEPOSITO_EFECTIVO,3616.98,2026-05-26 08:13:22,0,ESTRUCTURACION_SMURFING_DETECTADA,,,,
TX-0010823,CLI-01668,SISTEMA,DEPOSITO_EFECTIVO,8142.3,2026-05-26 08:16:22,0,ESTRUCTURACION_SMURFING_DETECTADA,,,,
TX-0011705,CLI-01806,SISTEMA,DEPOSITO_EFECTIVO,104.08,2026-05-26 08:28:22,0,ESTRUCTURACION_SMURFING_DETECTADA,,,,
TX-0022727,CLI-03513,SISTEMA,DEPOSITO_EFECTIVO,1866.34,2026-05-26 08:33:22,0,ESTRUCTURACION_SMURFING_DETECTADA,,,,
TX-0029809,CLI-04592,SISTEMA,DEPOSITO_EFECTIVO,7995.09,2026-05-26 08:49:22,0,ESTRUCTURACION_SMURFING_DETECTADA,,,,
TX-0002719,CLI-00412,SISTEMA,DEPOSITO_EFECTIVO,1295.23,2026-05-26 08:58:22,0,ESTRUCTURACION_SMURFING_DETECTADA,,,,
TX-0007074,CLI-01093,SISTEMA,DEPOSITO_EFECTIVO,376.41,2026-05-26 09:01:22,0,ESTRUCTURACION_SMURFING_DETECTADA,,,,
TX-0001955,CLI-00294,SISTEMA,DEPOSITO_EFECTIVO,4645.82,2026-05-26 09:09:22,0,ESTRUCTURACION_SMURFING_DETECTADA,,,,
TX-0001958,CLI-00295,SISTEMA,DEPOSITO_EFECTIVO,1750.14,2026-05-26 09:19:22,0,ESTRUCTURACION_SMURFING_DETECTADA,,,,
TX-0010448,CLI-01604,SISTEMA,DEPOSITO_EFECTIVO,1107.25,2026-05-26 09:24:22,0,ESTRUCTURACION_SMURFING_DETECTADA,,,,
TX-0027530,CLI-04245,SISTEMA,DEPOSITO_EFECTIVO,976.19,2026-05-26 09:30:22,0,ESTRUCTURACION_SMURFING_DETECTADA,,,,
TX-0026827,CLI-04132,SISTEMA,DEPOSITO_EFECTIVO,1480.61,2026-05-26 09:36:22,0,ESTRUCTURACION_SMURFING_DETECTADA,,,,
TX-0026943,CLI-04152,SISTEMA,DEPOSITO_EFECTIVO,775.55,2026-05-26 09:37:22,0,ESTRUCTURACION_SMURFING_DETECTADA,,,,
TX-0025643,CLI-03956,SISTEMA,DEPOSITO_EFECTIVO,691.19,2026-05-26 09:38:22,0,ESTRUCTURACION_SMURFING_DETECTADA,,,,
TX-0002840,CLI-00431,SISTEMA,DEPOSITO_EFECTIVO,1291.77,2026-05-26 09:58:22,0,ESTRUCTURACION_SMURFING_DETECTADA,,,,
TX-0030630,CLI-04716,SISTEMA,DEPOSITO_EFECTIVO,12576.14,2026-05-26 10:09:22,0,ESTRUCTURACION_SMURFING_DETECTADA,,,,
TX-0000091,CLI-00014,SISTEMA,DEPOSITO_EFECTIVO,3006.13,2026-05-26 10:14:22,0,ESTRUCTURACION_SMURFING_DETECTADA,,,,
TX-0023348,CLI-03607,SISTEMA,DEPOSITO_EFECTIVO,6014.25,2026-05-26 10:19:22,0,ESTRUCTURACION_SMURFING_DETECTADA,,,,
TX-0011851,CLI-01826,SISTEMA,DEPOSITO_EFECTIVO,273.36,2026-05-26 10:37:22,0,ESTRUCTURACION_SMURFING_DETECTADA,,,,
TX-0005157,CLI-00795,SISTEMA,DEPOSITO_EFECTIVO,1559.41,2026-05-26 10:39:22,0,ESTRUCTURACION_SMURFING_DETECTADA,,,,
TX-0030694,CLI-04724,SISTEMA,DEPOSITO_EFECTIVO,426.0,2026-05-26 10:41:22,0,ESTRUCTURACION_SMURFING_DETECTADA,,,,
TX-0015876,CLI-02457,SISTEMA,DEPOSITO_EFECTIVO,3116.94,2026-05-26 10:54:22,0,ESTRUCTURACION_SMURFING_DETECTADA,,,,
TX-0026034,CLI-04012,SISTEMA,DEPOSITO_EFECTIVO,7311.65,2026-05-26 10:57:22,0,ESTRUCTURACION_SMURFING_DETECTADA,,,,
TX-0005683,CLI-00872,SISTEMA,DEPOSITO_EFECTIVO,1518.46,2026-05-26 11:00:22,0,ESTRUCTURACION_SMURFING_DETECTADA,,,,
TX-0005767,CLI-00884,SISTEMA,DEPOSITO_EFECTIVO,4938.3,2026-05-26 11:13:22,0,ESTRUCTURACION_SMURFING_DETECTADA,,,,
TX-0020492,CLI-03175,SISTEMA,DEPOSITO_EFECTIVO,745.69,2026-05-26 11:32:22,0,ESTRUCTURACION_SMURFING_DETECTADA,,,,
TX-0001168,CLI-00176,SISTEMA,DEPOSITO_EFECTIVO,134.55,2026-05-26 11:32:22,0,ESTRUCTURACION_SMURFING_DETECTADA,,,,
TX-0029578,CLI-04553,SISTEMA,DEPOSITO_EFECTIVO,465.79,2026-05-26 11:44:22,0,ESTRUCTURACION_SMURFING_DETECTADA,,,,
TX-0028444,CLI-04377,SISTEMA,DEPOSITO_EFECTIVO,4137.72,2026-05-26 11:52:22,0,ESTRUCTURACION_SMURFING_DETECTADA,,,,
TX-0020722,CLI-03207,SISTEMA,DEPOSITO_EFECTIVO,4866.53,2026-05-26 12:27:22,0,ESTRUCTURACION_SMURFING_DETECTADA,,,,
TX-0023862,CLI-03687,SISTEMA,DEPOSITO_EFECTIVO,12568.0,2026-05-26 12:27:22,0,ESTRUCTURACION_SMURFING_DETECTADA,,,,
TX-0011714,CLI-01808,SISTEMA,DEPOSITO_EFECTIVO,296.0,2026-05-26 12:42:22,0,ESTRUCTURACION_SMURFING_DETECTADA,,,,
TX-0017504,CLI-02712,SISTEMA,DEPOSITO_EFECTIVO,608.17,2026-05-26 12:48:22,0,ESTRUCTURACION_SMURFING_DETECTADA,,,,
TX-0006467,CLI-00997,SISTEMA,DEPOSITO_EFECTIVO,531.1,2026-05-26 13:04:22,0,ESTRUCTURACION_SMURFING_DETECTADA,,,,
TX-0019525,CLI-03027,SISTEMA,DEPOSITO_EFECTIVO,271.35,2026-05-26 13:07:22,0,ESTRUCTURACION_SMURFING_DETECTADA,,,,
TX-0022697,CLI-03508,SISTEMA,DEPOSITO_EFECTIVO,773.87,2026-05-26 13:18:22,0,ESTRUCTURACION_SMURFING_DETECTADA,,,,
TX-0022652,CLI-03501,SISTEMA,DEPOSITO_EFECTIVO,9497.01,2026-05-26 13:27:22,0,ESTRUCTURACION_SMURFING_DETECTADA,,,,
TX-0003262,CLI-00493,SISTEMA,DEPOSITO_EFECTIVO,2644.52,2026-05-26 13:33:22,0,ESTRUCTURACION_SMURFING_DETECTADA,,,,
TX-0012790,CLI-01975,SISTEMA,DEPOSITO_EFECTIVO,1042.86,2026-05-26 13:48:22,0,ESTRUCTURACION_SMURFING_DETECTADA,,,,
TX-0028804,CLI-04434,SISTEMA,DEPOSITO_EFECTIVO,1968.06,2026-05-26 13:54:22,0,ESTRUCTURACION_SMURFING_DETECTADA,,,,
TX-0030789,CLI-04737,SISTEMA,DEPOSITO_EFECTIVO,7465.89,2026-05-26 13:55:22,0,ESTRUCTURACION_SMURFING_DETECTADA,,,,
TX-0005613,CLI-00862,SISTEMA,DEPOSITO_EFECTIVO,1230.85,2026-05-26 13:58:22,0,ESTRUCTURACION_SMURFING_DETECTADA,,,,
TX-0007789,CLI-01197,SISTEMA,DEPOSITO_EFECTIVO,197.17,2026-05-26 14:14:22,0,ESTRUCTURACION_SMURFING_DETECTADA,,,,
TX-0030833,CLI-04745,SISTEMA,DEPOSITO_EFECTIVO,3896.53,2026-05-26 14:26:22,0,ESTRUCTURACION_SMURFING_DETECTADA,,,,
TX-0011085,CLI-01707,SISTEMA,DEPOSITO_EFECTIVO,2065.56,2026-05-26 14:38:22,0,ESTRUCTURACION_SMURFING_DETECTADA,,,,
TX-0002177,CLI-00327,SISTEMA,DEPOSITO_EFECTIVO,168.25,2026-05-26 14:42:22,0,ESTRUCTURACION_SMURFING_DETECTADA,,,,
TX-0011149,CLI-01718,SISTEMA,DEPOSITO_EFECTIVO,5673.05,2026-05-26 14:46:22,0,ESTRUCTURACION_SMURFING_DETECTADA,,,,
TX-0006474,CLI-00999,SISTEMA,DEPOSITO_EFECTIVO,10086.72,2026-05-26 14:51:22,0,ESTRUCTURACION_SMURFING_DETECTADA,,,,
TX-0012976,CLI-02006,SISTEMA,DEPOSITO_EFECTIVO,173.65,2026-05-26 14:53:22,0,ESTRUCTURACION_SMURFING_DETECTADA,,,,
TX-0031326,CLI-04818,SISTEMA,DEPOSITO_EFECTIVO,968.74,2026-05-26 15:00:22,0,ESTRUCTURACION_SMURFING_DETECTADA,,,,
TX-0023835,CLI-03683,SISTEMA,DEPOSITO_EFECTIVO,374.78,2026-05-26 15:02:22,0,ESTRUCTURACION_SMURFING_DETECTADA,,,,
TX-0030562,CLI-04704,SISTEMA,DEPOSITO_EFECTIVO,11701.57,2026-05-26 15:05:22,0,ESTRUCTURACION_SMURFING_DETECTADA,,,,
TX-0007220,CLI-01116,SISTEMA,DEPOSITO_EFECTIVO,243.81,2026-05-26 15:12:22,0,ESTRUCTURACION_SMURFING_DETECTADA,,,,
TX-0007385,CLI-01140,SISTEMA,DEPOSITO_EFECTIVO,1815.3,2026-05-26 15:53:22,0,ESTRUCTURACION_SMURFING_DETECTADA,,,,
TX-0024852,CLI-03837,SISTEMA,DEPOSITO_EFECTIVO,1082.84,2026-05-26 15:58:22,0,ESTRUCTURACION_SMURFING_DETECTADA,,,,
TX-0004986,CLI-00771,SISTEMA,DEPOSITO_EFECTIVO,422.98,2026-05-26 16:05:22,0,ESTRUCTURACION_SMURFING_DETECTADA,,,,
TX-0014714,CLI-02281,SISTEMA,DEPOSITO_EFECTIVO,6233.86,2026-05-26 16:12:22,0,ESTRUCTURACION_SMURFING_DETECTADA,,,,
TX-0016884,CLI-02615,SISTEMA,DEPOSITO_EFECTIVO,1781.33,2026-05-26 16:33:22,0,ESTRUCTURACION_SMURFING_DETECTADA,,,,
TX-0009449,CLI-01452,SISTEMA,DEPOSITO_EFECTIVO,6074.51,2026-05-26 16:50:22,0,ESTRUCTURACION_SMURFING_DETECTADA,,,,
TX-0020065,CLI-03110,SISTEMA,DEPOSITO_EFECTIVO,9664.08,2026-05-26 17:06:22,0,ESTRUCTURACION_SMURFING_DETECTADA,,,,
TX-0019112,CLI-02958,SISTEMA,DEPOSITO_EFECTIVO,1249.74,2026-05-26 17:07:22,0,ESTRUCTURACION_SMURFING_DETECTADA,,,,
TX-0029723,CLI-04577,SISTEMA,DEPOSITO_EFECTIVO,744.09,2026-05-26 17:08:22,0,ESTRUCTURACION_SMURFING_DETECTADA,,,,
TX-0017358,CLI-02691,SISTEMA,DEPOSITO_EFECTIVO,1891.97,2026-05-26 17:20:22,0,ESTRUCTURACION_SMURFING_DETECTADA,,,,
TX-0017762,CLI-02748,SISTEMA,DEPOSITO_EFECTIVO,123.15,2026-05-26 17:21:22,0,ESTRUCTURACION_SMURFING_DETECTADA,,,,
TX-0004882,CLI-00756,SISTEMA,DEPOSITO_EFECTIVO,473.93,2026-05-26 17:41:22,0,ESTRUCTURACION_SMURFING_DETECTADA,,,,
TX-0029623,CLI-04560,SISTEMA,DEPOSITO_EFECTIVO,657.51,2026-05-26 17:41:22,0,ESTRUCTURACION_SMURFING_DETECTADA,,,,
TX-0027264,CLI-04203,SISTEMA,DEPOSITO_EFECTIVO,565.88,2026-05-26 17:43:22,0,ESTRUCTURACION_SMURFING_DETECTADA,,,,
TX-0019009,CLI-02940,SISTEMA,DEPOSITO_EFECTIVO,10584.96,2026-05-26 17:43:22,0,ESTRUCTURACION_SMURFING_DETECTADA,,,,
TX-0004348,CLI-00666,SISTEMA,DEPOSITO_EFECTIVO,168.31,2026-05-26 17:44:22,0,ESTRUCTURACION_SMURFING_DETECTADA,,,,
TX-0003264,CLI-00493,SISTEMA,DEPOSITO_EFECTIVO,3355.97,2026-05-26 17:49:22,0,ESTRUCTURACION_SMURFING_DETECTADA,,,,
TX-0006537,CLI-01007,SISTEMA,DEPOSITO_EFECTIVO,711.1,2026-05-26 18:19:22,0,ESTRUCTURACION_SMURFING_DETECTADA,,,,
TX-0003831,CLI-00581,SISTEMA,DEPOSITO_EFECTIVO,933.49,2026-05-26 18:27:22,0,ESTRUCTURACION_SMURFING_DETECTADA,,,,
TX-0014258,CLI-02208,SISTEMA,DEPOSITO_EFECTIVO,1690.86,2026-05-26 18:32:22,0,ESTRUCTURACION_SMURFING_DETECTADA,,,,
TX-0004981,CLI-00771,SISTEMA,DEPOSITO_EFECTIVO,1139.28,2026-05-26 18:32:22,0,ESTRUCTURACION_SMURFING_DETECTADA,,,,
TX-0017627,CLI-02729,SISTEMA,DEPOSITO_EFECTIVO,394.73,2026-05-26 18:43:22,0,ESTRUCTURACION_SMURFING_DETECTADA,,,,
TX-0018167,CLI-02810,SISTEMA,DEPOSITO_EFECTIVO,3879.05,2026-05-26 18:44:22,0,ESTRUCTURACION_SMURFING_DETECTADA,,,,
TX-0021382,CLI-03303,SISTEMA,DEPOSITO_EFECTIVO,3039.72,2026-05-26 18:51:22,0,ESTRUCTURACION_SMURFING_DETECTADA,,,,
TX-0012001,CLI-01850,SISTEMA,DEPOSITO_EFECTIVO,5728.37,2026-05-26 19:34:22,0,ESTRUCTURACION_SMURFING_DETECTADA,,,,
TX-0012043,CLI-01857,SISTEMA,DEPOSITO_EFECTIVO,7845.3,2026-05-26 19:36:22,0,ESTRUCTURACION_SMURFING_DETECTADA,,,,
TX-0024191,CLI-03736,SISTEMA,DEPOSITO_EFECTIVO,1762.89,2026-05-26 19:51:22,0,ESTRUCTURACION_SMURFING_DETECTADA,,,,
TX-0026945,CLI-04152,SISTEMA,DEPOSITO_EFECTIVO,526.91,2026-05-26 20:07:22,0,ESTRUCTURACION_SMURFING_DETECTADA,,,,
TX-0011876,CLI-01829,SISTEMA,DEPOSITO_EFECTIVO,10767.78,2026-05-26 20:11:22,0,ESTRUCTURACION_SMURFING_DETECTADA,,,,
TX-0017905,CLI-02770,SISTEMA,DEPOSITO_EFECTIVO,606.71,2026-05-26 20:12:22,0,ESTRUCTURACION_SMURFING_DETECTADA,,,,
TX-0015713,CLI-02431,SISTEMA,DEPOSITO_EFECTIVO,554.98,2026-05-26 20:17:22,0,ESTRUCTURACION_SMURFING_DETECTADA,,,,
TX-0006644,CLI-01025,SISTEMA,DEPOSITO_EFECTIVO,1294.84,2026-05-26 20:20:22,0,ESTRUCTURACION_SMURFING_DETECTADA,,,,
TX-0030736,CLI-04729,SISTEMA,DEPOSITO_EFECTIVO,7465.44,2026-05-26 20:22:22,0,ESTRUCTURACION_SMURFING_DETECTADA,,,,
TX-0009810,CLI-01505,SISTEMA,DEPOSITO_EFECTIVO,674.7,2026-05-26 20:22:22,0,ESTRUCTURACION_SMURFING_DETECTADA,,,,
TX-0000256,CLI-00037,SISTEMA,DEPOSITO_EFECTIVO,261.55,2026-05-26 20:23:22,0,ESTRUCTURACION_SMURFING_DETECTADA,,,,
TX-0023317,CLI-03603,SISTEMA,DEPOSITO_EFECTIVO,2991.27,2026-05-26 20:26:22,0,ESTRUCTURACION_SMURFING_DETECTADA,,,,
TX-0022702,CLI-03509,SISTEMA,DEPOSITO_EFECTIVO,2834.01,2026-05-26 20:46:22,0,ESTRUCTURACION_SMURFING_DETECTADA,,,,
TX-0021828,CLI-03374,SISTEMA,DEPOSITO_EFECTIVO,3373.88,2026-05-26 20:48:22,0,ESTRUCTURACION_SMURFING_DETECTADA,,,,
TX-0012993,CLI-02009,SISTEMA,DEPOSITO_EFECTIVO,999.19,2026-05-26 20:54:22,0,ESTRUCTURACION_SMURFING_DETECTADA,,,,
TX-0025146,CLI-03881,SISTEMA,DEPOSITO_EFECTIVO,10344.05,2026-05-26 20:58:22,0,ESTRUCTURACION_SMURFING_DETECTADA,,,,
TX-0001559,CLI-00235,SISTEMA,DEPOSITO_EFECTIVO,2288.28,2026-05-26 21:01:22,0,ESTRUCTURACION_SMURFING_DETECTADA,,,,
TX-0023006,CLI-03554,SISTEMA,DEPOSITO_EFECTIVO,3752.1,2026-05-26 21:13:22,0,ESTRUCTURACION_SMURFING_DETECTADA,,,,
TX-0011976,CLI-01845,SISTEMA,DEPOSITO_EFECTIVO,3049.71,2026-05-26 21:16:22,0,ESTRUCTURACION_SMURFING_DETECTADA,,,,
TX-0030026,CLI-04627,SISTEMA,DEPOSITO_EFECTIVO,264.97,2026-05-26 21:18:22,0,ESTRUCTURACION_SMURFING_DETECTADA,,,,
TX-0032125,CLI-04936,SISTEMA,DEPOSITO_EFECTIVO,7199.28,2026-05-26 21:38:22,0,ESTRUCTURACION_SMURFING_DETECTADA,,,,
TX-0011015,CLI-01697,SISTEMA,DEPOSITO_EFECTIVO,9088.87,2026-05-26 21:52:22,0,ESTRUCTURACION_SMURFING_DETECTADA,,,,
TX-0014755,CLI-02289,SISTEMA,DEPOSITO_EFECTIVO,2694.3,2026-05-26 22:04:22,0,ESTRUCTURACION_SMURFING_DETECTADA,,,,
TX-0010969,CLI-01689,SISTEMA,DEPOSITO_EFECTIVO,2799.3,2026-05-26 22:11:22,0,ESTRUCTURACION_SMURFING_DETECTADA,,,,
TX-0016384,CLI-02539,SISTEMA,DEPOSITO_EFECTIVO,282.15,2026-05-26 22:25:22,0,ESTRUCTURACION_SMURFING_DETECTADA,,,,
TX-0008561,CLI-01314,SISTEMA,DEPOSITO_EFECTIVO,2018.09,2026-05-26 22:27:22,0,ESTRUCTURACION_SMURFING_DETECTADA,,,,
TX-0015385,CLI-02384,SISTEMA,DEPOSITO_EFECTIVO,207.33,2026-05-26 22:33:22,0,ESTRUCTURACION_SMURFING_DETECTADA,,,,
TX-0029335,CLI-04515,SISTEMA,DEPOSITO_EFECTIVO,8348.63,2026-05-26 22:41:22,0,ESTRUCTURACION_SMURFING_DETECTADA,,,,
TX-0023124,CLI-03573,SISTEMA,DEPOSITO_EFECTIVO,4512.43,2026-05-26 22:52:22,0,ESTRUCTURACION_SMURFING_DETECTADA,,,,
TX-0024712,CLI-03814,SISTEMA,DEPOSITO_EFECTIVO,1056.2,2026-05-26 23:04:22,0,ESTRUCTURACION_SMURFING_DETECTADA,,,,
TX-0028167,CLI-04335,SISTEMA,DEPOSITO_EFECTIVO,3827.73,2026-05-26 23:04:22,0,ESTRUCTURACION_SMURFING_DETECTADA,,,,
TX-0007652,CLI-01177,SISTEMA,DEPOSITO_EFECTIVO,1646.98,2026-05-26 23:24:22,0,ESTRUCTURACION_SMURFING_DETECTADA,,,,
TX-0030478,CLI-04691,SISTEMA,DEPOSITO_EFECTIVO,593.67,2026-05-26 23:31:22,0,ESTRUCTURACION_SMURFING_DETECTADA,,,,
TX-0020710,CLI-03205,SISTEMA,DEPOSITO_EFECTIVO,10249.23,2026-05-26 23:48:22,0,ESTRUCTURACION_SMURFING_DETECTADA,,,,
TX-0000684,CLI-00105,SISTEMA,DEPOSITO_EFECTIVO,1510.89,2026-05-26 23:55:22,0,ESTRUCTURACION_SMURFING_DETECTADA,,,,
TX-0013402,CLI-02077,SISTEMA,DEPOSITO_EFECTIVO,1568.97,2026-05-27 00:23:22,0,ESTRUCTURACION_SMURFING_DETECTADA,,,,
TX-0016400,CLI-02541,SISTEMA,DEPOSITO_EFECTIVO,4508.52,2026-05-27 00:32:22,0,ESTRUCTURACION_SMURFING_DETECTADA,,,,
TX-0001134,CLI-00170,SISTEMA,DEPOSITO_EFECTIVO,1460.9,2026-05-27 00:36:22,0,ESTRUCTURACION_SMURFING_DETECTADA,,,,
TX-0003125,CLI-00474,SISTEMA,DEPOSITO_EFECTIVO,8703.86,2026-05-27 01:06:22,0,ESTRUCTURACION_SMURFING_DETECTADA,,,,
TX-0004227,CLI-00647,SISTEMA,DEPOSITO_EFECTIVO,2222.51,2026-05-27 01:15:22,0,ESTRUCTURACION_SMURFING_DETECTADA,,,,
TX-0017558,CLI-02720,SISTEMA,DEPOSITO_EFECTIVO,79.35,2026-05-27 01:49:22,0,ESTRUCTURACION_SMURFING_DETECTADA,,,,
TX-0028128,CLI-04331,SISTEMA,DEPOSITO_EFECTIVO,994.71,2026-05-27 01:52:22,0,ESTRUCTURACION_SMURFING_DETECTADA,,,,
TX-0026330,CLI-04056,SISTEMA,DEPOSITO_EFECTIVO,4522.58,2026-05-27 01:55:22,0,ESTRUCTURACION_SMURFING_DETECTADA,,,,
TX-0000526,CLI-00082,SISTEMA,DEPOSITO_EFECTIVO,698.4,2026-05-27 01:56:22,0,ESTRUCTURACION_SMURFING_DETECTADA,,,,
TX-0020220,CLI-03137,SISTEMA,DEPOSITO_EFECTIVO,4147.96,2026-05-27 02:05:22,0,ESTRUCTURACION_SMURFING_DETECTADA,,,,
TX-0012545,CLI-01936,SISTEMA,DEPOSITO_EFECTIVO,7098.65,2026-05-27 02:18:22,0,ESTRUCTURACION_SMURFING_DETECTADA,,,,
TX-0011700,CLI-01806,SISTEMA,DEPOSITO_EFECTIVO,141.1,2026-05-27 02:35:22,0,ESTRUCTURACION_SMURFING_DETECTADA,,,,
TX-0024493,CLI-03780,SISTEMA,DEPOSITO_EFECTIVO,2158.39,2026-05-27 02:36:22,0,ESTRUCTURACION_SMURFING_DETECTADA,,,,
TX-0008133,CLI-01252,SISTEMA,DEPOSITO_EFECTIVO,8380.01,2026-05-27 02:37:22,0,ESTRUCTURACION_SMURFING_DETECTADA,,,,
TX-0006718,CLI-01036,SISTEMA,DEPOSITO_EFECTIVO,2107.85,2026-05-27 02:46:22,0,ESTRUCTURACION_SMURFING_DETECTADA,,,,
TX-0011436,CLI-01763,SISTEMA,DEPOSITO_EFECTIVO,3088.85,2026-05-27 02:49:22,0,ESTRUCTURACION_SMURFING_DETECTADA,,,,
TX-0023185,CLI-03582,SISTEMA,DEPOSITO_EFECTIVO,710.51,2026-05-27 03:01:22,0,ESTRUCTURACION_SMURFING_DETECTADA,,,,
TX-0005873,CLI-00902,SISTEMA,DEPOSITO_EFECTIVO,448.35,2026-05-27 03:04:22,0,ESTRUCTURACION_SMURFING_DETECTADA,,,,
TX-0018803,CLI-02909,SISTEMA,DEPOSITO_EFECTIVO,2898.4,2026-05-27 03:08:22,0,ESTRUCTURACION_SMURFING_DETECTADA,,,,
TX-0008325,CLI-01281,SISTEMA,DEPOSITO_EFECTIVO,958.22,2026-05-27 03:12:22,0,ESTRUCTURACION_SMURFING_DETECTADA,,,,
TX-0001696,CLI-00255,SISTEMA,DEPOSITO_EFECTIVO,715.07,2026-05-27 03:13:22,0,ESTRUCTURACION_SMURFING_DETECTADA,,,,
TX-0011372,CLI-01752,SISTEMA,DEPOSITO_EFECTIVO,7078.82,2026-05-27 03:15:22,0,ESTRUCTURACION_SMURFING_DETECTADA,,,,
TX-0025749,CLI-03972,SISTEMA,DEPOSITO_EFECTIVO,2664.33,2026-05-27 03:18:22,0,ESTRUCTURACION_SMURFING_DETECTADA,,,,
TX-0028387,CLI-04368,SISTEMA,DEPOSITO_EFECTIVO,9812.52,2026-05-27 03:27:22,0,ESTRUCTURACION_SMURFING_DETECTADA,,,,
TX-0005045,CLI-00779,SISTEMA,DEPOSITO_EFECTIVO,11459.58,2026-05-27 03:37:22,0,ESTRUCTURACION_SMURFING_DETECTADA,,,,
TX-0032123,CLI-04936,SISTEMA,DEPOSITO_EFECTIVO,9726.03,2026-05-27 03:51:22,0,ESTRUCTURACION_SMURFING_DETECTADA,,,,
TX-0012971,CLI-02005,SISTEMA,DEPOSITO_EFECTIVO,4378.09,2026-05-27 04:01:22,0,ESTRUCTURACION_SMURFING_DETECTADA,,,,
TX-0008555,CLI-01313,SISTEMA,DEPOSITO_EFECTIVO,494.68,2026-05-27 04:02:22,0,ESTRUCTURACION_SMURFING_DETECTADA,,,,
TX-0010347,CLI-01588,SISTEMA,DEPOSITO_EFECTIVO,13577.3,2026-05-27 04:05:22,0,ESTRUCTURACION_SMURFING_DETECTADA,,,,
TX-0018149,CLI-02808,SISTEMA,DEPOSITO_EFECTIVO,53.87,2026-05-27 04:21:22,0,ESTRUCTURACION_SMURFING_DETECTADA,,,,
TX-0015370,CLI-02382,SISTEMA,DEPOSITO_EFECTIVO,4648.03,2026-05-27 04:36:22,0,ESTRUCTURACION_SMURFING_DETECTADA,,,,
TX-0002487,CLI-00377,SISTEMA,DEPOSITO_EFECTIVO,1077.89,2026-05-27 04:42:22,0,ESTRUCTURACION_SMURFING_DETECTADA,,,,
TX-0024194,CLI-03736,SISTEMA,DEPOSITO_EFECTIVO,3895.75,2026-05-27 04:43:22,0,ESTRUCTURACION_SMURFING_DETECTADA,,,,
TX-0015280,CLI-02368,SISTEMA,DEPOSITO_EFECTIVO,4206.49,2026-05-27 04:55:22,0,ESTRUCTURACION_SMURFING_DETECTADA,,,,
TX-0014048,CLI-02175,SISTEMA,DEPOSITO_EFECTIVO,1591.86,2026-05-27 05:00:22,0,ESTRUCTURACION_SMURFING_DETECTADA,,,,
TX-0001126,CLI-00170,SISTEMA,DEPOSITO_EFECTIVO,2185.78,2026-05-27 05:01:22,0,ESTRUCTURACION_SMURFING_DETECTADA,,,,
TX-0002390,CLI-00362,SISTEMA,DEPOSITO_EFECTIVO,4806.76,2026-05-27 05:09:22,0,ESTRUCTURACION_SMURFING_DETECTADA,,,,
TX-0005721,CLI-00878,SISTEMA,DEPOSITO_EFECTIVO,3014.48,2026-05-27 05:11:22,0,ESTRUCTURACION_SMURFING_DETECTADA,,,,
TX-0008410,CLI-01293,SISTEMA,DEPOSITO_EFECTIVO,136.09,2026-05-27 05:12:22,0,ESTRUCTURACION_SMURFING_DETECTADA,,,,
TX-0019333,CLI-02995,SISTEMA,DEPOSITO_EFECTIVO,1666.29,2026-05-27 05:36:22,0,ESTRUCTURACION_SMURFING_DETECTADA,,,,
TX-0009213,CLI-01415,SISTEMA,DEPOSITO_EFECTIVO,106.58,2026-05-27 05:41:22,0,ESTRUCTURACION_SMURFING_DETECTADA,,,,
TX-0026886,CLI-04143,SISTEMA,DEPOSITO_EFECTIVO,639.05,2026-05-27 05:48:22,0,ESTRUCTURACION_SMURFING_DETECTADA,,,,
TX-0025431,CLI-03924,SISTEMA,DEPOSITO_EFECTIVO,485.7,2026-05-27 05:52:22,0,ESTRUCTURACION_SMURFING_DETECTADA,,,,
TX-0016634,CLI-02576,SISTEMA,DEPOSITO_EFECTIVO,846.61,2026-05-27 05:54:22,0,ESTRUCTURACION_SMURFING_DETECTADA,,,,
TX-0004345,CLI-00665,SISTEMA,DEPOSITO_EFECTIVO,3161.4,2026-05-27 05:56:22,0,ESTRUCTURACION_SMURFING_DETECTADA,,,,
TX-0012488,CLI-01927,SISTEMA,DEPOSITO_EFECTIVO,798.07,2026-05-27 06:02:22,0,ESTRUCTURACION_SMURFING_DETECTADA,,,,
TX-0032426,CLI-04980,SISTEMA,DEPOSITO_EFECTIVO,4610.43,2026-05-27 06:03:22,0,ESTRUCTURACION_SMURFING_DETECTADA,,,,
TX-0001377,CLI-00207,SISTEMA,DEPOSITO_EFECTIVO,583.92,2026-05-27 06:13:22,0,ESTRUCTURACION_SMURFING_DETECTADA,,,,
TX-0018971,CLI-02934,SISTEMA,DEPOSITO_EFECTIVO,7114.35,2026-05-27 06:27:22,0,ESTRUCTURACION_SMURFING_DETECTADA,,,,
TX-0025094,CLI-03874,SISTEMA,DEPOSITO_EFECTIVO,1427.84,2026-05-27 06:28:22,0,ESTRUCTURACION_SMURFING_DETECTADA,,,,
TX-0005466,CLI-00839,SISTEMA,DEPOSITO_EFECTIVO,8923.49,2026-05-27 06:42:22,0,ESTRUCTURACION_SMURFING_DETECTADA,,,,
TX-0003750,CLI-00567,SISTEMA,DEPOSITO_EFECTIVO,3690.05,2026-05-27 06:42:22,0,ESTRUCTURACION_SMURFING_DETECTADA,,,,
TX-0020238,CLI-03139,SISTEMA,DEPOSITO_EFECTIVO,14242.21,2026-05-27 06:43:22,0,ESTRUCTURACION_SMURFING_DETECTADA,,,,
TX-0029909,CLI-04608,SISTEMA,DEPOSITO_EFECTIVO,946.12,2026-05-27 06:46:22,0,ESTRUCTURACION_SMURFING_DETECTADA,,,,
TX-0000308,CLI-00046,SISTEMA,DEPOSITO_EFECTIVO,6367.93,2026-05-27 06:46:22,0,ESTRUCTURACION_SMURFING_DETECTADA,,,,
TX-0021076,CLI-03261,SISTEMA,DEPOSITO_EFECTIVO,130.11,2026-05-27 06:47:22,0,ESTRUCTURACION_SMURFING_DETECTADA,,,,
TX-0004307,CLI-00658,SISTEMA,DEPOSITO_EFECTIVO,1116.46,2026-05-27 06:54:22,0,ESTRUCTURACION_SMURFING_DETECTADA,,,,
TX-0008240,CLI-01268,SISTEMA,DEPOSITO_EFECTIVO,5011.21,2026-05-27 06:57:22,0,ESTRUCTURACION_SMURFING_DETECTADA,,,,
TX-0011583,CLI-01785,SISTEMA,DEPOSITO_EFECTIVO,81.97,2026-05-27 07:02:22,0,ESTRUCTURACION_SMURFING_DETECTADA,,,,
TX-0028764,CLI-04428,SISTEMA,DEPOSITO_EFECTIVO,3695.28,2026-05-27 07:04:22,0,ESTRUCTURACION_SMURFING_DETECTADA,,,,
TX-0030869,CLI-04751,SISTEMA,DEPOSITO_EFECTIVO,1956.26,2026-05-27 07:08:22,0,ESTRUCTURACION_SMURFING_DETECTADA,,,,
TX-0003921,CLI-00597,SISTEMA,DEPOSITO_EFECTIVO,147.76,2026-05-27 07:46:22,0,ESTRUCTURACION_SMURFING_DETECTADA,,,,
TX-0006452,CLI-00994,SISTEMA,DEPOSITO_EFECTIVO,191.77,2026-05-27 08:16:22,0,ESTRUCTURACION_SMURFING_DETECTADA,,,,
TX-0021124,CLI-03267,SISTEMA,DEPOSITO_EFECTIVO,178.42,2026-05-27 08:26:22,0,ESTRUCTURACION_SMURFING_DETECTADA,,,,
TX-0005457,CLI-00838,SISTEMA,DEPOSITO_EFECTIVO,472.99,2026-05-27 08:41:22,0,ESTRUCTURACION_SMURFING_DETECTADA,,,,
TX-0014536,CLI-02254,SISTEMA,DEPOSITO_EFECTIVO,126.2,2026-05-27 09:07:22,0,ESTRUCTURACION_SMURFING_DETECTADA,,,,
TX-0032001,CLI-04918,SISTEMA,DEPOSITO_EFECTIVO,2116.99,2026-05-27 09:08:22,0,ESTRUCTURACION_SMURFING_DETECTADA,,,,
TX-0000191,CLI-00029,SISTEMA,DEPOSITO_EFECTIVO,2292.06,2026-05-27 09:13:22,0,ESTRUCTURACION_SMURFING_DETECTADA,,,,
TX-0020077,CLI-03112,SISTEMA,DEPOSITO_EFECTIVO,1379.28,2026-05-27 10:03:22,0,ESTRUCTURACION_SMURFING_DETECTADA,,,,
TX-0027266,CLI-04204,SISTEMA,DEPOSITO_EFECTIVO,1001.58,2026-05-27 10:20:22,0,ESTRUCTURACION_SMURFING_DETECTADA,,,,
TX-0012444,CLI-01919,SISTEMA,DEPOSITO_EFECTIVO,10083.63,2026-05-27 10:25:22,0,ESTRUCTURACION_SMURFING_DETECTADA,,,,
TX-0024587,CLI-03795,SISTEMA,DEPOSITO_EFECTIVO,1545.45,2026-05-27 10:44:22,0,ESTRUCTURACION_SMURFING_DETECTADA,,,,
TX-0021158,CLI-03274,SISTEMA,DEPOSITO_EFECTIVO,628.99,2026-05-27 10:51:22,0,ESTRUCTURACION_SMURFING_DETECTADA,,,,
TX-0023685,CLI-03662,SISTEMA,DEPOSITO_EFECTIVO,661.54,2026-05-27 11:00:22,0,ESTRUCTURACION_SMURFING_DETECTADA,,,,
TX-0007762,CLI-01192,SISTEMA,DEPOSITO_EFECTIVO,3396.96,2026-05-27 11:06:22,0,ESTRUCTURACION_SMURFING_DETECTADA,,,,
TX-0023966,CLI-03702,SISTEMA,DEPOSITO_EFECTIVO,784.31,2026-05-27 11:13:22,0,ESTRUCTURACION_SMURFING_DETECTADA,,,,
TX-0000718,CLI-00111,SISTEMA,DEPOSITO_EFECTIVO,1677.27,2026-05-27 11:18:22,0,ESTRUCTURACION_SMURFING_DETECTADA,,,,
TX-0021451,CLI-03317,SISTEMA,DEPOSITO_EFECTIVO,1212.41,2026-05-27 11:29:22,0,ESTRUCTURACION_SMURFING_DETECTADA,,,,
TX-0008814,CLI-01352,SISTEMA,DEPOSITO_EFECTIVO,9170.56,2026-05-27 11:29:22,0,ESTRUCTURACION_SMURFING_DETECTADA,,,,
TX-0013124,CLI-02029,SISTEMA,DEPOSITO_EFECTIVO,1004.07,2026-05-27 11:38:22,0,ESTRUCTURACION_SMURFING_DETECTADA,,,,
TX-0026631,CLI-04100,SISTEMA,DEPOSITO_EFECTIVO,8712.67,2026-05-27 11:40:22,0,ESTRUCTURACION_SMURFING_DETECTADA,,,,
TX-0021744,CLI-03361,SISTEMA,DEPOSITO_EFECTIVO,1327.09,2026-05-27 11:43:22,0,ESTRUCTURACION_SMURFING_DETECTADA,,,,
TX-0000738,CLI-00114,SISTEMA,DEPOSITO_EFECTIVO,147.98,2026-05-27 11:46:22,0,ESTRUCTURACION_SMURFING_DETECTADA,,,,
TX-0002704,CLI-00409,SISTEMA,DEPOSITO_EFECTIVO,1083.33,2026-05-27 11:49:22,0,ESTRUCTURACION_SMURFING_DETECTADA,,,,
TX-0003978,CLI-00606,SISTEMA,DEPOSITO_EFECTIVO,3535.59,2026-05-27 11:59:22,0,ESTRUCTURACION_SMURFING_DETECTADA,,,,
TX-0004718,CLI-00728,SISTEMA,DEPOSITO_EFECTIVO,847.47,2026-05-27 12:00:22,0,ESTRUCTURACION_SMURFING_DETECTADA,,,,
TX-0025731,CLI-03969,SISTEMA,DEPOSITO_EFECTIVO,947.64,2026-05-27 12:28:22,0,ESTRUCTURACION_SMURFING_DETECTADA,,,,
TX-0025669,CLI-03960,SISTEMA,DEPOSITO_EFECTIVO,3211.82,2026-05-27 12:35:22,0,ESTRUCTURACION_SMURFING_DETECTADA,,,,
TX-0016880,CLI-02614,SISTEMA,DEPOSITO_EFECTIVO,1242.87,2026-05-27 12:37:22,0,ESTRUCTURACION_SMURFING_DETECTADA,,,,
TX-0020101,CLI-03115,SISTEMA,DEPOSITO_EFECTIVO,914.03,2026-05-27 12:52:22,0,ESTRUCTURACION_SMURFING_DETECTADA,,,,
TX-0023654,CLI-03656,SISTEMA,DEPOSITO_EFECTIVO,12498.4,2026-05-27 12:53:22,0,ESTRUCTURACION_SMURFING_DETECTADA,,,,
TX-0028477,CLI-04383,SISTEMA,DEPOSITO_EFECTIVO,109.74,2026-05-27 13:09:22,0,ESTRUCTURACION_SMURFING_DETECTADA,,,,
TX-0030750,CLI-04731,SISTEMA,DEPOSITO_EFECTIVO,401.67,2026-05-27 13:19:22,0,ESTRUCTURACION_SMURFING_DETECTADA,,,,
TX-0019300,CLI-02989,SISTEMA,DEPOSITO_EFECTIVO,653.12,2026-05-27 13:22:22,0,ESTRUCTURACION_SMURFING_DETECTADA,,,,
TX-0002545,CLI-00384,SISTEMA,DEPOSITO_EFECTIVO,109.13,2026-05-27 13:26:22,0,ESTRUCTURACION_SMURFING_DETECTADA,,,,
TX-0017103,CLI-02650,SISTEMA,DEPOSITO_EFECTIVO,258.08,2026-05-27 13:33:22,0,ESTRUCTURACION_SMURFING_DETECTADA,,,,
TX-0011281,CLI-01737,SISTEMA,DEPOSITO_EFECTIVO,10295.15,2026-05-27 13:48:22,0,ESTRUCTURACION_SMURFING_DETECTADA,,,,
TX-0015585,CLI-02413,SISTEMA,DEPOSITO_EFECTIVO,1202.9,2026-05-27 13:50:22,0,ESTRUCTURACION_SMURFING_DETECTADA,,,,
TX-0029609,CLI-04559,SISTEMA,DEPOSITO_EFECTIVO,4295.42,2026-05-27 13:52:22,0,ESTRUCTURACION_SMURFING_DETECTADA,,,,
TX-0000112,CLI-00017,SISTEMA,DEPOSITO_EFECTIVO,4747.62,2026-05-27 13:56:22,0,ESTRUCTURACION_SMURFING_DETECTADA,,,,
TX-0019776,CLI-03066,SISTEMA,DEPOSITO_EFECTIVO,4588.29,2026-05-27 14:14:22,0,ESTRUCTURACION_SMURFING_DETECTADA,,,,
TX-0002564,CLI-00387,SISTEMA,DEPOSITO_EFECTIVO,388.97,2026-05-27 14:19:22,0,ESTRUCTURACION_SMURFING_DETECTADA,,,,
TX-0023790,CLI-03677,SISTEMA,DEPOSITO_EFECTIVO,8259.35,2026-05-27 14:21:22,0,ESTRUCTURACION_SMURFING_DETECTADA,,,,
TX-0027415,CLI-04226,SISTEMA,DEPOSITO_EFECTIVO,4879.0,2026-05-27 14:22:22,0,ESTRUCTURACION_SMURFING_DETECTADA,,,,
TX-0013702,CLI-02124,SISTEMA,DEPOSITO_EFECTIVO,1408.37,2026-05-27 14:23:22,0,ESTRUCTURACION_SMURFING_DETECTADA,,,,
TX-0006463,CLI-00996,SISTEMA,DEPOSITO_EFECTIVO,2793.88,2026-05-27 14:26:22,0,ESTRUCTURACION_SMURFING_DETECTADA,,,,
TX-0000364,CLI-00055,SISTEMA,DEPOSITO_EFECTIVO,881.05,2026-05-27 14:28:22,0,ESTRUCTURACION_SMURFING_DETECTADA,,,,
TX-0003797,CLI-00575,SISTEMA,DEPOSITO_EFECTIVO,211.15,2026-05-27 14:48:22,0,ESTRUCTURACION_SMURFING_DETECTADA,,,,
TX-0032529,CLI-04995,SISTEMA,DEPOSITO_EFECTIVO,1534.11,2026-05-27 14:52:22,0,ESTRUCTURACION_SMURFING_DETECTADA,,,,
TX-0003456,CLI-00523,SISTEMA,DEPOSITO_EFECTIVO,1570.59,2026-05-27 14:53:22,0,ESTRUCTURACION_SMURFING_DETECTADA,,,,
TX-0019037,CLI-02946,SISTEMA,DEPOSITO_EFECTIVO,3042.38,2026-05-27 14:58:22,0,ESTRUCTURACION_SMURFING_DETECTADA,,,,
TX-0009912,CLI-01522,SISTEMA,DEPOSITO_EFECTIVO,351.06,2026-05-27 15:00:22,0,ESTRUCTURACION_SMURFING_DETECTADA,,,,
TX-0022778,CLI-03521,SISTEMA,DEPOSITO_EFECTIVO,2317.42,2026-05-27 15:08:22,0,ESTRUCTURACION_SMURFING_DETECTADA,,,,
TX-0001854,CLI-00277,SISTEMA,DEPOSITO_EFECTIVO,1134.43,2026-05-27 15:12:22,0,ESTRUCTURACION_SMURFING_DETECTADA,,,,
TX-0011472,CLI-01769,SISTEMA,DEPOSITO_EFECTIVO,729.0,2026-05-27 15:15:22,0,ESTRUCTURACION_SMURFING_DETECTADA,,,,
TX-0000908,CLI-00138,SISTEMA,DEPOSITO_EFECTIVO,2018.26,2026-05-27 15:15:22,0,ESTRUCTURACION_SMURFING_DETECTADA,,,,
TX-0003787,CLI-00573,SISTEMA,DEPOSITO_EFECTIVO,806.74,2026-05-27 15:16:22,0,ESTRUCTURACION_SMURFING_DETECTADA,,,,
TX-0019208,CLI-02974,SISTEMA,DEPOSITO_EFECTIVO,157.65,2026-05-27 15:23:22,0,ESTRUCTURACION_SMURFING_DETECTADA,,,,
TX-0000040,CLI-00007,SISTEMA,DEPOSITO_EFECTIVO,433.67,2026-05-27 15:36:22,0,ESTRUCTURACION_SMURFING_DETECTADA,,,,
TX-0005733,CLI-00880,SISTEMA,DEPOSITO_EFECTIVO,1705.16,2026-05-27 15:41:22,0,ESTRUCTURACION_SMURFING_DETECTADA,,,,
TX-0027011,CLI-04163,SISTEMA,DEPOSITO_EFECTIVO,2243.07,2026-05-27 16:00:22,0,ESTRUCTURACION_SMURFING_DETECTADA,,,,
TX-0001913,CLI-00285,SISTEMA,DEPOSITO_EFECTIVO,11404.15,2026-05-27 16:01:22,0,ESTRUCTURACION_SMURFING_DETECTADA,,,,
TX-0024706,CLI-03812,SISTEMA,DEPOSITO_EFECTIVO,499.1,2026-05-27 16:08:22,0,ESTRUCTURACION_SMURFING_DETECTADA,,,,
TX-0023883,CLI-03690,SISTEMA,DEPOSITO_EFECTIVO,2773.33,2026-05-27 16:18:22,0,ESTRUCTURACION_SMURFING_DETECTADA,,,,
TX-0017655,CLI-02734,SISTEMA,DEPOSITO_EFECTIVO,491.61,2026-05-27 16:23:22,0,ESTRUCTURACION_SMURFING_DETECTADA,,,,
TX-0023930,CLI-03697,SISTEMA,DEPOSITO_EFECTIVO,1045.85,2026-05-27 16:34:22,0,ESTRUCTURACION_SMURFING_DETECTADA,,,,
TX-0012114,CLI-01868,SISTEMA,DEPOSITO_EFECTIVO,1045.54,2026-05-27 17:01:22,0,ESTRUCTURACION_SMURFING_DETECTADA,,,,
TX-0008219,CLI-01265,SISTEMA,DEPOSITO_EFECTIVO,444.78,2026-05-27 17:05:22,0,ESTRUCTURACION_SMURFING_DETECTADA,,,,
TX-0030787,CLI-04737,SISTEMA,DEPOSITO_EFECTIVO,2974.28,2026-05-27 17:10:22,0,ESTRUCTURACION_SMURFING_DETECTADA,,,,
TX-0015724,CLI-02433,SISTEMA,DEPOSITO_EFECTIVO,11703.16,2026-05-27 17:11:22,0,ESTRUCTURACION_SMURFING_DETECTADA,,,,
TX-0028465,CLI-04382,SISTEMA,DEPOSITO_EFECTIVO,1364.03,2026-05-27 17:18:22,0,ESTRUCTURACION_SMURFING_DETECTADA,,,,
TX-0014302,CLI-02216,SISTEMA,DEPOSITO_EFECTIVO,9921.92,2026-05-27 17:24:22,0,ESTRUCTURACION_SMURFING_DETECTADA,,,,
TX-0000116,CLI-00017,SISTEMA,DEPOSITO_EFECTIVO,3017.54,2026-05-27 18:08:22,0,ESTRUCTURACION_SMURFING_DETECTADA,,,,
TX-0032422,CLI-04980,SISTEMA,DEPOSITO_EFECTIVO,1967.28,2026-05-27 18:27:22,0,ESTRUCTURACION_SMURFING_DETECTADA,,,,
TX-0023392,CLI-03613,SISTEMA,DEPOSITO_EFECTIVO,943.2,2026-05-27 18:34:22,0,ESTRUCTURACION_SMURFING_DETECTADA,,,,
TX-0029656,CLI-04566,SISTEMA,DEPOSITO_EFECTIVO,14182.29,2026-05-27 18:34:22,0,ESTRUCTURACION_SMURFING_DETECTADA,,,,
TX-0014366,CLI-02226,SISTEMA,DEPOSITO_EFECTIVO,1109.24,2026-05-27 18:40:22,0,ESTRUCTURACION_SMURFING_DETECTADA,,,,
TX-0008664,CLI-01330,SISTEMA,DEPOSITO_EFECTIVO,6834.82,2026-05-27 18:48:22,0,ESTRUCTURACION_SMURFING_DETECTADA,,,,
TX-0007119,CLI-01099,SISTEMA,DEPOSITO_EFECTIVO,999.35,2026-05-27 18:56:22,0,ESTRUCTURACION_SMURFING_DETECTADA,,,,
TX-0008035,CLI-01238,SISTEMA,DEPOSITO_EFECTIVO,3340.51,2026-05-27 18:58:22,0,ESTRUCTURACION_SMURFING_DETECTADA,,,,
TX-0010708,CLI-01650,SISTEMA,DEPOSITO_EFECTIVO,459.65,2026-05-27 19:09:22,0,ESTRUCTURACION_SMURFING_DETECTADA,,,,
TX-0016681,CLI-02584,SISTEMA,DEPOSITO_EFECTIVO,1062.56,2026-05-27 19:14:22,0,ESTRUCTURACION_SMURFING_DETECTADA,,,,
TX-0013749,CLI-02132,SISTEMA,DEPOSITO_EFECTIVO,4860.13,2026-05-27 19:29:22,0,ESTRUCTURACION_SMURFING_DETECTADA,,,,
TX-0023386,CLI-03612,SISTEMA,DEPOSITO_EFECTIVO,2580.28,2026-05-27 19:51:22,0,ESTRUCTURACION_SMURFING_DETECTADA,,,,
TX-0021576,CLI-03339,SISTEMA,DEPOSITO_EFECTIVO,7994.67,2026-05-27 20:04:22,0,ESTRUCTURACION_SMURFING_DETECTADA,,,,
TX-0030666,CLI-04721,SISTEMA,DEPOSITO_EFECTIVO,12083.98,2026-05-27 20:16:22,0,ESTRUCTURACION_SMURFING_DETECTADA,,,,
TX-0017895,CLI-02768,SISTEMA,DEPOSITO_EFECTIVO,4227.18,2026-05-27 20:30:22,0,ESTRUCTURACION_SMURFING_DETECTADA,,,,
TX-0000479,CLI-00075,SISTEMA,DEPOSITO_EFECTIVO,8396.74,2026-05-27 20:33:22,0,ESTRUCTURACION_SMURFING_DETECTADA,,,,
TX-0005608,CLI-00861,SISTEMA,DEPOSITO_EFECTIVO,148.87,2026-05-27 20:41:22,0,ESTRUCTURACION_SMURFING_DETECTADA,,,,
TX-0015251,CLI-02362,SISTEMA,DEPOSITO_EFECTIVO,126.98,2026-05-27 20:42:22,0,ESTRUCTURACION_SMURFING_DETECTADA,,,,
TX-0011397,CLI-01756,SISTEMA,DEPOSITO_EFECTIVO,1013.15,2026-05-27 20:43:22,0,ESTRUCTURACION_SMURFING_DETECTADA,,,,
TX-0003986,CLI-00608,SISTEMA,DEPOSITO_EFECTIVO,448.42,2026-05-27 20:45:22,0,ESTRUCTURACION_SMURFING_DETECTADA,,,,
TX-0004956,CLI-00767,SISTEMA,DEPOSITO_EFECTIVO,383.03,2026-05-27 21:16:22,0,ESTRUCTURACION_SMURFING_DETECTADA,,,,
TX-0025204,CLI-03891,SISTEMA,DEPOSITO_EFECTIVO,761.97,2026-05-27 21:29:22,0,ESTRUCTURACION_SMURFING_DETECTADA,,,,
TX-0003364,CLI-00508,SISTEMA,DEPOSITO_EFECTIVO,544.67,2026-05-27 21:31:22,0,ESTRUCTURACION_SMURFING_DETECTADA,,,,
TX-0004653,CLI-00717,SISTEMA,DEPOSITO_EFECTIVO,1837.05,2026-05-27 21:35:22,0,ESTRUCTURACION_SMURFING_DETECTADA,,,,
TX-0005506,CLI-00844,SISTEMA,DEPOSITO_EFECTIVO,1970.71,2026-05-27 21:37:22,0,ESTRUCTURACION_SMURFING_DETECTADA,,,,
TX-0023541,CLI-03637,SISTEMA,DEPOSITO_EFECTIVO,10277.93,2026-05-27 21:43:22,0,ESTRUCTURACION_SMURFING_DETECTADA,,,,
TX-0021495,CLI-03323,SISTEMA,DEPOSITO_EFECTIVO,121.27,2026-05-27 21:44:22,0,ESTRUCTURACION_SMURFING_DETECTADA,,,,
TX-0010026,CLI-01541,SISTEMA,DEPOSITO_EFECTIVO,364.41,2026-05-27 21:49:22,0,ESTRUCTURACION_SMURFING_DETECTADA,,,,
TX-0015816,CLI-02446,SISTEMA,DEPOSITO_EFECTIVO,1290.13,2026-05-27 22:01:22,0,ESTRUCTURACION_SMURFING_DETECTADA,,,,
TX-0031473,CLI-04841,SISTEMA,DEPOSITO_EFECTIVO,4378.99,2026-05-27 22:24:22,0,ESTRUCTURACION_SMURFING_DETECTADA,,,,
TX-0010921,CLI-01680,SISTEMA,DEPOSITO_EFECTIVO,396.42,2026-05-27 22:24:22,0,ESTRUCTURACION_SMURFING_DETECTADA,,,,
TX-0025682,CLI-03962,SISTEMA,DEPOSITO_EFECTIVO,4117.66,2026-05-27 22:35:22,0,ESTRUCTURACION_SMURFING_DETECTADA,,,,
TX-0022011,CLI-03402,SISTEMA,DEPOSITO_EFECTIVO,2263.79,2026-05-27 22:44:22,0,ESTRUCTURACION_SMURFING_DETECTADA,,,,
TX-0031283,CLI-04811,SISTEMA,DEPOSITO_EFECTIVO,2106.04,2026-05-27 22:44:22,0,ESTRUCTURACION_SMURFING_DETECTADA,,,,
TX-0022925,CLI-03542,SISTEMA,DEPOSITO_EFECTIVO,2384.77,2026-05-27 22:47:22,0,ESTRUCTURACION_SMURFING_DETECTADA,,,,
TX-0019907,CLI-03086,SISTEMA,DEPOSITO_EFECTIVO,291.9,2026-05-27 22:48:22,0,ESTRUCTURACION_SMURFING_DETECTADA,,,,
TX-0017377,CLI-02695,SISTEMA,DEPOSITO_EFECTIVO,360.71,2026-05-27 23:10:22,0,ESTRUCTURACION_SMURFING_DETECTADA,,,,
TX-0016574,CLI-02568,SISTEMA,DEPOSITO_EFECTIVO,337.04,2026-05-27 23:13:22,0,ESTRUCTURACION_SMURFING_DETECTADA,,,,
TX-0018733,CLI-02899,SISTEMA,DEPOSITO_EFECTIVO,665.87,2026-05-27 23:18:22,0,ESTRUCTURACION_SMURFING_DETECTADA,,,,
TX-0004056,CLI-00618,SISTEMA,DEPOSITO_EFECTIVO,250.37,2026-05-27 23:22:22,0,ESTRUCTURACION_SMURFING_DETECTADA,,,,
TX-0002485,CLI-00376,SISTEMA,DEPOSITO_EFECTIVO,3658.0,2026-05-27 23:37:22,0,ESTRUCTURACION_SMURFING_DETECTADA,,,,
TX-0017099,CLI-02649,SISTEMA,DEPOSITO_EFECTIVO,3914.88,2026-05-27 23:42:22,0,ESTRUCTURACION_SMURFING_DETECTADA,,,,
TX-0003587,CLI-00543,SISTEMA,DEPOSITO_EFECTIVO,436.44,2026-05-28 00:00:22,0,ESTRUCTURACION_SMURFING_DETECTADA,,,,
TX-0016362,CLI-02534,SISTEMA,DEPOSITO_EFECTIVO,2891.42,2026-05-28 00:01:22,0,ESTRUCTURACION_SMURFING_DETECTADA,,,,
TX-0007628,CLI-01173,SISTEMA,DEPOSITO_EFECTIVO,462.2,2026-05-28 00:12:22,0,ESTRUCTURACION_SMURFING_DETECTADA,,,,
TX-0013677,CLI-02120,SISTEMA,DEPOSITO_EFECTIVO,8273.89,2026-05-28 00:16:22,0,ESTRUCTURACION_SMURFING_DETECTADA,,,,
TX-0004632,CLI-00714,SISTEMA,DEPOSITO_EFECTIVO,8161.91,2026-05-28 00:40:22,0,ESTRUCTURACION_SMURFING_DETECTADA,,,,
TX-0016244,CLI-02514,SISTEMA,DEPOSITO_EFECTIVO,3267.08,2026-05-28 00:48:22,0,ESTRUCTURACION_SMURFING_DETECTADA,,,,
TX-0017821,CLI-02757,SISTEMA,DEPOSITO_EFECTIVO,392.23,2026-05-28 00:48:22,0,ESTRUCTURACION_SMURFING_DETECTADA,,,,
TX-0012882,CLI-01991,SISTEMA,DEPOSITO_EFECTIVO,249.84,2026-05-28 00:49:22,0,ESTRUCTURACION_SMURFING_DETECTADA,,,,
TX-0014632,CLI-02269,SISTEMA,DEPOSITO_EFECTIVO,298.8,2026-05-28 00:54:22,0,ESTRUCTURACION_SMURFING_DETECTADA,,,,
TX-0005569,CLI-00855,SISTEMA,DEPOSITO_EFECTIVO,1862.42,2026-05-28 00:56:22,0,ESTRUCTURACION_SMURFING_DETECTADA,,,,
TX-0007246,CLI-01120,SISTEMA,DEPOSITO_EFECTIVO,6918.05,2026-05-28 01:05:22,0,ESTRUCTURACION_SMURFING_DETECTADA,,,,
TX-0031257,CLI-04808,SISTEMA,DEPOSITO_EFECTIVO,317.58,2026-05-28 01:06:22,0,ESTRUCTURACION_SMURFING_DETECTADA,,,,
TX-0022271,CLI-03444,SISTEMA,DEPOSITO_EFECTIVO,873.96,2026-05-28 01:13:22,0,ESTRUCTURACION_SMURFING_DETECTADA,,,,
TX-0018649,CLI-02885,SISTEMA,DEPOSITO_EFECTIVO,2053.7,2026-05-28 01:16:22,0,ESTRUCTURACION_SMURFING_DETECTADA,,,,
TX-0004800,CLI-00742,SISTEMA,DEPOSITO_EFECTIVO,6826.45,2026-05-28 01:28:22,0,ESTRUCTURACION_SMURFING_DETECTADA,,,,
TX-0018513,CLI-02863,SISTEMA,DEPOSITO_EFECTIVO,2470.72,2026-05-28 01:38:22,0,ESTRUCTURACION_SMURFING_DETECTADA,,,,
TX-0012448,CLI-01921,SISTEMA,DEPOSITO_EFECTIVO,9946.72,2026-05-28 01:52:22,0,ESTRUCTURACION_SMURFING_DETECTADA,,,,
TX-0024287,CLI-03749,SISTEMA,DEPOSITO_EFECTIVO,3753.59,2026-05-28 01:54:22,0,ESTRUCTURACION_SMURFING_DETECTADA,,,,
TX-0016353,CLI-02532,SISTEMA,DEPOSITO_EFECTIVO,1830.83,2026-05-28 02:14:22,0,ESTRUCTURACION_SMURFING_DETECTADA,,,,
TX-0007651,CLI-01177,SISTEMA,DEPOSITO_EFECTIVO,1733.86,2026-05-28 02:20:22,0,ESTRUCTURACION_SMURFING_DETECTADA,,,,
TX-0020302,CLI-03148,SISTEMA,DEPOSITO_EFECTIVO,1028.46,2026-05-28 03:02:22,0,ESTRUCTURACION_SMURFING_DETECTADA,,,,
TX-0015498,CLI-02398,SISTEMA,DEPOSITO_EFECTIVO,500.05,2026-05-28 03:03:22,0,ESTRUCTURACION_SMURFING_DETECTADA,,,,
TX-0013264,CLI-02054,SISTEMA,DEPOSITO_EFECTIVO,596.64,2026-05-28 03:03:22,0,ESTRUCTURACION_SMURFING_DETECTADA,,,,
TX-0014202,CLI-02200,SISTEMA,DEPOSITO_EFECTIVO,4309.1,2026-05-28 03:11:22,0,ESTRUCTURACION_SMURFING_DETECTADA,,,,
TX-0008217,CLI-01265,SISTEMA,DEPOSITO_EFECTIVO,1148.52,2026-05-28 03:13:22,0,ESTRUCTURACION_SMURFING_DETECTADA,,,,
TX-0028056,CLI-04321,SISTEMA,DEPOSITO_EFECTIVO,12689.08,2026-05-28 03:15:22,0,ESTRUCTURACION_SMURFING_DETECTADA,,,,
TX-0022661,CLI-03502,SISTEMA,DEPOSITO_EFECTIVO,420.86,2026-05-28 03:16:22,0,ESTRUCTURACION_SMURFING_DETECTADA,,,,
TX-0006971,CLI-01075,SISTEMA,DEPOSITO_EFECTIVO,11183.5,2026-05-28 03:17:22,0,ESTRUCTURACION_SMURFING_DETECTADA,,,,
TX-0019599,CLI-03039,SISTEMA,DEPOSITO_EFECTIVO,1384.99,2026-05-28 03:19:22,0,ESTRUCTURACION_SMURFING_DETECTADA,,,,
TX-0000965,CLI-00147,SISTEMA,DEPOSITO_EFECTIVO,4020.2,2026-05-28 03:23:22,0,ESTRUCTURACION_SMURFING_DETECTADA,,,,
TX-0021536,CLI-03331,SISTEMA,DEPOSITO_EFECTIVO,318.38,2026-05-28 03:26:22,0,ESTRUCTURACION_SMURFING_DETECTADA,,,,
TX-0016481,CLI-02553,SISTEMA,DEPOSITO_EFECTIVO,678.14,2026-05-28 03:27:22,0,ESTRUCTURACION_SMURFING_DETECTADA,,,,
TX-0005429,CLI-00834,SISTEMA,DEPOSITO_EFECTIVO,14830.89,2026-05-28 03:36:22,0,ESTRUCTURACION_SMURFING_DETECTADA,,,,
TX-0032455,CLI-04984,SISTEMA,DEPOSITO_EFECTIVO,4481.03,2026-05-28 03:57:22,0,ESTRUCTURACION_SMURFING_DETECTADA,,,,
TX-0022681,CLI-03505,SISTEMA,DEPOSITO_EFECTIVO,5079.37,2026-05-28 04:07:22,0,ESTRUCTURACION_SMURFING_DETECTADA,,,,
TX-0013635,CLI-02114,SISTEMA,DEPOSITO_EFECTIVO,1056.22,2026-05-28 04:13:22,0,ESTRUCTURACION_SMURFING_DETECTADA,,,,
TX-0021843,CLI-03375,SISTEMA,DEPOSITO_EFECTIVO,3003.38,2026-05-28 04:24:22,0,ESTRUCTURACION_SMURFING_DETECTADA,,,,
TX-0003678,CLI-00556,SISTEMA,DEPOSITO_EFECTIVO,148.19,2026-05-28 04:28:22,0,ESTRUCTURACION_SMURFING_DETECTADA,,,,
TX-0006167,CLI-00949,SISTEMA,DEPOSITO_EFECTIVO,1927.4,2026-05-28 04:28:22,0,ESTRUCTURACION_SMURFING_DETECTADA,,,,
TX-0007056,CLI-01091,SISTEMA,DEPOSITO_EFECTIVO,1205.91,2026-05-28 04:34:22,0,ESTRUCTURACION_SMURFING_DETECTADA,,,,
TX-0003846,CLI-00584,SISTEMA,DEPOSITO_EFECTIVO,1285.58,2026-05-28 04:50:22,0,ESTRUCTURACION_SMURFING_DETECTADA,,,,
TX-0005796,CLI-00888,SISTEMA,DEPOSITO_EFECTIVO,432.43,2026-05-28 04:54:22,0,ESTRUCTURACION_SMURFING_DETECTADA,,,,
TX-0005362,CLI-00825,SISTEMA,DEPOSITO_EFECTIVO,146.15,2026-05-28 05:02:22,0,ESTRUCTURACION_SMURFING_DETECTADA,,,,
TX-0011413,CLI-01759,SISTEMA,DEPOSITO_EFECTIVO,450.92,2026-05-28 05:04:22,0,ESTRUCTURACION_SMURFING_DETECTADA,,,,
TX-0025943,CLI-04000,SISTEMA,DEPOSITO_EFECTIVO,3093.61,2026-05-28 05:17:22,0,ESTRUCTURACION_SMURFING_DETECTADA,,,,
TX-0004081,CLI-00624,SISTEMA,DEPOSITO_EFECTIVO,92.14,2026-05-28 05:19:22,0,ESTRUCTURACION_SMURFING_DETECTADA,,,,
TX-0012161,CLI-01878,SISTEMA,DEPOSITO_EFECTIVO,505.83,2026-05-28 05:24:22,0,ESTRUCTURACION_SMURFING_DETECTADA,,,,
TX-0011585,CLI-01786,SISTEMA,DEPOSITO_EFECTIVO,6965.01,2026-05-28 05:25:22,0,ESTRUCTURACION_SMURFING_DETECTADA,,,,
TX-0030593,CLI-04710,SISTEMA,DEPOSITO_EFECTIVO,1059.8,2026-05-28 05:28:22,0,ESTRUCTURACION_SMURFING_DETECTADA,,,,
TX-0030430,CLI-04686,SISTEMA,DEPOSITO_EFECTIVO,2724.89,2026-05-28 05:52:22,0,ESTRUCTURACION_SMURFING_DETECTADA,,,,
TX-0023088,CLI-03567,SISTEMA,DEPOSITO_EFECTIVO,2176.64,2026-05-28 05:57:22,0,ESTRUCTURACION_SMURFING_DETECTADA,,,,
TX-0018723,CLI-02897,SISTEMA,DEPOSITO_EFECTIVO,979.29,2026-05-28 06:10:22,0,ESTRUCTURACION_SMURFING_DETECTADA,,,,
TX-0014289,CLI-02214,SISTEMA,DEPOSITO_EFECTIVO,3862.12,2026-05-28 06:11:22,0,ESTRUCTURACION_SMURFING_DETECTADA,,,,
TX-0008750,CLI-01342,SISTEMA,DEPOSITO_EFECTIVO,9538.34,2026-05-28 06:20:22,0,ESTRUCTURACION_SMURFING_DETECTADA,,,,
TX-0020708,CLI-03205,SISTEMA,DEPOSITO_EFECTIVO,8771.72,2026-05-28 07:04:22,0,ESTRUCTURACION_SMURFING_DETECTADA,,,,
TX-0014157,CLI-02192,SISTEMA,DEPOSITO_EFECTIVO,166.43,2026-05-28 07:06:22,0,ESTRUCTURACION_SMURFING_DETECTADA,,,,
TX-0006051,CLI-00930,SISTEMA,DEPOSITO_EFECTIVO,627.65,2026-05-28 07:10:22,0,ESTRUCTURACION_SMURFING_DETECTADA,,,,
TX-0032531,CLI-04995,SISTEMA,DEPOSITO_EFECTIVO,5127.96,2026-05-28 07:20:22,0,ESTRUCTURACION_SMURFING_DETECTADA,,,,
TX-0024872,CLI-03839,SISTEMA,DEPOSITO_EFECTIVO,625.41,2026-05-28 07:23:22,0,ESTRUCTURACION_SMURFING_DETECTADA,,,,
TX-0002781,CLI-00421,SISTEMA,DEPOSITO_EFECTIVO,572.88,2026-05-28 07:31:22,0,ESTRUCTURACION_SMURFING_DETECTADA,,,,
TX-0030173,CLI-04649,SISTEMA,DEPOSITO_EFECTIVO,10192.12,2026-05-28 07:45:22,0,ESTRUCTURACION_SMURFING_DETECTADA,,,,
TX-0018003,CLI-02785,SISTEMA,DEPOSITO_EFECTIVO,3664.19,2026-05-28 07:50:22,0,ESTRUCTURACION_SMURFING_DETECTADA,,,,
TX-0026287,CLI-04049,SISTEMA,DEPOSITO_EFECTIVO,172.24,2026-05-28 07:51:22,0,ESTRUCTURACION_SMURFING_DETECTADA,,,,
TX-0006181,CLI-00952,SISTEMA,DEPOSITO_EFECTIVO,4845.56,2026-05-28 07:53:22,0,ESTRUCTURACION_SMURFING_DETECTADA,,,,
TX-0020736,CLI-03209,SISTEMA,DEPOSITO_EFECTIVO,3066.26,2026-05-28 07:54:22,0,ESTRUCTURACION_SMURFING_DETECTADA,,,,
TX-0016291,CLI-02521,SISTEMA,DEPOSITO_EFECTIVO,505.12,2026-05-28 08:05:22,0,ESTRUCTURACION_SMURFING_DETECTADA,,,,
TX-0027036,CLI-04166,SISTEMA,DEPOSITO_EFECTIVO,5224.68,2026-05-28 08:06:22,0,ESTRUCTURACION_SMURFING_DETECTADA,,,,
TX-0031792,CLI-04886,SISTEMA,DEPOSITO_EFECTIVO,1674.88,2026-05-28 08:09:22,0,ESTRUCTURACION_SMURFING_DETECTADA,,,,
TX-0010076,CLI-01547,SISTEMA,DEPOSITO_EFECTIVO,8937.51,2026-05-28 08:18:22,0,ESTRUCTURACION_SMURFING_DETECTADA,,,,
TX-0030290,CLI-04668,SISTEMA,DEPOSITO_EFECTIVO,671.51,2026-05-28 08:40:22,0,ESTRUCTURACION_SMURFING_DETECTADA,,,,
TX-0000987,CLI-00150,SISTEMA,DEPOSITO_EFECTIVO,12823.96,2026-05-28 08:56:22,0,ESTRUCTURACION_SMURFING_DETECTADA,,,,
TX-0010405,CLI-01597,SISTEMA,DEPOSITO_EFECTIVO,12320.46,2026-05-28 08:57:22,0,ESTRUCTURACION_SMURFING_DETECTADA,,,,
TX-0017431,CLI-02702,SISTEMA,DEPOSITO_EFECTIVO,6256.62,2026-05-28 09:02:22,0,ESTRUCTURACION_SMURFING_DETECTADA,,,,
TX-0002832,CLI-00429,SISTEMA,DEPOSITO_EFECTIVO,1756.79,2026-05-28 09:04:22,0,ESTRUCTURACION_SMURFING_DETECTADA,,,,
TX-0022061,CLI-03409,SISTEMA,DEPOSITO_EFECTIVO,667.66,2026-05-28 09:14:22,0,ESTRUCTURACION_SMURFING_DETECTADA,,,,
TX-0014637,CLI-02269,SISTEMA,DEPOSITO_EFECTIVO,972.64,2026-05-28 09:14:22,0,ESTRUCTURACION_SMURFING_DETECTADA,,,,
TX-0007100,CLI-01096,SISTEMA,DEPOSITO_EFECTIVO,10450.51,2026-05-28 09:26:22,0,ESTRUCTURACION_SMURFING_DETECTADA,,,,
TX-0002072,CLI-00311,SISTEMA,DEPOSITO_EFECTIVO,1846.27,2026-05-28 09:30:22,0,ESTRUCTURACION_SMURFING_DETECTADA,,,,
TX-0008637,CLI-01326,SISTEMA,DEPOSITO_EFECTIVO,12023.01,2026-05-28 09:35:22,0,ESTRUCTURACION_SMURFING_DETECTADA,,,,
TX-0026074,CLI-04021,SISTEMA,DEPOSITO_EFECTIVO,1813.0,2026-05-28 09:38:22,0,ESTRUCTURACION_SMURFING_DETECTADA,,,,
TX-0009316,CLI-01430,SISTEMA,DEPOSITO_EFECTIVO,1116.25,2026-05-28 09:50:22,0,ESTRUCTURACION_SMURFING_DETECTADA,,,,
TX-0020334,CLI-03152,SISTEMA,DEPOSITO_EFECTIVO,9985.54,2026-05-28 09:50:22,0,ESTRUCTURACION_SMURFING_DETECTADA,,,,
TX-0025074,CLI-03869,SISTEMA,DEPOSITO_EFECTIVO,12567.73,2026-05-28 09:58:22,0,ESTRUCTURACION_SMURFING_DETECTADA,,,,
TX-0027371,CLI-04220,SISTEMA,DEPOSITO_EFECTIVO,1779.11,2026-05-28 10:02:22,0,ESTRUCTURACION_SMURFING_DETECTADA,,,,
TX-0009794,CLI-01503,SISTEMA,DEPOSITO_EFECTIVO,2326.44,2026-05-28 10:04:22,0,ESTRUCTURACION_SMURFING_DETECTADA,,,,
TX-0014467,CLI-02243,SISTEMA,DEPOSITO_EFECTIVO,827.2,2026-05-28 10:04:22,0,ESTRUCTURACION_SMURFING_DETECTADA,,,,
TX-0013059,CLI-02021,SISTEMA,DEPOSITO_EFECTIVO,1415.99,2026-05-28 10:07:22,0,ESTRUCTURACION_SMURFING_DETECTADA,,,,
TX-0031414,CLI-04832,SISTEMA,DEPOSITO_EFECTIVO,377.22,2026-05-28 10:09:22,0,ESTRUCTURACION_SMURFING_DETECTADA,,,,
TX-0018647,CLI-02884,SISTEMA,DEPOSITO_EFECTIVO,3853.93,2026-05-28 10:13:22,0,ESTRUCTURACION_SMURFING_DETECTADA,,,,
TX-0001445,CLI-00217,SISTEMA,DEPOSITO_EFECTIVO,1258.88,2026-05-28 10:16:22,0,ESTRUCTURACION_SMURFING_DETECTADA,,,,
TX-0018452,CLI-02856,SISTEMA,DEPOSITO_EFECTIVO,301.9,2026-05-28 10:47:22,0,ESTRUCTURACION_SMURFING_DETECTADA,,,,
TX-0019773,CLI-03066,SISTEMA,DEPOSITO_EFECTIVO,2040.58,2026-05-28 10:52:22,0,ESTRUCTURACION_SMURFING_DETECTADA,,,,
TX-0026930,CLI-04150,SISTEMA,DEPOSITO_EFECTIVO,7056.7,2026-05-28 11:01:22,0,ESTRUCTURACION_SMURFING_DETECTADA,,,,
TX-0027737,CLI-04273,SISTEMA,DEPOSITO_EFECTIVO,2447.43,2026-05-28 11:47:22,0,ESTRUCTURACION_SMURFING_DETECTADA,,,,
TX-0004905,CLI-00759,SISTEMA,DEPOSITO_EFECTIVO,377.79,2026-05-28 11:55:22,0,ESTRUCTURACION_SMURFING_DETECTADA,,,,
TX-0013254,CLI-02051,SISTEMA,DEPOSITO_EFECTIVO,804.19,2026-05-28 12:05:22,0,ESTRUCTURACION_SMURFING_DETECTADA,,,,
TX-0028988,CLI-04464,SISTEMA,DEPOSITO_EFECTIVO,3113.18,2026-05-28 12:07:22,0,ESTRUCTURACION_SMURFING_DETECTADA,,,,
TX-0032565,VENTANILLA_EFECTIVO,CLI-00001,DEPOSITO_EFECTIVO,14388.21,2026-05-28 12:21:22,1,ESTRUCTURACION_SMURFING_DETECTADA,CLI-00001,Dra. Eloisa Huerta,Desempleado,445.32
TX-0032573,VENTANILLA_EFECTIVO,CLI-00002,DEPOSITO_EFECTIVO,14353.26,2026-05-28 12:21:22,1,ESTRUCTURACION_SMURFING_DETECTADA,CLI-00002,Ing. Julio César Palomo,Desempleado,1100.12
TX-0032589,VENTANILLA_EFECTIVO,CLI-00007,DEPOSITO_EFECTIVO,14297.34,2026-05-28 12:21:22,1,ESTRUCTURACION_SMURFING_DETECTADA,CLI-00007,Yeni Ruby Fuentes,Estudiante,3311.83
TX-0032581,VENTANILLA_EFECTIVO,CLI-00004,DEPOSITO_EFECTIVO,14667.17,2026-05-28 12:21:22,1,ESTRUCTURACION_SMURFING_DETECTADA,CLI-00004,Dalia Huerta Cazares,Estudiante,6060.2
TX-0032597,VENTANILLA_EFECTIVO,CLI-00010,DEPOSITO_EFECTIVO,14286.48,2026-05-28 12:21:22,1,ESTRUCTURACION_SMURFING_DETECTADA,CLI-00010,Leticia Romo,Desempleado,2805.3
TX-0030519,CLI-04696,SISTEMA,DEPOSITO_EFECTIVO,3158.27,2026-05-28 12:26:22,0,ESTRUCTURACION_SMURFING_DETECTADA,,,,
TX-0012036,CLI-01856,SISTEMA,DEPOSITO_EFECTIVO,2269.41,2026-05-28 12:28:22,0,ESTRUCTURACION_SMURFING_DETECTADA,,,,
TX-0018508,CLI-02863,SISTEMA,DEPOSITO_EFECTIVO,582.57,2026-05-28 12:35:22,0,ESTRUCTURACION_SMURFING_DETECTADA,,,,
TX-0032566,VENTANILLA_EFECTIVO,CLI-00001,DEPOSITO_EFECTIVO,14538.76,2026-05-28 12:41:22,1,ESTRUCTURACION_SMURFING_DETECTADA,CLI-00001,Dra. Eloisa Huerta,Desempleado,445.32
TX-0032598,VENTANILLA_EFECTIVO,CLI-00010,DEPOSITO_EFECTIVO,14475.29,2026-05-28 12:41:22,1,ESTRUCTURACION_SMURFING_DETECTADA,CLI-00010,Leticia Romo,Desempleado,2805.3
TX-0032582,VENTANILLA_EFECTIVO,CLI-00004,DEPOSITO_EFECTIVO,14373.43,2026-05-28 12:41:22,1,ESTRUCTURACION_SMURFING_DETECTADA,CLI-00004,Dalia Huerta Cazares,Estudiante,6060.2
TX-0032590,VENTANILLA_EFECTIVO,CLI-00007,DEPOSITO_EFECTIVO,14285.17,2026-05-28 12:41:22,1,ESTRUCTURACION_SMURFING_DETECTADA,CLI-00007,Yeni Ruby Fuentes,Estudiante,3311.83
TX-0032574,VENTANILLA_EFECTIVO,CLI-00002,DEPOSITO_EFECTIVO,14738.31,2026-05-28 12:41:22,1,ESTRUCTURACION_SMURFING_DETECTADA,CLI-00002,Ing. Julio César Palomo,Desempleado,1100.12
TX-0000757,CLI-00117,SISTEMA,DEPOSITO_EFECTIVO,2429.33,2026-05-28 12:42:22,0,ESTRUCTURACION_SMURFING_DETECTADA,,,,
TX-0004316,CLI-00660,SISTEMA,DEPOSITO_EFECTIVO,145.99,2026-05-28 12:46:22,0,ESTRUCTURACION_SMURFING_DETECTADA,,,,
TX-0015907,CLI-02463,SISTEMA,DEPOSITO_EFECTIVO,991.6,2026-05-28 12:48:22,0,ESTRUCTURACION_SMURFING_DETECTADA,,,,
TX-0010032,CLI-01541,SISTEMA,DEPOSITO_EFECTIVO,235.92,2026-05-28 12:54:22,0,ESTRUCTURACION_SMURFING_DETECTADA,,,,
TX-0011017,CLI-01698,SISTEMA,DEPOSITO_EFECTIVO,847.67,2026-05-28 12:59:22,0,ESTRUCTURACION_SMURFING_DETECTADA,,,,
TX-0032583,VENTANILLA_EFECTIVO,CLI-00004,DEPOSITO_EFECTIVO,14390.5,2026-05-28 13:01:22,1,ESTRUCTURACION_SMURFING_DETECTADA,CLI-00004,Dalia Huerta Cazares,Estudiante,6060.2
TX-0032591,VENTANILLA_EFECTIVO,CLI-00007,DEPOSITO_EFECTIVO,14466.2,2026-05-28 13:01:22,1,ESTRUCTURACION_SMURFING_DETECTADA,CLI-00007,Yeni Ruby Fuentes,Estudiante,3311.83
TX-0032575,VENTANILLA_EFECTIVO,CLI-00002,DEPOSITO_EFECTIVO,14892.7,2026-05-28 13:01:22,1,ESTRUCTURACION_SMURFING_DETECTADA,CLI-00002,Ing. Julio César Palomo,Desempleado,1100.12
TX-0032599,VENTANILLA_EFECTIVO,CLI-00010,DEPOSITO_EFECTIVO,14210.83,2026-05-28 13:01:22,1,ESTRUCTURACION_SMURFING_DETECTADA,CLI-00010,Leticia Romo,Desempleado,2805.3
TX-0032567,VENTANILLA_EFECTIVO,CLI-00001,DEPOSITO_EFECTIVO,14543.1,2026-05-28 13:01:22,1,ESTRUCTURACION_SMURFING_DETECTADA,CLI-00001,Dra. Eloisa Huerta,Desempleado,445.32
TX-0018963,CLI-02932,SISTEMA,DEPOSITO_EFECTIVO,132.31,2026-05-28 13:18:22,0,ESTRUCTURACION_SMURFING_DETECTADA,,,,
TX-0006236,CLI-00959,SISTEMA,DEPOSITO_EFECTIVO,764.06,2026-05-28 13:20:22,0,ESTRUCTURACION_SMURFING_DETECTADA,,,,
TX-0032592,VENTANILLA_EFECTIVO,CLI-00007,DEPOSITO_EFECTIVO,14493.56,2026-05-28 13:21:22,1,ESTRUCTURACION_SMURFING_DETECTADA,CLI-00007,Yeni Ruby Fuentes,Estudiante,3311.83
TX-0032568,VENTANILLA_EFECTIVO,CLI-00001,DEPOSITO_EFECTIVO,14706.35,2026-05-28 13:21:22,1,ESTRUCTURACION_SMURFING_DETECTADA,CLI-00001,Dra. Eloisa Huerta,Desempleado,445.32
TX-0032576,VENTANILLA_EFECTIVO,CLI-00002,DEPOSITO_EFECTIVO,14325.98,2026-05-28 13:21:22,1,ESTRUCTURACION_SMURFING_DETECTADA,CLI-00002,Ing. Julio César Palomo,Desempleado,1100.12
TX-0032600,VENTANILLA_EFECTIVO,CLI-00010,DEPOSITO_EFECTIVO,14780.43,2026-05-28 13:21:22,1,ESTRUCTURACION_SMURFING_DETECTADA,CLI-00010,Leticia Romo,Desempleado,2805.3
TX-0032584,VENTANILLA_EFECTIVO,CLI-00004,DEPOSITO_EFECTIVO,14255.76,2026-05-28 13:21:22,1,ESTRUCTURACION_SMURFING_DETECTADA,CLI-00004,Dalia Huerta Cazares,Estudiante,6060.2
TX-0032593,VENTANILLA_EFECTIVO,CLI-00007,DEPOSITO_EFECTIVO,14593.64,2026-05-28 13:41:22,1,ESTRUCTURACION_SMURFING_DETECTADA,CLI-00007,Yeni Ruby Fuentes,Estudiante,3311.83
TX-0005549,CLI-00852,SISTEMA,DEPOSITO_EFECTIVO,277.9,2026-05-28 13:41:22,0,ESTRUCTURACION_SMURFING_DETECTADA,,,,
TX-0032569,VENTANILLA_EFECTIVO,CLI-00001,DEPOSITO_EFECTIVO,14620.25,2026-05-28 13:41:22,1,ESTRUCTURACION_SMURFING_DETECTADA,CLI-00001,Dra. Eloisa Huerta,Desempleado,445.32
TX-0032585,VENTANILLA_EFECTIVO,CLI-00004,DEPOSITO_EFECTIVO,14726.21,2026-05-28 13:41:22,1,ESTRUCTURACION_SMURFING_DETECTADA,CLI-00004,Dalia Huerta Cazares,Estudiante,6060.2
TX-0032601,VENTANILLA_EFECTIVO,CLI-00010,DEPOSITO_EFECTIVO,14556.94,2026-05-28 13:41:22,1,ESTRUCTURACION_SMURFING_DETECTADA,CLI-00010,Leticia Romo,Desempleado,2805.3
TX-0032577,VENTANILLA_EFECTIVO,CLI-00002,DEPOSITO_EFECTIVO,14397.69,2026-05-28 13:41:22,1,ESTRUCTURACION_SMURFING_DETECTADA,CLI-00002,Ing. Julio César Palomo,Desempleado,1100.12
TX-0022858,CLI-03532,SISTEMA,DEPOSITO_EFECTIVO,9698.28,2026-05-28 13:43:22,0,ESTRUCTURACION_SMURFING_DETECTADA,,,,
TX-0016631,CLI-02576,SISTEMA,DEPOSITO_EFECTIVO,106.28,2026-05-28 13:51:22,0,ESTRUCTURACION_SMURFING_DETECTADA,,,,
TX-0032570,VENTANILLA_EFECTIVO,CLI-00001,DEPOSITO_EFECTIVO,14849.94,2026-05-28 14:01:22,1,ESTRUCTURACION_SMURFING_DETECTADA,CLI-00001,Dra. Eloisa Huerta,Desempleado,445.32
TX-0032586,VENTANILLA_EFECTIVO,CLI-00004,DEPOSITO_EFECTIVO,14649.92,2026-05-28 14:01:22,1,ESTRUCTURACION_SMURFING_DETECTADA,CLI-00004,Dalia Huerta Cazares,Estudiante,6060.2
TX-0032578,VENTANILLA_EFECTIVO,CLI-00002,DEPOSITO_EFECTIVO,14881.17,2026-05-28 14:01:22,1,ESTRUCTURACION_SMURFING_DETECTADA,CLI-00002,Ing. Julio César Palomo,Desempleado,1100.12
TX-0032602,VENTANILLA_EFECTIVO,CLI-00010,DEPOSITO_EFECTIVO,14630.92,2026-05-28 14:01:22,1,ESTRUCTURACION_SMURFING_DETECTADA,CLI-00010,Leticia Romo,Desempleado,2805.3
TX-0032594,VENTANILLA_EFECTIVO,CLI-00007,DEPOSITO_EFECTIVO,14347.69,2026-05-28 14:01:22,1,ESTRUCTURACION_SMURFING_DETECTADA,CLI-00007,Yeni Ruby Fuentes,Estudiante,3311.83
TX-0025456,CLI-03928,SISTEMA,DEPOSITO_EFECTIVO,1448.91,2026-05-28 14:05:22,0,ESTRUCTURACION_SMURFING_DETECTADA,,,,
TX-0010051,CLI-01544,SISTEMA,DEPOSITO_EFECTIVO,12973.41,2026-05-28 14:06:22,0,ESTRUCTURACION_SMURFING_DETECTADA,,,,
TX-0014530,CLI-02253,SISTEMA,DEPOSITO_EFECTIVO,623.09,2026-05-28 14:11:22,0,ESTRUCTURACION_SMURFING_DETECTADA,,,,
TX-0010358,CLI-01589,SISTEMA,DEPOSITO_EFECTIVO,1869.13,2026-05-28 14:19:22,0,ESTRUCTURACION_SMURFING_DETECTADA,,,,
TX-0032571,VENTANILLA_EFECTIVO,CLI-00001,DEPOSITO_EFECTIVO,14612.99,2026-05-28 14:21:22,1,ESTRUCTURACION_SMURFING_DETECTADA,CLI-00001,Dra. Eloisa Huerta,Desempleado,445.32
TX-0032579,VENTANILLA_EFECTIVO,CLI-00002,DEPOSITO_EFECTIVO,14693.98,2026-05-28 14:21:22,1,ESTRUCTURACION_SMURFING_DETECTADA,CLI-00002,Ing. Julio César Palomo,Desempleado,1100.12
TX-0032603,VENTANILLA_EFECTIVO,CLI-00010,DEPOSITO_EFECTIVO,14798.61,2026-05-28 14:21:22,1,ESTRUCTURACION_SMURFING_DETECTADA,CLI-00010,Leticia Romo,Desempleado,2805.3
TX-0032595,VENTANILLA_EFECTIVO,CLI-00007,DEPOSITO_EFECTIVO,14619.83,2026-05-28 14:21:22,1,ESTRUCTURACION_SMURFING_DETECTADA,CLI-00007,Yeni Ruby Fuentes,Estudiante,3311.83
TX-0032587,VENTANILLA_EFECTIVO,CLI-00004,DEPOSITO_EFECTIVO,14614.28,2026-05-28 14:21:22,1,ESTRUCTURACION_SMURFING_DETECTADA,CLI-00004,Dalia Huerta Cazares,Estudiante,6060.2
TX-0012428,CLI-01918,SISTEMA,DEPOSITO_EFECTIVO,2232.64,2026-05-28 14:27:22,0,ESTRUCTURACION_SMURFING_DETECTADA,,,,
TX-0030949,CLI-04763,SISTEMA,DEPOSITO_EFECTIVO,194.83,2026-05-28 14:31:22,0,ESTRUCTURACION_SMURFING_DETECTADA,,,,
TX-0021568,CLI-03336,SISTEMA,DEPOSITO_EFECTIVO,744.58,2026-05-28 14:31:22,0,ESTRUCTURACION_SMURFING_DETECTADA,,,,
TX-0032596,VENTANILLA_EFECTIVO,CLI-00007,DEPOSITO_EFECTIVO,14293.6,2026-05-28 14:41:22,1,ESTRUCTURACION_SMURFING_DETECTADA,CLI-00007,Yeni Ruby Fuentes,Estudiante,3311.83
TX-0032572,VENTANILLA_EFECTIVO,CLI-00001,DEPOSITO_EFECTIVO,14722.46,2026-05-28 14:41:22,1,ESTRUCTURACION_SMURFING_DETECTADA,CLI-00001,Dra. Eloisa Huerta,Desempleado,445.32
TX-0032580,VENTANILLA_EFECTIVO,CLI-00002,DEPOSITO_EFECTIVO,14603.61,2026-05-28 14:41:22,1,ESTRUCTURACION_SMURFING_DETECTADA,CLI-00002,Ing. Julio César Palomo,Desempleado,1100.12
TX-0032604,VENTANILLA_EFECTIVO,CLI-00010,DEPOSITO_EFECTIVO,14642.62,2026-05-28 14:41:22,1,ESTRUCTURACION_SMURFING_DETECTADA,CLI-00010,Leticia Romo,Desempleado,2805.3
TX-0032588,VENTANILLA_EFECTIVO,CLI-00004,DEPOSITO_EFECTIVO,14885.43,2026-05-28 14:41:22,1,ESTRUCTURACION_SMURFING_DETECTADA,CLI-00004,Dalia Huerta Cazares,Estudiante,6060.2
TX-0012323,CLI-01901,SISTEMA,DEPOSITO_EFECTIVO,1560.69,2026-05-28 14:50:22,0,ESTRUCTURACION_SMURFING_DETECTADA,,,,
TX-0024455,CLI-03775,SISTEMA,DEPOSITO_EFECTIVO,1201.7,2026-05-28 14:51:22,0,ESTRUCTURACION_SMURFING_DETECTADA,,,,
TX-0002157,CLI-00324,SISTEMA,DEPOSITO_EFECTIVO,2295.77,2026-05-28 14:54:22,0,ESTRUCTURACION_SMURFING_DETECTADA,,,,
TX-0027243,CLI-04200,SISTEMA,DEPOSITO_EFECTIVO,327.05,2026-05-28 14:58:22,0,ESTRUCTURACION_SMURFING_DETECTADA,,,,
TX-0004100,CLI-00627,SISTEMA,DEPOSITO_EFECTIVO,3829.92,2026-05-28 14:59:22,0,ESTRUCTURACION_SMURFING_DETECTADA,,,,
TX-0004998,CLI-00773,SISTEMA,DEPOSITO_EFECTIVO,3215.2,2026-05-28 15:02:22,0,ESTRUCTURACION_SMURFING_DETECTADA,,,,
TX-0003410,CLI-00516,SISTEMA,DEPOSITO_EFECTIVO,392.72,2026-05-28 15:07:22,0,ESTRUCTURACION_SMURFING_DETECTADA,,,,
TX-0010621,CLI-01634,SISTEMA,DEPOSITO_EFECTIVO,311.54,2026-05-28 15:17:22,0,ESTRUCTURACION_SMURFING_DETECTADA,,,,
TX-0016686,CLI-02584,SISTEMA,DEPOSITO_EFECTIVO,658.42,2026-05-28 15:18:22,0,ESTRUCTURACION_SMURFING_DETECTADA,,,,
TX-0032563,CLI-05000,SISTEMA,DEPOSITO_EFECTIVO,1632.14,2026-05-28 15:20:22,0,ESTRUCTURACION_SMURFING_DETECTADA,,,,
TX-0021529,CLI-03330,SISTEMA,DEPOSITO_EFECTIVO,1287.16,2026-05-28 15:30:22,0,ESTRUCTURACION_SMURFING_DETECTADA,,,,
TX-0018162,CLI-02810,SISTEMA,DEPOSITO_EFECTIVO,151.36,2026-05-28 15:33:22,0,ESTRUCTURACION_SMURFING_DETECTADA,,,,
TX-0019831,CLI-03074,SISTEMA,DEPOSITO_EFECTIVO,1394.44,2026-05-28 15:34:22,0,ESTRUCTURACION_SMURFING_DETECTADA,,,,
TX-0021688,CLI-03352,SISTEMA,DEPOSITO_EFECTIVO,3995.88,2026-05-28 15:36:22,0,ESTRUCTURACION_SMURFING_DETECTADA,,,,
TX-0002511,CLI-00380,SISTEMA,DEPOSITO_EFECTIVO,874.7,2026-05-28 15:38:22,0,ESTRUCTURACION_SMURFING_DETECTADA,,,,
TX-0012369,CLI-01909,SISTEMA,DEPOSITO_EFECTIVO,109.24,2026-05-28 15:45:22,0,ESTRUCTURACION_SMURFING_DETECTADA,,,,
TX-0007005,CLI-01080,SISTEMA,DEPOSITO_EFECTIVO,963.09,2026-05-28 15:58:22,0,ESTRUCTURACION_SMURFING_DETECTADA,,,,
TX-0002991,CLI-00455,SISTEMA,DEPOSITO_EFECTIVO,377.26,2026-05-28 16:04:22,0,ESTRUCTURACION_SMURFING_DETECTADA,,,,
TX-0023186,CLI-03582,SISTEMA,DEPOSITO_EFECTIVO,950.24,2026-05-28 16:12:22,0,ESTRUCTURACION_SMURFING_DETECTADA,,,,
TX-0010193,CLI-01565,SISTEMA,DEPOSITO_EFECTIVO,228.53,2026-05-28 16:13:22,0,ESTRUCTURACION_SMURFING_DETECTADA,,,,
TX-0005456,CLI-00838,SISTEMA,DEPOSITO_EFECTIVO,500.82,2026-05-28 16:23:22,0,ESTRUCTURACION_SMURFING_DETECTADA,,,,
TX-0019543,CLI-03030,SISTEMA,DEPOSITO_EFECTIVO,5198.74,2026-05-28 16:31:22,0,ESTRUCTURACION_SMURFING_DETECTADA,,,,
TX-0030806,CLI-04740,SISTEMA,DEPOSITO_EFECTIVO,899.1,2026-05-28 16:31:22,0,ESTRUCTURACION_SMURFING_DETECTADA,,,,
TX-0010808,CLI-01666,SISTEMA,DEPOSITO_EFECTIVO,614.57,2026-05-28 16:36:22,0,ESTRUCTURACION_SMURFING_DETECTADA,,,,
TX-0007012,CLI-01082,SISTEMA,DEPOSITO_EFECTIVO,8324.66,2026-05-28 16:40:22,0,ESTRUCTURACION_SMURFING_DETECTADA,,,,
TX-0003902,CLI-00595,SISTEMA,DEPOSITO_EFECTIVO,1290.26,2026-05-28 16:46:22,0,ESTRUCTURACION_SMURFING_DETECTADA,,,,
TX-0025497,CLI-03934,SISTEMA,DEPOSITO_EFECTIVO,5331.29,2026-05-28 16:54:22,0,ESTRUCTURACION_SMURFING_DETECTADA,,,,
TX-0012661,CLI-01954,SISTEMA,DEPOSITO_EFECTIVO,6508.55,2026-05-28 16:57:22,0,ESTRUCTURACION_SMURFING_DETECTADA,,,,
TX-0002771,CLI-00419,SISTEMA,DEPOSITO_EFECTIVO,2037.19,2026-05-28 17:08:22,0,ESTRUCTURACION_SMURFING_DETECTADA,,,,
TX-0004980,CLI-00770,SISTEMA,DEPOSITO_EFECTIVO,8423.44,2026-05-28 17:08:22,0,ESTRUCTURACION_SMURFING_DETECTADA,,,,
TX-0022749,CLI-03516,SISTEMA,DEPOSITO_EFECTIVO,547.21,2026-05-28 17:17:22,0,ESTRUCTURACION_SMURFING_DETECTADA,,,,
TX-0014797,CLI-02297,SISTEMA,DEPOSITO_EFECTIVO,5992.89,2026-05-28 17:28:22,0,ESTRUCTURACION_SMURFING_DETECTADA,,,,
TX-0025929,CLI-03998,SISTEMA,DEPOSITO_EFECTIVO,5292.28,2026-05-28 17:33:22,0,ESTRUCTURACION_SMURFING_DETECTADA,,,,
TX-0020644,CLI-03196,SISTEMA,DEPOSITO_EFECTIVO,4316.22,2026-05-28 17:57:22,0,ESTRUCTURACION_SMURFING_DETECTADA,,,,
TX-0017249,CLI-02674,SISTEMA,DEPOSITO_EFECTIVO,5160.82,2026-05-28 18:03:22,0,ESTRUCTURACION_SMURFING_DETECTADA,,,,
TX-0028284,CLI-04352,SISTEMA,DEPOSITO_EFECTIVO,7689.01,2026-05-28 18:12:22,0,ESTRUCTURACION_SMURFING_DETECTADA,,,,
TX-0028590,CLI-04400,SISTEMA,DEPOSITO_EFECTIVO,3327.32,2026-05-28 18:15:22,0,ESTRUCTURACION_SMURFING_DETECTADA,,,,
TX-0007304,CLI-01129,SISTEMA,DEPOSITO_EFECTIVO,476.56,2026-05-28 18:19:22,0,ESTRUCTURACION_SMURFING_DETECTADA,,,,
TX-0004881,CLI-00756,SISTEMA,DEPOSITO_EFECTIVO,328.22,2026-05-28 18:21:22,0,ESTRUCTURACION_SMURFING_DETECTADA,,,,
TX-0028910,CLI-04451,SISTEMA,DEPOSITO_EFECTIVO,11714.98,2026-05-28 18:23:22,0,ESTRUCTURACION_SMURFING_DETECTADA,,,,
TX-0004617,CLI-00711,SISTEMA,DEPOSITO_EFECTIVO,148.24,2026-05-28 18:25:22,0,ESTRUCTURACION_SMURFING_DETECTADA,,,,
TX-0000787,CLI-00121,SISTEMA,DEPOSITO_EFECTIVO,1948.99,2026-05-28 18:27:22,0,ESTRUCTURACION_SMURFING_DETECTADA,,,,
TX-0005476,CLI-00840,SISTEMA,DEPOSITO_EFECTIVO,4594.79,2026-05-28 18:34:22,0,ESTRUCTURACION_SMURFING_DETECTADA,,,,
TX-0020937,CLI-03241,SISTEMA,DEPOSITO_EFECTIVO,2967.88,2026-05-28 18:40:22,0,ESTRUCTURACION_SMURFING_DETECTADA,,,,
TX-0008967,CLI-01377,SISTEMA,DEPOSITO_EFECTIVO,9454.92,2026-05-28 18:49:22,0,ESTRUCTURACION_SMURFING_DETECTADA,,,,
TX-0031108,CLI-04787,SISTEMA,DEPOSITO_EFECTIVO,329.96,2026-05-28 18:50:22,0,ESTRUCTURACION_SMURFING_DETECTADA,,,,
TX-0005103,CLI-00787,SISTEMA,DEPOSITO_EFECTIVO,4715.71,2026-05-28 18:55:22,0,ESTRUCTURACION_SMURFING_DETECTADA,,,,
TX-0019820,CLI-03072,SISTEMA,DEPOSITO_EFECTIVO,433.07,2026-05-28 18:57:22,0,ESTRUCTURACION_SMURFING_DETECTADA,,,,
TX-0006858,CLI-01056,SISTEMA,DEPOSITO_EFECTIVO,447.0,2026-05-28 19:13:22,0,ESTRUCTURACION_SMURFING_DETECTADA,,,,
TX-0002587,CLI-00391,SISTEMA,DEPOSITO_EFECTIVO,73.96,2026-05-28 19:14:22,0,ESTRUCTURACION_SMURFING_DETECTADA,,,,
TX-0029520,CLI-04545,SISTEMA,DEPOSITO_EFECTIVO,11779.93,2026-05-28 19:15:22,0,ESTRUCTURACION_SMURFING_DETECTADA,,,,
TX-0030986,CLI-04768,SISTEMA,DEPOSITO_EFECTIVO,758.36,2026-05-28 19:17:22,0,ESTRUCTURACION_SMURFING_DETECTADA,,,,
TX-0010900,CLI-01677,SISTEMA,DEPOSITO_EFECTIVO,1499.98,2026-05-28 19:21:22,0,ESTRUCTURACION_SMURFING_DETECTADA,,,,
TX-0008408,CLI-01293,SISTEMA,DEPOSITO_EFECTIVO,104.41,2026-05-28 19:23:22,0,ESTRUCTURACION_SMURFING_DETECTADA,,,,
TX-0019361,CLI-03000,SISTEMA,DEPOSITO_EFECTIVO,3567.58,2026-05-28 19:30:22,0,ESTRUCTURACION_SMURFING_DETECTADA,,,,
TX-0029619,CLI-04560,SISTEMA,DEPOSITO_EFECTIVO,853.55,2026-05-28 19:30:22,0,ESTRUCTURACION_SMURFING_DETECTADA,,,,
TX-0005834,CLI-00896,SISTEMA,DEPOSITO_EFECTIVO,4678.82,2026-05-28 19:43:22,0,ESTRUCTURACION_SMURFING_DETECTADA,,,,
TX-0003108,CLI-00472,SISTEMA,DEPOSITO_EFECTIVO,447.05,2026-05-28 20:03:22,0,ESTRUCTURACION_SMURFING_DETECTADA,,,,
TX-0021542,CLI-03332,SISTEMA,DEPOSITO_EFECTIVO,3357.02,2026-05-28 20:13:22,0,ESTRUCTURACION_SMURFING_DETECTADA,,,,
TX-0032124,CLI-04936,SISTEMA,DEPOSITO_EFECTIVO,1722.52,2026-05-28 20:13:22,0,ESTRUCTURACION_SMURFING_DETECTADA,,,,
TX-0016985,CLI-02631,SISTEMA,DEPOSITO_EFECTIVO,918.41,2026-05-28 20:15:22,0,ESTRUCTURACION_SMURFING_DETECTADA,,,,
TX-0017205,CLI-02666,SISTEMA,DEPOSITO_EFECTIVO,1230.33,2026-05-28 20:32:22,0,ESTRUCTURACION_SMURFING_DETECTADA,,,,
TX-0002597,CLI-00393,SISTEMA,DEPOSITO_EFECTIVO,5049.48,2026-05-28 21:02:22,0,ESTRUCTURACION_SMURFING_DETECTADA,,,,
TX-0007178,CLI-01109,SISTEMA,DEPOSITO_EFECTIVO,232.92,2026-05-28 21:14:22,0,ESTRUCTURACION_SMURFING_DETECTADA,,,,
TX-0020550,CLI-03185,SISTEMA,DEPOSITO_EFECTIVO,8514.39,2026-05-28 21:18:22,0,ESTRUCTURACION_SMURFING_DETECTADA,,,,
TX-0000178,CLI-00027,SISTEMA,DEPOSITO_EFECTIVO,170.87,2026-05-28 21:23:22,0,ESTRUCTURACION_SMURFING_DETECTADA,,,,
TX-0029886,CLI-04604,SISTEMA,DEPOSITO_EFECTIVO,434.74,2026-05-28 21:26:22,0,ESTRUCTURACION_SMURFING_DETECTADA,,,,
TX-0017043,CLI-02640,SISTEMA,DEPOSITO_EFECTIVO,3918.03,2026-05-28 21:32:22,0,ESTRUCTURACION_SMURFING_DETECTADA,,,,
TX-0017506,CLI-02712,SISTEMA,DEPOSITO_EFECTIVO,737.13,2026-05-28 21:40:22,0,ESTRUCTURACION_SMURFING_DETECTADA,,,,
TX-0007864,CLI-01209,SISTEMA,DEPOSITO_EFECTIVO,5162.49,2026-05-28 21:41:22,0,ESTRUCTURACION_SMURFING_DETECTADA,,,,
TX-0023021,CLI-03557,SISTEMA,DEPOSITO_EFECTIVO,160.27,2026-05-28 21:47:22,0,ESTRUCTURACION_SMURFING_DETECTADA,,,,
TX-0002979,CLI-00453,SISTEMA,DEPOSITO_EFECTIVO,7647.29,2026-05-28 21:57:22,0,ESTRUCTURACION_SMURFING_DETECTADA,,,,
TX-0003023,CLI-00459,SISTEMA,DEPOSITO_EFECTIVO,1897.45,2026-05-28 21:57:22,0,ESTRUCTURACION_SMURFING_DETECTADA,,,,
TX-0016240,CLI-02513,SISTEMA,DEPOSITO_EFECTIVO,1368.18,2026-05-28 22:08:22,0,ESTRUCTURACION_SMURFING_DETECTADA,,,,
TX-0021465,CLI-03319,SISTEMA,DEPOSITO_EFECTIVO,13133.86,2026-05-28 22:13:22,0,ESTRUCTURACION_SMURFING_DETECTADA,,,,
TX-0024793,CLI-03828,SISTEMA,DEPOSITO_EFECTIVO,5541.55,2026-05-28 22:16:22,0,ESTRUCTURACION_SMURFING_DETECTADA,,,,
TX-0022060,CLI-03409,SISTEMA,DEPOSITO_EFECTIVO,1816.63,2026-05-28 22:23:22,0,ESTRUCTURACION_SMURFING_DETECTADA,,,,
TX-0030669,CLI-04721,SISTEMA,DEPOSITO_EFECTIVO,12364.45,2026-05-28 22:57:22,0,ESTRUCTURACION_SMURFING_DETECTADA,,,,
TX-0031325,CLI-04818,SISTEMA,DEPOSITO_EFECTIVO,758.75,2026-05-28 22:59:22,0,ESTRUCTURACION_SMURFING_DETECTADA,,,,
TX-0031328,CLI-04819,SISTEMA,DEPOSITO_EFECTIVO,4354.54,2026-05-28 23:12:22,0,ESTRUCTURACION_SMURFING_DETECTADA,,,,
TX-0001712,CLI-00257,SISTEMA,DEPOSITO_EFECTIVO,491.3,2026-05-28 23:17:22,0,ESTRUCTURACION_SMURFING_DETECTADA,,,,
TX-0032511,CLI-04993,SISTEMA,DEPOSITO_EFECTIVO,6722.18,2026-05-28 23:23:22,0,ESTRUCTURACION_SMURFING_DETECTADA,,,,
TX-0029820,CLI-04594,SISTEMA,DEPOSITO_EFECTIVO,4057.34,2026-05-28 23:29:22,0,ESTRUCTURACION_SMURFING_DETECTADA,,,,
TX-0010906,CLI-01678,SISTEMA,DEPOSITO_EFECTIVO,4126.78,2026-05-28 23:45:22,0,ESTRUCTURACION_SMURFING_DETECTADA,,,,
TX-0011668,CLI-01799,SISTEMA,DEPOSITO_EFECTIVO,392.51,2026-05-29 00:16:22,0,ESTRUCTURACION_SMURFING_DETECTADA,,,,
TX-0030283,CLI-04666,SISTEMA,DEPOSITO_EFECTIVO,262.83,2026-05-29 00:20:22,0,ESTRUCTURACION_SMURFING_DETECTADA,,,,
TX-0004527,CLI-00694,SISTEMA,DEPOSITO_EFECTIVO,1664.24,2026-05-29 00:22:22,0,ESTRUCTURACION_SMURFING_DETECTADA,,,,
TX-0014686,CLI-02277,SISTEMA,DEPOSITO_EFECTIVO,212.73,2026-05-29 00:26:22,0,ESTRUCTURACION_SMURFING_DETECTADA,,,,
TX-0023042,CLI-03560,SISTEMA,DEPOSITO_EFECTIVO,6383.59,2026-05-29 00:33:22,0,ESTRUCTURACION_SMURFING_DETECTADA,,,,
TX-0004757,CLI-00734,SISTEMA,DEPOSITO_EFECTIVO,94.8,2026-05-29 00:40:22,0,ESTRUCTURACION_SMURFING_DETECTADA,,,,
TX-0006817,CLI-01051,SISTEMA,DEPOSITO_EFECTIVO,551.94,2026-05-29 00:40:22,0,ESTRUCTURACION_SMURFING_DETECTADA,,,,
TX-0032294,CLI-04961,SISTEMA,DEPOSITO_EFECTIVO,810.25,2026-05-29 00:48:22,0,ESTRUCTURACION_SMURFING_DETECTADA,,,,
TX-0019073,CLI-02951,SISTEMA,DEPOSITO_EFECTIVO,2340.44,2026-05-29 00:51:22,0,ESTRUCTURACION_SMURFING_DETECTADA,,,,
TX-0021504,CLI-03325,SISTEMA,DEPOSITO_EFECTIVO,67.56,2026-05-29 00:59:22,0,ESTRUCTURACION_SMURFING_DETECTADA,,,,
TX-0028956,CLI-04458,SISTEMA,DEPOSITO_EFECTIVO,199.52,2026-05-29 01:15:22,0,ESTRUCTURACION_SMURFING_DETECTADA,,,,
TX-0027290,CLI-04208,SISTEMA,DEPOSITO_EFECTIVO,1037.78,2026-05-29 01:25:22,0,ESTRUCTURACION_SMURFING_DETECTADA,,,,
TX-0028256,CLI-04349,SISTEMA,DEPOSITO_EFECTIVO,420.18,2026-05-29 01:30:22,0,ESTRUCTURACION_SMURFING_DETECTADA,,,,
TX-0001641,CLI-00248,SISTEMA,DEPOSITO_EFECTIVO,847.54,2026-05-29 01:34:22,0,ESTRUCTURACION_SMURFING_DETECTADA,,,,
TX-0016563,CLI-02566,SISTEMA,DEPOSITO_EFECTIVO,11641.81,2026-05-29 01:39:22,0,ESTRUCTURACION_SMURFING_DETECTADA,,,,
TX-0016541,CLI-02563,SISTEMA,DEPOSITO_EFECTIVO,730.38,2026-05-29 01:52:22,0,ESTRUCTURACION_SMURFING_DETECTADA,,,,
TX-0009399,CLI-01442,SISTEMA,DEPOSITO_EFECTIVO,1257.79,2026-05-29 02:05:22,0,ESTRUCTURACION_SMURFING_DETECTADA,,,,
TX-0031677,CLI-04871,SISTEMA,DEPOSITO_EFECTIVO,4942.04,2026-05-29 02:07:22,0,ESTRUCTURACION_SMURFING_DETECTADA,,,,
TX-0029012,CLI-04467,SISTEMA,DEPOSITO_EFECTIVO,708.7,2026-05-29 02:20:22,0,ESTRUCTURACION_SMURFING_DETECTADA,,,,
TX-0029018,CLI-04468,SISTEMA,DEPOSITO_EFECTIVO,2346.55,2026-05-29 02:30:22,0,ESTRUCTURACION_SMURFING_DETECTADA,,,,
TX-0020781,CLI-03216,SISTEMA,DEPOSITO_EFECTIVO,200.55,2026-05-29 02:31:22,0,ESTRUCTURACION_SMURFING_DETECTADA,,,,
TX-0007853,CLI-01208,SISTEMA,DEPOSITO_EFECTIVO,978.81,2026-05-29 02:39:22,0,ESTRUCTURACION_SMURFING_DETECTADA,,,,
TX-0025521,CLI-03937,SISTEMA,DEPOSITO_EFECTIVO,10631.48,2026-05-29 02:51:22,0,ESTRUCTURACION_SMURFING_DETECTADA,,,,
TX-0001721,CLI-00258,SISTEMA,DEPOSITO_EFECTIVO,683.53,2026-05-29 02:52:22,0,ESTRUCTURACION_SMURFING_DETECTADA,,,,
TX-0030383,CLI-04680,SISTEMA,DEPOSITO_EFECTIVO,158.28,2026-05-29 02:55:22,0,ESTRUCTURACION_SMURFING_DETECTADA,,,,
TX-0029015,CLI-04467,SISTEMA,DEPOSITO_EFECTIVO,584.42,2026-05-29 02:58:22,0,ESTRUCTURACION_SMURFING_DETECTADA,,,,
TX-0020843,CLI-03227,SISTEMA,DEPOSITO_EFECTIVO,12093.65,2026-05-29 02:58:22,0,ESTRUCTURACION_SMURFING_DETECTADA,,,,
TX-0003350,CLI-00506,SISTEMA,DEPOSITO_EFECTIVO,345.25,2026-05-29 02:59:22,0,ESTRUCTURACION_SMURFING_DETECTADA,,,,
TX-0008405,CLI-01293,SISTEMA,DEPOSITO_EFECTIVO,106.72,2026-05-29 03:03:22,0,ESTRUCTURACION_SMURFING_DETECTADA,,,,
TX-0008106,CLI-01248,SISTEMA,DEPOSITO_EFECTIVO,1996.22,2026-05-29 03:13:22,0,ESTRUCTURACION_SMURFING_DETECTADA,,,,
TX-0027639,CLI-04259,SISTEMA,DEPOSITO_EFECTIVO,987.04,2026-05-29 03:21:22,0,ESTRUCTURACION_SMURFING_DETECTADA,,,,
TX-0017767,CLI-02749,SISTEMA,DEPOSITO_EFECTIVO,12238.84,2026-05-29 03:22:22,0,ESTRUCTURACION_SMURFING_DETECTADA,,,,
TX-0006501,CLI-01002,SISTEMA,DEPOSITO_EFECTIVO,1260.21,2026-05-29 03:37:22,0,ESTRUCTURACION_SMURFING_DETECTADA,,,,
TX-0007920,CLI-01218,SISTEMA,DEPOSITO_EFECTIVO,3395.41,2026-05-29 03:52:22,0,ESTRUCTURACION_SMURFING_DETECTADA,,,,
TX-0009917,CLI-01523,SISTEMA,DEPOSITO_EFECTIVO,13569.73,2026-05-29 03:59:22,0,ESTRUCTURACION_SMURFING_DETECTADA,,,,
TX-0016066,CLI-02485,SISTEMA,DEPOSITO_EFECTIVO,1182.63,2026-05-29 04:02:22,0,ESTRUCTURACION_SMURFING_DETECTADA,,,,
TX-0022975,CLI-03550,SISTEMA,DEPOSITO_EFECTIVO,2017.27,2026-05-29 04:22:22,0,ESTRUCTURACION_SMURFING_DETECTADA,,,,
TX-0019728,CLI-03055,SISTEMA,DEPOSITO_EFECTIVO,1266.62,2026-05-29 04:41:22,0,ESTRUCTURACION_SMURFING_DETECTADA,,,,
TX-0014488,CLI-02246,SISTEMA,DEPOSITO_EFECTIVO,171.63,2026-05-29 04:54:22,0,ESTRUCTURACION_SMURFING_DETECTADA,,,,
TX-0029564,CLI-04551,SISTEMA,DEPOSITO_EFECTIVO,5024.51,2026-05-29 05:00:22,0,ESTRUCTURACION_SMURFING_DETECTADA,,,,
TX-0000301,CLI-00045,SISTEMA,DEPOSITO_EFECTIVO,1464.63,2026-05-29 05:03:22,0,ESTRUCTURACION_SMURFING_DETECTADA,,,,
TX-0009634,CLI-01480,SISTEMA,DEPOSITO_EFECTIVO,1047.16,2026-05-29 05:12:22,0,ESTRUCTURACION_SMURFING_DETECTADA,,,,
TX-0020382,CLI-03158,SISTEMA,DEPOSITO_EFECTIVO,7660.36,2026-05-29 05:14:22,0,ESTRUCTURACION_SMURFING_DETECTADA,,,,
TX-0022217,CLI-03436,SISTEMA,DEPOSITO_EFECTIVO,782.64,2026-05-29 05:18:22,0,ESTRUCTURACION_SMURFING_DETECTADA,,,,
TX-0010020,CLI-01540,SISTEMA,DEPOSITO_EFECTIVO,4570.17,2026-05-29 05:22:22,0,ESTRUCTURACION_SMURFING_DETECTADA,,,,
TX-0004026,CLI-00614,SISTEMA,DEPOSITO_EFECTIVO,1082.21,2026-05-29 05:24:22,0,ESTRUCTURACION_SMURFING_DETECTADA,,,,
TX-0026953,CLI-04153,SISTEMA,DEPOSITO_EFECTIVO,3648.63,2026-05-29 05:36:22,0,ESTRUCTURACION_SMURFING_DETECTADA,,,,
TX-0022377,CLI-03459,SISTEMA,DEPOSITO_EFECTIVO,193.5,2026-05-29 05:37:22,0,ESTRUCTURACION_SMURFING_DETECTADA,,,,
TX-0023602,CLI-03647,SISTEMA,DEPOSITO_EFECTIVO,1697.51,2026-05-29 05:44:22,0,ESTRUCTURACION_SMURFING_DETECTADA,,,,
TX-0009627,CLI-01480,SISTEMA,DEPOSITO_EFECTIVO,1837.29,2026-05-29 05:52:22,0,ESTRUCTURACION_SMURFING_DETECTADA,,,,
TX-0002307,CLI-00349,SISTEMA,DEPOSITO_EFECTIVO,2726.67,2026-05-29 05:55:22,0,ESTRUCTURACION_SMURFING_DETECTADA,,,,
TX-0023549,CLI-03639,SISTEMA,DEPOSITO_EFECTIVO,1566.86,2026-05-29 06:10:22,0,ESTRUCTURACION_SMURFING_DETECTADA,,,,
TX-0017213,CLI-02668,SISTEMA,DEPOSITO_EFECTIVO,13778.17,2026-05-29 06:14:22,0,ESTRUCTURACION_SMURFING_DETECTADA,,,,
TX-0015587,CLI-02413,SISTEMA,DEPOSITO_EFECTIVO,1337.59,2026-05-29 06:14:22,0,ESTRUCTURACION_SMURFING_DETECTADA,,,,
TX-0004937,CLI-00764,SISTEMA,DEPOSITO_EFECTIVO,14907.43,2026-05-29 06:32:22,0,ESTRUCTURACION_SMURFING_DETECTADA,,,,
TX-0000601,CLI-00092,SISTEMA,DEPOSITO_EFECTIVO,405.3,2026-05-29 06:46:22,0,ESTRUCTURACION_SMURFING_DETECTADA,,,,
TX-0010563,CLI-01623,SISTEMA,DEPOSITO_EFECTIVO,127.03,2026-05-29 06:52:22,0,ESTRUCTURACION_SMURFING_DETECTADA,,,,
TX-0022589,CLI-03492,SISTEMA,DEPOSITO_EFECTIVO,5063.12,2026-05-29 06:56:22,0,ESTRUCTURACION_SMURFING_DETECTADA,,,,
TX-0000895,CLI-00136,SISTEMA,DEPOSITO_EFECTIVO,937.88,2026-05-29 07:04:22,0,ESTRUCTURACION_SMURFING_DETECTADA,,,,
TX-0018072,CLI-02796,SISTEMA,DEPOSITO_EFECTIVO,128.23,2026-05-29 07:12:22,0,ESTRUCTURACION_SMURFING_DETECTADA,,,,
TX-0005660,CLI-00869,SISTEMA,DEPOSITO_EFECTIVO,7105.67,2026-05-29 07:17:22,0,ESTRUCTURACION_SMURFING_DETECTADA,,,,
TX-0006869,CLI-01058,SISTEMA,DEPOSITO_EFECTIVO,10630.69,2026-05-29 07:29:22,0,ESTRUCTURACION_SMURFING_DETECTADA,,,,
TX-0011980,CLI-01845,SISTEMA,DEPOSITO_EFECTIVO,1160.48,2026-05-29 07:43:22,0,ESTRUCTURACION_SMURFING_DETECTADA,,,,
TX-0003204,CLI-00486,SISTEMA,DEPOSITO_EFECTIVO,3116.24,2026-05-29 07:45:22,0,ESTRUCTURACION_SMURFING_DETECTADA,,,,
TX-0013934,CLI-02158,SISTEMA,DEPOSITO_EFECTIVO,2530.28,2026-05-29 07:51:22,0,ESTRUCTURACION_SMURFING_DETECTADA,,,,
TX-0031311,CLI-04816,SISTEMA,DEPOSITO_EFECTIVO,2086.49,2026-05-29 08:10:22,0,ESTRUCTURACION_SMURFING_DETECTADA,,,,
TX-0019277,CLI-02986,SISTEMA,DEPOSITO_EFECTIVO,122.32,2026-05-29 08:36:22,0,ESTRUCTURACION_SMURFING_DETECTADA,,,,
TX-0009779,CLI-01501,SISTEMA,DEPOSITO_EFECTIVO,113.8,2026-05-29 08:43:22,0,ESTRUCTURACION_SMURFING_DETECTADA,,,,
TX-0009596,CLI-01475,SISTEMA,DEPOSITO_EFECTIVO,434.04,2026-05-29 08:57:22,0,ESTRUCTURACION_SMURFING_DETECTADA,,,,
TX-0024221,CLI-03739,SISTEMA,DEPOSITO_EFECTIVO,9637.82,2026-05-29 09:08:22,0,ESTRUCTURACION_SMURFING_DETECTADA,,,,
TX-0018083,CLI-02798,SISTEMA,DEPOSITO_EFECTIVO,1500.09,2026-05-29 09:09:22,0,ESTRUCTURACION_SMURFING_DETECTADA,,,,
TX-0007094,CLI-01096,SISTEMA,DEPOSITO_EFECTIVO,12300.89,2026-05-29 09:14:22,0,ESTRUCTURACION_SMURFING_DETECTADA,,,,
TX-0002129,CLI-00319,SISTEMA,DEPOSITO_EFECTIVO,3668.76,2026-05-29 09:14:22,0,ESTRUCTURACION_SMURFING_DETECTADA,,,,
TX-0028266,CLI-04350,SISTEMA,DEPOSITO_EFECTIVO,3476.54,2026-05-29 09:15:22,0,ESTRUCTURACION_SMURFING_DETECTADA,,,,
TX-0002679,CLI-00406,SISTEMA,DEPOSITO_EFECTIVO,1764.39,2026-05-29 09:17:22,0,ESTRUCTURACION_SMURFING_DETECTADA,,,,
TX-0031982,CLI-04916,SISTEMA,DEPOSITO_EFECTIVO,12347.14,2026-05-29 09:20:22,0,ESTRUCTURACION_SMURFING_DETECTADA,,,,
TX-0028677,CLI-04415,SISTEMA,DEPOSITO_EFECTIVO,2844.03,2026-05-29 09:55:22,0,ESTRUCTURACION_SMURFING_DETECTADA,,,,
TX-0019645,CLI-03044,SISTEMA,DEPOSITO_EFECTIVO,14955.99,2026-05-29 09:59:22,0,ESTRUCTURACION_SMURFING_DETECTADA,,,,
TX-0010140,CLI-01558,SISTEMA,DEPOSITO_EFECTIVO,812.35,2026-05-29 10:11:22,0,ESTRUCTURACION_SMURFING_DETECTADA,,,,
TX-0009164,CLI-01408,SISTEMA,DEPOSITO_EFECTIVO,118.64,2026-05-29 10:20:22,0,ESTRUCTURACION_SMURFING_DETECTADA,,,,
TX-0022391,CLI-03461,SISTEMA,DEPOSITO_EFECTIVO,1084.85,2026-05-29 10:26:22,0,ESTRUCTURACION_SMURFING_DETECTADA,,,,
TX-0018039,CLI-02791,SISTEMA,DEPOSITO_EFECTIVO,1057.87,2026-05-29 10:29:22,0,ESTRUCTURACION_SMURFING_DETECTADA,,,,
TX-0027194,CLI-04192,SISTEMA,DEPOSITO_EFECTIVO,207.78,2026-05-29 10:34:22,0,ESTRUCTURACION_SMURFING_DETECTADA,,,,
TX-0002547,CLI-00384,SISTEMA,DEPOSITO_EFECTIVO,1360.29,2026-05-29 10:42:22,0,ESTRUCTURACION_SMURFING_DETECTADA,,,,
TX-0016106,CLI-02491,SISTEMA,DEPOSITO_EFECTIVO,4345.25,2026-05-29 10:42:22,0,ESTRUCTURACION_SMURFING_DETECTADA,,,,
TX-0001381,CLI-00208,SISTEMA,DEPOSITO_EFECTIVO,792.21,2026-05-29 10:44:22,0,ESTRUCTURACION_SMURFING_DETECTADA,,,,
TX-0017516,CLI-02714,SISTEMA,DEPOSITO_EFECTIVO,91.19,2026-05-29 10:56:22,0,ESTRUCTURACION_SMURFING_DETECTADA,,,,
TX-0000445,CLI-00070,SISTEMA,DEPOSITO_EFECTIVO,7162.04,2026-05-29 10:57:22,0,ESTRUCTURACION_SMURFING_DETECTADA,,,,
TX-0023202,CLI-03585,SISTEMA,DEPOSITO_EFECTIVO,5972.99,2026-05-29 11:00:22,0,ESTRUCTURACION_SMURFING_DETECTADA,,,,
TX-0031784,CLI-04886,SISTEMA,DEPOSITO_EFECTIVO,1979.58,2026-05-29 11:07:22,0,ESTRUCTURACION_SMURFING_DETECTADA,,,,
TX-0026939,CLI-04151,SISTEMA,DEPOSITO_EFECTIVO,1705.74,2026-05-29 11:13:22,0,ESTRUCTURACION_SMURFING_DETECTADA,,,,
TX-0003990,CLI-00608,SISTEMA,DEPOSITO_EFECTIVO,12263.96,2026-05-29 11:15:22,0,ESTRUCTURACION_SMURFING_DETECTADA,,,,
TX-0001379,CLI-00207,SISTEMA,DEPOSITO_EFECTIVO,1727.2,2026-05-29 11:36:22,0,ESTRUCTURACION_SMURFING_DETECTADA,,,,
TX-0014267,CLI-02209,SISTEMA,DEPOSITO_EFECTIVO,2226.65,2026-05-29 11:38:22,0,ESTRUCTURACION_SMURFING_DETECTADA,,,,
TX-0009951,CLI-01530,SISTEMA,DEPOSITO_EFECTIVO,7580.94,2026-05-29 11:43:22,0,ESTRUCTURACION_SMURFING_DETECTADA,,,,
TX-0022488,CLI-03475,SISTEMA,DEPOSITO_EFECTIVO,5218.26,2026-05-29 11:44:22,0,ESTRUCTURACION_SMURFING_DETECTADA,,,,
TX-0001109,CLI-00167,SISTEMA,DEPOSITO_EFECTIVO,822.17,2026-05-29 11:49:22,0,ESTRUCTURACION_SMURFING_DETECTADA,,,,
TX-0014181,CLI-02196,SISTEMA,DEPOSITO_EFECTIVO,2642.95,2026-05-29 11:53:22,0,ESTRUCTURACION_SMURFING_DETECTADA,,,,
TX-0007194,CLI-01112,SISTEMA,DEPOSITO_EFECTIVO,7486.42,2026-05-29 12:04:22,0,ESTRUCTURACION_SMURFING_DETECTADA,,,,
TX-0015513,CLI-02401,SISTEMA,DEPOSITO_EFECTIVO,1290.83,2026-05-29 12:04:22,0,ESTRUCTURACION_SMURFING_DETECTADA,,,,
TX-0017120,CLI-02653,SISTEMA,DEPOSITO_EFECTIVO,81.93,2026-05-29 12:15:22,0,ESTRUCTURACION_SMURFING_DETECTADA,,,,
TX-0001793,CLI-00268,SISTEMA,DEPOSITO_EFECTIVO,10537.26,2026-05-29 12:16:22,0,ESTRUCTURACION_SMURFING_DETECTADA,,,,
TX-0029242,CLI-04502,SISTEMA,DEPOSITO_EFECTIVO,2046.72,2026-05-29 12:35:22,0,ESTRUCTURACION_SMURFING_DETECTADA,,,,
TX-0003856,CLI-00586,SISTEMA,DEPOSITO_EFECTIVO,676.05,2026-05-29 12:36:22,0,ESTRUCTURACION_SMURFING_DETECTADA,,,,
TX-0016809,CLI-02604,SISTEMA,DEPOSITO_EFECTIVO,696.62,2026-05-29 12:40:22,0,ESTRUCTURACION_SMURFING_DETECTADA,,,,
TX-0012520,CLI-01932,SISTEMA,DEPOSITO_EFECTIVO,1587.56,2026-05-29 12:45:22,0,ESTRUCTURACION_SMURFING_DETECTADA,,,,
TX-0015357,CLI-02381,SISTEMA,DEPOSITO_EFECTIVO,339.79,2026-05-29 12:49:22,0,ESTRUCTURACION_SMURFING_DETECTADA,,,,
TX-0006863,CLI-01057,SISTEMA,DEPOSITO_EFECTIVO,139.7,2026-05-29 12:51:22,0,ESTRUCTURACION_SMURFING_DETECTADA,,,,
TX-0028245,CLI-04346,SISTEMA,DEPOSITO_EFECTIVO,373.52,2026-05-29 12:52:22,0,ESTRUCTURACION_SMURFING_DETECTADA,,,,
TX-0022648,CLI-03500,SISTEMA,DEPOSITO_EFECTIVO,513.74,2026-05-29 13:04:22,0,ESTRUCTURACION_SMURFING_DETECTADA,,,,
TX-0013680,CLI-02120,SISTEMA,DEPOSITO_EFECTIVO,9183.12,2026-05-29 13:29:22,0,ESTRUCTURACION_SMURFING_DETECTADA,,,,
TX-0004475,CLI-00684,SISTEMA,DEPOSITO_EFECTIVO,4067.43,2026-05-29 14:06:22,0,ESTRUCTURACION_SMURFING_DETECTADA,,,,
TX-0012750,CLI-01968,SISTEMA,DEPOSITO_EFECTIVO,4495.75,2026-05-29 14:10:22,0,ESTRUCTURACION_SMURFING_DETECTADA,,,,
TX-0004166,CLI-00639,SISTEMA,DEPOSITO_EFECTIVO,1004.19,2026-05-29 14:12:22,0,ESTRUCTURACION_SMURFING_DETECTADA,,,,
TX-0013629,CLI-02114,SISTEMA,DEPOSITO_EFECTIVO,984.27,2026-05-29 14:24:22,0,ESTRUCTURACION_SMURFING_DETECTADA,,,,
TX-0001209,CLI-00184,SISTEMA,DEPOSITO_EFECTIVO,1694.56,2026-05-29 14:35:22,0,ESTRUCTURACION_SMURFING_DETECTADA,,,,
TX-0022110,CLI-03417,SISTEMA,DEPOSITO_EFECTIVO,4129.61,2026-05-29 14:58:22,0,ESTRUCTURACION_SMURFING_DETECTADA,,,,
TX-0025329,CLI-03908,SISTEMA,DEPOSITO_EFECTIVO,384.63,2026-05-29 14:59:22,0,ESTRUCTURACION_SMURFING_DETECTADA,,,,
TX-0017683,CLI-02739,SISTEMA,DEPOSITO_EFECTIVO,2622.39,2026-05-29 15:06:22,0,ESTRUCTURACION_SMURFING_DETECTADA,,,,
TX-0008054,CLI-01240,SISTEMA,DEPOSITO_EFECTIVO,4269.52,2026-05-29 15:15:22,0,ESTRUCTURACION_SMURFING_DETECTADA,,,,
TX-0002673,CLI-00405,SISTEMA,DEPOSITO_EFECTIVO,568.15,2026-05-29 15:19:22,0,ESTRUCTURACION_SMURFING_DETECTADA,,,,
TX-0011525,CLI-01778,SISTEMA,DEPOSITO_EFECTIVO,95.23,2026-05-29 15:22:22,0,ESTRUCTURACION_SMURFING_DETECTADA,,,,
TX-0001333,CLI-00202,SISTEMA,DEPOSITO_EFECTIVO,226.26,2026-05-29 15:34:22,0,ESTRUCTURACION_SMURFING_DETECTADA,,,,
TX-0022322,CLI-03451,SISTEMA,DEPOSITO_EFECTIVO,254.99,2026-05-29 15:39:22,0,ESTRUCTURACION_SMURFING_DETECTADA,,,,
TX-0018105,CLI-02801,SISTEMA,DEPOSITO_EFECTIVO,237.73,2026-05-29 16:09:22,0,ESTRUCTURACION_SMURFING_DETECTADA,,,,
TX-0015972,CLI-02472,SISTEMA,DEPOSITO_EFECTIVO,2057.22,2026-05-29 16:11:22,0,ESTRUCTURACION_SMURFING_DETECTADA,,,,
TX-0019732,CLI-03056,SISTEMA,DEPOSITO_EFECTIVO,912.24,2026-05-29 16:30:22,0,ESTRUCTURACION_SMURFING_DETECTADA,,,,
TX-0004295,CLI-00656,SISTEMA,DEPOSITO_EFECTIVO,698.08,2026-05-29 16:38:22,0,ESTRUCTURACION_SMURFING_DETECTADA,,,,
TX-0002212,CLI-00332,SISTEMA,DEPOSITO_EFECTIVO,875.44,2026-05-29 16:47:22,0,ESTRUCTURACION_SMURFING_DETECTADA,,,,
TX-0015928,CLI-02466,SISTEMA,DEPOSITO_EFECTIVO,6065.36,2026-05-29 16:54:22,0,ESTRUCTURACION_SMURFING_DETECTADA,,,,
TX-0011429,CLI-01762,SISTEMA,DEPOSITO_EFECTIVO,4496.16,2026-05-29 16:59:22,0,ESTRUCTURACION_SMURFING_DETECTADA,,,,
TX-0015573,CLI-02411,SISTEMA,DEPOSITO_EFECTIVO,928.73,2026-05-29 17:13:22,0,ESTRUCTURACION_SMURFING_DETECTADA,,,,
TX-0023099,CLI-03569,SISTEMA,DEPOSITO_EFECTIVO,714.22,2026-05-29 17:19:22,0,ESTRUCTURACION_SMURFING_DETECTADA,,,,
TX-0026087,CLI-04023,SISTEMA,DEPOSITO_EFECTIVO,1864.94,2026-05-29 17:37:22,0,ESTRUCTURACION_SMURFING_DETECTADA,,,,
TX-0023443,CLI-03622,SISTEMA,DEPOSITO_EFECTIVO,335.83,2026-05-29 17:58:22,0,ESTRUCTURACION_SMURFING_DETECTADA,,,,
TX-0021892,CLI-03383,SISTEMA,DEPOSITO_EFECTIVO,2121.61,2026-05-29 18:00:22,0,ESTRUCTURACION_SMURFING_DETECTADA,,,,
TX-0021751,CLI-03362,SISTEMA,DEPOSITO_EFECTIVO,3376.4,2026-05-29 18:00:22,0,ESTRUCTURACION_SMURFING_DETECTADA,,,,
TX-0002506,CLI-00379,SISTEMA,DEPOSITO_EFECTIVO,4288.88,2026-05-29 18:09:22,0,ESTRUCTURACION_SMURFING_DETECTADA,,,,
TX-0025411,CLI-03922,SISTEMA,DEPOSITO_EFECTIVO,4789.34,2026-05-29 18:11:22,0,ESTRUCTURACION_SMURFING_DETECTADA,,,,
TX-0011536,CLI-01779,SISTEMA,DEPOSITO_EFECTIVO,12874.94,2026-05-29 18:58:22,0,ESTRUCTURACION_SMURFING_DETECTADA,,,,
TX-0013657,CLI-02117,SISTEMA,DEPOSITO_EFECTIVO,419.26,2026-05-29 19:05:22,0,ESTRUCTURACION_SMURFING_DETECTADA,,,,
TX-0020457,CLI-03170,SISTEMA,DEPOSITO_EFECTIVO,8217.17,2026-05-29 19:07:22,0,ESTRUCTURACION_SMURFING_DETECTADA,,,,
TX-0001851,CLI-00276,SISTEMA,DEPOSITO_EFECTIVO,654.84,2026-05-29 19:09:22,0,ESTRUCTURACION_SMURFING_DETECTADA,,,,
TX-0029818,CLI-04594,SISTEMA,DEPOSITO_EFECTIVO,8212.94,2026-05-29 19:22:22,0,ESTRUCTURACION_SMURFING_DETECTADA,,,,
TX-0030272,CLI-04664,SISTEMA,DEPOSITO_EFECTIVO,1680.3,2026-05-29 19:24:22,0,ESTRUCTURACION_SMURFING_DETECTADA,,,,
TX-0018485,CLI-02860,SISTEMA,DEPOSITO_EFECTIVO,229.46,2026-05-29 19:25:22,0,ESTRUCTURACION_SMURFING_DETECTADA,,,,
TX-0016742,CLI-02594,SISTEMA,DEPOSITO_EFECTIVO,2247.14,2026-05-29 19:36:22,0,ESTRUCTURACION_SMURFING_DETECTADA,,,,
TX-0002970,CLI-00452,SISTEMA,DEPOSITO_EFECTIVO,146.89,2026-05-29 19:36:22,0,ESTRUCTURACION_SMURFING_DETECTADA,,,,
TX-0002753,CLI-00417,SISTEMA,DEPOSITO_EFECTIVO,11439.72,2026-05-29 19:45:22,0,ESTRUCTURACION_SMURFING_DETECTADA,,,,
TX-0007741,CLI-01189,SISTEMA,DEPOSITO_EFECTIVO,786.19,2026-05-29 19:49:22,0,ESTRUCTURACION_SMURFING_DETECTADA,,,,
TX-0001466,CLI-00220,SISTEMA,DEPOSITO_EFECTIVO,6230.39,2026-05-29 19:50:22,0,ESTRUCTURACION_SMURFING_DETECTADA,,,,
TX-0027367,CLI-04220,SISTEMA,DEPOSITO_EFECTIVO,1060.7,2026-05-29 20:03:22,0,ESTRUCTURACION_SMURFING_DETECTADA,,,,
TX-0015515,CLI-02401,SISTEMA,DEPOSITO_EFECTIVO,569.55,2026-05-29 20:05:22,0,ESTRUCTURACION_SMURFING_DETECTADA,,,,
TX-0031872,CLI-04898,SISTEMA,DEPOSITO_EFECTIVO,13035.99,2026-05-29 20:09:22,0,ESTRUCTURACION_SMURFING_DETECTADA,,,,
TX-0024508,CLI-03782,SISTEMA,DEPOSITO_EFECTIVO,1361.04,2026-05-29 20:50:22,0,ESTRUCTURACION_SMURFING_DETECTADA,,,,
TX-0005047,CLI-00779,SISTEMA,DEPOSITO_EFECTIVO,7228.15,2026-05-29 21:04:22,0,ESTRUCTURACION_SMURFING_DETECTADA,,,,
TX-0028597,CLI-04402,SISTEMA,DEPOSITO_EFECTIVO,893.28,2026-05-29 21:14:22,0,ESTRUCTURACION_SMURFING_DETECTADA,,,,
TX-0031777,CLI-04885,SISTEMA,DEPOSITO_EFECTIVO,192.91,2026-05-29 21:18:22,0,ESTRUCTURACION_SMURFING_DETECTADA,,,,
TX-0002093,CLI-00314,SISTEMA,DEPOSITO_EFECTIVO,111.0,2026-05-29 21:20:22,0,ESTRUCTURACION_SMURFING_DETECTADA,,,,
TX-0007432,CLI-01147,SISTEMA,DEPOSITO_EFECTIVO,2100.86,2026-05-29 21:32:22,0,ESTRUCTURACION_SMURFING_DETECTADA,,,,
TX-0030987,CLI-04769,SISTEMA,DEPOSITO_EFECTIVO,336.61,2026-05-29 21:34:22,0,ESTRUCTURACION_SMURFING_DETECTADA,,,,
TX-0018502,CLI-02862,SISTEMA,DEPOSITO_EFECTIVO,798.51,2026-05-29 21:36:22,0,ESTRUCTURACION_SMURFING_DETECTADA,,,,
TX-0010083,CLI-01548,SISTEMA,DEPOSITO_EFECTIVO,6562.48,2026-05-29 21:45:22,0,ESTRUCTURACION_SMURFING_DETECTADA,,,,
TX-0002985,CLI-00455,SISTEMA,DEPOSITO_EFECTIVO,338.51,2026-05-29 22:01:22,0,ESTRUCTURACION_SMURFING_DETECTADA,,,,
TX-0002325,CLI-00352,SISTEMA,DEPOSITO_EFECTIVO,1166.96,2026-05-29 22:06:22,0,ESTRUCTURACION_SMURFING_DETECTADA,,,,
TX-0018595,CLI-02875,SISTEMA,DEPOSITO_EFECTIVO,4863.67,2026-05-29 22:07:22,0,ESTRUCTURACION_SMURFING_DETECTADA,,,,
TX-0030379,CLI-04679,SISTEMA,DEPOSITO_EFECTIVO,592.79,2026-05-29 22:09:22,0,ESTRUCTURACION_SMURFING_DETECTADA,,,,
TX-0028774,CLI-04429,SISTEMA,DEPOSITO_EFECTIVO,357.36,2026-05-29 22:09:22,0,ESTRUCTURACION_SMURFING_DETECTADA,,,,
TX-0013616,CLI-02112,SISTEMA,DEPOSITO_EFECTIVO,209.47,2026-05-29 22:11:22,0,ESTRUCTURACION_SMURFING_DETECTADA,,,,
TX-0022325,CLI-03451,SISTEMA,DEPOSITO_EFECTIVO,1032.9,2026-05-29 22:26:22,0,ESTRUCTURACION_SMURFING_DETECTADA,,,,
TX-0024127,CLI-03725,SISTEMA,DEPOSITO_EFECTIVO,2427.12,2026-05-29 22:33:22,0,ESTRUCTURACION_SMURFING_DETECTADA,,,,
TX-0019307,CLI-02991,SISTEMA,DEPOSITO_EFECTIVO,2681.78,2026-05-29 22:34:22,0,ESTRUCTURACION_SMURFING_DETECTADA,,,,
TX-0023662,CLI-03657,SISTEMA,DEPOSITO_EFECTIVO,6678.93,2026-05-29 22:34:22,0,ESTRUCTURACION_SMURFING_DETECTADA,,,,
TX-0029409,CLI-04528,SISTEMA,DEPOSITO_EFECTIVO,5057.98,2026-05-29 22:44:22,0,ESTRUCTURACION_SMURFING_DETECTADA,,,,
TX-0006601,CLI-01018,SISTEMA,DEPOSITO_EFECTIVO,250.63,2026-05-29 22:48:22,0,ESTRUCTURACION_SMURFING_DETECTADA,,,,
TX-0026837,CLI-04134,SISTEMA,DEPOSITO_EFECTIVO,6854.34,2026-05-29 22:58:22,0,ESTRUCTURACION_SMURFING_DETECTADA,,,,
TX-0027695,CLI-04266,SISTEMA,DEPOSITO_EFECTIVO,297.27,2026-05-29 23:02:22,0,ESTRUCTURACION_SMURFING_DETECTADA,,,,
TX-0001530,CLI-00230,SISTEMA,DEPOSITO_EFECTIVO,103.43,2026-05-29 23:02:22,0,ESTRUCTURACION_SMURFING_DETECTADA,,,,
TX-0002478,CLI-00375,SISTEMA,DEPOSITO_EFECTIVO,1726.96,2026-05-29 23:09:22,0,ESTRUCTURACION_SMURFING_DETECTADA,,,,
TX-0012868,CLI-01989,SISTEMA,DEPOSITO_EFECTIVO,43.06,2026-05-29 23:11:22,0,ESTRUCTURACION_SMURFING_DETECTADA,,,,
TX-0025719,CLI-03968,SISTEMA,DEPOSITO_EFECTIVO,452.01,2026-05-29 23:26:22,0,ESTRUCTURACION_SMURFING_DETECTADA,,,,
TX-0019292,CLI-02988,SISTEMA,DEPOSITO_EFECTIVO,892.62,2026-05-29 23:26:22,0,ESTRUCTURACION_SMURFING_DETECTADA,,,,
TX-0026788,CLI-04125,SISTEMA,DEPOSITO_EFECTIVO,431.39,2026-05-29 23:28:22,0,ESTRUCTURACION_SMURFING_DETECTADA,,,,
TX-0003609,CLI-00546,SISTEMA,DEPOSITO_EFECTIVO,13872.7,2026-05-29 23:47:22,0,ESTRUCTURACION_SMURFING_DETECTADA,,,,
TX-0014423,CLI-02236,SISTEMA,DEPOSITO_EFECTIVO,82.6,2026-05-29 23:54:22,0,ESTRUCTURACION_SMURFING_DETECTADA,,,,
TX-0030266,CLI-04663,SISTEMA,DEPOSITO_EFECTIVO,130.51,2026-05-30 00:03:22,0,ESTRUCTURACION_SMURFING_DETECTADA,,,,
TX-0017356,CLI-02691,SISTEMA,DEPOSITO_EFECTIVO,1872.04,2026-05-30 00:04:22,0,ESTRUCTURACION_SMURFING_DETECTADA,,,,
TX-0023551,CLI-03639,SISTEMA,DEPOSITO_EFECTIVO,1035.67,2026-05-30 00:08:22,0,ESTRUCTURACION_SMURFING_DETECTADA,,,,
TX-0031341,CLI-04820,SISTEMA,DEPOSITO_EFECTIVO,114.8,2026-05-30 00:15:22,0,ESTRUCTURACION_SMURFING_DETECTADA,,,,
TX-0009325,CLI-01431,SISTEMA,DEPOSITO_EFECTIVO,1465.5,2026-05-30 00:19:22,0,ESTRUCTURACION_SMURFING_DETECTADA,,,,
TX-0005035,CLI-00777,SISTEMA,DEPOSITO_EFECTIVO,566.8,2026-05-30 00:36:22,0,ESTRUCTURACION_SMURFING_DETECTADA,,,,
TX-0017876,CLI-02766,SISTEMA,DEPOSITO_EFECTIVO,3170.58,2026-05-30 00:39:22,0,ESTRUCTURACION_SMURFING_DETECTADA,,,,
TX-0004269,CLI-00653,SISTEMA,DEPOSITO_EFECTIVO,1215.93,2026-05-30 00:51:22,0,ESTRUCTURACION_SMURFING_DETECTADA,,,,
TX-0000440,CLI-00069,SISTEMA,DEPOSITO_EFECTIVO,2627.63,2026-05-30 00:53:22,0,ESTRUCTURACION_SMURFING_DETECTADA,,,,
TX-0028390,CLI-04369,SISTEMA,DEPOSITO_EFECTIVO,1957.52,2026-05-30 00:55:22,0,ESTRUCTURACION_SMURFING_DETECTADA,,,,
TX-0023750,CLI-03671,SISTEMA,DEPOSITO_EFECTIVO,205.78,2026-05-30 01:03:22,0,ESTRUCTURACION_SMURFING_DETECTADA,,,,
TX-0002873,CLI-00436,SISTEMA,DEPOSITO_EFECTIVO,237.4,2026-05-30 01:04:22,0,ESTRUCTURACION_SMURFING_DETECTADA,,,,
TX-0022379,CLI-03459,SISTEMA,DEPOSITO_EFECTIVO,423.5,2026-05-30 01:07:22,0,ESTRUCTURACION_SMURFING_DETECTADA,,,,
TX-0031215,CLI-04803,SISTEMA,DEPOSITO_EFECTIVO,4107.42,2026-05-30 01:09:22,0,ESTRUCTURACION_SMURFING_DETECTADA,,,,
TX-0003200,CLI-00485,SISTEMA,DEPOSITO_EFECTIVO,207.29,2026-05-30 01:09:22,0,ESTRUCTURACION_SMURFING_DETECTADA,,,,
TX-0017776,CLI-02751,SISTEMA,DEPOSITO_EFECTIVO,1587.26,2026-05-30 01:12:22,0,ESTRUCTURACION_SMURFING_DETECTADA,,,,
TX-0018478,CLI-02859,SISTEMA,DEPOSITO_EFECTIVO,110.47,2026-05-30 01:17:22,0,ESTRUCTURACION_SMURFING_DETECTADA,,,,
TX-0000362,CLI-00055,SISTEMA,DEPOSITO_EFECTIVO,378.17,2026-05-30 01:28:22,0,ESTRUCTURACION_SMURFING_DETECTADA,,,,
TX-0026580,CLI-04092,SISTEMA,DEPOSITO_EFECTIVO,11369.93,2026-05-30 01:34:22,0,ESTRUCTURACION_SMURFING_DETECTADA,,,,
TX-0026896,CLI-04144,SISTEMA,DEPOSITO_EFECTIVO,536.81,2026-05-30 01:46:22,0,ESTRUCTURACION_SMURFING_DETECTADA,,,,
TX-0005830,CLI-00895,SISTEMA,DEPOSITO_EFECTIVO,3121.93,2026-05-30 01:48:22,0,ESTRUCTURACION_SMURFING_DETECTADA,,,,
TX-0016913,CLI-02619,SISTEMA,DEPOSITO_EFECTIVO,7204.19,2026-05-30 02:00:22,0,ESTRUCTURACION_SMURFING_DETECTADA,,,,
TX-0021089,CLI-03263,SISTEMA,DEPOSITO_EFECTIVO,785.98,2026-05-30 02:02:22,0,ESTRUCTURACION_SMURFING_DETECTADA,,,,
TX-0010822,CLI-01668,SISTEMA,DEPOSITO_EFECTIVO,4382.21,2026-05-30 02:14:22,0,ESTRUCTURACION_SMURFING_DETECTADA,,,,
TX-0006457,CLI-00995,SISTEMA,DEPOSITO_EFECTIVO,703.12,2026-05-30 02:34:22,0,ESTRUCTURACION_SMURFING_DETECTADA,,,,
TX-0005706,CLI-00876,SISTEMA,DEPOSITO_EFECTIVO,1741.08,2026-05-30 02:47:22,0,ESTRUCTURACION_SMURFING_DETECTADA,,,,
TX-0007401,CLI-01143,SISTEMA,DEPOSITO_EFECTIVO,1078.72,2026-05-30 02:51:22,0,ESTRUCTURACION_SMURFING_DETECTADA,,,,
TX-0027980,CLI-04309,SISTEMA,DEPOSITO_EFECTIVO,4453.24,2026-05-30 02:54:22,0,ESTRUCTURACION_SMURFING_DETECTADA,,,,
TX-0011297,CLI-01740,SISTEMA,DEPOSITO_EFECTIVO,368.64,2026-05-30 02:56:22,0,ESTRUCTURACION_SMURFING_DETECTADA,,,,
TX-0029402,CLI-04527,SISTEMA,DEPOSITO_EFECTIVO,589.23,2026-05-30 02:57:22,0,ESTRUCTURACION_SMURFING_DETECTADA,,,,
TX-0003982,CLI-00607,SISTEMA,DEPOSITO_EFECTIVO,764.51,2026-05-30 03:12:22,0,ESTRUCTURACION_SMURFING_DETECTADA,,,,
TX-0013778,CLI-02137,SISTEMA,DEPOSITO_EFECTIVO,8185.6,2026-05-30 03:27:22,0,ESTRUCTURACION_SMURFING_DETECTADA,,,,
TX-0021787,CLI-03367,SISTEMA,DEPOSITO_EFECTIVO,9914.89,2026-05-30 03:35:22,0,ESTRUCTURACION_SMURFING_DETECTADA,,,,
TX-0017289,CLI-02679,SISTEMA,DEPOSITO_EFECTIVO,12303.94,2026-05-30 03:36:22,0,ESTRUCTURACION_SMURFING_DETECTADA,,,,
TX-0014124,CLI-02185,SISTEMA,DEPOSITO_EFECTIVO,550.6,2026-05-30 03:46:22,0,ESTRUCTURACION_SMURFING_DETECTADA,,,,
TX-0014364,CLI-02226,SISTEMA,DEPOSITO_EFECTIVO,557.63,2026-05-30 03:49:22,0,ESTRUCTURACION_SMURFING_DETECTADA,,,,
TX-0000960,CLI-00146,SISTEMA,DEPOSITO_EFECTIVO,9726.9,2026-05-30 03:56:22,0,ESTRUCTURACION_SMURFING_DETECTADA,,,,
TX-0021430,CLI-03314,SISTEMA,DEPOSITO_EFECTIVO,2642.04,2026-05-30 04:01:22,0,ESTRUCTURACION_SMURFING_DETECTADA,,,,
TX-0004168,CLI-00639,SISTEMA,DEPOSITO_EFECTIVO,3329.23,2026-05-30 04:01:22,0,ESTRUCTURACION_SMURFING_DETECTADA,,,,
TX-0000478,CLI-00075,SISTEMA,DEPOSITO_EFECTIVO,4116.38,2026-05-30 04:17:22,0,ESTRUCTURACION_SMURFING_DETECTADA,,,,
TX-0007391,CLI-01141,SISTEMA,DEPOSITO_EFECTIVO,337.08,2026-05-30 04:19:22,0,ESTRUCTURACION_SMURFING_DETECTADA,,,,
TX-0022005,CLI-03401,SISTEMA,DEPOSITO_EFECTIVO,1071.73,2026-05-30 04:40:22,0,ESTRUCTURACION_SMURFING_DETECTADA,,,,
TX-0010910,CLI-01679,SISTEMA,DEPOSITO_EFECTIVO,2547.02,2026-05-30 04:43:22,0,ESTRUCTURACION_SMURFING_DETECTADA,,,,
TX-0029132,CLI-04486,SISTEMA,DEPOSITO_EFECTIVO,1054.14,2026-05-30 04:46:22,0,ESTRUCTURACION_SMURFING_DETECTADA,,,,
TX-0028361,CLI-04364,SISTEMA,DEPOSITO_EFECTIVO,2419.4,2026-05-30 04:46:22,0,ESTRUCTURACION_SMURFING_DETECTADA,,,,
TX-0031762,CLI-04883,SISTEMA,DEPOSITO_EFECTIVO,3155.46,2026-05-30 04:47:22,0,ESTRUCTURACION_SMURFING_DETECTADA,,,,
TX-0022943,CLI-03545,SISTEMA,DEPOSITO_EFECTIVO,526.5,2026-05-30 04:53:22,0,ESTRUCTURACION_SMURFING_DETECTADA,,,,
TX-0002694,CLI-00408,SISTEMA,DEPOSITO_EFECTIVO,308.96,2026-05-30 04:58:22,0,ESTRUCTURACION_SMURFING_DETECTADA,,,,
TX-0007328,CLI-01132,SISTEMA,DEPOSITO_EFECTIVO,589.89,2026-05-30 04:59:22,0,ESTRUCTURACION_SMURFING_DETECTADA,,,,
TX-0030023,CLI-04627,SISTEMA,DEPOSITO_EFECTIVO,264.8,2026-05-30 04:59:22,0,ESTRUCTURACION_SMURFING_DETECTADA,,,,
TX-0020434,CLI-03166,SISTEMA,DEPOSITO_EFECTIVO,3584.45,2026-05-30 05:04:22,0,ESTRUCTURACION_SMURFING_DETECTADA,,,,
TX-0001061,CLI-00161,SISTEMA,DEPOSITO_EFECTIVO,271.48,2026-05-30 05:05:22,0,ESTRUCTURACION_SMURFING_DETECTADA,,,,
TX-0013382,CLI-02073,SISTEMA,DEPOSITO_EFECTIVO,928.86,2026-05-30 05:18:22,0,ESTRUCTURACION_SMURFING_DETECTADA,,,,
TX-0008551,CLI-01312,SISTEMA,DEPOSITO_EFECTIVO,100.93,2026-05-30 05:24:22,0,ESTRUCTURACION_SMURFING_DETECTADA,,,,
TX-0027276,CLI-04205,SISTEMA,DEPOSITO_EFECTIVO,11092.4,2026-05-30 05:34:22,0,ESTRUCTURACION_SMURFING_DETECTADA,,,,
TX-0008087,CLI-01246,SISTEMA,DEPOSITO_EFECTIVO,10457.87,2026-05-30 05:43:22,0,ESTRUCTURACION_SMURFING_DETECTADA,,,,
TX-0020363,CLI-03156,SISTEMA,DEPOSITO_EFECTIVO,4869.0,2026-05-30 06:00:22,0,ESTRUCTURACION_SMURFING_DETECTADA,,,,
TX-0028471,CLI-04382,SISTEMA,DEPOSITO_EFECTIVO,1270.66,2026-05-30 06:11:22,0,ESTRUCTURACION_SMURFING_DETECTADA,,,,
TX-0030353,CLI-04676,SISTEMA,DEPOSITO_EFECTIVO,1307.7,2026-05-30 06:20:22,0,ESTRUCTURACION_SMURFING_DETECTADA,,,,
TX-0017635,CLI-02730,SISTEMA,DEPOSITO_EFECTIVO,2169.18,2026-05-30 06:23:22,0,ESTRUCTURACION_SMURFING_DETECTADA,,,,
TX-0021315,CLI-03295,SISTEMA,DEPOSITO_EFECTIVO,11770.81,2026-05-30 06:34:22,0,ESTRUCTURACION_SMURFING_DETECTADA,,,,
TX-0018906,CLI-02923,SISTEMA,DEPOSITO_EFECTIVO,1147.34,2026-05-30 06:45:22,0,ESTRUCTURACION_SMURFING_DETECTADA,,,,
TX-0014763,CLI-02291,SISTEMA,DEPOSITO_EFECTIVO,178.39,2026-05-30 07:16:22,0,ESTRUCTURACION_SMURFING_DETECTADA,,,,
TX-0017212,CLI-02667,SISTEMA,DEPOSITO_EFECTIVO,709.32,2026-05-30 07:18:22,0,ESTRUCTURACION_SMURFING_DETECTADA,,,,
TX-0023788,CLI-03676,SISTEMA,DEPOSITO_EFECTIVO,222.48,2026-05-30 07:21:22,0,ESTRUCTURACION_SMURFING_DETECTADA,,,,
TX-0000330,CLI-00050,SISTEMA,DEPOSITO_EFECTIVO,668.47,2026-05-30 07:31:22,0,ESTRUCTURACION_SMURFING_DETECTADA,,,,
TX-0019630,CLI-03043,SISTEMA,DEPOSITO_EFECTIVO,3797.71,2026-05-30 07:36:22,0,ESTRUCTURACION_SMURFING_DETECTADA,,,,
TX-0002243,CLI-00338,SISTEMA,DEPOSITO_EFECTIVO,1966.68,2026-05-30 07:44:22,0,ESTRUCTURACION_SMURFING_DETECTADA,,,,
TX-0028378,CLI-04367,SISTEMA,DEPOSITO_EFECTIVO,77.5,2026-05-30 07:49:22,0,ESTRUCTURACION_SMURFING_DETECTADA,,,,
TX-0016017,CLI-02477,SISTEMA,DEPOSITO_EFECTIVO,8174.72,2026-05-30 07:50:22,0,ESTRUCTURACION_SMURFING_DETECTADA,,,,
TX-0020138,CLI-03121,SISTEMA,DEPOSITO_EFECTIVO,5013.18,2026-05-30 08:31:22,0,ESTRUCTURACION_SMURFING_DETECTADA,,,,
TX-0015603,CLI-02416,SISTEMA,DEPOSITO_EFECTIVO,568.22,2026-05-30 08:33:22,0,ESTRUCTURACION_SMURFING_DETECTADA,,,,
TX-0005712,CLI-00877,SISTEMA,DEPOSITO_EFECTIVO,1823.04,2026-05-30 08:45:22,0,ESTRUCTURACION_SMURFING_DETECTADA,,,,
TX-0000632,CLI-00097,SISTEMA,DEPOSITO_EFECTIVO,7702.34,2026-05-30 08:52:22,0,ESTRUCTURACION_SMURFING_DETECTADA,,,,
TX-0027788,CLI-04280,SISTEMA,DEPOSITO_EFECTIVO,7019.45,2026-05-30 08:52:22,0,ESTRUCTURACION_SMURFING_DETECTADA,,,,
TX-0007400,CLI-01143,SISTEMA,DEPOSITO_EFECTIVO,1432.94,2026-05-30 09:00:22,0,ESTRUCTURACION_SMURFING_DETECTADA,,,,
TX-0013166,CLI-02036,SISTEMA,DEPOSITO_EFECTIVO,1669.9,2026-05-30 09:07:22,0,ESTRUCTURACION_SMURFING_DETECTADA,,,,
TX-0024602,CLI-03796,SISTEMA,DEPOSITO_EFECTIVO,12667.28,2026-05-30 09:08:22,0,ESTRUCTURACION_SMURFING_DETECTADA,,,,
TX-0019465,CLI-03016,SISTEMA,DEPOSITO_EFECTIVO,4596.16,2026-05-30 09:10:22,0,ESTRUCTURACION_SMURFING_DETECTADA,,,,
TX-0021280,CLI-03289,SISTEMA,DEPOSITO_EFECTIVO,1062.46,2026-05-30 09:13:22,0,ESTRUCTURACION_SMURFING_DETECTADA,,,,
TX-0003603,CLI-00545,SISTEMA,DEPOSITO_EFECTIVO,361.29,2026-05-30 09:38:22,0,ESTRUCTURACION_SMURFING_DETECTADA,,,,
TX-0019023,CLI-02943,SISTEMA,DEPOSITO_EFECTIVO,14872.35,2026-05-30 09:41:22,0,ESTRUCTURACION_SMURFING_DETECTADA,,,,
TX-0018367,CLI-02843,SISTEMA,DEPOSITO_EFECTIVO,227.56,2026-05-30 09:44:22,0,ESTRUCTURACION_SMURFING_DETECTADA,,,,
TX-0003122,CLI-00473,SISTEMA,DEPOSITO_EFECTIVO,6917.91,2026-05-30 09:45:22,0,ESTRUCTURACION_SMURFING_DETECTADA,,,,
TX-0017314,CLI-02683,SISTEMA,DEPOSITO_EFECTIVO,268.35,2026-05-30 09:57:22,0,ESTRUCTURACION_SMURFING_DETECTADA,,,,
TX-0010259,CLI-01577,SISTEMA,DEPOSITO_EFECTIVO,744.84,2026-05-30 10:01:22,0,ESTRUCTURACION_SMURFING_DETECTADA,,,,
TX-0026256,CLI-04045,SISTEMA,DEPOSITO_EFECTIVO,403.0,2026-05-30 10:08:22,0,ESTRUCTURACION_SMURFING_DETECTADA,,,,
TX-0017328,CLI-02685,SISTEMA,DEPOSITO_EFECTIVO,3426.27,2026-05-30 10:18:22,0,ESTRUCTURACION_SMURFING_DETECTADA,,,,
TX-0031119,CLI-04788,SISTEMA,DEPOSITO_EFECTIVO,487.82,2026-05-30 10:26:22,0,ESTRUCTURACION_SMURFING_DETECTADA,,,,
TX-0006094,CLI-00938,SISTEMA,DEPOSITO_EFECTIVO,871.59,2026-05-30 10:56:22,0,ESTRUCTURACION_SMURFING_DETECTADA,,,,
TX-0030012,CLI-04624,SISTEMA,DEPOSITO_EFECTIVO,170.64,2026-05-30 11:39:22,0,ESTRUCTURACION_SMURFING_DETECTADA,,,,
TX-0008548,CLI-01312,SISTEMA,DEPOSITO_EFECTIVO,155.08,2026-05-30 11:50:22,0,ESTRUCTURACION_SMURFING_DETECTADA,,,,
TX-0024252,CLI-03743,SISTEMA,DEPOSITO_EFECTIVO,2472.98,2026-05-30 11:53:22,0,ESTRUCTURACION_SMURFING_DETECTADA,,,,
TX-0011492,CLI-01773,SISTEMA,DEPOSITO_EFECTIVO,1042.23,2026-05-30 11:57:22,0,ESTRUCTURACION_SMURFING_DETECTADA,,,,
TX-0024824,CLI-03833,SISTEMA,DEPOSITO_EFECTIVO,9782.57,2026-05-30 11:59:22,0,ESTRUCTURACION_SMURFING_DETECTADA,,,,
TX-0030204,CLI-04653,SISTEMA,DEPOSITO_EFECTIVO,1137.11,2026-05-30 12:01:22,0,ESTRUCTURACION_SMURFING_DETECTADA,,,,
TX-0027652,CLI-04261,SISTEMA,DEPOSITO_EFECTIVO,240.24,2026-05-30 12:08:22,0,ESTRUCTURACION_SMURFING_DETECTADA,,,,
TX-0011622,CLI-01792,SISTEMA,DEPOSITO_EFECTIVO,9765.38,2026-05-30 12:14:22,0,ESTRUCTURACION_SMURFING_DETECTADA,,,,
TX-0026798,CLI-04127,SISTEMA,DEPOSITO_EFECTIVO,4674.71,2026-05-30 12:15:22,0,ESTRUCTURACION_SMURFING_DETECTADA,,,,
TX-0008781,CLI-01346,SISTEMA,DEPOSITO_EFECTIVO,5887.32,2026-05-30 12:26:22,0,ESTRUCTURACION_SMURFING_DETECTADA,,,,
TX-0001313,CLI-00198,SISTEMA,DEPOSITO_EFECTIVO,1487.23,2026-05-30 12:34:22,0,ESTRUCTURACION_SMURFING_DETECTADA,,,,
TX-0016893,CLI-02616,SISTEMA,DEPOSITO_EFECTIVO,291.17,2026-05-30 12:41:22,0,ESTRUCTURACION_SMURFING_DETECTADA,,,,
TX-0000369,CLI-00056,SISTEMA,DEPOSITO_EFECTIVO,493.24,2026-05-30 12:45:22,0,ESTRUCTURACION_SMURFING_DETECTADA,,,,
TX-0015494,CLI-02398,SISTEMA,DEPOSITO_EFECTIVO,694.79,2026-05-30 12:49:22,0,ESTRUCTURACION_SMURFING_DETECTADA,,,,
TX-0030326,CLI-04672,SISTEMA,DEPOSITO_EFECTIVO,1505.82,2026-05-30 12:55:22,0,ESTRUCTURACION_SMURFING_DETECTADA,,,,
TX-0000967,CLI-00147,SISTEMA,DEPOSITO_EFECTIVO,1375.93,2026-05-30 13:01:22,0,ESTRUCTURACION_SMURFING_DETECTADA,,,,
TX-0002735,CLI-00415,SISTEMA,DEPOSITO_EFECTIVO,2641.49,2026-05-30 13:07:22,0,ESTRUCTURACION_SMURFING_DETECTADA,,,,
TX-0014875,CLI-02309,SISTEMA,DEPOSITO_EFECTIVO,2028.84,2026-05-30 13:16:22,0,ESTRUCTURACION_SMURFING_DETECTADA,,,,
TX-0031384,CLI-04827,SISTEMA,DEPOSITO_EFECTIVO,12833.74,2026-05-30 13:17:22,0,ESTRUCTURACION_SMURFING_DETECTADA,,,,
TX-0021895,CLI-03384,SISTEMA,DEPOSITO_EFECTIVO,439.49,2026-05-30 13:20:22,0,ESTRUCTURACION_SMURFING_DETECTADA,,,,
TX-0032336,CLI-04966,SISTEMA,DEPOSITO_EFECTIVO,8400.86,2026-05-30 13:23:22,0,ESTRUCTURACION_SMURFING_DETECTADA,,,,
TX-0028726,CLI-04422,SISTEMA,DEPOSITO_EFECTIVO,5561.3,2026-05-30 13:44:22,0,ESTRUCTURACION_SMURFING_DETECTADA,,,,
TX-0018491,CLI-02861,SISTEMA,DEPOSITO_EFECTIVO,616.04,2026-05-30 13:48:22,0,ESTRUCTURACION_SMURFING_DETECTADA,,,,
TX-0003431,CLI-00519,SISTEMA,DEPOSITO_EFECTIVO,1079.91,2026-05-30 13:54:22,0,ESTRUCTURACION_SMURFING_DETECTADA,,,,
TX-0021081,CLI-03262,SISTEMA,DEPOSITO_EFECTIVO,583.66,2026-05-30 13:58:22,0,ESTRUCTURACION_SMURFING_DETECTADA,,,,
TX-0031127,CLI-04790,SISTEMA,DEPOSITO_EFECTIVO,477.41,2026-05-30 14:01:22,0,ESTRUCTURACION_SMURFING_DETECTADA,,,,
TX-0008976,CLI-01378,SISTEMA,DEPOSITO_EFECTIVO,539.28,2026-05-30 14:07:22,0,ESTRUCTURACION_SMURFING_DETECTADA,,,,
TX-0020712,CLI-03206,SISTEMA,DEPOSITO_EFECTIVO,1218.97,2026-05-30 14:07:22,0,ESTRUCTURACION_SMURFING_DETECTADA,,,,
TX-0016146,CLI-02498,SISTEMA,DEPOSITO_EFECTIVO,9150.74,2026-05-30 14:13:22,0,ESTRUCTURACION_SMURFING_DETECTADA,,,,
TX-0007318,CLI-01130,SISTEMA,DEPOSITO_EFECTIVO,117.23,2026-05-30 14:18:22,0,ESTRUCTURACION_SMURFING_DETECTADA,,,,
TX-0012281,CLI-01896,SISTEMA,DEPOSITO_EFECTIVO,7826.2,2026-05-30 14:24:22,0,ESTRUCTURACION_SMURFING_DETECTADA,,,,
TX-0018582,CLI-02873,SISTEMA,DEPOSITO_EFECTIVO,5124.59,2026-05-30 14:27:22,0,ESTRUCTURACION_SMURFING_DETECTADA,,,,
TX-0019103,CLI-02956,SISTEMA,DEPOSITO_EFECTIVO,1563.22,2026-05-30 14:28:22,0,ESTRUCTURACION_SMURFING_DETECTADA,,,,
TX-0031778,CLI-04885,SISTEMA,DEPOSITO_EFECTIVO,696.6,2026-05-30 14:30:22,0,ESTRUCTURACION_SMURFING_DETECTADA,,,,
TX-0003794,CLI-00575,SISTEMA,DEPOSITO_EFECTIVO,117.93,2026-05-30 14:37:22,0,ESTRUCTURACION_SMURFING_DETECTADA,,,,
TX-0000983,CLI-00149,SISTEMA,DEPOSITO_EFECTIVO,255.13,2026-05-30 14:40:22,0,ESTRUCTURACION_SMURFING_DETECTADA,,,,
TX-0007457,CLI-01150,SISTEMA,DEPOSITO_EFECTIVO,1676.1,2026-05-30 14:44:22,0,ESTRUCTURACION_SMURFING_DETECTADA,,,,
TX-0019051,CLI-02948,SISTEMA,DEPOSITO_EFECTIVO,98.27,2026-05-30 14:48:22,0,ESTRUCTURACION_SMURFING_DETECTADA,,,,
TX-0025202,CLI-03891,SISTEMA,DEPOSITO_EFECTIVO,925.48,2026-05-30 14:52:22,0,ESTRUCTURACION_SMURFING_DETECTADA,,,,
TX-0025897,CLI-03994,SISTEMA,DEPOSITO_EFECTIVO,11467.05,2026-05-30 14:53:22,0,ESTRUCTURACION_SMURFING_DETECTADA,,,,
TX-0015312,CLI-02374,SISTEMA,DEPOSITO_EFECTIVO,1479.84,2026-05-30 15:07:22,0,ESTRUCTURACION_SMURFING_DETECTADA,,,,
TX-0030500,CLI-04694,SISTEMA,DEPOSITO_EFECTIVO,193.76,2026-05-30 15:25:22,0,ESTRUCTURACION_SMURFING_DETECTADA,,,,
TX-0011039,CLI-01700,SISTEMA,DEPOSITO_EFECTIVO,4916.33,2026-05-30 15:45:22,0,ESTRUCTURACION_SMURFING_DETECTADA,,,,
TX-0013693,CLI-02123,SISTEMA,DEPOSITO_EFECTIVO,361.73,2026-05-30 15:46:22,0,ESTRUCTURACION_SMURFING_DETECTADA,,,,
TX-0014295,CLI-02215,SISTEMA,DEPOSITO_EFECTIVO,4997.2,2026-05-30 16:20:22,0,ESTRUCTURACION_SMURFING_DETECTADA,,,,
TX-0032096,CLI-04932,SISTEMA,DEPOSITO_EFECTIVO,6832.57,2026-05-30 16:23:22,0,ESTRUCTURACION_SMURFING_DETECTADA,,,,
TX-0022284,CLI-03446,SISTEMA,DEPOSITO_EFECTIVO,349.4,2026-05-30 16:26:22,0,ESTRUCTURACION_SMURFING_DETECTADA,,,,
TX-0022592,CLI-03492,SISTEMA,DEPOSITO_EFECTIVO,4441.49,2026-05-30 16:37:22,0,ESTRUCTURACION_SMURFING_DETECTADA,,,,
TX-0021295,CLI-03291,SISTEMA,DEPOSITO_EFECTIVO,458.12,2026-05-30 16:42:22,0,ESTRUCTURACION_SMURFING_DETECTADA,,,,
TX-0022119,CLI-03419,SISTEMA,DEPOSITO_EFECTIVO,885.9,2026-05-30 16:48:22,0,ESTRUCTURACION_SMURFING_DETECTADA,,,,
TX-0025741,CLI-03971,SISTEMA,DEPOSITO_EFECTIVO,787.12,2026-05-30 16:50:22,0,ESTRUCTURACION_SMURFING_DETECTADA,,,,
TX-0009170,CLI-01410,SISTEMA,DEPOSITO_EFECTIVO,5970.16,2026-05-30 17:15:22,0,ESTRUCTURACION_SMURFING_DETECTADA,,,,
TX-0007129,CLI-01101,SISTEMA,DEPOSITO_EFECTIVO,1124.48,2026-05-30 17:17:22,0,ESTRUCTURACION_SMURFING_DETECTADA,,,,
TX-0013352,CLI-02068,SISTEMA,DEPOSITO_EFECTIVO,258.49,2026-05-30 17:25:22,0,ESTRUCTURACION_SMURFING_DETECTADA,,,,
TX-0018568,CLI-02872,SISTEMA,DEPOSITO_EFECTIVO,2903.61,2026-05-30 17:30:22,0,ESTRUCTURACION_SMURFING_DETECTADA,,,,
TX-0012263,CLI-01892,SISTEMA,DEPOSITO_EFECTIVO,565.17,2026-05-30 17:34:22,0,ESTRUCTURACION_SMURFING_DETECTADA,,,,
TX-0010256,CLI-01577,SISTEMA,DEPOSITO_EFECTIVO,677.18,2026-05-30 17:39:22,0,ESTRUCTURACION_SMURFING_DETECTADA,,,,
TX-0000645,CLI-00099,SISTEMA,DEPOSITO_EFECTIVO,84.38,2026-05-30 17:41:22,0,ESTRUCTURACION_SMURFING_DETECTADA,,,,
TX-0027817,CLI-04284,SISTEMA,DEPOSITO_EFECTIVO,640.54,2026-05-30 17:45:22,0,ESTRUCTURACION_SMURFING_DETECTADA,,,,
TX-0018808,CLI-02910,SISTEMA,DEPOSITO_EFECTIVO,190.96,2026-05-30 17:56:22,0,ESTRUCTURACION_SMURFING_DETECTADA,,,,
TX-0027859,CLI-04290,SISTEMA,DEPOSITO_EFECTIVO,570.39,2026-05-30 18:08:22,0,ESTRUCTURACION_SMURFING_DETECTADA,,,,
TX-0010794,CLI-01664,SISTEMA,DEPOSITO_EFECTIVO,308.14,2026-05-30 18:13:22,0,ESTRUCTURACION_SMURFING_DETECTADA,,,,
TX-0014156,CLI-02192,SISTEMA,DEPOSITO_EFECTIVO,1387.75,2026-05-30 18:18:22,0,ESTRUCTURACION_SMURFING_DETECTADA,,,,
TX-0017295,CLI-02680,SISTEMA,DEPOSITO_EFECTIVO,12442.03,2026-05-30 18:20:22,0,ESTRUCTURACION_SMURFING_DETECTADA,,,,
TX-0005729,CLI-00880,SISTEMA,DEPOSITO_EFECTIVO,3073.66,2026-05-30 18:27:22,0,ESTRUCTURACION_SMURFING_DETECTADA,,,,
TX-0011760,CLI-01815,SISTEMA,DEPOSITO_EFECTIVO,439.08,2026-05-30 18:36:22,0,ESTRUCTURACION_SMURFING_DETECTADA,,,,
TX-0001191,CLI-00180,SISTEMA,DEPOSITO_EFECTIVO,1037.27,2026-05-30 18:45:22,0,ESTRUCTURACION_SMURFING_DETECTADA,,,,
TX-0013281,CLI-02056,SISTEMA,DEPOSITO_EFECTIVO,2246.54,2026-05-30 18:52:22,0,ESTRUCTURACION_SMURFING_DETECTADA,,,,
TX-0007550,CLI-01162,SISTEMA,DEPOSITO_EFECTIVO,1618.51,2026-05-30 19:00:22,0,ESTRUCTURACION_SMURFING_DETECTADA,,,,
TX-0006238,CLI-00960,SISTEMA,DEPOSITO_EFECTIVO,7319.96,2026-05-30 19:03:22,0,ESTRUCTURACION_SMURFING_DETECTADA,,,,
TX-0026970,CLI-04157,SISTEMA,DEPOSITO_EFECTIVO,4739.91,2026-05-30 19:04:22,0,ESTRUCTURACION_SMURFING_DETECTADA,,,,
TX-0014691,CLI-02278,SISTEMA,DEPOSITO_EFECTIVO,1728.62,2026-05-30 19:20:22,0,ESTRUCTURACION_SMURFING_DETECTADA,,,,
TX-0022566,CLI-03488,SISTEMA,DEPOSITO_EFECTIVO,8067.33,2026-05-30 19:39:22,0,ESTRUCTURACION_SMURFING_DETECTADA,,,,
TX-0004203,CLI-00643,SISTEMA,DEPOSITO_EFECTIVO,10264.86,2026-05-30 19:42:22,0,ESTRUCTURACION_SMURFING_DETECTADA,,,,
TX-0032050,CLI-04925,SISTEMA,DEPOSITO_EFECTIVO,83.72,2026-05-30 19:45:22,0,ESTRUCTURACION_SMURFING_DETECTADA,,,,
TX-0006301,CLI-00971,SISTEMA,DEPOSITO_EFECTIVO,264.25,2026-05-30 19:46:22,0,ESTRUCTURACION_SMURFING_DETECTADA,,,,
TX-0031616,CLI-04863,SISTEMA,DEPOSITO_EFECTIVO,1956.24,2026-05-30 19:53:22,0,ESTRUCTURACION_SMURFING_DETECTADA,,,,
TX-0032129,CLI-04937,SISTEMA,DEPOSITO_EFECTIVO,2590.97,2026-05-30 20:04:22,0,ESTRUCTURACION_SMURFING_DETECTADA,,,,
TX-0008776,CLI-01345,SISTEMA,DEPOSITO_EFECTIVO,1446.33,2026-05-30 20:05:22,0,ESTRUCTURACION_SMURFING_DETECTADA,,,,
TX-0004752,CLI-00733,SISTEMA,DEPOSITO_EFECTIVO,187.05,2026-05-30 20:06:22,0,ESTRUCTURACION_SMURFING_DETECTADA,,,,
TX-0005276,CLI-00814,SISTEMA,DEPOSITO_EFECTIVO,1705.73,2026-05-30 20:06:22,0,ESTRUCTURACION_SMURFING_DETECTADA,,,,
TX-0020493,CLI-03175,SISTEMA,DEPOSITO_EFECTIVO,448.32,2026-05-30 20:25:22,0,ESTRUCTURACION_SMURFING_DETECTADA,,,,
TX-0030851,CLI-04749,SISTEMA,DEPOSITO_EFECTIVO,9669.44,2026-05-30 20:30:22,0,ESTRUCTURACION_SMURFING_DETECTADA,,,,
TX-0009606,CLI-01476,SISTEMA,DEPOSITO_EFECTIVO,1935.47,2026-05-30 20:37:22,0,ESTRUCTURACION_SMURFING_DETECTADA,,,,
TX-0004699,CLI-00726,SISTEMA,DEPOSITO_EFECTIVO,3974.1,2026-05-30 21:13:22,0,ESTRUCTURACION_SMURFING_DETECTADA,,,,
TX-0008911,CLI-01369,SISTEMA,DEPOSITO_EFECTIVO,1275.94,2026-05-30 21:30:22,0,ESTRUCTURACION_SMURFING_DETECTADA,,,,
TX-0008352,CLI-01285,SISTEMA,DEPOSITO_EFECTIVO,360.15,2026-05-30 21:57:22,0,ESTRUCTURACION_SMURFING_DETECTADA,,,,
TX-0003974,CLI-00606,SISTEMA,DEPOSITO_EFECTIVO,2330.32,2026-05-30 22:11:22,0,ESTRUCTURACION_SMURFING_DETECTADA,,,,
TX-0011905,CLI-01835,SISTEMA,DEPOSITO_EFECTIVO,2441.82,2026-05-30 22:17:22,0,ESTRUCTURACION_SMURFING_DETECTADA,,,,
TX-0015063,CLI-02334,SISTEMA,DEPOSITO_EFECTIVO,10522.22,2026-05-30 22:19:22,0,ESTRUCTURACION_SMURFING_DETECTADA,,,,
TX-0028999,CLI-04465,SISTEMA,DEPOSITO_EFECTIVO,333.97,2026-05-30 22:20:22,0,ESTRUCTURACION_SMURFING_DETECTADA,,,,
TX-0019546,CLI-03031,SISTEMA,DEPOSITO_EFECTIVO,5676.28,2026-05-30 22:24:22,0,ESTRUCTURACION_SMURFING_DETECTADA,,,,
TX-0015007,CLI-02327,SISTEMA,DEPOSITO_EFECTIVO,2191.86,2026-05-30 22:26:22,0,ESTRUCTURACION_SMURFING_DETECTADA,,,,
TX-0021516,CLI-03327,SISTEMA,DEPOSITO_EFECTIVO,553.9,2026-05-30 22:27:22,0,ESTRUCTURACION_SMURFING_DETECTADA,,,,
TX-0015001,CLI-02327,SISTEMA,DEPOSITO_EFECTIVO,3403.69,2026-05-30 22:28:22,0,ESTRUCTURACION_SMURFING_DETECTADA,,,,
TX-0027744,CLI-04273,SISTEMA,DEPOSITO_EFECTIVO,1507.85,2026-05-30 22:33:22,0,ESTRUCTURACION_SMURFING_DETECTADA,,,,
TX-0028680,CLI-04416,SISTEMA,DEPOSITO_EFECTIVO,877.81,2026-05-30 22:50:22,0,ESTRUCTURACION_SMURFING_DETECTADA,,,,
TX-0027404,CLI-04224,SISTEMA,DEPOSITO_EFECTIVO,1895.01,2026-05-30 22:51:22,0,ESTRUCTURACION_SMURFING_DETECTADA,,,,
TX-0030146,CLI-04644,SISTEMA,DEPOSITO_EFECTIVO,74.11,2026-05-30 22:55:22,0,ESTRUCTURACION_SMURFING_DETECTADA,,,,
TX-0029203,CLI-04497,SISTEMA,DEPOSITO_EFECTIVO,403.21,2026-05-30 22:55:22,0,ESTRUCTURACION_SMURFING_DETECTADA,,,,
TX-0030493,CLI-04693,SISTEMA,DEPOSITO_EFECTIVO,6647.74,2026-05-30 22:56:22,0,ESTRUCTURACION_SMURFING_DETECTADA,,,,
TX-0026183,CLI-04034,SISTEMA,DEPOSITO_EFECTIVO,1581.03,2026-05-30 22:57:22,0,ESTRUCTURACION_SMURFING_DETECTADA,,,,
TX-0000283,CLI-00042,SISTEMA,DEPOSITO_EFECTIVO,216.91,2026-05-30 23:03:22,0,ESTRUCTURACION_SMURFING_DETECTADA,,,,
TX-0016556,CLI-02565,SISTEMA,DEPOSITO_EFECTIVO,5396.77,2026-05-30 23:11:22,0,ESTRUCTURACION_SMURFING_DETECTADA,,,,
TX-0019518,CLI-03026,SISTEMA,DEPOSITO_EFECTIVO,824.67,2026-05-30 23:19:22,0,ESTRUCTURACION_SMURFING_DETECTADA,,,,
TX-0024763,CLI-03822,SISTEMA,DEPOSITO_EFECTIVO,120.3,2026-05-30 23:25:22,0,ESTRUCTURACION_SMURFING_DETECTADA,,,,
TX-0022689,CLI-03506,SISTEMA,DEPOSITO_EFECTIVO,4599.67,2026-05-30 23:26:22,0,ESTRUCTURACION_SMURFING_DETECTADA,,,,
TX-0011383,CLI-01754,SISTEMA,DEPOSITO_EFECTIVO,3334.3,2026-05-30 23:28:22,0,ESTRUCTURACION_SMURFING_DETECTADA,,,,
TX-0028706,CLI-04419,SISTEMA,DEPOSITO_EFECTIVO,2348.83,2026-05-30 23:30:22,0,ESTRUCTURACION_SMURFING_DETECTADA,,,,
TX-0007783,CLI-01196,SISTEMA,DEPOSITO_EFECTIVO,1951.11,2026-05-30 23:45:22,0,ESTRUCTURACION_SMURFING_DETECTADA,,,,
TX-0031014,CLI-04773,SISTEMA,DEPOSITO_EFECTIVO,7682.14,2026-05-31 00:14:22,0,ESTRUCTURACION_SMURFING_DETECTADA,,,,
TX-0027968,CLI-04307,SISTEMA,DEPOSITO_EFECTIVO,176.58,2026-05-31 00:20:22,0,ESTRUCTURACION_SMURFING_DETECTADA,,,,
TX-0027437,CLI-04230,SISTEMA,DEPOSITO_EFECTIVO,432.5,2026-05-31 00:27:22,0,ESTRUCTURACION_SMURFING_DETECTADA,,,,
TX-0029887,CLI-04604,SISTEMA,DEPOSITO_EFECTIVO,267.82,2026-05-31 00:33:22,0,ESTRUCTURACION_SMURFING_DETECTADA,,,,
TX-0008841,CLI-01357,SISTEMA,DEPOSITO_EFECTIVO,2938.62,2026-05-31 00:33:22,0,ESTRUCTURACION_SMURFING_DETECTADA,,,,
TX-0007037,CLI-01086,SISTEMA,DEPOSITO_EFECTIVO,1223.05,2026-05-31 00:33:22,0,ESTRUCTURACION_SMURFING_DETECTADA,,,,
TX-0005500,CLI-00843,SISTEMA,DEPOSITO_EFECTIVO,3013.29,2026-05-31 01:04:22,0,ESTRUCTURACION_SMURFING_DETECTADA,,,,
TX-0017089,CLI-02647,SISTEMA,DEPOSITO_EFECTIVO,776.36,2026-05-31 01:09:22,0,ESTRUCTURACION_SMURFING_DETECTADA,,,,
TX-0028260,CLI-04349,SISTEMA,DEPOSITO_EFECTIVO,257.23,2026-05-31 01:18:22,0,ESTRUCTURACION_SMURFING_DETECTADA,,,,
TX-0022232,CLI-03439,SISTEMA,DEPOSITO_EFECTIVO,3720.03,2026-05-31 01:20:22,0,ESTRUCTURACION_SMURFING_DETECTADA,,,,
TX-0015500,CLI-02399,SISTEMA,DEPOSITO_EFECTIVO,2889.25,2026-05-31 01:26:22,0,ESTRUCTURACION_SMURFING_DETECTADA,,,,
TX-0016068,CLI-02485,SISTEMA,DEPOSITO_EFECTIVO,177.71,2026-05-31 01:29:22,0,ESTRUCTURACION_SMURFING_DETECTADA,,,,
TX-0008875,CLI-01363,SISTEMA,DEPOSITO_EFECTIVO,2697.18,2026-05-31 01:32:22,0,ESTRUCTURACION_SMURFING_DETECTADA,,,,
TX-0020557,CLI-03186,SISTEMA,DEPOSITO_EFECTIVO,288.58,2026-05-31 01:33:22,0,ESTRUCTURACION_SMURFING_DETECTADA,,,,
TX-0008440,CLI-01296,SISTEMA,DEPOSITO_EFECTIVO,3725.72,2026-05-31 01:51:22,0,ESTRUCTURACION_SMURFING_DETECTADA,,,,
TX-0004454,CLI-00680,SISTEMA,DEPOSITO_EFECTIVO,14679.22,2026-05-31 01:53:22,0,ESTRUCTURACION_SMURFING_DETECTADA,,,,
TX-0018854,CLI-02916,SISTEMA,DEPOSITO_EFECTIVO,1257.96,2026-05-31 01:58:22,0,ESTRUCTURACION_SMURFING_DETECTADA,,,,
TX-0005324,CLI-00820,SISTEMA,DEPOSITO_EFECTIVO,771.74,2026-05-31 02:22:22,0,ESTRUCTURACION_SMURFING_DETECTADA,,,,
TX-0011597,CLI-01788,SISTEMA,DEPOSITO_EFECTIVO,6500.03,2026-05-31 02:24:22,0,ESTRUCTURACION_SMURFING_DETECTADA,,,,
TX-0013868,CLI-02148,SISTEMA,DEPOSITO_EFECTIVO,1022.91,2026-05-31 02:39:22,0,ESTRUCTURACION_SMURFING_DETECTADA,,,,
TX-0025441,CLI-03925,SISTEMA,DEPOSITO_EFECTIVO,1269.51,2026-05-31 02:48:22,0,ESTRUCTURACION_SMURFING_DETECTADA,,,,
TX-0020169,CLI-03128,SISTEMA,DEPOSITO_EFECTIVO,14776.73,2026-05-31 02:58:22,0,ESTRUCTURACION_SMURFING_DETECTADA,,,,
TX-0007314,CLI-01130,SISTEMA,DEPOSITO_EFECTIVO,120.08,2026-05-31 03:11:22,0,ESTRUCTURACION_SMURFING_DETECTADA,,,,
TX-0021532,CLI-03330,SISTEMA,DEPOSITO_EFECTIVO,221.55,2026-05-31 03:13:22,0,ESTRUCTURACION_SMURFING_DETECTADA,,,,
TX-0005509,CLI-00844,SISTEMA,DEPOSITO_EFECTIVO,1544.02,2026-05-31 03:23:22,0,ESTRUCTURACION_SMURFING_DETECTADA,,,,
TX-0003582,CLI-00542,SISTEMA,DEPOSITO_EFECTIVO,638.79,2026-05-31 03:23:22,0,ESTRUCTURACION_SMURFING_DETECTADA,,,,
TX-0001050,CLI-00159,SISTEMA,DEPOSITO_EFECTIVO,147.01,2026-05-31 03:37:22,0,ESTRUCTURACION_SMURFING_DETECTADA,,,,
TX-0030332,CLI-04673,SISTEMA,DEPOSITO_EFECTIVO,823.71,2026-05-31 03:47:22,0,ESTRUCTURACION_SMURFING_DETECTADA,,,,
TX-0019385,CLI-03004,SISTEMA,DEPOSITO_EFECTIVO,4261.06,2026-05-31 03:48:22,0,ESTRUCTURACION_SMURFING_DETECTADA,,,,
TX-0014020,CLI-02170,SISTEMA,DEPOSITO_EFECTIVO,9571.19,2026-05-31 03:55:22,0,ESTRUCTURACION_SMURFING_DETECTADA,,,,
TX-0013748,CLI-02132,SISTEMA,DEPOSITO_EFECTIVO,1512.83,2026-05-31 04:05:22,0,ESTRUCTURACION_SMURFING_DETECTADA,,,,
TX-0015924,CLI-02466,SISTEMA,DEPOSITO_EFECTIVO,148.67,2026-05-31 04:40:22,0,ESTRUCTURACION_SMURFING_DETECTADA,,,,
TX-0016696,CLI-02586,SISTEMA,DEPOSITO_EFECTIVO,4018.15,2026-05-31 04:44:22,0,ESTRUCTURACION_SMURFING_DETECTADA,,,,
TX-0008633,CLI-01325,SISTEMA,DEPOSITO_EFECTIVO,419.15,2026-05-31 04:52:22,0,ESTRUCTURACION_SMURFING_DETECTADA,,,,
TX-0008632,CLI-01325,SISTEMA,DEPOSITO_EFECTIVO,273.39,2026-05-31 04:52:22,0,ESTRUCTURACION_SMURFING_DETECTADA,,,,
TX-0013460,CLI-02086,SISTEMA,DEPOSITO_EFECTIVO,1697.6,2026-05-31 05:07:22,0,ESTRUCTURACION_SMURFING_DETECTADA,,,,
TX-0030854,CLI-04749,SISTEMA,DEPOSITO_EFECTIVO,7516.6,2026-05-31 05:07:22,0,ESTRUCTURACION_SMURFING_DETECTADA,,,,
TX-0022863,CLI-03533,SISTEMA,DEPOSITO_EFECTIVO,427.08,2026-05-31 05:11:22,0,ESTRUCTURACION_SMURFING_DETECTADA,,,,
TX-0016236,CLI-02513,SISTEMA,DEPOSITO_EFECTIVO,458.09,2026-05-31 05:20:22,0,ESTRUCTURACION_SMURFING_DETECTADA,,,,
TX-0004821,CLI-00745,SISTEMA,DEPOSITO_EFECTIVO,2293.25,2026-05-31 05:27:22,0,ESTRUCTURACION_SMURFING_DETECTADA,,,,
TX-0004458,CLI-00681,SISTEMA,DEPOSITO_EFECTIVO,597.65,2026-05-31 05:49:22,0,ESTRUCTURACION_SMURFING_DETECTADA,,,,
TX-0022266,CLI-03443,SISTEMA,DEPOSITO_EFECTIVO,4196.92,2026-05-31 05:50:22,0,ESTRUCTURACION_SMURFING_DETECTADA,,,,
TX-0031650,CLI-04867,SISTEMA,DEPOSITO_EFECTIVO,189.5,2026-05-31 05:52:22,0,ESTRUCTURACION_SMURFING_DETECTADA,,,,
TX-0016979,CLI-02631,SISTEMA,DEPOSITO_EFECTIVO,1002.44,2026-05-31 05:53:22,0,ESTRUCTURACION_SMURFING_DETECTADA,,,,
TX-0004245,CLI-00649,SISTEMA,DEPOSITO_EFECTIVO,8915.69,2026-05-31 06:12:22,0,ESTRUCTURACION_SMURFING_DETECTADA,,,,
TX-0031594,CLI-04861,SISTEMA,DEPOSITO_EFECTIVO,523.41,2026-05-31 06:15:22,0,ESTRUCTURACION_SMURFING_DETECTADA,,,,
TX-0010764,CLI-01660,SISTEMA,DEPOSITO_EFECTIVO,1960.29,2026-05-31 06:19:22,0,ESTRUCTURACION_SMURFING_DETECTADA,,,,
TX-0031849,CLI-04894,SISTEMA,DEPOSITO_EFECTIVO,141.56,2026-05-31 06:23:22,0,ESTRUCTURACION_SMURFING_DETECTADA,,,,
TX-0001015,CLI-00154,SISTEMA,DEPOSITO_EFECTIVO,6412.36,2026-05-31 06:32:22,0,ESTRUCTURACION_SMURFING_DETECTADA,,,,
TX-0025806,CLI-03981,SISTEMA,DEPOSITO_EFECTIVO,1194.29,2026-05-31 06:34:22,0,ESTRUCTURACION_SMURFING_DETECTADA,,,,
TX-0010241,CLI-01574,SISTEMA,DEPOSITO_EFECTIVO,427.26,2026-05-31 06:51:22,0,ESTRUCTURACION_SMURFING_DETECTADA,,,,
TX-0012302,CLI-01899,SISTEMA,DEPOSITO_EFECTIVO,163.67,2026-05-31 06:55:22,0,ESTRUCTURACION_SMURFING_DETECTADA,,,,
TX-0001850,CLI-00276,SISTEMA,DEPOSITO_EFECTIVO,2119.24,2026-05-31 07:09:22,0,ESTRUCTURACION_SMURFING_DETECTADA,,,,
TX-0016801,CLI-02603,SISTEMA,DEPOSITO_EFECTIVO,8465.75,2026-05-31 07:13:22,0,ESTRUCTURACION_SMURFING_DETECTADA,,,,
TX-0012982,CLI-02007,SISTEMA,DEPOSITO_EFECTIVO,1133.52,2026-05-31 07:13:22,0,ESTRUCTURACION_SMURFING_DETECTADA,,,,
TX-0001196,CLI-00180,SISTEMA,DEPOSITO_EFECTIVO,1515.9,2026-05-31 07:20:22,0,ESTRUCTURACION_SMURFING_DETECTADA,,,,
TX-0008429,CLI-01295,SISTEMA,DEPOSITO_EFECTIVO,914.07,2026-05-31 07:20:22,0,ESTRUCTURACION_SMURFING_DETECTADA,,,,
TX-0010610,CLI-01633,SISTEMA,DEPOSITO_EFECTIVO,247.61,2026-05-31 07:21:22,0,ESTRUCTURACION_SMURFING_DETECTADA,,,,
TX-0014934,CLI-02317,SISTEMA,DEPOSITO_EFECTIVO,1366.16,2026-05-31 07:25:22,0,ESTRUCTURACION_SMURFING_DETECTADA,,,,
TX-0009158,CLI-01408,SISTEMA,DEPOSITO_EFECTIVO,169.14,2026-05-31 07:29:22,0,ESTRUCTURACION_SMURFING_DETECTADA,,,,
TX-0007107,CLI-01097,SISTEMA,DEPOSITO_EFECTIVO,1002.36,2026-05-31 07:33:22,0,ESTRUCTURACION_SMURFING_DETECTADA,,,,
TX-0000114,CLI-00017,SISTEMA,DEPOSITO_EFECTIVO,2785.56,2026-05-31 07:41:22,0,ESTRUCTURACION_SMURFING_DETECTADA,,,,
TX-0004621,CLI-00712,SISTEMA,DEPOSITO_EFECTIVO,1526.93,2026-05-31 07:51:22,0,ESTRUCTURACION_SMURFING_DETECTADA,,,,
TX-0031065,CLI-04780,SISTEMA,DEPOSITO_EFECTIVO,148.07,2026-05-31 07:55:22,0,ESTRUCTURACION_SMURFING_DETECTADA,,,,
TX-0005700,CLI-00875,SISTEMA,DEPOSITO_EFECTIVO,3020.1,2026-05-31 08:04:22,0,ESTRUCTURACION_SMURFING_DETECTADA,,,,
TX-0023247,CLI-03592,SISTEMA,DEPOSITO_EFECTIVO,6383.66,2026-05-31 08:12:22,0,ESTRUCTURACION_SMURFING_DETECTADA,,,,
TX-0014347,CLI-02223,SISTEMA,DEPOSITO_EFECTIVO,11082.1,2026-05-31 08:13:22,0,ESTRUCTURACION_SMURFING_DETECTADA,,,,
TX-0020521,CLI-03179,SISTEMA,DEPOSITO_EFECTIVO,1812.5,2026-05-31 08:16:22,0,ESTRUCTURACION_SMURFING_DETECTADA,,,,
TX-0002185,CLI-00328,SISTEMA,DEPOSITO_EFECTIVO,1533.08,2026-05-31 08:17:22,0,ESTRUCTURACION_SMURFING_DETECTADA,,,,
TX-0026328,CLI-04055,SISTEMA,DEPOSITO_EFECTIVO,13024.73,2026-05-31 08:23:22,0,ESTRUCTURACION_SMURFING_DETECTADA,,,,
TX-0023255,CLI-03592,SISTEMA,DEPOSITO_EFECTIVO,212.08,2026-05-31 08:23:22,0,ESTRUCTURACION_SMURFING_DETECTADA,,,,
TX-0009362,CLI-01437,SISTEMA,DEPOSITO_EFECTIVO,642.78,2026-05-31 08:27:22,0,ESTRUCTURACION_SMURFING_DETECTADA,,,,
TX-0017873,CLI-02766,SISTEMA,DEPOSITO_EFECTIVO,4181.3,2026-05-31 08:39:22,0,ESTRUCTURACION_SMURFING_DETECTADA,,,,
TX-0014106,CLI-02183,SISTEMA,DEPOSITO_EFECTIVO,11516.63,2026-05-31 08:41:22,0,ESTRUCTURACION_SMURFING_DETECTADA,,,,
TX-0026602,CLI-04096,SISTEMA,DEPOSITO_EFECTIVO,396.43,2026-05-31 08:49:22,0,ESTRUCTURACION_SMURFING_DETECTADA,,,,
TX-0008271,CLI-01272,SISTEMA,DEPOSITO_EFECTIVO,488.19,2026-05-31 09:00:22,0,ESTRUCTURACION_SMURFING_DETECTADA,,,,
TX-0005833,CLI-00896,SISTEMA,DEPOSITO_EFECTIVO,3614.58,2026-05-31 09:01:22,0,ESTRUCTURACION_SMURFING_DETECTADA,,,,
TX-0008412,CLI-01293,SISTEMA,DEPOSITO_EFECTIVO,129.64,2026-05-31 09:22:22,0,ESTRUCTURACION_SMURFING_DETECTADA,,,,
TX-0020638,CLI-03196,SISTEMA,DEPOSITO_EFECTIVO,659.79,2026-05-31 09:45:22,0,ESTRUCTURACION_SMURFING_DETECTADA,,,,
TX-0025657,CLI-03959,SISTEMA,DEPOSITO_EFECTIVO,545.19,2026-05-31 09:47:22,0,ESTRUCTURACION_SMURFING_DETECTADA,,,,
TX-0003783,CLI-00573,SISTEMA,DEPOSITO_EFECTIVO,1659.75,2026-05-31 09:57:22,0,ESTRUCTURACION_SMURFING_DETECTADA,,,,
TX-0007383,CLI-01140,SISTEMA,DEPOSITO_EFECTIVO,4410.61,2026-05-31 10:07:22,0,ESTRUCTURACION_SMURFING_DETECTADA,,,,
TX-0013006,CLI-02011,SISTEMA,DEPOSITO_EFECTIVO,407.75,2026-05-31 10:13:22,0,ESTRUCTURACION_SMURFING_DETECTADA,,,,
TX-0018744,CLI-02900,SISTEMA,DEPOSITO_EFECTIVO,4207.6,2026-05-31 10:13:22,0,ESTRUCTURACION_SMURFING_DETECTADA,,,,
TX-0017410,CLI-02699,SISTEMA,DEPOSITO_EFECTIVO,5979.05,2026-05-31 10:32:22,0,ESTRUCTURACION_SMURFING_DETECTADA,,,,
TX-0015056,CLI-02333,SISTEMA,DEPOSITO_EFECTIVO,420.12,2026-05-31 10:46:22,0,ESTRUCTURACION_SMURFING_DETECTADA,,,,
TX-0023696,CLI-03664,SISTEMA,DEPOSITO_EFECTIVO,160.99,2026-05-31 10:48:22,0,ESTRUCTURACION_SMURFING_DETECTADA,,,,
TX-0013862,CLI-02147,SISTEMA,DEPOSITO_EFECTIVO,2647.03,2026-05-31 10:59:22,0,ESTRUCTURACION_SMURFING_DETECTADA,,,,
TX-0019331,CLI-02995,SISTEMA,DEPOSITO_EFECTIVO,1742.15,2026-05-31 10:59:22,0,ESTRUCTURACION_SMURFING_DETECTADA,,,,
TX-0013001,CLI-02010,SISTEMA,DEPOSITO_EFECTIVO,227.09,2026-05-31 11:26:22,0,ESTRUCTURACION_SMURFING_DETECTADA,,,,
TX-0001247,CLI-00189,SISTEMA,DEPOSITO_EFECTIVO,127.13,2026-05-31 11:28:22,0,ESTRUCTURACION_SMURFING_DETECTADA,,,,
TX-0014798,CLI-02297,SISTEMA,DEPOSITO_EFECTIVO,6021.63,2026-05-31 11:33:22,0,ESTRUCTURACION_SMURFING_DETECTADA,,,,
TX-0001101,CLI-00165,SISTEMA,DEPOSITO_EFECTIVO,1017.44,2026-05-31 11:41:22,0,ESTRUCTURACION_SMURFING_DETECTADA,,,,
TX-0004312,CLI-00659,SISTEMA,DEPOSITO_EFECTIVO,3009.16,2026-05-31 11:45:22,0,ESTRUCTURACION_SMURFING_DETECTADA,,,,
TX-0018565,CLI-02871,SISTEMA,DEPOSITO_EFECTIVO,480.2,2026-05-31 11:47:22,0,ESTRUCTURACION_SMURFING_DETECTADA,,,,
TX-0022545,CLI-03485,SISTEMA,DEPOSITO_EFECTIVO,14906.74,2026-05-31 11:48:22,0,ESTRUCTURACION_SMURFING_DETECTADA,,,,
TX-0003962,CLI-00603,SISTEMA,DEPOSITO_EFECTIVO,1188.27,2026-05-31 12:01:22,0,ESTRUCTURACION_SMURFING_DETECTADA,,,,
TX-0028068,CLI-04322,SISTEMA,DEPOSITO_EFECTIVO,4531.6,2026-05-31 12:08:22,0,ESTRUCTURACION_SMURFING_DETECTADA,,,,
TX-0009644,CLI-01482,SISTEMA,DEPOSITO_EFECTIVO,293.45,2026-05-31 12:11:22,0,ESTRUCTURACION_SMURFING_DETECTADA,,,,
TX-0027757,CLI-04275,SISTEMA,DEPOSITO_EFECTIVO,771.0,2026-05-31 12:16:22,0,ESTRUCTURACION_SMURFING_DETECTADA,,,,
TX-0012052,CLI-01859,SISTEMA,DEPOSITO_EFECTIVO,752.73,2026-05-31 12:21:22,0,ESTRUCTURACION_SMURFING_DETECTADA,,,,
TX-0010205,CLI-01568,SISTEMA,DEPOSITO_EFECTIVO,4314.3,2026-05-31 12:31:22,0,ESTRUCTURACION_SMURFING_DETECTADA,,,,
TX-0020803,CLI-03220,SISTEMA,DEPOSITO_EFECTIVO,1375.57,2026-05-31 12:32:22,0,ESTRUCTURACION_SMURFING_DETECTADA,,,,
TX-0013243,CLI-02049,SISTEMA,DEPOSITO_EFECTIVO,242.95,2026-05-31 12:37:22,0,ESTRUCTURACION_SMURFING_DETECTADA,,,,
TX-0015417,CLI-02388,SISTEMA,DEPOSITO_EFECTIVO,166.2,2026-05-31 12:57:22,0,ESTRUCTURACION_SMURFING_DETECTADA,,,,
TX-0018301,CLI-02831,SISTEMA,DEPOSITO_EFECTIVO,843.12,2026-05-31 13:00:22,0,ESTRUCTURACION_SMURFING_DETECTADA,,,,
TX-0013449,CLI-02084,SISTEMA,DEPOSITO_EFECTIVO,13532.31,2026-05-31 13:02:22,0,ESTRUCTURACION_SMURFING_DETECTADA,,,,
TX-0005350,CLI-00823,SISTEMA,DEPOSITO_EFECTIVO,8878.01,2026-05-31 13:24:22,0,ESTRUCTURACION_SMURFING_DETECTADA,,,,
TX-0005394,CLI-00829,SISTEMA,DEPOSITO_EFECTIVO,177.45,2026-05-31 13:27:22,0,ESTRUCTURACION_SMURFING_DETECTADA,,,,
TX-0016673,CLI-02583,SISTEMA,DEPOSITO_EFECTIVO,1794.98,2026-05-31 13:35:22,0,ESTRUCTURACION_SMURFING_DETECTADA,,,,
TX-0024328,CLI-03755,SISTEMA,DEPOSITO_EFECTIVO,679.2,2026-05-31 13:45:22,0,ESTRUCTURACION_SMURFING_DETECTADA,,,,
TX-0029828,CLI-04595,SISTEMA,DEPOSITO_EFECTIVO,662.91,2026-05-31 13:56:22,0,ESTRUCTURACION_SMURFING_DETECTADA,,,,
TX-0009418,CLI-01446,SISTEMA,DEPOSITO_EFECTIVO,7034.37,2026-05-31 14:01:22,0,ESTRUCTURACION_SMURFING_DETECTADA,,,,
TX-0003445,CLI-00522,SISTEMA,DEPOSITO_EFECTIVO,1568.61,2026-05-31 14:04:22,0,ESTRUCTURACION_SMURFING_DETECTADA,,,,
TX-0006663,CLI-01027,SISTEMA,DEPOSITO_EFECTIVO,556.56,2026-05-31 14:27:22,0,ESTRUCTURACION_SMURFING_DETECTADA,,,,
TX-0017395,CLI-02698,SISTEMA,DEPOSITO_EFECTIVO,1274.21,2026-05-31 14:30:22,0,ESTRUCTURACION_SMURFING_DETECTADA,,,,
TX-0005016,CLI-00775,SISTEMA,DEPOSITO_EFECTIVO,2845.36,2026-05-31 14:31:22,0,ESTRUCTURACION_SMURFING_DETECTADA,,,,
TX-0004216,CLI-00645,SISTEMA,DEPOSITO_EFECTIVO,459.08,2026-05-31 14:48:22,0,ESTRUCTURACION_SMURFING_DETECTADA,,,,
TX-0017178,CLI-02661,SISTEMA,DEPOSITO_EFECTIVO,5825.63,2026-05-31 15:02:22,0,ESTRUCTURACION_SMURFING_DETECTADA,,,,
TX-0006774,CLI-01045,SISTEMA,DEPOSITO_EFECTIVO,6651.56,2026-05-31 15:33:22,0,ESTRUCTURACION_SMURFING_DETECTADA,,,,
TX-0013928,CLI-02157,SISTEMA,DEPOSITO_EFECTIVO,486.16,2026-05-31 15:37:22,0,ESTRUCTURACION_SMURFING_DETECTADA,,,,
TX-0012793,CLI-01976,SISTEMA,DEPOSITO_EFECTIVO,8570.26,2026-05-31 15:41:22,0,ESTRUCTURACION_SMURFING_DETECTADA,,,,
TX-0018942,CLI-02928,SISTEMA,DEPOSITO_EFECTIVO,650.84,2026-05-31 15:42:22,0,ESTRUCTURACION_SMURFING_DETECTADA,,,,
TX-0015830,CLI-02450,SISTEMA,DEPOSITO_EFECTIVO,687.69,2026-05-31 15:57:22,0,ESTRUCTURACION_SMURFING_DETECTADA,,,,
TX-0028683,CLI-04416,SISTEMA,DEPOSITO_EFECTIVO,623.52,2026-05-31 16:06:22,0,ESTRUCTURACION_SMURFING_DETECTADA,,,,
TX-0030642,CLI-04717,SISTEMA,DEPOSITO_EFECTIVO,1925.62,2026-05-31 16:10:22,0,ESTRUCTURACION_SMURFING_DETECTADA,,,,
TX-0017787,CLI-02752,SISTEMA,DEPOSITO_EFECTIVO,768.11,2026-05-31 16:12:22,0,ESTRUCTURACION_SMURFING_DETECTADA,,,,
TX-0026911,CLI-04147,SISTEMA,DEPOSITO_EFECTIVO,6828.78,2026-05-31 16:16:22,0,ESTRUCTURACION_SMURFING_DETECTADA,,,,
TX-0020340,CLI-03153,SISTEMA,DEPOSITO_EFECTIVO,5485.43,2026-05-31 16:17:22,0,ESTRUCTURACION_SMURFING_DETECTADA,,,,
TX-0000807,CLI-00124,SISTEMA,DEPOSITO_EFECTIVO,10332.68,2026-05-31 16:20:22,0,ESTRUCTURACION_SMURFING_DETECTADA,,,,
TX-0021193,CLI-03278,SISTEMA,DEPOSITO_EFECTIVO,368.95,2026-05-31 16:25:22,0,ESTRUCTURACION_SMURFING_DETECTADA,,,,
TX-0029950,CLI-04613,SISTEMA,DEPOSITO_EFECTIVO,6094.92,2026-05-31 16:41:22,0,ESTRUCTURACION_SMURFING_DETECTADA,,,,
TX-0011578,CLI-01785,SISTEMA,DEPOSITO_EFECTIVO,87.38,2026-05-31 16:41:22,0,ESTRUCTURACION_SMURFING_DETECTADA,,,,
TX-0001207,CLI-00183,SISTEMA,DEPOSITO_EFECTIVO,143.44,2026-05-31 16:41:22,0,ESTRUCTURACION_SMURFING_DETECTADA,,,,
TX-0021420,CLI-03312,SISTEMA,DEPOSITO_EFECTIVO,4914.85,2026-05-31 16:52:22,0,ESTRUCTURACION_SMURFING_DETECTADA,,,,
TX-0027599,CLI-04253,SISTEMA,DEPOSITO_EFECTIVO,2634.18,2026-05-31 16:59:22,0,ESTRUCTURACION_SMURFING_DETECTADA,,,,
TX-0017149,CLI-02657,SISTEMA,DEPOSITO_EFECTIVO,557.52,2026-05-31 17:03:22,0,ESTRUCTURACION_SMURFING_DETECTADA,,,,
TX-0024147,CLI-03729,SISTEMA,DEPOSITO_EFECTIVO,7407.95,2026-05-31 17:10:22,0,ESTRUCTURACION_SMURFING_DETECTADA,,,,
TX-0006431,CLI-00991,SISTEMA,DEPOSITO_EFECTIVO,2103.58,2026-05-31 17:23:22,0,ESTRUCTURACION_SMURFING_DETECTADA,,,,
TX-0019181,CLI-02970,SISTEMA,DEPOSITO_EFECTIVO,563.25,2026-05-31 17:32:22,0,ESTRUCTURACION_SMURFING_DETECTADA,,,,
TX-0019169,CLI-02968,SISTEMA,DEPOSITO_EFECTIVO,1156.35,2026-05-31 17:46:22,0,ESTRUCTURACION_SMURFING_DETECTADA,,,,
TX-0025147,CLI-03881,SISTEMA,DEPOSITO_EFECTIVO,6622.52,2026-05-31 17:52:22,0,ESTRUCTURACION_SMURFING_DETECTADA,,,,
TX-0026625,CLI-04100,SISTEMA,DEPOSITO_EFECTIVO,5215.93,2026-05-31 17:58:22,0,ESTRUCTURACION_SMURFING_DETECTADA,,,,
TX-0025875,CLI-03991,SISTEMA,DEPOSITO_EFECTIVO,179.68,2026-05-31 18:01:22,0,ESTRUCTURACION_SMURFING_DETECTADA,,,,
TX-0021726,CLI-03357,SISTEMA,DEPOSITO_EFECTIVO,295.07,2026-05-31 18:07:22,0,ESTRUCTURACION_SMURFING_DETECTADA,,,,
TX-0013277,CLI-02055,SISTEMA,DEPOSITO_EFECTIVO,5582.36,2026-05-31 18:12:22,0,ESTRUCTURACION_SMURFING_DETECTADA,,,,
TX-0006475,CLI-00999,SISTEMA,DEPOSITO_EFECTIVO,9313.23,2026-05-31 18:18:22,0,ESTRUCTURACION_SMURFING_DETECTADA,,,,
TX-0017380,CLI-02696,SISTEMA,DEPOSITO_EFECTIVO,1267.7,2026-05-31 18:21:22,0,ESTRUCTURACION_SMURFING_DETECTADA,,,,
TX-0015272,CLI-02366,SISTEMA,DEPOSITO_EFECTIVO,289.73,2026-05-31 18:41:22,0,ESTRUCTURACION_SMURFING_DETECTADA,,,,
TX-0022932,CLI-03543,SISTEMA,DEPOSITO_EFECTIVO,1855.11,2026-05-31 18:57:22,0,ESTRUCTURACION_SMURFING_DETECTADA,,,,
TX-0003313,CLI-00500,SISTEMA,DEPOSITO_EFECTIVO,454.11,2026-05-31 19:05:22,0,ESTRUCTURACION_SMURFING_DETECTADA,,,,
TX-0011720,CLI-01808,SISTEMA,DEPOSITO_EFECTIVO,1053.91,2026-05-31 19:07:22,0,ESTRUCTURACION_SMURFING_DETECTADA,,,,
TX-0030105,CLI-04638,SISTEMA,DEPOSITO_EFECTIVO,833.36,2026-05-31 19:16:22,0,ESTRUCTURACION_SMURFING_DETECTADA,,,,
TX-0004390,CLI-00670,SISTEMA,DEPOSITO_EFECTIVO,5120.58,2026-05-31 19:16:22,0,ESTRUCTURACION_SMURFING_DETECTADA,,,,
TX-0029963,CLI-04615,SISTEMA,DEPOSITO_EFECTIVO,1413.96,2026-05-31 19:27:22,0,ESTRUCTURACION_SMURFING_DETECTADA,,,,
TX-0023022,CLI-03557,SISTEMA,DEPOSITO_EFECTIVO,942.44,2026-05-31 19:40:22,0,ESTRUCTURACION_SMURFING_DETECTADA,,,,
TX-0021706,CLI-03355,SISTEMA,DEPOSITO_EFECTIVO,6148.55,2026-05-31 19:49:22,0,ESTRUCTURACION_SMURFING_DETECTADA,,,,
TX-0001864,CLI-00279,SISTEMA,DEPOSITO_EFECTIVO,3874.89,2026-05-31 19:52:22,0,ESTRUCTURACION_SMURFING_DETECTADA,,,,
TX-0008623,CLI-01324,SISTEMA,DEPOSITO_EFECTIVO,12981.98,2026-05-31 19:57:22,0,ESTRUCTURACION_SMURFING_DETECTADA,,,,
TX-0017268,CLI-02676,SISTEMA,DEPOSITO_EFECTIVO,9636.6,2026-05-31 20:04:22,0,ESTRUCTURACION_SMURFING_DETECTADA,,,,
TX-0000449,CLI-00070,SISTEMA,DEPOSITO_EFECTIVO,8345.29,2026-05-31 20:07:22,0,ESTRUCTURACION_SMURFING_DETECTADA,,,,
TX-0018805,CLI-02909,SISTEMA,DEPOSITO_EFECTIVO,1053.38,2026-05-31 20:14:22,0,ESTRUCTURACION_SMURFING_DETECTADA,,,,
TX-0029253,CLI-04503,SISTEMA,DEPOSITO_EFECTIVO,2372.33,2026-05-31 20:17:22,0,ESTRUCTURACION_SMURFING_DETECTADA,,,,
TX-0003658,CLI-00554,SISTEMA,DEPOSITO_EFECTIVO,7074.58,2026-05-31 20:20:22,0,ESTRUCTURACION_SMURFING_DETECTADA,,,,
TX-0007075,CLI-01093,SISTEMA,DEPOSITO_EFECTIVO,637.4,2026-05-31 20:53:22,0,ESTRUCTURACION_SMURFING_DETECTADA,,,,
TX-0015250,CLI-02362,SISTEMA,DEPOSITO_EFECTIVO,117.17,2026-05-31 21:03:22,0,ESTRUCTURACION_SMURFING_DETECTADA,,,,
TX-0014313,CLI-02219,SISTEMA,DEPOSITO_EFECTIVO,48.29,2026-05-31 21:03:22,0,ESTRUCTURACION_SMURFING_DETECTADA,,,,
TX-0001606,CLI-00243,SISTEMA,DEPOSITO_EFECTIVO,7871.06,2026-05-31 21:09:22,0,ESTRUCTURACION_SMURFING_DETECTADA,,,,
TX-0010093,CLI-01550,SISTEMA,DEPOSITO_EFECTIVO,136.44,2026-05-31 21:16:22,0,ESTRUCTURACION_SMURFING_DETECTADA,,,,
TX-0020394,CLI-03159,SISTEMA,DEPOSITO_EFECTIVO,4885.3,2026-05-31 21:17:22,0,ESTRUCTURACION_SMURFING_DETECTADA,,,,
TX-0024669,CLI-03806,SISTEMA,DEPOSITO_EFECTIVO,11110.01,2026-05-31 21:17:22,0,ESTRUCTURACION_SMURFING_DETECTADA,,,,
TX-0020063,CLI-03110,SISTEMA,DEPOSITO_EFECTIVO,1817.67,2026-05-31 21:56:22,0,ESTRUCTURACION_SMURFING_DETECTADA,,,,
TX-0029913,CLI-04608,SISTEMA,DEPOSITO_EFECTIVO,492.38,2026-05-31 22:05:22,0,ESTRUCTURACION_SMURFING_DETECTADA,,,,
TX-0029373,CLI-04522,SISTEMA,DEPOSITO_EFECTIVO,205.09,2026-05-31 22:13:22,0,ESTRUCTURACION_SMURFING_DETECTADA,,,,
TX-0020093,CLI-03114,SISTEMA,DEPOSITO_EFECTIVO,349.14,2026-05-31 22:23:22,0,ESTRUCTURACION_SMURFING_DETECTADA,,,,
TX-0010239,CLI-01573,SISTEMA,DEPOSITO_EFECTIVO,129.63,2026-05-31 22:27:22,0,ESTRUCTURACION_SMURFING_DETECTADA,,,,
TX-0006799,CLI-01049,SISTEMA,DEPOSITO_EFECTIVO,141.69,2026-05-31 22:34:22,0,ESTRUCTURACION_SMURFING_DETECTADA,,,,
TX-0023991,CLI-03705,SISTEMA,DEPOSITO_EFECTIVO,143.77,2026-05-31 22:44:22,0,ESTRUCTURACION_SMURFING_DETECTADA,,,,
TX-0030659,CLI-04720,SISTEMA,DEPOSITO_EFECTIVO,1175.71,2026-05-31 22:46:22,0,ESTRUCTURACION_SMURFING_DETECTADA,,,,
TX-0028326,CLI-04358,SISTEMA,DEPOSITO_EFECTIVO,10587.87,2026-05-31 22:50:22,0,ESTRUCTURACION_SMURFING_DETECTADA,,,,
TX-0012785,CLI-01974,SISTEMA,DEPOSITO_EFECTIVO,867.66,2026-05-31 22:56:22,0,ESTRUCTURACION_SMURFING_DETECTADA,,,,
TX-0005522,CLI-00847,SISTEMA,DEPOSITO_EFECTIVO,272.08,2026-05-31 23:07:22,0,ESTRUCTURACION_SMURFING_DETECTADA,,,,
TX-0021213,CLI-03280,SISTEMA,DEPOSITO_EFECTIVO,3281.37,2026-05-31 23:10:22,0,ESTRUCTURACION_SMURFING_DETECTADA,,,,
TX-0031764,CLI-04883,SISTEMA,DEPOSITO_EFECTIVO,2620.24,2026-05-31 23:10:22,0,ESTRUCTURACION_SMURFING_DETECTADA,,,,
TX-0006532,CLI-01007,SISTEMA,DEPOSITO_EFECTIVO,966.5,2026-05-31 23:22:22,0,ESTRUCTURACION_SMURFING_DETECTADA,,,,
TX-0001380,CLI-00208,SISTEMA,DEPOSITO_EFECTIVO,390.71,2026-05-31 23:23:22,0,ESTRUCTURACION_SMURFING_DETECTADA,,,,
TX-0012130,CLI-01872,SISTEMA,DEPOSITO_EFECTIVO,1849.18,2026-05-31 23:27:22,0,ESTRUCTURACION_SMURFING_DETECTADA,,,,
TX-0007481,CLI-01154,SISTEMA,DEPOSITO_EFECTIVO,1023.66,2026-05-31 23:44:22,0,ESTRUCTURACION_SMURFING_DETECTADA,,,,
TX-0014928,CLI-02317,SISTEMA,DEPOSITO_EFECTIVO,486.14,2026-05-31 23:46:22,0,ESTRUCTURACION_SMURFING_DETECTADA,,,,
TX-0029672,CLI-04567,SISTEMA,DEPOSITO_EFECTIVO,1152.48,2026-05-31 23:51:22,0,ESTRUCTURACION_SMURFING_DETECTADA,,,,
TX-0012572,CLI-01939,SISTEMA,DEPOSITO_EFECTIVO,8551.76,2026-06-01 00:02:22,0,ESTRUCTURACION_SMURFING_DETECTADA,,,,
TX-0007348,CLI-01135,SISTEMA,DEPOSITO_EFECTIVO,1313.28,2026-06-01 00:07:22,0,ESTRUCTURACION_SMURFING_DETECTADA,,,,
TX-0016675,CLI-02583,SISTEMA,DEPOSITO_EFECTIVO,605.5,2026-06-01 00:11:22,0,ESTRUCTURACION_SMURFING_DETECTADA,,,,
TX-0027956,CLI-04305,SISTEMA,DEPOSITO_EFECTIVO,14177.52,2026-06-01 00:26:22,0,ESTRUCTURACION_SMURFING_DETECTADA,,,,
TX-0023183,CLI-03582,SISTEMA,DEPOSITO_EFECTIVO,543.04,2026-06-01 00:35:22,0,ESTRUCTURACION_SMURFING_DETECTADA,,,,
TX-0029762,CLI-04584,SISTEMA,DEPOSITO_EFECTIVO,948.52,2026-06-01 00:51:22,0,ESTRUCTURACION_SMURFING_DETECTADA,,,,
TX-0021684,CLI-03352,SISTEMA,DEPOSITO_EFECTIVO,2744.52,2026-06-01 01:23:22,0,ESTRUCTURACION_SMURFING_DETECTADA,,,,
TX-0003514,CLI-00533,SISTEMA,DEPOSITO_EFECTIVO,10796.14,2026-06-01 01:33:22,0,ESTRUCTURACION_SMURFING_DETECTADA,,,,
TX-0012591,CLI-01943,SISTEMA,DEPOSITO_EFECTIVO,13617.18,2026-06-01 01:41:22,0,ESTRUCTURACION_SMURFING_DETECTADA,,,,
TX-0029200,CLI-04496,SISTEMA,DEPOSITO_EFECTIVO,187.85,2026-06-01 01:44:22,0,ESTRUCTURACION_SMURFING_DETECTADA,,,,
TX-0016858,CLI-02612,SISTEMA,DEPOSITO_EFECTIVO,1484.54,2026-06-01 01:51:22,0,ESTRUCTURACION_SMURFING_DETECTADA,,,,
TX-0009390,CLI-01440,SISTEMA,DEPOSITO_EFECTIVO,725.67,2026-06-01 02:02:22,0,ESTRUCTURACION_SMURFING_DETECTADA,,,,
TX-0025751,CLI-03972,SISTEMA,DEPOSITO_EFECTIVO,2650.7,2026-06-01 02:09:22,0,ESTRUCTURACION_SMURFING_DETECTADA,,,,
TX-0029045,CLI-04472,SISTEMA,DEPOSITO_EFECTIVO,2972.0,2026-06-01 02:11:22,0,ESTRUCTURACION_SMURFING_DETECTADA,,,,
TX-0002891,CLI-00438,SISTEMA,DEPOSITO_EFECTIVO,2013.42,2026-06-01 02:23:22,0,ESTRUCTURACION_SMURFING_DETECTADA,,,,
TX-0028653,CLI-04411,SISTEMA,DEPOSITO_EFECTIVO,821.43,2026-06-01 02:32:22,0,ESTRUCTURACION_SMURFING_DETECTADA,,,,
TX-0026924,CLI-04150,SISTEMA,DEPOSITO_EFECTIVO,4203.39,2026-06-01 02:47:22,0,ESTRUCTURACION_SMURFING_DETECTADA,,,,
TX-0028199,CLI-04340,SISTEMA,DEPOSITO_EFECTIVO,8305.83,2026-06-01 02:58:22,0,ESTRUCTURACION_SMURFING_DETECTADA,,,,
TX-0022263,CLI-03442,SISTEMA,DEPOSITO_EFECTIVO,216.68,2026-06-01 03:01:22,0,ESTRUCTURACION_SMURFING_DETECTADA,,,,
TX-0015080,CLI-02337,SISTEMA,DEPOSITO_EFECTIVO,437.36,2026-06-01 03:23:22,0,ESTRUCTURACION_SMURFING_DETECTADA,,,,
TX-0011735,CLI-01810,SISTEMA,DEPOSITO_EFECTIVO,1144.0,2026-06-01 03:24:22,0,ESTRUCTURACION_SMURFING_DETECTADA,,,,
TX-0030585,CLI-04708,SISTEMA,DEPOSITO_EFECTIVO,294.53,2026-06-01 03:29:22,0,ESTRUCTURACION_SMURFING_DETECTADA,,,,
TX-0000045,CLI-00007,SISTEMA,DEPOSITO_EFECTIVO,581.83,2026-06-01 03:36:22,0,ESTRUCTURACION_SMURFING_DETECTADA,,,,
TX-0021189,CLI-03277,SISTEMA,DEPOSITO_EFECTIVO,981.02,2026-06-01 03:37:22,0,ESTRUCTURACION_SMURFING_DETECTADA,,,,
TX-0005095,CLI-00786,SISTEMA,DEPOSITO_EFECTIVO,3586.89,2026-06-01 03:40:22,0,ESTRUCTURACION_SMURFING_DETECTADA,,,,
TX-0014268,CLI-02210,SISTEMA,DEPOSITO_EFECTIVO,8547.87,2026-06-01 03:44:22,0,ESTRUCTURACION_SMURFING_DETECTADA,,,,
TX-0030705,CLI-04725,SISTEMA,DEPOSITO_EFECTIVO,2858.35,2026-06-01 03:47:22,0,ESTRUCTURACION_SMURFING_DETECTADA,,,,
TX-0029263,CLI-04504,SISTEMA,DEPOSITO_EFECTIVO,1129.69,2026-06-01 03:48:22,0,ESTRUCTURACION_SMURFING_DETECTADA,,,,
TX-0001299,CLI-00196,SISTEMA,DEPOSITO_EFECTIVO,6171.77,2026-06-01 03:54:22,0,ESTRUCTURACION_SMURFING_DETECTADA,,,,
TX-0015506,CLI-02400,SISTEMA,DEPOSITO_EFECTIVO,1513.98,2026-06-01 03:58:22,0,ESTRUCTURACION_SMURFING_DETECTADA,,,,
TX-0016965,CLI-02629,SISTEMA,DEPOSITO_EFECTIVO,233.1,2026-06-01 04:00:22,0,ESTRUCTURACION_SMURFING_DETECTADA,,,,
TX-0024582,CLI-03794,SISTEMA,DEPOSITO_EFECTIVO,386.16,2026-06-01 04:04:22,0,ESTRUCTURACION_SMURFING_DETECTADA,,,,
TX-0011234,CLI-01731,SISTEMA,DEPOSITO_EFECTIVO,4400.51,2026-06-01 04:06:22,0,ESTRUCTURACION_SMURFING_DETECTADA,,,,
TX-0012880,CLI-01991,SISTEMA,DEPOSITO_EFECTIVO,828.13,2026-06-01 04:09:22,0,ESTRUCTURACION_SMURFING_DETECTADA,,,,
TX-0023843,CLI-03685,SISTEMA,DEPOSITO_EFECTIVO,2267.22,2026-06-01 04:11:22,0,ESTRUCTURACION_SMURFING_DETECTADA,,,,
TX-0006097,CLI-00939,SISTEMA,DEPOSITO_EFECTIVO,169.76,2026-06-01 04:13:22,0,ESTRUCTURACION_SMURFING_DETECTADA,,,,
TX-0012462,CLI-01923,SISTEMA,DEPOSITO_EFECTIVO,1106.24,2026-06-01 04:16:22,0,ESTRUCTURACION_SMURFING_DETECTADA,,,,
TX-0015759,CLI-02438,SISTEMA,DEPOSITO_EFECTIVO,1542.55,2026-06-01 04:35:22,0,ESTRUCTURACION_SMURFING_DETECTADA,,,,
TX-0027728,CLI-04271,SISTEMA,DEPOSITO_EFECTIVO,6095.57,2026-06-01 04:37:22,0,ESTRUCTURACION_SMURFING_DETECTADA,,,,
TX-0026474,CLI-04076,SISTEMA,DEPOSITO_EFECTIVO,312.98,2026-06-01 04:39:22,0,ESTRUCTURACION_SMURFING_DETECTADA,,,,
TX-0012436,CLI-01919,SISTEMA,DEPOSITO_EFECTIVO,7699.9,2026-06-01 04:40:22,0,ESTRUCTURACION_SMURFING_DETECTADA,,,,
TX-0000063,CLI-00009,SISTEMA,DEPOSITO_EFECTIVO,1012.01,2026-06-01 04:41:22,0,ESTRUCTURACION_SMURFING_DETECTADA,,,,
TX-0029492,CLI-04540,SISTEMA,DEPOSITO_EFECTIVO,190.45,2026-06-01 04:42:22,0,ESTRUCTURACION_SMURFING_DETECTADA,,,,
TX-0009702,CLI-01489,SISTEMA,DEPOSITO_EFECTIVO,999.86,2026-06-01 04:49:22,0,ESTRUCTURACION_SMURFING_DETECTADA,,,,
TX-0029029,CLI-04470,SISTEMA,DEPOSITO_EFECTIVO,5951.11,2026-06-01 04:49:22,0,ESTRUCTURACION_SMURFING_DETECTADA,,,,
TX-0024960,CLI-03852,SISTEMA,DEPOSITO_EFECTIVO,11026.96,2026-06-01 04:52:22,0,ESTRUCTURACION_SMURFING_DETECTADA,,,,
TX-0004184,CLI-00641,SISTEMA,DEPOSITO_EFECTIVO,1381.43,2026-06-01 04:59:22,0,ESTRUCTURACION_SMURFING_DETECTADA,,,,
TX-0025413,CLI-03922,SISTEMA,DEPOSITO_EFECTIVO,2256.69,2026-06-01 05:20:22,0,ESTRUCTURACION_SMURFING_DETECTADA,,,,
TX-0013880,CLI-02149,SISTEMA,DEPOSITO_EFECTIVO,2377.75,2026-06-01 05:26:22,0,ESTRUCTURACION_SMURFING_DETECTADA,,,,
TX-0025224,CLI-03894,SISTEMA,DEPOSITO_EFECTIVO,2084.73,2026-06-01 05:47:22,0,ESTRUCTURACION_SMURFING_DETECTADA,,,,
TX-0027366,CLI-04220,SISTEMA,DEPOSITO_EFECTIVO,13125.41,2026-06-01 05:58:22,0,ESTRUCTURACION_SMURFING_DETECTADA,,,,
TX-0025356,CLI-03913,SISTEMA,DEPOSITO_EFECTIVO,513.21,2026-06-01 06:00:22,0,ESTRUCTURACION_SMURFING_DETECTADA,,,,
TX-0025632,CLI-03955,SISTEMA,DEPOSITO_EFECTIVO,604.36,2026-06-01 06:02:22,0,ESTRUCTURACION_SMURFING_DETECTADA,,,,
TX-0018392,CLI-02846,SISTEMA,DEPOSITO_EFECTIVO,97.8,2026-06-01 06:05:22,0,ESTRUCTURACION_SMURFING_DETECTADA,,,,
TX-0016491,CLI-02555,SISTEMA,DEPOSITO_EFECTIVO,3330.77,2026-06-01 06:05:22,0,ESTRUCTURACION_SMURFING_DETECTADA,,,,
TX-0004352,CLI-00666,SISTEMA,DEPOSITO_EFECTIVO,1113.51,2026-06-01 06:14:22,0,ESTRUCTURACION_SMURFING_DETECTADA,,,,
TX-0019106,CLI-02956,SISTEMA,DEPOSITO_EFECTIVO,141.52,2026-06-01 06:17:22,0,ESTRUCTURACION_SMURFING_DETECTADA,,,,
TX-0018456,CLI-02856,SISTEMA,DEPOSITO_EFECTIVO,485.36,2026-06-01 06:35:22,0,ESTRUCTURACION_SMURFING_DETECTADA,,,,
TX-0009266,CLI-01424,SISTEMA,DEPOSITO_EFECTIVO,10024.96,2026-06-01 06:38:22,0,ESTRUCTURACION_SMURFING_DETECTADA,,,,
TX-0032098,CLI-04933,SISTEMA,DEPOSITO_EFECTIVO,601.58,2026-06-01 06:39:22,0,ESTRUCTURACION_SMURFING_DETECTADA,,,,
TX-0014489,CLI-02246,SISTEMA,DEPOSITO_EFECTIVO,260.92,2026-06-01 06:39:22,0,ESTRUCTURACION_SMURFING_DETECTADA,,,,
TX-0003753,CLI-00568,SISTEMA,DEPOSITO_EFECTIVO,4929.63,2026-06-01 06:43:22,0,ESTRUCTURACION_SMURFING_DETECTADA,,,,
TX-0027841,CLI-04288,SISTEMA,DEPOSITO_EFECTIVO,635.85,2026-06-01 06:51:22,0,ESTRUCTURACION_SMURFING_DETECTADA,,,,
TX-0006522,CLI-01005,SISTEMA,DEPOSITO_EFECTIVO,13853.53,2026-06-01 07:08:22,0,ESTRUCTURACION_SMURFING_DETECTADA,,,,
TX-0004893,CLI-00758,SISTEMA,DEPOSITO_EFECTIVO,174.15,2026-06-01 07:11:22,0,ESTRUCTURACION_SMURFING_DETECTADA,,,,
TX-0000852,CLI-00130,SISTEMA,DEPOSITO_EFECTIVO,1398.33,2026-06-01 07:25:22,0,ESTRUCTURACION_SMURFING_DETECTADA,,,,
TX-0009993,CLI-01536,SISTEMA,DEPOSITO_EFECTIVO,1855.21,2026-06-01 07:30:22,0,ESTRUCTURACION_SMURFING_DETECTADA,,,,
TX-0005938,CLI-00914,SISTEMA,DEPOSITO_EFECTIVO,4756.18,2026-06-01 07:40:22,0,ESTRUCTURACION_SMURFING_DETECTADA,,,,
TX-0001298,CLI-00196,SISTEMA,DEPOSITO_EFECTIVO,2172.74,2026-06-01 07:43:22,0,ESTRUCTURACION_SMURFING_DETECTADA,,,,
TX-0005649,CLI-00867,SISTEMA,DEPOSITO_EFECTIVO,131.44,2026-06-01 07:51:22,0,ESTRUCTURACION_SMURFING_DETECTADA,,,,
TX-0005440,CLI-00836,SISTEMA,DEPOSITO_EFECTIVO,431.19,2026-06-01 08:03:22,0,ESTRUCTURACION_SMURFING_DETECTADA,,,,
TX-0013403,CLI-02077,SISTEMA,DEPOSITO_EFECTIVO,148.96,2026-06-01 08:06:22,0,ESTRUCTURACION_SMURFING_DETECTADA,,,,
TX-0007236,CLI-01118,SISTEMA,DEPOSITO_EFECTIVO,5329.12,2026-06-01 08:07:22,0,ESTRUCTURACION_SMURFING_DETECTADA,,,,
TX-0022492,CLI-03476,SISTEMA,DEPOSITO_EFECTIVO,4242.05,2026-06-01 08:08:22,0,ESTRUCTURACION_SMURFING_DETECTADA,,,,
TX-0012584,CLI-01942,SISTEMA,DEPOSITO_EFECTIVO,9174.35,2026-06-01 08:09:22,0,ESTRUCTURACION_SMURFING_DETECTADA,,,,
TX-0019028,CLI-02945,SISTEMA,DEPOSITO_EFECTIVO,3783.62,2026-06-01 08:43:22,0,ESTRUCTURACION_SMURFING_DETECTADA,,,,
TX-0007018,CLI-01083,SISTEMA,DEPOSITO_EFECTIVO,2326.33,2026-06-01 08:47:22,0,ESTRUCTURACION_SMURFING_DETECTADA,,,,
TX-0006991,CLI-01079,SISTEMA,DEPOSITO_EFECTIVO,987.7,2026-06-01 08:57:22,0,ESTRUCTURACION_SMURFING_DETECTADA,,,,
TX-0022977,CLI-03550,SISTEMA,DEPOSITO_EFECTIVO,601.11,2026-06-01 09:08:22,0,ESTRUCTURACION_SMURFING_DETECTADA,,,,
TX-0027094,CLI-04176,SISTEMA,DEPOSITO_EFECTIVO,1217.57,2026-06-01 09:09:22,0,ESTRUCTURACION_SMURFING_DETECTADA,,,,
TX-0006083,CLI-00936,SISTEMA,DEPOSITO_EFECTIVO,3556.31,2026-06-01 09:09:22,0,ESTRUCTURACION_SMURFING_DETECTADA,,,,
TX-0000565,CLI-00086,SISTEMA,DEPOSITO_EFECTIVO,1991.89,2026-06-01 09:23:22,0,ESTRUCTURACION_SMURFING_DETECTADA,,,,
TX-0023225,CLI-03589,SISTEMA,DEPOSITO_EFECTIVO,1191.21,2026-06-01 09:25:22,0,ESTRUCTURACION_SMURFING_DETECTADA,,,,
TX-0008338,CLI-01284,SISTEMA,DEPOSITO_EFECTIVO,14731.51,2026-06-01 09:34:22,0,ESTRUCTURACION_SMURFING_DETECTADA,,,,
TX-0018008,CLI-02785,SISTEMA,DEPOSITO_EFECTIVO,1609.71,2026-06-01 09:42:22,0,ESTRUCTURACION_SMURFING_DETECTADA,,,,
TX-0000209,CLI-00031,SISTEMA,DEPOSITO_EFECTIVO,754.12,2026-06-01 09:52:22,0,ESTRUCTURACION_SMURFING_DETECTADA,,,,
TX-0026649,CLI-04102,SISTEMA,DEPOSITO_EFECTIVO,1819.44,2026-06-01 09:53:22,0,ESTRUCTURACION_SMURFING_DETECTADA,,,,
TX-0021988,CLI-03398,SISTEMA,DEPOSITO_EFECTIVO,1254.26,2026-06-01 09:54:22,0,ESTRUCTURACION_SMURFING_DETECTADA,,,,
TX-0006325,CLI-00974,SISTEMA,DEPOSITO_EFECTIVO,274.23,2026-06-01 10:03:22,0,ESTRUCTURACION_SMURFING_DETECTADA,,,,
TX-0010539,CLI-01619,SISTEMA,DEPOSITO_EFECTIVO,6020.66,2026-06-01 10:07:22,0,ESTRUCTURACION_SMURFING_DETECTADA,,,,
TX-0027443,CLI-04231,SISTEMA,DEPOSITO_EFECTIVO,567.69,2026-06-01 10:10:22,0,ESTRUCTURACION_SMURFING_DETECTADA,,,,
TX-0002073,CLI-00311,SISTEMA,DEPOSITO_EFECTIVO,3102.73,2026-06-01 10:14:22,0,ESTRUCTURACION_SMURFING_DETECTADA,,,,
TX-0006029,CLI-00927,SISTEMA,DEPOSITO_EFECTIVO,87.42,2026-06-01 10:30:22,0,ESTRUCTURACION_SMURFING_DETECTADA,,,,
TX-0023793,CLI-03677,SISTEMA,DEPOSITO_EFECTIVO,11333.23,2026-06-01 10:32:22,0,ESTRUCTURACION_SMURFING_DETECTADA,,,,
TX-0031080,CLI-04783,SISTEMA,DEPOSITO_EFECTIVO,1034.59,2026-06-01 10:38:22,0,ESTRUCTURACION_SMURFING_DETECTADA,,,,
TX-0009210,CLI-01415,SISTEMA,DEPOSITO_EFECTIVO,103.82,2026-06-01 10:48:22,0,ESTRUCTURACION_SMURFING_DETECTADA,,,,
TX-0019804,CLI-03070,SISTEMA,DEPOSITO_EFECTIVO,2830.58,2026-06-01 10:56:22,0,ESTRUCTURACION_SMURFING_DETECTADA,,,,
TX-0031469,CLI-04840,SISTEMA,DEPOSITO_EFECTIVO,1538.08,2026-06-01 10:58:22,0,ESTRUCTURACION_SMURFING_DETECTADA,,,,
TX-0001820,CLI-00272,SISTEMA,DEPOSITO_EFECTIVO,4716.23,2026-06-01 11:18:22,0,ESTRUCTURACION_SMURFING_DETECTADA,,,,
TX-0022428,CLI-03465,SISTEMA,DEPOSITO_EFECTIVO,12160.05,2026-06-01 11:32:22,0,ESTRUCTURACION_SMURFING_DETECTADA,,,,
TX-0011877,CLI-01829,SISTEMA,DEPOSITO_EFECTIVO,14198.83,2026-06-01 11:50:22,0,ESTRUCTURACION_SMURFING_DETECTADA,,,,
TX-0030969,CLI-04765,SISTEMA,DEPOSITO_EFECTIVO,174.68,2026-06-01 13:11:22,0,ESTRUCTURACION_SMURFING_DETECTADA,,,,
TX-0001307,CLI-00198,SISTEMA,DEPOSITO_EFECTIVO,910.11,2026-06-01 13:14:22,0,ESTRUCTURACION_SMURFING_DETECTADA,,,,
TX-0011949,CLI-01841,SISTEMA,DEPOSITO_EFECTIVO,3848.2,2026-06-01 13:29:22,0,ESTRUCTURACION_SMURFING_DETECTADA,,,,
TX-0000693,CLI-00107,SISTEMA,DEPOSITO_EFECTIVO,3153.3,2026-06-01 13:40:22,0,ESTRUCTURACION_SMURFING_DETECTADA,,,,
TX-0026083,CLI-04022,SISTEMA,DEPOSITO_EFECTIVO,7198.18,2026-06-01 13:46:22,0,ESTRUCTURACION_SMURFING_DETECTADA,,,,
TX-0009522,CLI-01463,SISTEMA,DEPOSITO_EFECTIVO,229.52,2026-06-01 13:51:22,0,ESTRUCTURACION_SMURFING_DETECTADA,,,,
TX-0028191,CLI-04340,SISTEMA,DEPOSITO_EFECTIVO,1753.1,2026-06-01 13:51:22,0,ESTRUCTURACION_SMURFING_DETECTADA,,,,
TX-0019764,CLI-03064,SISTEMA,DEPOSITO_EFECTIVO,11425.66,2026-06-01 13:52:22,0,ESTRUCTURACION_SMURFING_DETECTADA,,,,
TX-0031350,CLI-04822,SISTEMA,DEPOSITO_EFECTIVO,3120.17,2026-06-01 14:11:22,0,ESTRUCTURACION_SMURFING_DETECTADA,,,,
TX-0000530,CLI-00082,SISTEMA,DEPOSITO_EFECTIVO,275.62,2026-06-01 14:16:22,0,ESTRUCTURACION_SMURFING_DETECTADA,,,,
TX-0024133,CLI-03726,SISTEMA,DEPOSITO_EFECTIVO,5449.81,2026-06-01 14:17:22,0,ESTRUCTURACION_SMURFING_DETECTADA,,,,
TX-0002348,CLI-00357,SISTEMA,DEPOSITO_EFECTIVO,2571.69,2026-06-01 14:30:22,0,ESTRUCTURACION_SMURFING_DETECTADA,,,,
TX-0014744,CLI-02287,SISTEMA,DEPOSITO_EFECTIVO,92.85,2026-06-01 14:33:22,0,ESTRUCTURACION_SMURFING_DETECTADA,,,,
TX-0005590,CLI-00858,SISTEMA,DEPOSITO_EFECTIVO,3514.65,2026-06-01 14:33:22,0,ESTRUCTURACION_SMURFING_DETECTADA,,,,
TX-0022067,CLI-03410,SISTEMA,DEPOSITO_EFECTIVO,1416.07,2026-06-01 14:39:22,0,ESTRUCTURACION_SMURFING_DETECTADA,,,,
TX-0025878,CLI-03992,SISTEMA,DEPOSITO_EFECTIVO,1705.73,2026-06-01 14:42:22,0,ESTRUCTURACION_SMURFING_DETECTADA,,,,
TX-0006768,CLI-01044,SISTEMA,DEPOSITO_EFECTIVO,10166.24,2026-06-01 14:46:22,0,ESTRUCTURACION_SMURFING_DETECTADA,,,,
TX-0031586,CLI-04859,SISTEMA,DEPOSITO_EFECTIVO,10425.85,2026-06-01 14:50:22,0,ESTRUCTURACION_SMURFING_DETECTADA,,,,
TX-0019897,CLI-03084,SISTEMA,DEPOSITO_EFECTIVO,564.26,2026-06-01 14:50:22,0,ESTRUCTURACION_SMURFING_DETECTADA,,,,
TX-0005734,CLI-00881,SISTEMA,DEPOSITO_EFECTIVO,8536.15,2026-06-01 15:08:22,0,ESTRUCTURACION_SMURFING_DETECTADA,,,,
TX-0008144,CLI-01254,SISTEMA,DEPOSITO_EFECTIVO,7344.73,2026-06-01 15:08:22,0,ESTRUCTURACION_SMURFING_DETECTADA,,,,
TX-0029543,CLI-04549,SISTEMA,DEPOSITO_EFECTIVO,1443.96,2026-06-01 15:31:22,0,ESTRUCTURACION_SMURFING_DETECTADA,,,,
TX-0003703,CLI-00560,SISTEMA,DEPOSITO_EFECTIVO,10873.16,2026-06-01 15:44:22,0,ESTRUCTURACION_SMURFING_DETECTADA,,,,
TX-0017620,CLI-02728,SISTEMA,DEPOSITO_EFECTIVO,264.52,2026-06-01 15:46:22,0,ESTRUCTURACION_SMURFING_DETECTADA,,,,
TX-0028033,CLI-04316,SISTEMA,DEPOSITO_EFECTIVO,9316.18,2026-06-01 15:48:22,0,ESTRUCTURACION_SMURFING_DETECTADA,,,,
TX-0025194,CLI-03889,SISTEMA,DEPOSITO_EFECTIVO,7091.82,2026-06-01 15:51:22,0,ESTRUCTURACION_SMURFING_DETECTADA,,,,
TX-0001790,CLI-00268,SISTEMA,DEPOSITO_EFECTIVO,14465.01,2026-06-01 16:13:22,0,ESTRUCTURACION_SMURFING_DETECTADA,,,,
TX-0027170,CLI-04188,SISTEMA,DEPOSITO_EFECTIVO,2147.36,2026-06-01 16:21:22,0,ESTRUCTURACION_SMURFING_DETECTADA,,,,
TX-0005437,CLI-00835,SISTEMA,DEPOSITO_EFECTIVO,2147.97,2026-06-01 16:21:22,0,ESTRUCTURACION_SMURFING_DETECTADA,,,,
TX-0017644,CLI-02732,SISTEMA,DEPOSITO_EFECTIVO,265.04,2026-06-01 16:28:22,0,ESTRUCTURACION_SMURFING_DETECTADA,,,,
TX-0005671,CLI-00871,SISTEMA,DEPOSITO_EFECTIVO,6156.27,2026-06-01 16:42:22,0,ESTRUCTURACION_SMURFING_DETECTADA,,,,
TX-0031329,CLI-04819,SISTEMA,DEPOSITO_EFECTIVO,8093.5,2026-06-01 16:43:22,0,ESTRUCTURACION_SMURFING_DETECTADA,,,,
TX-0016474,CLI-02552,SISTEMA,DEPOSITO_EFECTIVO,7759.33,2026-06-01 16:56:22,0,ESTRUCTURACION_SMURFING_DETECTADA,,,,
TX-0018628,CLI-02881,SISTEMA,DEPOSITO_EFECTIVO,3947.24,2026-06-01 17:07:22,0,ESTRUCTURACION_SMURFING_DETECTADA,,,,
TX-0012330,CLI-01903,SISTEMA,DEPOSITO_EFECTIVO,1208.35,2026-06-01 17:20:22,0,ESTRUCTURACION_SMURFING_DETECTADA,,,,
TX-0009791,CLI-01503,SISTEMA,DEPOSITO_EFECTIVO,6978.86,2026-06-01 17:25:22,0,ESTRUCTURACION_SMURFING_DETECTADA,,,,
TX-0026236,CLI-04042,SISTEMA,DEPOSITO_EFECTIVO,3588.46,2026-06-01 17:28:22,0,ESTRUCTURACION_SMURFING_DETECTADA,,,,
TX-0009203,CLI-01414,SISTEMA,DEPOSITO_EFECTIVO,422.33,2026-06-01 17:41:22,0,ESTRUCTURACION_SMURFING_DETECTADA,,,,
TX-0001276,CLI-00193,SISTEMA,DEPOSITO_EFECTIVO,5846.8,2026-06-01 17:45:22,0,ESTRUCTURACION_SMURFING_DETECTADA,,,,
TX-0018202,CLI-02816,SISTEMA,DEPOSITO_EFECTIVO,1778.28,2026-06-01 17:46:22,0,ESTRUCTURACION_SMURFING_DETECTADA,,,,
TX-0016532,CLI-02561,SISTEMA,DEPOSITO_EFECTIVO,528.52,2026-06-01 17:47:22,0,ESTRUCTURACION_SMURFING_DETECTADA,,,,
TX-0026686,CLI-04108,SISTEMA,DEPOSITO_EFECTIVO,13918.63,2026-06-01 17:56:22,0,ESTRUCTURACION_SMURFING_DETECTADA,,,,
TX-0005972,CLI-00919,SISTEMA,DEPOSITO_EFECTIVO,9760.66,2026-06-01 18:01:22,0,ESTRUCTURACION_SMURFING_DETECTADA,,,,
TX-0018071,CLI-02796,SISTEMA,DEPOSITO_EFECTIVO,132.87,2026-06-01 18:05:22,0,ESTRUCTURACION_SMURFING_DETECTADA,,,,
TX-0020606,CLI-03192,SISTEMA,DEPOSITO_EFECTIVO,6353.09,2026-06-01 18:05:22,0,ESTRUCTURACION_SMURFING_DETECTADA,,,,
TX-0010879,CLI-01675,SISTEMA,DEPOSITO_EFECTIVO,794.55,2026-06-01 18:06:22,0,ESTRUCTURACION_SMURFING_DETECTADA,,,,
TX-0026014,CLI-04010,SISTEMA,DEPOSITO_EFECTIVO,5214.47,2026-06-01 18:13:22,0,ESTRUCTURACION_SMURFING_DETECTADA,,,,
TX-0010117,CLI-01554,SISTEMA,DEPOSITO_EFECTIVO,845.85,2026-06-01 18:19:22,0,ESTRUCTURACION_SMURFING_DETECTADA,,,,
TX-0010224,CLI-01571,SISTEMA,DEPOSITO_EFECTIVO,732.91,2026-06-01 18:34:22,0,ESTRUCTURACION_SMURFING_DETECTADA,,,,
TX-0023653,CLI-03656,SISTEMA,DEPOSITO_EFECTIVO,1536.25,2026-06-01 18:50:22,0,ESTRUCTURACION_SMURFING_DETECTADA,,,,
TX-0017706,CLI-02742,SISTEMA,DEPOSITO_EFECTIVO,8907.32,2026-06-01 18:51:22,0,ESTRUCTURACION_SMURFING_DETECTADA,,,,
TX-0015384,CLI-02384,SISTEMA,DEPOSITO_EFECTIVO,371.55,2026-06-01 19:06:22,0,ESTRUCTURACION_SMURFING_DETECTADA,,,,
TX-0013817,CLI-02142,SISTEMA,DEPOSITO_EFECTIVO,10764.92,2026-06-01 19:17:22,0,ESTRUCTURACION_SMURFING_DETECTADA,,,,
TX-0015341,CLI-02379,SISTEMA,DEPOSITO_EFECTIVO,5416.77,2026-06-01 19:30:22,0,ESTRUCTURACION_SMURFING_DETECTADA,,,,
TX-0016955,CLI-02627,SISTEMA,DEPOSITO_EFECTIVO,4758.6,2026-06-01 19:30:22,0,ESTRUCTURACION_SMURFING_DETECTADA,,,,
TX-0012380,CLI-01910,SISTEMA,DEPOSITO_EFECTIVO,1638.28,2026-06-01 19:31:22,0,ESTRUCTURACION_SMURFING_DETECTADA,,,,
TX-0001252,CLI-00190,SISTEMA,DEPOSITO_EFECTIVO,3318.26,2026-06-01 19:59:22,0,ESTRUCTURACION_SMURFING_DETECTADA,,,,
TX-0013628,CLI-02113,SISTEMA,DEPOSITO_EFECTIVO,518.45,2026-06-01 19:59:22,0,ESTRUCTURACION_SMURFING_DETECTADA,,,,
TX-0000741,CLI-00115,SISTEMA,DEPOSITO_EFECTIVO,405.23,2026-06-01 20:02:22,0,ESTRUCTURACION_SMURFING_DETECTADA,,,,
TX-0017023,CLI-02638,SISTEMA,DEPOSITO_EFECTIVO,13936.73,2026-06-01 20:04:22,0,ESTRUCTURACION_SMURFING_DETECTADA,,,,
TX-0017141,CLI-02656,SISTEMA,DEPOSITO_EFECTIVO,2765.09,2026-06-01 20:07:22,0,ESTRUCTURACION_SMURFING_DETECTADA,,,,
TX-0025068,CLI-03868,SISTEMA,DEPOSITO_EFECTIVO,3076.69,2026-06-01 20:11:22,0,ESTRUCTURACION_SMURFING_DETECTADA,,,,
TX-0016706,CLI-02588,SISTEMA,DEPOSITO_EFECTIVO,4567.19,2026-06-01 20:17:22,0,ESTRUCTURACION_SMURFING_DETECTADA,,,,
TX-0012086,CLI-01865,SISTEMA,DEPOSITO_EFECTIVO,3938.97,2026-06-01 20:18:22,0,ESTRUCTURACION_SMURFING_DETECTADA,,,,
TX-0030398,CLI-04682,SISTEMA,DEPOSITO_EFECTIVO,1947.13,2026-06-01 20:24:22,0,ESTRUCTURACION_SMURFING_DETECTADA,,,,
TX-0028067,CLI-04322,SISTEMA,DEPOSITO_EFECTIVO,707.53,2026-06-01 20:26:22,0,ESTRUCTURACION_SMURFING_DETECTADA,,,,
TX-0012108,CLI-01867,SISTEMA,DEPOSITO_EFECTIVO,1720.46,2026-06-01 20:32:22,0,ESTRUCTURACION_SMURFING_DETECTADA,,,,
TX-0004687,CLI-00724,SISTEMA,DEPOSITO_EFECTIVO,2443.69,2026-06-01 20:48:22,0,ESTRUCTURACION_SMURFING_DETECTADA,,,,
TX-0000164,CLI-00024,SISTEMA,DEPOSITO_EFECTIVO,4839.73,2026-06-01 21:27:22,0,ESTRUCTURACION_SMURFING_DETECTADA,,,,
TX-0020478,CLI-03174,SISTEMA,DEPOSITO_EFECTIVO,7462.58,2026-06-01 21:53:22,0,ESTRUCTURACION_SMURFING_DETECTADA,,,,
TX-0014179,CLI-02196,SISTEMA,DEPOSITO_EFECTIVO,225.95,2026-06-01 22:03:22,0,ESTRUCTURACION_SMURFING_DETECTADA,,,,
TX-0022453,CLI-03469,SISTEMA,DEPOSITO_EFECTIVO,135.07,2026-06-01 22:14:22,0,ESTRUCTURACION_SMURFING_DETECTADA,,,,
TX-0023513,CLI-03632,SISTEMA,DEPOSITO_EFECTIVO,142.32,2026-06-01 22:22:22,0,ESTRUCTURACION_SMURFING_DETECTADA,,,,
TX-0002247,CLI-00339,SISTEMA,DEPOSITO_EFECTIVO,1052.08,2026-06-01 22:40:22,0,ESTRUCTURACION_SMURFING_DETECTADA,,,,
TX-0004372,CLI-00669,SISTEMA,DEPOSITO_EFECTIVO,561.73,2026-06-01 23:17:22,0,ESTRUCTURACION_SMURFING_DETECTADA,,,,
TX-0016632,CLI-02576,SISTEMA,DEPOSITO_EFECTIVO,267.18,2026-06-01 23:44:22,0,ESTRUCTURACION_SMURFING_DETECTADA,,,,
TX-0031654,CLI-04868,SISTEMA,DEPOSITO_EFECTIVO,138.68,2026-06-01 23:47:22,0,ESTRUCTURACION_SMURFING_DETECTADA,,,,
TX-0004271,CLI-00653,SISTEMA,DEPOSITO_EFECTIVO,915.02,2026-06-01 23:49:22,0,ESTRUCTURACION_SMURFING_DETECTADA,,,,
TX-0026931,CLI-04150,SISTEMA,DEPOSITO_EFECTIVO,6871.13,2026-06-01 23:53:22,0,ESTRUCTURACION_SMURFING_DETECTADA,,,,
TX-0021849,CLI-03376,SISTEMA,DEPOSITO_EFECTIVO,415.74,2026-06-01 23:53:22,0,ESTRUCTURACION_SMURFING_DETECTADA,,,,
TX-0027347,CLI-04217,SISTEMA,DEPOSITO_EFECTIVO,105.95,2026-06-01 23:55:22,0,ESTRUCTURACION_SMURFING_DETECTADA,,,,
TX-0024365,CLI-03761,SISTEMA,DEPOSITO_EFECTIVO,295.83,2026-06-02 00:03:22,0,ESTRUCTURACION_SMURFING_DETECTADA,,,,
TX-0004696,CLI-00725,SISTEMA,DEPOSITO_EFECTIVO,5374.12,2026-06-02 00:09:22,0,ESTRUCTURACION_SMURFING_DETECTADA,,,,
TX-0020508,CLI-03178,SISTEMA,DEPOSITO_EFECTIVO,1104.73,2026-06-02 00:11:22,0,ESTRUCTURACION_SMURFING_DETECTADA,,,,
TX-0009433,CLI-01450,SISTEMA,DEPOSITO_EFECTIVO,193.17,2026-06-02 00:15:22,0,ESTRUCTURACION_SMURFING_DETECTADA,,,,
TX-0007233,CLI-01118,SISTEMA,DEPOSITO_EFECTIVO,1757.02,2026-06-02 00:24:22,0,ESTRUCTURACION_SMURFING_DETECTADA,,,,
TX-0025308,CLI-03906,SISTEMA,DEPOSITO_EFECTIVO,7113.76,2026-06-02 00:30:22,0,ESTRUCTURACION_SMURFING_DETECTADA,,,,
TX-0013295,CLI-02057,SISTEMA,DEPOSITO_EFECTIVO,8401.75,2026-06-02 00:31:22,0,ESTRUCTURACION_SMURFING_DETECTADA,,,,
TX-0008353,CLI-01286,SISTEMA,DEPOSITO_EFECTIVO,8861.86,2026-06-02 00:33:22,0,ESTRUCTURACION_SMURFING_DETECTADA,,,,
TX-0007964,CLI-01225,SISTEMA,DEPOSITO_EFECTIVO,669.66,2026-06-02 00:41:22,0,ESTRUCTURACION_SMURFING_DETECTADA,,,,
TX-0011055,CLI-01703,SISTEMA,DEPOSITO_EFECTIVO,457.85,2026-06-02 00:41:22,0,ESTRUCTURACION_SMURFING_DETECTADA,,,,
TX-0032411,CLI-04978,SISTEMA,DEPOSITO_EFECTIVO,20.45,2026-06-02 01:03:22,0,ESTRUCTURACION_SMURFING_DETECTADA,,,,
TX-0027357,CLI-04218,SISTEMA,DEPOSITO_EFECTIVO,2432.78,2026-06-02 01:15:22,0,ESTRUCTURACION_SMURFING_DETECTADA,,,,
TX-0002865,CLI-00435,SISTEMA,DEPOSITO_EFECTIVO,6815.94,2026-06-02 01:19:22,0,ESTRUCTURACION_SMURFING_DETECTADA,,,,
TX-0030254,CLI-04662,SISTEMA,DEPOSITO_EFECTIVO,3895.95,2026-06-02 01:22:22,0,ESTRUCTURACION_SMURFING_DETECTADA,,,,
TX-0006721,CLI-01036,SISTEMA,DEPOSITO_EFECTIVO,1400.56,2026-06-02 01:23:22,0,ESTRUCTURACION_SMURFING_DETECTADA,,,,
TX-0014203,CLI-02201,SISTEMA,DEPOSITO_EFECTIVO,1013.16,2026-06-02 01:26:22,0,ESTRUCTURACION_SMURFING_DETECTADA,,,,
TX-0000275,CLI-00041,SISTEMA,DEPOSITO_EFECTIVO,369.03,2026-06-02 01:27:22,0,ESTRUCTURACION_SMURFING_DETECTADA,,,,
TX-0029545,CLI-04549,SISTEMA,DEPOSITO_EFECTIVO,605.01,2026-06-02 01:32:22,0,ESTRUCTURACION_SMURFING_DETECTADA,,,,
TX-0006833,CLI-01053,SISTEMA,DEPOSITO_EFECTIVO,1091.86,2026-06-02 01:32:22,0,ESTRUCTURACION_SMURFING_DETECTADA,,,,
TX-0003910,CLI-00596,SISTEMA,DEPOSITO_EFECTIVO,4852.57,2026-06-02 01:42:22,0,ESTRUCTURACION_SMURFING_DETECTADA,,,,
TX-0028438,CLI-04377,SISTEMA,DEPOSITO_EFECTIVO,1576.49,2026-06-02 01:45:22,0,ESTRUCTURACION_SMURFING_DETECTADA,,,,
TX-0030491,CLI-04693,SISTEMA,DEPOSITO_EFECTIVO,5947.71,2026-06-02 01:49:22,0,ESTRUCTURACION_SMURFING_DETECTADA,,,,
TX-0032171,CLI-04943,SISTEMA,DEPOSITO_EFECTIVO,396.19,2026-06-02 01:49:22,0,ESTRUCTURACION_SMURFING_DETECTADA,,,,
TX-0031490,CLI-04844,SISTEMA,DEPOSITO_EFECTIVO,6057.44,2026-06-02 01:50:22,0,ESTRUCTURACION_SMURFING_DETECTADA,,,,
TX-0026561,CLI-04089,SISTEMA,DEPOSITO_EFECTIVO,119.03,2026-06-02 01:51:22,0,ESTRUCTURACION_SMURFING_DETECTADA,,,,
TX-0021999,CLI-03400,SISTEMA,DEPOSITO_EFECTIVO,5644.33,2026-06-02 02:03:22,0,ESTRUCTURACION_SMURFING_DETECTADA,,,,
TX-0030239,CLI-04659,SISTEMA,DEPOSITO_EFECTIVO,185.11,2026-06-02 02:13:22,0,ESTRUCTURACION_SMURFING_DETECTADA,,,,
TX-0010383,CLI-01594,SISTEMA,DEPOSITO_EFECTIVO,9657.02,2026-06-02 02:14:22,0,ESTRUCTURACION_SMURFING_DETECTADA,,,,
TX-0008685,CLI-01333,SISTEMA,DEPOSITO_EFECTIVO,525.2,2026-06-02 02:22:22,0,ESTRUCTURACION_SMURFING_DETECTADA,,,,
TX-0009715,CLI-01490,SISTEMA,DEPOSITO_EFECTIVO,241.67,2026-06-02 02:28:22,0,ESTRUCTURACION_SMURFING_DETECTADA,,,,
TX-0019177,CLI-02970,SISTEMA,DEPOSITO_EFECTIVO,317.75,2026-06-02 02:29:22,0,ESTRUCTURACION_SMURFING_DETECTADA,,,,
TX-0025807,CLI-03981,SISTEMA,DEPOSITO_EFECTIVO,191.34,2026-06-02 02:44:22,0,ESTRUCTURACION_SMURFING_DETECTADA,,,,
TX-0031644,CLI-04866,SISTEMA,DEPOSITO_EFECTIVO,398.54,2026-06-02 02:55:22,0,ESTRUCTURACION_SMURFING_DETECTADA,,,,
TX-0019101,CLI-02956,SISTEMA,DEPOSITO_EFECTIVO,911.48,2026-06-02 03:04:22,0,ESTRUCTURACION_SMURFING_DETECTADA,,,,
TX-0020274,CLI-03145,SISTEMA,DEPOSITO_EFECTIVO,205.87,2026-06-02 03:08:22,0,ESTRUCTURACION_SMURFING_DETECTADA,,,,
TX-0026574,CLI-04092,SISTEMA,DEPOSITO_EFECTIVO,6096.29,2026-06-02 03:09:22,0,ESTRUCTURACION_SMURFING_DETECTADA,,,,
TX-0001188,CLI-00179,SISTEMA,DEPOSITO_EFECTIVO,747.48,2026-06-02 03:20:22,0,ESTRUCTURACION_SMURFING_DETECTADA,,,,
TX-0002060,CLI-00310,SISTEMA,DEPOSITO_EFECTIVO,725.73,2026-06-02 03:25:22,0,ESTRUCTURACION_SMURFING_DETECTADA,,,,
TX-0018679,CLI-02890,SISTEMA,DEPOSITO_EFECTIVO,3737.51,2026-06-02 03:28:22,0,ESTRUCTURACION_SMURFING_DETECTADA,,,,
TX-0013829,CLI-02144,SISTEMA,DEPOSITO_EFECTIVO,4494.65,2026-06-02 03:31:22,0,ESTRUCTURACION_SMURFING_DETECTADA,,,,
TX-0003647,CLI-00552,SISTEMA,DEPOSITO_EFECTIVO,1464.07,2026-06-02 03:38:22,0,ESTRUCTURACION_SMURFING_DETECTADA,,,,
TX-0024653,CLI-03803,SISTEMA,DEPOSITO_EFECTIVO,751.65,2026-06-02 03:46:22,0,ESTRUCTURACION_SMURFING_DETECTADA,,,,
TX-0014902,CLI-02313,SISTEMA,DEPOSITO_EFECTIVO,1659.83,2026-06-02 04:27:22,0,ESTRUCTURACION_SMURFING_DETECTADA,,,,
TX-0031734,CLI-04879,SISTEMA,DEPOSITO_EFECTIVO,239.1,2026-06-02 04:27:22,0,ESTRUCTURACION_SMURFING_DETECTADA,,,,
TX-0003866,CLI-00588,SISTEMA,DEPOSITO_EFECTIVO,11666.49,2026-06-02 04:30:22,0,ESTRUCTURACION_SMURFING_DETECTADA,,,,
TX-0000679,CLI-00105,SISTEMA,DEPOSITO_EFECTIVO,1200.18,2026-06-02 04:33:22,0,ESTRUCTURACION_SMURFING_DETECTADA,,,,
TX-0014910,CLI-02314,SISTEMA,DEPOSITO_EFECTIVO,3820.63,2026-06-02 04:37:22,0,ESTRUCTURACION_SMURFING_DETECTADA,,,,
TX-0019850,CLI-03076,SISTEMA,DEPOSITO_EFECTIVO,770.12,2026-06-02 04:43:22,0,ESTRUCTURACION_SMURFING_DETECTADA,,,,
TX-0014184,CLI-02197,SISTEMA,DEPOSITO_EFECTIVO,1273.88,2026-06-02 05:05:22,0,ESTRUCTURACION_SMURFING_DETECTADA,,,,
TX-0008888,CLI-01365,SISTEMA,DEPOSITO_EFECTIVO,1867.19,2026-06-02 05:17:22,0,ESTRUCTURACION_SMURFING_DETECTADA,,,,
TX-0024682,CLI-03808,SISTEMA,DEPOSITO_EFECTIVO,2880.37,2026-06-02 05:28:22,0,ESTRUCTURACION_SMURFING_DETECTADA,,,,
TX-0014564,CLI-02258,SISTEMA,DEPOSITO_EFECTIVO,246.37,2026-06-02 05:50:22,0,ESTRUCTURACION_SMURFING_DETECTADA,,,,
TX-0021875,CLI-03380,SISTEMA,DEPOSITO_EFECTIVO,669.9,2026-06-02 05:54:22,0,ESTRUCTURACION_SMURFING_DETECTADA,,,,
TX-0001262,CLI-00191,SISTEMA,DEPOSITO_EFECTIVO,7576.27,2026-06-02 05:54:22,0,ESTRUCTURACION_SMURFING_DETECTADA,,,,
TX-0021601,CLI-03342,SISTEMA,DEPOSITO_EFECTIVO,3119.12,2026-06-02 06:09:22,0,ESTRUCTURACION_SMURFING_DETECTADA,,,,
TX-0005631,CLI-00865,SISTEMA,DEPOSITO_EFECTIVO,2133.7,2026-06-02 06:16:22,0,ESTRUCTURACION_SMURFING_DETECTADA,,,,
TX-0012186,CLI-01881,SISTEMA,DEPOSITO_EFECTIVO,101.27,2026-06-02 06:30:22,0,ESTRUCTURACION_SMURFING_DETECTADA,,,,
TX-0024058,CLI-03714,SISTEMA,DEPOSITO_EFECTIVO,3191.3,2026-06-02 06:36:22,0,ESTRUCTURACION_SMURFING_DETECTADA,,,,
TX-0006460,CLI-00995,SISTEMA,DEPOSITO_EFECTIVO,1090.58,2026-06-02 06:37:22,0,ESTRUCTURACION_SMURFING_DETECTADA,,,,
TX-0021883,CLI-03381,SISTEMA,DEPOSITO_EFECTIVO,8167.94,2026-06-02 06:37:22,0,ESTRUCTURACION_SMURFING_DETECTADA,,,,
TX-0020110,CLI-03117,SISTEMA,DEPOSITO_EFECTIVO,4710.87,2026-06-02 06:41:22,0,ESTRUCTURACION_SMURFING_DETECTADA,,,,
TX-0024925,CLI-03848,SISTEMA,DEPOSITO_EFECTIVO,902.69,2026-06-02 06:53:22,0,ESTRUCTURACION_SMURFING_DETECTADA,,,,
TX-0007377,CLI-01139,SISTEMA,DEPOSITO_EFECTIVO,3484.85,2026-06-02 06:56:22,0,ESTRUCTURACION_SMURFING_DETECTADA,,,,
TX-0014014,CLI-02169,SISTEMA,DEPOSITO_EFECTIVO,72.4,2026-06-02 07:09:22,0,ESTRUCTURACION_SMURFING_DETECTADA,,,,
TX-0024469,CLI-03777,SISTEMA,DEPOSITO_EFECTIVO,2793.96,2026-06-02 07:17:22,0,ESTRUCTURACION_SMURFING_DETECTADA,,,,
TX-0004732,CLI-00730,SISTEMA,DEPOSITO_EFECTIVO,555.32,2026-06-02 07:20:22,0,ESTRUCTURACION_SMURFING_DETECTADA,,,,
TX-0004574,CLI-00702,SISTEMA,DEPOSITO_EFECTIVO,2203.54,2026-06-02 07:32:22,0,ESTRUCTURACION_SMURFING_DETECTADA,,,,
TX-0011960,CLI-01843,SISTEMA,DEPOSITO_EFECTIVO,74.52,2026-06-02 07:32:22,0,ESTRUCTURACION_SMURFING_DETECTADA,,,,
TX-0003653,CLI-00553,SISTEMA,DEPOSITO_EFECTIVO,701.01,2026-06-02 07:33:22,0,ESTRUCTURACION_SMURFING_DETECTADA,,,,
TX-0028991,CLI-04464,SISTEMA,DEPOSITO_EFECTIVO,4495.56,2026-06-02 07:41:22,0,ESTRUCTURACION_SMURFING_DETECTADA,,,,
TX-0016452,CLI-02549,SISTEMA,DEPOSITO_EFECTIVO,4747.38,2026-06-02 07:51:22,0,ESTRUCTURACION_SMURFING_DETECTADA,,,,
TX-0012763,CLI-01970,SISTEMA,DEPOSITO_EFECTIVO,1704.03,2026-06-02 07:55:22,0,ESTRUCTURACION_SMURFING_DETECTADA,,,,
TX-0029765,CLI-04584,SISTEMA,DEPOSITO_EFECTIVO,1764.8,2026-06-02 07:58:22,0,ESTRUCTURACION_SMURFING_DETECTADA,,,,
TX-0016832,CLI-02608,SISTEMA,DEPOSITO_EFECTIVO,443.83,2026-06-02 08:05:22,0,ESTRUCTURACION_SMURFING_DETECTADA,,,,
TX-0021745,CLI-03361,SISTEMA,DEPOSITO_EFECTIVO,1718.12,2026-06-02 08:09:22,0,ESTRUCTURACION_SMURFING_DETECTADA,,,,
TX-0012553,CLI-01937,SISTEMA,DEPOSITO_EFECTIVO,6296.86,2026-06-02 08:49:22,0,ESTRUCTURACION_SMURFING_DETECTADA,,,,
TX-0009217,CLI-01415,SISTEMA,DEPOSITO_EFECTIVO,116.74,2026-06-02 09:01:22,0,ESTRUCTURACION_SMURFING_DETECTADA,,,,
TX-0028379,CLI-04367,SISTEMA,DEPOSITO_EFECTIVO,71.75,2026-06-02 09:04:22,0,ESTRUCTURACION_SMURFING_DETECTADA,,,,
TX-0014702,CLI-02279,SISTEMA,DEPOSITO_EFECTIVO,622.61,2026-06-02 09:06:22,0,ESTRUCTURACION_SMURFING_DETECTADA,,,,
TX-0008700,CLI-01335,SISTEMA,DEPOSITO_EFECTIVO,2831.4,2026-06-02 09:17:22,0,ESTRUCTURACION_SMURFING_DETECTADA,,,,
TX-0000603,CLI-00092,SISTEMA,DEPOSITO_EFECTIVO,758.39,2026-06-02 09:19:22,0,ESTRUCTURACION_SMURFING_DETECTADA,,,,
TX-0013024,CLI-02015,SISTEMA,DEPOSITO_EFECTIVO,875.61,2026-06-02 09:20:22,0,ESTRUCTURACION_SMURFING_DETECTADA,,,,
TX-0009686,CLI-01487,SISTEMA,DEPOSITO_EFECTIVO,1434.06,2026-06-02 09:23:22,0,ESTRUCTURACION_SMURFING_DETECTADA,,,,
TX-0001788,CLI-00267,SISTEMA,DEPOSITO_EFECTIVO,8253.71,2026-06-02 09:27:22,0,ESTRUCTURACION_SMURFING_DETECTADA,,,,
TX-0007292,CLI-01128,SISTEMA,DEPOSITO_EFECTIVO,2592.15,2026-06-02 09:40:22,0,ESTRUCTURACION_SMURFING_DETECTADA,,,,
TX-0013864,CLI-02148,SISTEMA,DEPOSITO_EFECTIVO,955.51,2026-06-02 09:51:22,0,ESTRUCTURACION_SMURFING_DETECTADA,,,,
TX-0029063,CLI-04474,SISTEMA,DEPOSITO_EFECTIVO,4670.08,2026-06-02 09:58:22,0,ESTRUCTURACION_SMURFING_DETECTADA,,,,
TX-0022235,CLI-03439,SISTEMA,DEPOSITO_EFECTIVO,9144.31,2026-06-02 10:06:22,0,ESTRUCTURACION_SMURFING_DETECTADA,,,,
TX-0030055,CLI-04630,SISTEMA,DEPOSITO_EFECTIVO,661.74,2026-06-02 10:19:22,0,ESTRUCTURACION_SMURFING_DETECTADA,,,,
TX-0028687,CLI-04417,SISTEMA,DEPOSITO_EFECTIVO,6057.98,2026-06-02 10:39:22,0,ESTRUCTURACION_SMURFING_DETECTADA,,,,
TX-0010295,CLI-01582,SISTEMA,DEPOSITO_EFECTIVO,172.91,2026-06-02 10:52:22,0,ESTRUCTURACION_SMURFING_DETECTADA,,,,
TX-0013211,CLI-02043,SISTEMA,DEPOSITO_EFECTIVO,2597.65,2026-06-02 11:00:22,0,ESTRUCTURACION_SMURFING_DETECTADA,,,,
TX-0001054,CLI-00159,SISTEMA,DEPOSITO_EFECTIVO,306.76,2026-06-02 11:04:22,0,ESTRUCTURACION_SMURFING_DETECTADA,,,,
TX-0005475,CLI-00840,SISTEMA,DEPOSITO_EFECTIVO,6440.06,2026-06-02 11:25:22,0,ESTRUCTURACION_SMURFING_DETECTADA,,,,
TX-0024790,CLI-03828,SISTEMA,DEPOSITO_EFECTIVO,7242.6,2026-06-02 11:25:22,0,ESTRUCTURACION_SMURFING_DETECTADA,,,,
TX-0024398,CLI-03766,SISTEMA,DEPOSITO_EFECTIVO,1488.06,2026-06-02 11:30:22,0,ESTRUCTURACION_SMURFING_DETECTADA,,,,
TX-0023640,CLI-03653,SISTEMA,DEPOSITO_EFECTIVO,489.31,2026-06-02 11:37:22,0,ESTRUCTURACION_SMURFING_DETECTADA,,,,
TX-0015127,CLI-02343,SISTEMA,DEPOSITO_EFECTIVO,9084.92,2026-06-02 11:44:22,0,ESTRUCTURACION_SMURFING_DETECTADA,,,,
TX-0017001,CLI-02634,SISTEMA,DEPOSITO_EFECTIVO,505.13,2026-06-02 11:51:22,0,ESTRUCTURACION_SMURFING_DETECTADA,,,,
TX-0006132,CLI-00944,SISTEMA,DEPOSITO_EFECTIVO,3969.13,2026-06-02 12:04:22,0,ESTRUCTURACION_SMURFING_DETECTADA,,,,
TX-0008986,CLI-01380,SISTEMA,DEPOSITO_EFECTIVO,8136.68,2026-06-02 12:09:22,0,ESTRUCTURACION_SMURFING_DETECTADA,,,,
TX-0012266,CLI-01893,SISTEMA,DEPOSITO_EFECTIVO,8791.95,2026-06-02 12:09:22,0,ESTRUCTURACION_SMURFING_DETECTADA,,,,
TX-0010380,CLI-01594,SISTEMA,DEPOSITO_EFECTIVO,2108.11,2026-06-02 12:15:22,0,ESTRUCTURACION_SMURFING_DETECTADA,,,,
TX-0014385,CLI-02230,SISTEMA,DEPOSITO_EFECTIVO,2884.84,2026-06-02 12:29:22,0,ESTRUCTURACION_SMURFING_DETECTADA,,,,
TX-0026319,CLI-04054,SISTEMA,DEPOSITO_EFECTIVO,1917.74,2026-06-02 12:30:22,0,ESTRUCTURACION_SMURFING_DETECTADA,,,,
TX-0026560,CLI-04089,SISTEMA,DEPOSITO_EFECTIVO,693.74,2026-06-02 12:32:22,0,ESTRUCTURACION_SMURFING_DETECTADA,,,,
TX-0015030,CLI-02330,SISTEMA,DEPOSITO_EFECTIVO,3953.2,2026-06-02 12:44:22,0,ESTRUCTURACION_SMURFING_DETECTADA,,,,
TX-0014031,CLI-02173,SISTEMA,DEPOSITO_EFECTIVO,1173.12,2026-06-02 13:10:22,0,ESTRUCTURACION_SMURFING_DETECTADA,,,,
TX-0001001,CLI-00152,SISTEMA,DEPOSITO_EFECTIVO,198.63,2026-06-02 13:13:22,0,ESTRUCTURACION_SMURFING_DETECTADA,,,,
TX-0020470,CLI-03172,SISTEMA,DEPOSITO_EFECTIVO,3380.15,2026-06-02 13:18:22,0,ESTRUCTURACION_SMURFING_DETECTADA,,,,
TX-0009137,CLI-01404,SISTEMA,DEPOSITO_EFECTIVO,272.13,2026-06-02 13:33:22,0,ESTRUCTURACION_SMURFING_DETECTADA,,,,
TX-0011613,CLI-01790,SISTEMA,DEPOSITO_EFECTIVO,11836.86,2026-06-02 13:41:22,0,ESTRUCTURACION_SMURFING_DETECTADA,,,,
TX-0015537,CLI-02406,SISTEMA,DEPOSITO_EFECTIVO,13179.39,2026-06-02 13:42:22,0,ESTRUCTURACION_SMURFING_DETECTADA,,,,
TX-0029483,CLI-04539,SISTEMA,DEPOSITO_EFECTIVO,926.2,2026-06-02 13:46:22,0,ESTRUCTURACION_SMURFING_DETECTADA,,,,
TX-0000546,CLI-00084,SISTEMA,DEPOSITO_EFECTIVO,4122.21,2026-06-02 13:54:22,0,ESTRUCTURACION_SMURFING_DETECTADA,,,,
TX-0004230,CLI-00647,SISTEMA,DEPOSITO_EFECTIVO,4546.98,2026-06-02 13:55:22,0,ESTRUCTURACION_SMURFING_DETECTADA,,,,
TX-0013866,CLI-02148,SISTEMA,DEPOSITO_EFECTIVO,785.53,2026-06-02 14:00:22,0,ESTRUCTURACION_SMURFING_DETECTADA,,,,
TX-0029725,CLI-04577,SISTEMA,DEPOSITO_EFECTIVO,1283.75,2026-06-02 14:11:22,0,ESTRUCTURACION_SMURFING_DETECTADA,,,,
TX-0024635,CLI-03801,SISTEMA,DEPOSITO_EFECTIVO,602.56,2026-06-02 14:11:22,0,ESTRUCTURACION_SMURFING_DETECTADA,,,,
TX-0010854,CLI-01672,SISTEMA,DEPOSITO_EFECTIVO,206.4,2026-06-02 14:15:22,0,ESTRUCTURACION_SMURFING_DETECTADA,,,,
TX-0006785,CLI-01046,SISTEMA,DEPOSITO_EFECTIVO,2354.02,2026-06-02 14:21:22,0,ESTRUCTURACION_SMURFING_DETECTADA,,,,
TX-0015680,CLI-02426,SISTEMA,DEPOSITO_EFECTIVO,1275.49,2026-06-02 14:22:22,0,ESTRUCTURACION_SMURFING_DETECTADA,,,,
TX-0019469,CLI-03017,SISTEMA,DEPOSITO_EFECTIVO,11885.64,2026-06-02 14:26:22,0,ESTRUCTURACION_SMURFING_DETECTADA,,,,
TX-0015008,CLI-02327,SISTEMA,DEPOSITO_EFECTIVO,529.95,2026-06-02 14:26:22,0,ESTRUCTURACION_SMURFING_DETECTADA,,,,
TX-0000817,CLI-00125,SISTEMA,DEPOSITO_EFECTIVO,5385.13,2026-06-02 14:33:22,0,ESTRUCTURACION_SMURFING_DETECTADA,,,,
TX-0003498,CLI-00531,SISTEMA,DEPOSITO_EFECTIVO,789.96,2026-06-02 14:37:22,0,ESTRUCTURACION_SMURFING_DETECTADA,,,,
TX-0008213,CLI-01264,SISTEMA,DEPOSITO_EFECTIVO,64.97,2026-06-02 14:58:22,0,ESTRUCTURACION_SMURFING_DETECTADA,,,,
TX-0001350,CLI-00204,SISTEMA,DEPOSITO_EFECTIVO,339.68,2026-06-02 15:11:22,0,ESTRUCTURACION_SMURFING_DETECTADA,,,,
TX-0011043,CLI-01701,SISTEMA,DEPOSITO_EFECTIVO,447.66,2026-06-02 15:23:22,0,ESTRUCTURACION_SMURFING_DETECTADA,,,,
TX-0013467,CLI-02087,SISTEMA,DEPOSITO_EFECTIVO,216.39,2026-06-02 15:31:22,0,ESTRUCTURACION_SMURFING_DETECTADA,,,,
TX-0028162,CLI-04335,SISTEMA,DEPOSITO_EFECTIVO,5555.58,2026-06-02 15:32:22,0,ESTRUCTURACION_SMURFING_DETECTADA,,,,
TX-0009432,CLI-01450,SISTEMA,DEPOSITO_EFECTIVO,2115.13,2026-06-02 15:34:22,0,ESTRUCTURACION_SMURFING_DETECTADA,,,,
TX-0008272,CLI-01272,SISTEMA,DEPOSITO_EFECTIVO,301.77,2026-06-02 15:34:22,0,ESTRUCTURACION_SMURFING_DETECTADA,,,,
TX-0005272,CLI-00813,SISTEMA,DEPOSITO_EFECTIVO,1794.81,2026-06-02 15:40:22,0,ESTRUCTURACION_SMURFING_DETECTADA,,,,
TX-0012915,CLI-01998,SISTEMA,DEPOSITO_EFECTIVO,1922.8,2026-06-02 15:42:22,0,ESTRUCTURACION_SMURFING_DETECTADA,,,,
TX-0025772,CLI-03975,SISTEMA,DEPOSITO_EFECTIVO,1145.17,2026-06-02 15:53:22,0,ESTRUCTURACION_SMURFING_DETECTADA,,,,
TX-0015423,CLI-02389,SISTEMA,DEPOSITO_EFECTIVO,2773.92,2026-06-02 15:55:22,0,ESTRUCTURACION_SMURFING_DETECTADA,,,,
TX-0016976,CLI-02630,SISTEMA,DEPOSITO_EFECTIVO,1529.43,2026-06-02 16:05:22,0,ESTRUCTURACION_SMURFING_DETECTADA,,,,
TX-0026360,CLI-04060,SISTEMA,DEPOSITO_EFECTIVO,12653.66,2026-06-02 16:10:22,0,ESTRUCTURACION_SMURFING_DETECTADA,,,,
TX-0012875,CLI-01990,SISTEMA,DEPOSITO_EFECTIVO,236.44,2026-06-02 16:23:22,0,ESTRUCTURACION_SMURFING_DETECTADA,,,,
TX-0006581,CLI-01015,SISTEMA,DEPOSITO_EFECTIVO,263.44,2026-06-02 16:31:22,0,ESTRUCTURACION_SMURFING_DETECTADA,,,,
TX-0024532,CLI-03787,SISTEMA,DEPOSITO_EFECTIVO,616.92,2026-06-02 16:39:22,0,ESTRUCTURACION_SMURFING_DETECTADA,,,,
TX-0003881,CLI-00590,SISTEMA,DEPOSITO_EFECTIVO,6627.64,2026-06-02 17:00:22,0,ESTRUCTURACION_SMURFING_DETECTADA,,,,
TX-0030037,CLI-04628,SISTEMA,DEPOSITO_EFECTIVO,8743.94,2026-06-02 17:04:22,0,ESTRUCTURACION_SMURFING_DETECTADA,,,,
TX-0029613,CLI-04559,SISTEMA,DEPOSITO_EFECTIVO,3902.23,2026-06-02 17:26:22,0,ESTRUCTURACION_SMURFING_DETECTADA,,,,
TX-0016870,CLI-02613,SISTEMA,DEPOSITO_EFECTIVO,1821.54,2026-06-02 17:39:22,0,ESTRUCTURACION_SMURFING_DETECTADA,,,,
TX-0029641,CLI-04563,SISTEMA,DEPOSITO_EFECTIVO,1378.63,2026-06-02 17:44:22,0,ESTRUCTURACION_SMURFING_DETECTADA,,,,
TX-0020463,CLI-03170,SISTEMA,DEPOSITO_EFECTIVO,4337.4,2026-06-02 17:51:22,0,ESTRUCTURACION_SMURFING_DETECTADA,,,,
TX-0030664,CLI-04721,SISTEMA,DEPOSITO_EFECTIVO,9667.33,2026-06-02 18:02:22,0,ESTRUCTURACION_SMURFING_DETECTADA,,,,
TX-0019694,CLI-03050,SISTEMA,DEPOSITO_EFECTIVO,373.65,2026-06-02 18:09:22,0,ESTRUCTURACION_SMURFING_DETECTADA,,,,
TX-0004219,CLI-00646,SISTEMA,DEPOSITO_EFECTIVO,2884.42,2026-06-02 18:13:22,0,ESTRUCTURACION_SMURFING_DETECTADA,,,,
TX-0000932,CLI-00142,SISTEMA,DEPOSITO_EFECTIVO,1245.75,2026-06-02 18:33:22,0,ESTRUCTURACION_SMURFING_DETECTADA,,,,
TX-0019052,CLI-02948,SISTEMA,DEPOSITO_EFECTIVO,80.55,2026-06-02 18:34:22,0,ESTRUCTURACION_SMURFING_DETECTADA,,,,
TX-0000326,CLI-00050,SISTEMA,DEPOSITO_EFECTIVO,123.53,2026-06-02 18:41:22,0,ESTRUCTURACION_SMURFING_DETECTADA,,,,
TX-0031757,CLI-04882,SISTEMA,DEPOSITO_EFECTIVO,416.11,2026-06-02 18:48:22,0,ESTRUCTURACION_SMURFING_DETECTADA,,,,
TX-0031096,CLI-04785,SISTEMA,DEPOSITO_EFECTIVO,4504.13,2026-06-02 18:58:22,0,ESTRUCTURACION_SMURFING_DETECTADA,,,,
TX-0020837,CLI-03226,SISTEMA,DEPOSITO_EFECTIVO,5097.44,2026-06-02 19:05:22,0,ESTRUCTURACION_SMURFING_DETECTADA,,,,
TX-0018667,CLI-02888,SISTEMA,DEPOSITO_EFECTIVO,3306.97,2026-06-02 19:16:22,0,ESTRUCTURACION_SMURFING_DETECTADA,,,,
TX-0015053,CLI-02333,SISTEMA,DEPOSITO_EFECTIVO,835.6,2026-06-02 19:17:22,0,ESTRUCTURACION_SMURFING_DETECTADA,,,,
TX-0004202,CLI-00643,SISTEMA,DEPOSITO_EFECTIVO,10407.66,2026-06-02 19:32:22,0,ESTRUCTURACION_SMURFING_DETECTADA,,,,
TX-0019754,CLI-03061,SISTEMA,DEPOSITO_EFECTIVO,710.31,2026-06-02 19:32:22,0,ESTRUCTURACION_SMURFING_DETECTADA,,,,
TX-0024543,CLI-03789,SISTEMA,DEPOSITO_EFECTIVO,3666.78,2026-06-02 20:26:22,0,ESTRUCTURACION_SMURFING_DETECTADA,,,,
TX-0008266,CLI-01272,SISTEMA,DEPOSITO_EFECTIVO,475.72,2026-06-02 20:38:22,0,ESTRUCTURACION_SMURFING_DETECTADA,,,,
TX-0019933,CLI-03089,SISTEMA,DEPOSITO_EFECTIVO,228.32,2026-06-02 20:38:22,0,ESTRUCTURACION_SMURFING_DETECTADA,,,,
TX-0026854,CLI-04136,SISTEMA,DEPOSITO_EFECTIVO,1863.85,2026-06-02 20:42:22,0,ESTRUCTURACION_SMURFING_DETECTADA,,,,
TX-0012975,CLI-02006,SISTEMA,DEPOSITO_EFECTIVO,1346.19,2026-06-02 20:55:22,0,ESTRUCTURACION_SMURFING_DETECTADA,,,,
TX-0009135,CLI-01404,SISTEMA,DEPOSITO_EFECTIVO,350.18,2026-06-02 21:02:22,0,ESTRUCTURACION_SMURFING_DETECTADA,,,,
TX-0024527,CLI-03785,SISTEMA,DEPOSITO_EFECTIVO,3333.62,2026-06-02 21:06:22,0,ESTRUCTURACION_SMURFING_DETECTADA,,,,
TX-0006368,CLI-00982,SISTEMA,DEPOSITO_EFECTIVO,1987.93,2026-06-02 21:14:22,0,ESTRUCTURACION_SMURFING_DETECTADA,,,,
TX-0001014,CLI-00154,SISTEMA,DEPOSITO_EFECTIVO,6087.57,2026-06-02 21:14:22,0,ESTRUCTURACION_SMURFING_DETECTADA,,,,
TX-0005869,CLI-00902,SISTEMA,DEPOSITO_EFECTIVO,542.91,2026-06-02 21:21:22,0,ESTRUCTURACION_SMURFING_DETECTADA,,,,
TX-0022047,CLI-03407,SISTEMA,DEPOSITO_EFECTIVO,333.73,2026-06-02 21:23:22,0,ESTRUCTURACION_SMURFING_DETECTADA,,,,
TX-0026707,CLI-04111,SISTEMA,DEPOSITO_EFECTIVO,979.9,2026-06-02 21:23:22,0,ESTRUCTURACION_SMURFING_DETECTADA,,,,
TX-0031391,CLI-04828,SISTEMA,DEPOSITO_EFECTIVO,176.51,2026-06-02 21:24:22,0,ESTRUCTURACION_SMURFING_DETECTADA,,,,
TX-0021992,CLI-03399,SISTEMA,DEPOSITO_EFECTIVO,1430.57,2026-06-02 21:26:22,0,ESTRUCTURACION_SMURFING_DETECTADA,,,,
TX-0020639,CLI-03196,SISTEMA,DEPOSITO_EFECTIVO,4212.28,2026-06-02 21:31:22,0,ESTRUCTURACION_SMURFING_DETECTADA,,,,
TX-0008756,CLI-01342,SISTEMA,DEPOSITO_EFECTIVO,176.23,2026-06-02 21:34:22,0,ESTRUCTURACION_SMURFING_DETECTADA,,,,
TX-0008973,CLI-01378,SISTEMA,DEPOSITO_EFECTIVO,655.47,2026-06-02 21:36:22,0,ESTRUCTURACION_SMURFING_DETECTADA,,,,
TX-0012599,CLI-01945,SISTEMA,DEPOSITO_EFECTIVO,4666.82,2026-06-02 21:38:22,0,ESTRUCTURACION_SMURFING_DETECTADA,,,,
TX-0015827,CLI-02449,SISTEMA,DEPOSITO_EFECTIVO,629.25,2026-06-02 21:40:22,0,ESTRUCTURACION_SMURFING_DETECTADA,,,,
TX-0027146,CLI-04183,SISTEMA,DEPOSITO_EFECTIVO,861.62,2026-06-02 21:41:22,0,ESTRUCTURACION_SMURFING_DETECTADA,,,,
TX-0028416,CLI-04373,SISTEMA,DEPOSITO_EFECTIVO,1612.74,2026-06-02 21:43:22,0,ESTRUCTURACION_SMURFING_DETECTADA,,,,
TX-0014541,CLI-02255,SISTEMA,DEPOSITO_EFECTIVO,955.44,2026-06-02 21:46:22,0,ESTRUCTURACION_SMURFING_DETECTADA,,,,
TX-0015565,CLI-02410,SISTEMA,DEPOSITO_EFECTIVO,2629.47,2026-06-02 22:05:22,0,ESTRUCTURACION_SMURFING_DETECTADA,,,,
TX-0010332,CLI-01586,SISTEMA,DEPOSITO_EFECTIVO,334.18,2026-06-02 22:09:22,0,ESTRUCTURACION_SMURFING_DETECTADA,,,,
TX-0012888,CLI-01993,SISTEMA,DEPOSITO_EFECTIVO,14055.11,2026-06-02 22:12:22,0,ESTRUCTURACION_SMURFING_DETECTADA,,,,
TX-0000103,CLI-00016,SISTEMA,DEPOSITO_EFECTIVO,10296.33,2026-06-02 22:50:22,0,ESTRUCTURACION_SMURFING_DETECTADA,,,,
TX-0002145,CLI-00322,SISTEMA,DEPOSITO_EFECTIVO,4641.24,2026-06-02 22:58:22,0,ESTRUCTURACION_SMURFING_DETECTADA,,,,
TX-0030318,CLI-04671,SISTEMA,DEPOSITO_EFECTIVO,2306.69,2026-06-02 22:59:22,0,ESTRUCTURACION_SMURFING_DETECTADA,,,,
TX-0019236,CLI-02980,SISTEMA,DEPOSITO_EFECTIVO,10236.23,2026-06-02 23:06:22,0,ESTRUCTURACION_SMURFING_DETECTADA,,,,
TX-0008746,CLI-01341,SISTEMA,DEPOSITO_EFECTIVO,781.51,2026-06-02 23:23:22,0,ESTRUCTURACION_SMURFING_DETECTADA,,,,
TX-0004640,CLI-00716,SISTEMA,DEPOSITO_EFECTIVO,14357.35,2026-06-02 23:29:22,0,ESTRUCTURACION_SMURFING_DETECTADA,,,,
TX-0021798,CLI-03369,SISTEMA,DEPOSITO_EFECTIVO,1200.27,2026-06-02 23:31:22,0,ESTRUCTURACION_SMURFING_DETECTADA,,,,
TX-0025372,CLI-03917,SISTEMA,DEPOSITO_EFECTIVO,7490.65,2026-06-02 23:38:22,0,ESTRUCTURACION_SMURFING_DETECTADA,,,,
TX-0012873,CLI-01990,SISTEMA,DEPOSITO_EFECTIVO,279.51,2026-06-03 00:01:22,0,ESTRUCTURACION_SMURFING_DETECTADA,,,,
TX-0019997,CLI-03101,SISTEMA,DEPOSITO_EFECTIVO,14516.88,2026-06-03 00:04:22,0,ESTRUCTURACION_SMURFING_DETECTADA,,,,
TX-0023844,CLI-03685,SISTEMA,DEPOSITO_EFECTIVO,3134.53,2026-06-03 00:12:22,0,ESTRUCTURACION_SMURFING_DETECTADA,,,,
TX-0021170,CLI-03275,SISTEMA,DEPOSITO_EFECTIVO,3815.7,2026-06-03 00:20:22,0,ESTRUCTURACION_SMURFING_DETECTADA,,,,
TX-0019452,CLI-03014,SISTEMA,DEPOSITO_EFECTIVO,125.65,2026-06-03 00:21:22,0,ESTRUCTURACION_SMURFING_DETECTADA,,,,
TX-0030816,CLI-04741,SISTEMA,DEPOSITO_EFECTIVO,3138.72,2026-06-03 00:25:22,0,ESTRUCTURACION_SMURFING_DETECTADA,,,,
TX-0028178,CLI-04337,SISTEMA,DEPOSITO_EFECTIVO,402.44,2026-06-03 00:27:22,0,ESTRUCTURACION_SMURFING_DETECTADA,,,,
TX-0002273,CLI-00343,SISTEMA,DEPOSITO_EFECTIVO,4373.31,2026-06-03 00:30:22,0,ESTRUCTURACION_SMURFING_DETECTADA,,,,
TX-0005265,CLI-00812,SISTEMA,DEPOSITO_EFECTIVO,3741.26,2026-06-03 00:37:22,0,ESTRUCTURACION_SMURFING_DETECTADA,,,,
TX-0005134,CLI-00792,SISTEMA,DEPOSITO_EFECTIVO,4194.01,2026-06-03 00:37:22,0,ESTRUCTURACION_SMURFING_DETECTADA,,,,
TX-0022057,CLI-03409,SISTEMA,DEPOSITO_EFECTIVO,2480.24,2026-06-03 01:20:22,0,ESTRUCTURACION_SMURFING_DETECTADA,,,,
TX-0005655,CLI-00868,SISTEMA,DEPOSITO_EFECTIVO,534.55,2026-06-03 01:24:22,0,ESTRUCTURACION_SMURFING_DETECTADA,,,,
TX-0000643,CLI-00098,SISTEMA,DEPOSITO_EFECTIVO,640.56,2026-06-03 01:31:22,0,ESTRUCTURACION_SMURFING_DETECTADA,,,,
TX-0008901,CLI-01367,SISTEMA,DEPOSITO_EFECTIVO,3247.29,2026-06-03 01:36:22,0,ESTRUCTURACION_SMURFING_DETECTADA,,,,
TX-0009572,CLI-01471,SISTEMA,DEPOSITO_EFECTIVO,4209.94,2026-06-03 01:40:22,0,ESTRUCTURACION_SMURFING_DETECTADA,,,,
TX-0027927,CLI-04301,SISTEMA,DEPOSITO_EFECTIVO,158.89,2026-06-03 01:57:22,0,ESTRUCTURACION_SMURFING_DETECTADA,,,,
TX-0029779,CLI-04586,SISTEMA,DEPOSITO_EFECTIVO,120.2,2026-06-03 01:59:22,0,ESTRUCTURACION_SMURFING_DETECTADA,,,,
TX-0024656,CLI-03804,SISTEMA,DEPOSITO_EFECTIVO,8217.62,2026-06-03 02:05:22,0,ESTRUCTURACION_SMURFING_DETECTADA,,,,
TX-0018546,CLI-02869,SISTEMA,DEPOSITO_EFECTIVO,647.68,2026-06-03 02:05:22,0,ESTRUCTURACION_SMURFING_DETECTADA,,,,
TX-0028920,CLI-04452,SISTEMA,DEPOSITO_EFECTIVO,4606.37,2026-06-03 02:19:22,0,ESTRUCTURACION_SMURFING_DETECTADA,,,,
TX-0013675,CLI-02119,SISTEMA,DEPOSITO_EFECTIVO,1622.71,2026-06-03 02:22:22,0,ESTRUCTURACION_SMURFING_DETECTADA,,,,
TX-0004616,CLI-00711,SISTEMA,DEPOSITO_EFECTIVO,714.34,2026-06-03 02:46:22,0,ESTRUCTURACION_SMURFING_DETECTADA,,,,
TX-0008095,CLI-01247,SISTEMA,DEPOSITO_EFECTIVO,328.97,2026-06-03 02:54:22,0,ESTRUCTURACION_SMURFING_DETECTADA,,,,
TX-0029167,CLI-04490,SISTEMA,DEPOSITO_EFECTIVO,1591.1,2026-06-03 02:56:22,0,ESTRUCTURACION_SMURFING_DETECTADA,,,,
TX-0004630,CLI-00713,SISTEMA,DEPOSITO_EFECTIVO,3153.27,2026-06-03 03:12:22,0,ESTRUCTURACION_SMURFING_DETECTADA,,,,
TX-0012005,CLI-01851,SISTEMA,DEPOSITO_EFECTIVO,458.93,2026-06-03 03:18:22,0,ESTRUCTURACION_SMURFING_DETECTADA,,,,
TX-0007987,CLI-01229,SISTEMA,DEPOSITO_EFECTIVO,4019.4,2026-06-03 03:33:22,0,ESTRUCTURACION_SMURFING_DETECTADA,,,,
TX-0015332,CLI-02377,SISTEMA,DEPOSITO_EFECTIVO,160.24,2026-06-03 03:34:22,0,ESTRUCTURACION_SMURFING_DETECTADA,,,,
TX-0019687,CLI-03049,SISTEMA,DEPOSITO_EFECTIVO,5719.32,2026-06-03 03:47:22,0,ESTRUCTURACION_SMURFING_DETECTADA,,,,
TX-0029107,CLI-04482,SISTEMA,DEPOSITO_EFECTIVO,1019.39,2026-06-03 04:25:22,0,ESTRUCTURACION_SMURFING_DETECTADA,,,,
TX-0014750,CLI-02288,SISTEMA,DEPOSITO_EFECTIVO,419.05,2026-06-03 04:44:22,0,ESTRUCTURACION_SMURFING_DETECTADA,,,,
TX-0006846,CLI-01055,SISTEMA,DEPOSITO_EFECTIVO,1542.14,2026-06-03 05:11:22,0,ESTRUCTURACION_SMURFING_DETECTADA,,,,
TX-0006449,CLI-00994,SISTEMA,DEPOSITO_EFECTIVO,10926.42,2026-06-03 05:12:22,0,ESTRUCTURACION_SMURFING_DETECTADA,,,,
TX-0021918,CLI-03387,SISTEMA,DEPOSITO_EFECTIVO,3685.93,2026-06-03 05:13:22,0,ESTRUCTURACION_SMURFING_DETECTADA,,,,
TX-0028039,CLI-04318,SISTEMA,DEPOSITO_EFECTIVO,358.11,2026-06-03 05:35:22,0,ESTRUCTURACION_SMURFING_DETECTADA,,,,
TX-0024218,CLI-03739,SISTEMA,DEPOSITO_EFECTIVO,1267.39,2026-06-03 05:36:22,0,ESTRUCTURACION_SMURFING_DETECTADA,,,,
TX-0010339,CLI-01587,SISTEMA,DEPOSITO_EFECTIVO,13942.46,2026-06-03 05:52:22,0,ESTRUCTURACION_SMURFING_DETECTADA,,,,
TX-0004861,CLI-00754,SISTEMA,DEPOSITO_EFECTIVO,9807.21,2026-06-03 06:07:22,0,ESTRUCTURACION_SMURFING_DETECTADA,,,,
TX-0029501,CLI-04541,SISTEMA,DEPOSITO_EFECTIVO,6329.38,2026-06-03 06:10:22,0,ESTRUCTURACION_SMURFING_DETECTADA,,,,
TX-0017734,CLI-02745,SISTEMA,DEPOSITO_EFECTIVO,3655.42,2026-06-03 06:23:22,0,ESTRUCTURACION_SMURFING_DETECTADA,,,,
TX-0013328,CLI-02063,SISTEMA,DEPOSITO_EFECTIVO,256.35,2026-06-03 06:27:22,0,ESTRUCTURACION_SMURFING_DETECTADA,,,,
TX-0000410,CLI-00063,SISTEMA,DEPOSITO_EFECTIVO,1531.84,2026-06-03 06:32:22,0,ESTRUCTURACION_SMURFING_DETECTADA,,,,
TX-0005565,CLI-00854,SISTEMA,DEPOSITO_EFECTIVO,2771.28,2026-06-03 06:55:22,0,ESTRUCTURACION_SMURFING_DETECTADA,,,,
TX-0019957,CLI-03095,SISTEMA,DEPOSITO_EFECTIVO,359.38,2026-06-03 06:59:22,0,ESTRUCTURACION_SMURFING_DETECTADA,,,,
TX-0025874,CLI-03991,SISTEMA,DEPOSITO_EFECTIVO,132.46,2026-06-03 06:59:22,0,ESTRUCTURACION_SMURFING_DETECTADA,,,,
TX-0031938,CLI-04908,SISTEMA,DEPOSITO_EFECTIVO,1803.31,2026-06-03 07:09:22,0,ESTRUCTURACION_SMURFING_DETECTADA,,,,
TX-0014329,CLI-02221,SISTEMA,DEPOSITO_EFECTIVO,10767.95,2026-06-03 07:30:22,0,ESTRUCTURACION_SMURFING_DETECTADA,,,,
TX-0010930,CLI-01682,SISTEMA,DEPOSITO_EFECTIVO,159.42,2026-06-03 08:08:22,0,ESTRUCTURACION_SMURFING_DETECTADA,,,,
TX-0009671,CLI-01485,SISTEMA,DEPOSITO_EFECTIVO,3250.78,2026-06-03 08:08:22,0,ESTRUCTURACION_SMURFING_DETECTADA,,,,
TX-0021539,CLI-03331,SISTEMA,DEPOSITO_EFECTIVO,358.15,2026-06-03 08:14:22,0,ESTRUCTURACION_SMURFING_DETECTADA,,,,
TX-0020800,CLI-03219,SISTEMA,DEPOSITO_EFECTIVO,294.0,2026-06-03 08:23:22,0,ESTRUCTURACION_SMURFING_DETECTADA,,,,
TX-0032494,CLI-04991,SISTEMA,DEPOSITO_EFECTIVO,644.74,2026-06-03 08:24:22,0,ESTRUCTURACION_SMURFING_DETECTADA,,,,
TX-0002230,CLI-00335,SISTEMA,DEPOSITO_EFECTIVO,2549.0,2026-06-03 08:30:22,0,ESTRUCTURACION_SMURFING_DETECTADA,,,,
TX-0012371,CLI-01909,SISTEMA,DEPOSITO_EFECTIVO,808.42,2026-06-03 08:30:22,0,ESTRUCTURACION_SMURFING_DETECTADA,,,,
TX-0011495,CLI-01773,SISTEMA,DEPOSITO_EFECTIVO,576.23,2026-06-03 08:32:22,0,ESTRUCTURACION_SMURFING_DETECTADA,,,,
TX-0006527,CLI-01006,SISTEMA,DEPOSITO_EFECTIVO,2093.59,2026-06-03 08:47:22,0,ESTRUCTURACION_SMURFING_DETECTADA,,,,
TX-0005696,CLI-00874,SISTEMA,DEPOSITO_EFECTIVO,13691.11,2026-06-03 08:49:22,0,ESTRUCTURACION_SMURFING_DETECTADA,,,,
TX-0000319,CLI-00048,SISTEMA,DEPOSITO_EFECTIVO,406.93,2026-06-03 09:00:22,0,ESTRUCTURACION_SMURFING_DETECTADA,,,,
TX-0025466,CLI-03929,SISTEMA,DEPOSITO_EFECTIVO,161.17,2026-06-03 09:03:22,0,ESTRUCTURACION_SMURFING_DETECTADA,,,,
TX-0022282,CLI-03446,SISTEMA,DEPOSITO_EFECTIVO,192.0,2026-06-03 09:12:22,0,ESTRUCTURACION_SMURFING_DETECTADA,,,,
TX-0021437,CLI-03314,SISTEMA,DEPOSITO_EFECTIVO,7364.52,2026-06-03 09:27:22,0,ESTRUCTURACION_SMURFING_DETECTADA,,,,
TX-0026190,CLI-04035,SISTEMA,DEPOSITO_EFECTIVO,110.78,2026-06-03 09:51:22,0,ESTRUCTURACION_SMURFING_DETECTADA,,,,
TX-0016197,CLI-02507,SISTEMA,DEPOSITO_EFECTIVO,2791.83,2026-06-03 09:59:22,0,ESTRUCTURACION_SMURFING_DETECTADA,,,,
TX-0025591,CLI-03948,SISTEMA,DEPOSITO_EFECTIVO,2736.38,2026-06-03 10:01:22,0,ESTRUCTURACION_SMURFING_DETECTADA,,,,
TX-0000550,CLI-00084,SISTEMA,DEPOSITO_EFECTIVO,1737.14,2026-06-03 10:20:22,0,ESTRUCTURACION_SMURFING_DETECTADA,,,,
TX-0030567,CLI-04705,SISTEMA,DEPOSITO_EFECTIVO,3350.27,2026-06-03 10:24:22,0,ESTRUCTURACION_SMURFING_DETECTADA,,,,
TX-0023167,CLI-03579,SISTEMA,DEPOSITO_EFECTIVO,391.37,2026-06-03 10:41:22,0,ESTRUCTURACION_SMURFING_DETECTADA,,,,
TX-0016748,CLI-02595,SISTEMA,DEPOSITO_EFECTIVO,313.28,2026-06-03 10:43:22,0,ESTRUCTURACION_SMURFING_DETECTADA,,,,
TX-0013370,CLI-02072,SISTEMA,DEPOSITO_EFECTIVO,313.33,2026-06-03 10:59:22,0,ESTRUCTURACION_SMURFING_DETECTADA,,,,
TX-0029342,CLI-04516,SISTEMA,DEPOSITO_EFECTIVO,12975.92,2026-06-03 11:05:22,0,ESTRUCTURACION_SMURFING_DETECTADA,,,,
TX-0012543,CLI-01936,SISTEMA,DEPOSITO_EFECTIVO,7371.91,2026-06-03 11:05:22,0,ESTRUCTURACION_SMURFING_DETECTADA,,,,
TX-0011564,CLI-01783,SISTEMA,DEPOSITO_EFECTIVO,7839.68,2026-06-03 11:13:22,0,ESTRUCTURACION_SMURFING_DETECTADA,,,,
TX-0004954,CLI-00767,SISTEMA,DEPOSITO_EFECTIVO,178.45,2026-06-03 11:19:22,0,ESTRUCTURACION_SMURFING_DETECTADA,,,,
TX-0011204,CLI-01725,SISTEMA,DEPOSITO_EFECTIVO,2099.65,2026-06-03 11:23:22,0,ESTRUCTURACION_SMURFING_DETECTADA,,,,
TX-0003553,CLI-00537,SISTEMA,DEPOSITO_EFECTIVO,13325.62,2026-06-03 11:32:22,0,ESTRUCTURACION_SMURFING_DETECTADA,,,,
TX-0009948,CLI-01529,SISTEMA,DEPOSITO_EFECTIVO,4691.04,2026-06-03 11:35:22,0,ESTRUCTURACION_SMURFING_DETECTADA,,,,
TX-0011253,CLI-01733,SISTEMA,DEPOSITO_EFECTIVO,244.39,2026-06-03 11:38:22,0,ESTRUCTURACION_SMURFING_DETECTADA,,,,
TX-0022557,CLI-03486,SISTEMA,DEPOSITO_EFECTIVO,642.59,2026-06-03 11:41:22,0,ESTRUCTURACION_SMURFING_DETECTADA,,,,
TX-0013747,CLI-02132,SISTEMA,DEPOSITO_EFECTIVO,7284.02,2026-06-03 11:55:22,0,ESTRUCTURACION_SMURFING_DETECTADA,,,,
TX-0018704,CLI-02893,SISTEMA,DEPOSITO_EFECTIVO,191.73,2026-06-03 11:57:22,0,ESTRUCTURACION_SMURFING_DETECTADA,,,,
TX-0028579,CLI-04398,SISTEMA,DEPOSITO_EFECTIVO,294.94,2026-06-03 11:58:22,0,ESTRUCTURACION_SMURFING_DETECTADA,,,,
TX-0019092,CLI-02954,SISTEMA,DEPOSITO_EFECTIVO,2421.02,2026-06-03 12:00:22,0,ESTRUCTURACION_SMURFING_DETECTADA,,,,
TX-0011547,CLI-01780,SISTEMA,DEPOSITO_EFECTIVO,5727.3,2026-06-03 12:02:22,0,ESTRUCTURACION_SMURFING_DETECTADA,,,,
TX-0014947,CLI-02319,SISTEMA,DEPOSITO_EFECTIVO,2561.55,2026-06-03 12:18:22,0,ESTRUCTURACION_SMURFING_DETECTADA,,,,
TX-0012985,CLI-02008,SISTEMA,DEPOSITO_EFECTIVO,667.46,2026-06-03 12:27:22,0,ESTRUCTURACION_SMURFING_DETECTADA,,,,
TX-0014662,CLI-02272,SISTEMA,DEPOSITO_EFECTIVO,209.68,2026-06-03 12:34:22,0,ESTRUCTURACION_SMURFING_DETECTADA,,,,
TX-0007813,CLI-01201,SISTEMA,DEPOSITO_EFECTIVO,1260.99,2026-06-03 12:39:22,0,ESTRUCTURACION_SMURFING_DETECTADA,,,,
TX-0009380,CLI-01439,SISTEMA,DEPOSITO_EFECTIVO,251.9,2026-06-03 12:44:22,0,ESTRUCTURACION_SMURFING_DETECTADA,,,,
TX-0030324,CLI-04672,SISTEMA,DEPOSITO_EFECTIVO,9983.13,2026-06-03 12:48:22,0,ESTRUCTURACION_SMURFING_DETECTADA,,,,
TX-0029874,CLI-04602,SISTEMA,DEPOSITO_EFECTIVO,6883.49,2026-06-03 12:56:22,0,ESTRUCTURACION_SMURFING_DETECTADA,,,,
TX-0007730,CLI-01187,SISTEMA,DEPOSITO_EFECTIVO,641.86,2026-06-03 12:59:22,0,ESTRUCTURACION_SMURFING_DETECTADA,,,,
TX-0029903,CLI-04607,SISTEMA,DEPOSITO_EFECTIVO,919.63,2026-06-03 12:59:22,0,ESTRUCTURACION_SMURFING_DETECTADA,,,,
TX-0006712,CLI-01035,SISTEMA,DEPOSITO_EFECTIVO,486.26,2026-06-03 13:03:22,0,ESTRUCTURACION_SMURFING_DETECTADA,,,,
TX-0010552,CLI-01621,SISTEMA,DEPOSITO_EFECTIVO,519.19,2026-06-03 13:04:22,0,ESTRUCTURACION_SMURFING_DETECTADA,,,,
TX-0016926,CLI-02622,SISTEMA,DEPOSITO_EFECTIVO,787.74,2026-06-03 13:14:22,0,ESTRUCTURACION_SMURFING_DETECTADA,,,,
TX-0025267,CLI-03900,SISTEMA,DEPOSITO_EFECTIVO,156.77,2026-06-03 13:16:22,0,ESTRUCTURACION_SMURFING_DETECTADA,,,,
TX-0018303,CLI-02832,SISTEMA,DEPOSITO_EFECTIVO,2875.58,2026-06-03 13:21:22,0,ESTRUCTURACION_SMURFING_DETECTADA,,,,
TX-0024427,CLI-03770,SISTEMA,DEPOSITO_EFECTIVO,1784.73,2026-06-03 13:50:22,0,ESTRUCTURACION_SMURFING_DETECTADA,,,,
TX-0021288,CLI-03290,SISTEMA,DEPOSITO_EFECTIVO,753.56,2026-06-03 14:01:22,0,ESTRUCTURACION_SMURFING_DETECTADA,,,,
TX-0014240,CLI-02205,SISTEMA,DEPOSITO_EFECTIVO,330.37,2026-06-03 14:07:22,0,ESTRUCTURACION_SMURFING_DETECTADA,,,,
TX-0024935,CLI-03849,SISTEMA,DEPOSITO_EFECTIVO,13078.79,2026-06-03 14:18:22,0,ESTRUCTURACION_SMURFING_DETECTADA,,,,
TX-0029611,CLI-04559,SISTEMA,DEPOSITO_EFECTIVO,284.14,2026-06-03 14:40:22,0,ESTRUCTURACION_SMURFING_DETECTADA,,,,
TX-0012566,CLI-01938,SISTEMA,DEPOSITO_EFECTIVO,2392.38,2026-06-03 14:43:22,0,ESTRUCTURACION_SMURFING_DETECTADA,,,,
TX-0012345,CLI-01905,SISTEMA,DEPOSITO_EFECTIVO,8705.36,2026-06-03 14:48:22,0,ESTRUCTURACION_SMURFING_DETECTADA,,,,
TX-0002710,CLI-00410,SISTEMA,DEPOSITO_EFECTIVO,8893.36,2026-06-03 15:06:22,0,ESTRUCTURACION_SMURFING_DETECTADA,,,,
TX-0027220,CLI-04196,SISTEMA,DEPOSITO_EFECTIVO,1899.93,2026-06-03 15:21:22,0,ESTRUCTURACION_SMURFING_DETECTADA,,,,
TX-0014969,CLI-02322,SISTEMA,DEPOSITO_EFECTIVO,2100.49,2026-06-03 15:24:22,0,ESTRUCTURACION_SMURFING_DETECTADA,,,,
TX-0007995,CLI-01230,SISTEMA,DEPOSITO_EFECTIVO,660.93,2026-06-03 15:31:22,0,ESTRUCTURACION_SMURFING_DETECTADA,,,,
TX-0021156,CLI-03273,SISTEMA,DEPOSITO_EFECTIVO,1078.46,2026-06-03 15:35:22,0,ESTRUCTURACION_SMURFING_DETECTADA,,,,
TX-0005758,CLI-00883,SISTEMA,DEPOSITO_EFECTIVO,5935.57,2026-06-03 15:46:22,0,ESTRUCTURACION_SMURFING_DETECTADA,,,,
TX-0029980,CLI-04617,SISTEMA,DEPOSITO_EFECTIVO,664.03,2026-06-03 15:56:22,0,ESTRUCTURACION_SMURFING_DETECTADA,,,,
TX-0016127,CLI-02495,SISTEMA,DEPOSITO_EFECTIVO,4897.31,2026-06-03 16:07:22,0,ESTRUCTURACION_SMURFING_DETECTADA,,,,
TX-0024484,CLI-03779,SISTEMA,DEPOSITO_EFECTIVO,3304.47,2026-06-03 16:10:22,0,ESTRUCTURACION_SMURFING_DETECTADA,,,,
TX-0029508,CLI-04543,SISTEMA,DEPOSITO_EFECTIVO,605.17,2026-06-03 16:11:22,0,ESTRUCTURACION_SMURFING_DETECTADA,,,,
TX-0028842,CLI-04441,SISTEMA,DEPOSITO_EFECTIVO,2908.37,2026-06-03 16:39:22,0,ESTRUCTURACION_SMURFING_DETECTADA,,,,
TX-0024088,CLI-03720,SISTEMA,DEPOSITO_EFECTIVO,14184.31,2026-06-03 16:56:22,0,ESTRUCTURACION_SMURFING_DETECTADA,,,,
TX-0001822,CLI-00273,SISTEMA,DEPOSITO_EFECTIVO,5023.62,2026-06-03 17:06:22,0,ESTRUCTURACION_SMURFING_DETECTADA,,,,
TX-0012946,CLI-02002,SISTEMA,DEPOSITO_EFECTIVO,4186.27,2026-06-03 17:11:22,0,ESTRUCTURACION_SMURFING_DETECTADA,,,,
TX-0001532,CLI-00230,SISTEMA,DEPOSITO_EFECTIVO,882.36,2026-06-03 17:12:22,0,ESTRUCTURACION_SMURFING_DETECTADA,,,,
TX-0019061,CLI-02949,SISTEMA,DEPOSITO_EFECTIVO,2954.41,2026-06-03 17:15:22,0,ESTRUCTURACION_SMURFING_DETECTADA,,,,
TX-0022899,CLI-03538,SISTEMA,DEPOSITO_EFECTIVO,253.58,2026-06-03 17:16:22,0,ESTRUCTURACION_SMURFING_DETECTADA,,,,
TX-0032409,CLI-04978,SISTEMA,DEPOSITO_EFECTIVO,82.31,2026-06-03 17:16:22,0,ESTRUCTURACION_SMURFING_DETECTADA,,,,
TX-0029558,CLI-04551,SISTEMA,DEPOSITO_EFECTIVO,377.27,2026-06-03 17:23:22,0,ESTRUCTURACION_SMURFING_DETECTADA,,,,
TX-0004241,CLI-00649,SISTEMA,DEPOSITO_EFECTIVO,5332.2,2026-06-03 17:24:22,0,ESTRUCTURACION_SMURFING_DETECTADA,,,,
TX-0012399,CLI-01912,SISTEMA,DEPOSITO_EFECTIVO,204.6,2026-06-03 17:27:22,0,ESTRUCTURACION_SMURFING_DETECTADA,,,,
TX-0012715,CLI-01962,SISTEMA,DEPOSITO_EFECTIVO,2016.4,2026-06-03 17:31:22,0,ESTRUCTURACION_SMURFING_DETECTADA,,,,
TX-0002994,CLI-00456,SISTEMA,DEPOSITO_EFECTIVO,1728.81,2026-06-03 17:41:22,0,ESTRUCTURACION_SMURFING_DETECTADA,,,,
TX-0017539,CLI-02718,SISTEMA,DEPOSITO_EFECTIVO,1374.98,2026-06-03 17:50:22,0,ESTRUCTURACION_SMURFING_DETECTADA,,,,
TX-0032420,CLI-04980,SISTEMA,DEPOSITO_EFECTIVO,4852.31,2026-06-03 17:53:22,0,ESTRUCTURACION_SMURFING_DETECTADA,,,,
TX-0001007,CLI-00153,SISTEMA,DEPOSITO_EFECTIVO,518.73,2026-06-03 18:09:22,0,ESTRUCTURACION_SMURFING_DETECTADA,,,,
TX-0015021,CLI-02329,SISTEMA,DEPOSITO_EFECTIVO,5026.52,2026-06-03 18:23:22,0,ESTRUCTURACION_SMURFING_DETECTADA,,,,
TX-0025175,CLI-03885,SISTEMA,DEPOSITO_EFECTIVO,997.38,2026-06-03 18:52:22,0,ESTRUCTURACION_SMURFING_DETECTADA,,,,
TX-0022869,CLI-03534,SISTEMA,DEPOSITO_EFECTIVO,3097.58,2026-06-03 18:55:22,0,ESTRUCTURACION_SMURFING_DETECTADA,,,,
TX-0001416,CLI-00213,SISTEMA,DEPOSITO_EFECTIVO,3016.48,2026-06-03 18:59:22,0,ESTRUCTURACION_SMURFING_DETECTADA,,,,
TX-0002775,CLI-00420,SISTEMA,DEPOSITO_EFECTIVO,711.49,2026-06-03 19:12:22,0,ESTRUCTURACION_SMURFING_DETECTADA,,,,
TX-0009812,CLI-01505,SISTEMA,DEPOSITO_EFECTIVO,177.36,2026-06-03 19:19:22,0,ESTRUCTURACION_SMURFING_DETECTADA,,,,
TX-0011523,CLI-01777,SISTEMA,DEPOSITO_EFECTIVO,14478.4,2026-06-03 19:48:22,0,ESTRUCTURACION_SMURFING_DETECTADA,,,,
TX-0009014,CLI-01384,SISTEMA,DEPOSITO_EFECTIVO,2547.22,2026-06-03 19:48:22,0,ESTRUCTURACION_SMURFING_DETECTADA,,,,
TX-0025913,CLI-03997,SISTEMA,DEPOSITO_EFECTIVO,6694.6,2026-06-03 19:48:22,0,ESTRUCTURACION_SMURFING_DETECTADA,,,,
TX-0028319,CLI-04357,SISTEMA,DEPOSITO_EFECTIVO,3238.39,2026-06-03 19:58:22,0,ESTRUCTURACION_SMURFING_DETECTADA,,,,
TX-0009527,CLI-01463,SISTEMA,DEPOSITO_EFECTIVO,691.98,2026-06-03 20:11:22,0,ESTRUCTURACION_SMURFING_DETECTADA,,,,
TX-0001097,CLI-00165,SISTEMA,DEPOSITO_EFECTIVO,340.82,2026-06-03 20:13:22,0,ESTRUCTURACION_SMURFING_DETECTADA,,,,
TX-0008085,CLI-01246,SISTEMA,DEPOSITO_EFECTIVO,9715.47,2026-06-03 20:16:22,0,ESTRUCTURACION_SMURFING_DETECTADA,,,,
TX-0016763,CLI-02598,SISTEMA,DEPOSITO_EFECTIVO,2787.71,2026-06-03 20:28:22,0,ESTRUCTURACION_SMURFING_DETECTADA,,,,
TX-0007467,CLI-01152,SISTEMA,DEPOSITO_EFECTIVO,866.91,2026-06-03 20:31:22,0,ESTRUCTURACION_SMURFING_DETECTADA,,,,
TX-0025725,CLI-03969,SISTEMA,DEPOSITO_EFECTIVO,954.4,2026-06-03 20:37:22,0,ESTRUCTURACION_SMURFING_DETECTADA,,,,
TX-0004529,CLI-00694,SISTEMA,DEPOSITO_EFECTIVO,1441.92,2026-06-03 20:52:22,0,ESTRUCTURACION_SMURFING_DETECTADA,,,,
TX-0003218,CLI-00487,SISTEMA,DEPOSITO_EFECTIVO,10589.43,2026-06-03 21:17:22,0,ESTRUCTURACION_SMURFING_DETECTADA,,,,
TX-0027467,CLI-04235,SISTEMA,DEPOSITO_EFECTIVO,4796.86,2026-06-03 21:41:22,0,ESTRUCTURACION_SMURFING_DETECTADA,,,,
TX-0023038,CLI-03560,SISTEMA,DEPOSITO_EFECTIVO,2990.87,2026-06-03 22:06:22,0,ESTRUCTURACION_SMURFING_DETECTADA,,,,
TX-0026001,CLI-04009,SISTEMA,DEPOSITO_EFECTIVO,415.14,2026-06-03 22:15:22,0,ESTRUCTURACION_SMURFING_DETECTADA,,,,
TX-0007909,CLI-01216,SISTEMA,DEPOSITO_EFECTIVO,5536.25,2026-06-03 22:16:22,0,ESTRUCTURACION_SMURFING_DETECTADA,,,,
TX-0001618,CLI-00245,SISTEMA,DEPOSITO_EFECTIVO,222.96,2026-06-03 22:17:22,0,ESTRUCTURACION_SMURFING_DETECTADA,,,,
TX-0009237,CLI-01419,SISTEMA,DEPOSITO_EFECTIVO,4063.82,2026-06-03 22:33:22,0,ESTRUCTURACION_SMURFING_DETECTADA,,,,
TX-0024463,CLI-03776,SISTEMA,DEPOSITO_EFECTIVO,188.4,2026-06-03 22:47:22,0,ESTRUCTURACION_SMURFING_DETECTADA,,,,
TX-0017885,CLI-02767,SISTEMA,DEPOSITO_EFECTIVO,97.81,2026-06-03 22:47:22,0,ESTRUCTURACION_SMURFING_DETECTADA,,,,
TX-0027104,CLI-04177,SISTEMA,DEPOSITO_EFECTIVO,6874.99,2026-06-03 22:47:22,0,ESTRUCTURACION_SMURFING_DETECTADA,,,,
TX-0027025,CLI-04165,SISTEMA,DEPOSITO_EFECTIVO,343.75,2026-06-03 22:52:22,0,ESTRUCTURACION_SMURFING_DETECTADA,,,,
TX-0014478,CLI-02244,SISTEMA,DEPOSITO_EFECTIVO,820.49,2026-06-03 23:00:22,0,ESTRUCTURACION_SMURFING_DETECTADA,,,,
TX-0024585,CLI-03794,SISTEMA,DEPOSITO_EFECTIVO,6699.02,2026-06-03 23:15:22,0,ESTRUCTURACION_SMURFING_DETECTADA,,,,
TX-0022388,CLI-03460,SISTEMA,DEPOSITO_EFECTIVO,9008.19,2026-06-03 23:20:22,0,ESTRUCTURACION_SMURFING_DETECTADA,,,,
TX-0015795,CLI-02443,SISTEMA,DEPOSITO_EFECTIVO,356.62,2026-06-03 23:25:22,0,ESTRUCTURACION_SMURFING_DETECTADA,,,,
TX-0012878,CLI-01991,SISTEMA,DEPOSITO_EFECTIVO,648.9,2026-06-03 23:25:22,0,ESTRUCTURACION_SMURFING_DETECTADA,,,,
TX-0026285,CLI-04049,SISTEMA,DEPOSITO_EFECTIVO,459.37,2026-06-03 23:29:22,0,ESTRUCTURACION_SMURFING_DETECTADA,,,,
TX-0018608,CLI-02877,SISTEMA,DEPOSITO_EFECTIVO,379.26,2026-06-03 23:45:22,0,ESTRUCTURACION_SMURFING_DETECTADA,,,,
TX-0031560,CLI-04854,SISTEMA,DEPOSITO_EFECTIVO,78.59,2026-06-03 23:49:22,0,ESTRUCTURACION_SMURFING_DETECTADA,,,,
TX-0023942,CLI-03698,SISTEMA,DEPOSITO_EFECTIVO,5828.55,2026-06-04 00:00:22,0,ESTRUCTURACION_SMURFING_DETECTADA,,,,
TX-0004426,CLI-00676,SISTEMA,DEPOSITO_EFECTIVO,5875.66,2026-06-04 00:02:22,0,ESTRUCTURACION_SMURFING_DETECTADA,,,,
TX-0009012,CLI-01383,SISTEMA,DEPOSITO_EFECTIVO,14837.27,2026-06-04 00:09:22,0,ESTRUCTURACION_SMURFING_DETECTADA,,,,
TX-0011933,CLI-01839,SISTEMA,DEPOSITO_EFECTIVO,2771.69,2026-06-04 00:10:22,0,ESTRUCTURACION_SMURFING_DETECTADA,,,,
TX-0007242,CLI-01119,SISTEMA,DEPOSITO_EFECTIVO,2769.18,2026-06-04 00:17:22,0,ESTRUCTURACION_SMURFING_DETECTADA,,,,
TX-0006966,CLI-01075,SISTEMA,DEPOSITO_EFECTIVO,11480.66,2026-06-04 00:18:22,0,ESTRUCTURACION_SMURFING_DETECTADA,,,,
TX-0014070,CLI-02178,SISTEMA,DEPOSITO_EFECTIVO,7123.37,2026-06-04 00:27:22,0,ESTRUCTURACION_SMURFING_DETECTADA,,,,
TX-0030230,CLI-04658,SISTEMA,DEPOSITO_EFECTIVO,1722.98,2026-06-04 00:36:22,0,ESTRUCTURACION_SMURFING_DETECTADA,,,,
TX-0022195,CLI-03433,SISTEMA,DEPOSITO_EFECTIVO,368.12,2026-06-04 00:36:22,0,ESTRUCTURACION_SMURFING_DETECTADA,,,,
TX-0013063,CLI-02021,SISTEMA,DEPOSITO_EFECTIVO,1012.86,2026-06-04 00:49:22,0,ESTRUCTURACION_SMURFING_DETECTADA,,,,
TX-0029405,CLI-04527,SISTEMA,DEPOSITO_EFECTIVO,166.04,2026-06-04 00:57:22,0,ESTRUCTURACION_SMURFING_DETECTADA,,,,
TX-0002078,CLI-00311,SISTEMA,DEPOSITO_EFECTIVO,6011.82,2026-06-04 00:58:22,0,ESTRUCTURACION_SMURFING_DETECTADA,,,,
TX-0004112,CLI-00629,SISTEMA,DEPOSITO_EFECTIVO,249.55,2026-06-04 01:01:22,0,ESTRUCTURACION_SMURFING_DETECTADA,,,,
TX-0008531,CLI-01309,SISTEMA,DEPOSITO_EFECTIVO,1000.93,2026-06-04 01:11:22,0,ESTRUCTURACION_SMURFING_DETECTADA,,,,
TX-0028343,CLI-04361,SISTEMA,DEPOSITO_EFECTIVO,1732.5,2026-06-04 01:16:22,0,ESTRUCTURACION_SMURFING_DETECTADA,,,,
TX-0005020,CLI-00775,SISTEMA,DEPOSITO_EFECTIVO,7647.32,2026-06-04 01:29:22,0,ESTRUCTURACION_SMURFING_DETECTADA,,,,
TX-0010455,CLI-01604,SISTEMA,DEPOSITO_EFECTIVO,1414.36,2026-06-04 01:32:22,0,ESTRUCTURACION_SMURFING_DETECTADA,,,,
TX-0008952,CLI-01374,SISTEMA,DEPOSITO_EFECTIVO,1034.84,2026-06-04 01:41:22,0,ESTRUCTURACION_SMURFING_DETECTADA,,,,
TX-0026683,CLI-04107,SISTEMA,DEPOSITO_EFECTIVO,449.53,2026-06-04 01:43:22,0,ESTRUCTURACION_SMURFING_DETECTADA,,,,
TX-0006229,CLI-00959,SISTEMA,DEPOSITO_EFECTIVO,1359.0,2026-06-04 01:43:22,0,ESTRUCTURACION_SMURFING_DETECTADA,,,,
TX-0005718,CLI-00878,SISTEMA,DEPOSITO_EFECTIVO,1840.81,2026-06-04 02:03:22,0,ESTRUCTURACION_SMURFING_DETECTADA,,,,
TX-0023678,CLI-03660,SISTEMA,DEPOSITO_EFECTIVO,12054.19,2026-06-04 02:05:22,0,ESTRUCTURACION_SMURFING_DETECTADA,,,,
TX-0010149,CLI-01559,SISTEMA,DEPOSITO_EFECTIVO,784.22,2026-06-04 02:10:22,0,ESTRUCTURACION_SMURFING_DETECTADA,,,,
TX-0010883,CLI-01676,SISTEMA,DEPOSITO_EFECTIVO,4330.3,2026-06-04 02:12:22,0,ESTRUCTURACION_SMURFING_DETECTADA,,,,
TX-0007214,CLI-01115,SISTEMA,DEPOSITO_EFECTIVO,14973.24,2026-06-04 02:14:22,0,ESTRUCTURACION_SMURFING_DETECTADA,,,,
TX-0030116,CLI-04640,SISTEMA,DEPOSITO_EFECTIVO,4768.48,2026-06-04 02:20:22,0,ESTRUCTURACION_SMURFING_DETECTADA,,,,
TX-0026454,CLI-04074,SISTEMA,DEPOSITO_EFECTIVO,819.86,2026-06-04 02:27:22,0,ESTRUCTURACION_SMURFING_DETECTADA,,,,
TX-0016957,CLI-02627,SISTEMA,DEPOSITO_EFECTIVO,10374.69,2026-06-04 02:41:22,0,ESTRUCTURACION_SMURFING_DETECTADA,,,,
TX-0022891,CLI-03537,SISTEMA,DEPOSITO_EFECTIVO,152.92,2026-06-04 02:48:22,0,ESTRUCTURACION_SMURFING_DETECTADA,,,,
TX-0005129,CLI-00791,SISTEMA,DEPOSITO_EFECTIVO,335.36,2026-06-04 02:54:22,0,ESTRUCTURACION_SMURFING_DETECTADA,,,,
TX-0012113,CLI-01868,SISTEMA,DEPOSITO_EFECTIVO,1895.41,2026-06-04 03:06:22,0,ESTRUCTURACION_SMURFING_DETECTADA,,,,
TX-0018975,CLI-02935,SISTEMA,DEPOSITO_EFECTIVO,133.03,2026-06-04 03:41:22,0,ESTRUCTURACION_SMURFING_DETECTADA,,,,
TX-0026081,CLI-04022,SISTEMA,DEPOSITO_EFECTIVO,7769.21,2026-06-04 03:47:22,0,ESTRUCTURACION_SMURFING_DETECTADA,,,,
TX-0010451,CLI-01604,SISTEMA,DEPOSITO_EFECTIVO,488.53,2026-06-04 03:55:22,0,ESTRUCTURACION_SMURFING_DETECTADA,,,,
TX-0011532,CLI-01779,SISTEMA,DEPOSITO_EFECTIVO,985.48,2026-06-04 03:55:22,0,ESTRUCTURACION_SMURFING_DETECTADA,,,,
TX-0016798,CLI-02603,SISTEMA,DEPOSITO_EFECTIVO,2270.27,2026-06-04 03:59:22,0,ESTRUCTURACION_SMURFING_DETECTADA,,,,
TX-0027198,CLI-04193,SISTEMA,DEPOSITO_EFECTIVO,9940.94,2026-06-04 04:09:22,0,ESTRUCTURACION_SMURFING_DETECTADA,,,,
TX-0021397,CLI-03306,SISTEMA,DEPOSITO_EFECTIVO,786.79,2026-06-04 04:10:22,0,ESTRUCTURACION_SMURFING_DETECTADA,,,,
TX-0011922,CLI-01838,SISTEMA,DEPOSITO_EFECTIVO,2790.95,2026-06-04 04:19:22,0,ESTRUCTURACION_SMURFING_DETECTADA,,,,
TX-0010152,CLI-01560,SISTEMA,DEPOSITO_EFECTIVO,2359.17,2026-06-04 04:28:22,0,ESTRUCTURACION_SMURFING_DETECTADA,,,,
TX-0020050,CLI-03108,SISTEMA,DEPOSITO_EFECTIVO,1028.42,2026-06-04 04:30:22,0,ESTRUCTURACION_SMURFING_DETECTADA,,,,
TX-0007428,CLI-01147,SISTEMA,DEPOSITO_EFECTIVO,3323.42,2026-06-04 04:32:22,0,ESTRUCTURACION_SMURFING_DETECTADA,,,,
TX-0010557,CLI-01622,SISTEMA,DEPOSITO_EFECTIVO,7143.58,2026-06-04 04:39:22,0,ESTRUCTURACION_SMURFING_DETECTADA,,,,
TX-0009647,CLI-01482,SISTEMA,DEPOSITO_EFECTIVO,506.05,2026-06-04 04:40:22,0,ESTRUCTURACION_SMURFING_DETECTADA,,,,
TX-0018823,CLI-02911,SISTEMA,DEPOSITO_EFECTIVO,591.01,2026-06-04 04:53:22,0,ESTRUCTURACION_SMURFING_DETECTADA,,,,
TX-0025488,CLI-03933,SISTEMA,DEPOSITO_EFECTIVO,284.22,2026-06-04 04:53:22,0,ESTRUCTURACION_SMURFING_DETECTADA,,,,
TX-0024592,CLI-03795,SISTEMA,DEPOSITO_EFECTIVO,11768.02,2026-06-04 05:00:22,0,ESTRUCTURACION_SMURFING_DETECTADA,,,,
TX-0009279,CLI-01426,SISTEMA,DEPOSITO_EFECTIVO,2934.81,2026-06-04 05:05:22,0,ESTRUCTURACION_SMURFING_DETECTADA,,,,
TX-0029230,CLI-04500,SISTEMA,DEPOSITO_EFECTIVO,1311.72,2026-06-04 05:16:22,0,ESTRUCTURACION_SMURFING_DETECTADA,,,,
TX-0009625,CLI-01479,SISTEMA,DEPOSITO_EFECTIVO,1303.49,2026-06-04 05:22:22,0,ESTRUCTURACION_SMURFING_DETECTADA,,,,
TX-0009759,CLI-01497,SISTEMA,DEPOSITO_EFECTIVO,9657.83,2026-06-04 05:35:22,0,ESTRUCTURACION_SMURFING_DETECTADA,,,,
TX-0003937,CLI-00599,SISTEMA,DEPOSITO_EFECTIVO,2380.89,2026-06-04 05:37:22,0,ESTRUCTURACION_SMURFING_DETECTADA,,,,
TX-0013053,CLI-02020,SISTEMA,DEPOSITO_EFECTIVO,8643.9,2026-06-04 05:44:22,0,ESTRUCTURACION_SMURFING_DETECTADA,,,,
TX-0022532,CLI-03483,SISTEMA,DEPOSITO_EFECTIVO,3044.14,2026-06-04 05:47:22,0,ESTRUCTURACION_SMURFING_DETECTADA,,,,
TX-0017305,CLI-02682,SISTEMA,DEPOSITO_EFECTIVO,582.65,2026-06-04 05:51:22,0,ESTRUCTURACION_SMURFING_DETECTADA,,,,
TX-0001621,CLI-00245,SISTEMA,DEPOSITO_EFECTIVO,2625.82,2026-06-04 05:57:22,0,ESTRUCTURACION_SMURFING_DETECTADA,,,,
TX-0004583,CLI-00705,SISTEMA,DEPOSITO_EFECTIVO,5754.7,2026-06-04 06:01:22,0,ESTRUCTURACION_SMURFING_DETECTADA,,,,
TX-0005042,CLI-00778,SISTEMA,DEPOSITO_EFECTIVO,1057.73,2026-06-04 06:10:22,0,ESTRUCTURACION_SMURFING_DETECTADA,,,,
TX-0027063,CLI-04171,SISTEMA,DEPOSITO_EFECTIVO,2399.62,2026-06-04 06:11:22,0,ESTRUCTURACION_SMURFING_DETECTADA,,,,
TX-0024229,CLI-03740,SISTEMA,DEPOSITO_EFECTIVO,369.2,2026-06-04 06:16:22,0,ESTRUCTURACION_SMURFING_DETECTADA,,,,
TX-0016485,CLI-02554,SISTEMA,DEPOSITO_EFECTIVO,2935.71,2026-06-04 06:25:22,0,ESTRUCTURACION_SMURFING_DETECTADA,,,,
TX-0012325,CLI-01902,SISTEMA,DEPOSITO_EFECTIVO,1301.91,2026-06-04 06:26:22,0,ESTRUCTURACION_SMURFING_DETECTADA,,,,
TX-0019588,CLI-03038,SISTEMA,DEPOSITO_EFECTIVO,6425.91,2026-06-04 06:28:22,0,ESTRUCTURACION_SMURFING_DETECTADA,,,,
TX-0003496,CLI-00531,SISTEMA,DEPOSITO_EFECTIVO,983.51,2026-06-04 06:29:22,0,ESTRUCTURACION_SMURFING_DETECTADA,,,,
TX-0011499,CLI-01773,SISTEMA,DEPOSITO_EFECTIVO,1073.57,2026-06-04 06:43:22,0,ESTRUCTURACION_SMURFING_DETECTADA,,,,
TX-0021628,CLI-03345,SISTEMA,DEPOSITO_EFECTIVO,587.04,2026-06-04 06:43:22,0,ESTRUCTURACION_SMURFING_DETECTADA,,,,
TX-0003807,CLI-00578,SISTEMA,DEPOSITO_EFECTIVO,6738.36,2026-06-04 06:55:22,0,ESTRUCTURACION_SMURFING_DETECTADA,,,,
TX-0004175,CLI-00640,SISTEMA,DEPOSITO_EFECTIVO,7132.3,2026-06-04 06:59:22,0,ESTRUCTURACION_SMURFING_DETECTADA,,,,
TX-0020240,CLI-03139,SISTEMA,DEPOSITO_EFECTIVO,11738.75,2026-06-04 07:01:22,0,ESTRUCTURACION_SMURFING_DETECTADA,,,,
TX-0029561,CLI-04551,SISTEMA,DEPOSITO_EFECTIVO,2895.53,2026-06-04 07:04:22,0,ESTRUCTURACION_SMURFING_DETECTADA,,,,
TX-0030412,CLI-04683,SISTEMA,DEPOSITO_EFECTIVO,220.78,2026-06-04 07:04:22,0,ESTRUCTURACION_SMURFING_DETECTADA,,,,
TX-0001663,CLI-00250,SISTEMA,DEPOSITO_EFECTIVO,786.29,2026-06-04 07:10:22,0,ESTRUCTURACION_SMURFING_DETECTADA,,,,
TX-0009969,CLI-01532,SISTEMA,DEPOSITO_EFECTIVO,182.3,2026-06-04 07:22:22,0,ESTRUCTURACION_SMURFING_DETECTADA,,,,
TX-0002200,CLI-00330,SISTEMA,DEPOSITO_EFECTIVO,11122.53,2026-06-04 07:23:22,0,ESTRUCTURACION_SMURFING_DETECTADA,,,,
TX-0027664,CLI-04262,SISTEMA,DEPOSITO_EFECTIVO,3212.49,2026-06-04 07:28:22,0,ESTRUCTURACION_SMURFING_DETECTADA,,,,
TX-0011517,CLI-01776,SISTEMA,DEPOSITO_EFECTIVO,627.78,2026-06-04 07:43:22,0,ESTRUCTURACION_SMURFING_DETECTADA,,,,
TX-0001845,CLI-00276,SISTEMA,DEPOSITO_EFECTIVO,1037.23,2026-06-04 07:47:22,0,ESTRUCTURACION_SMURFING_DETECTADA,,,,
TX-0011140,CLI-01717,SISTEMA,DEPOSITO_EFECTIVO,5459.97,2026-06-04 07:50:22,0,ESTRUCTURACION_SMURFING_DETECTADA,,,,
TX-0021277,CLI-03289,SISTEMA,DEPOSITO_EFECTIVO,2828.24,2026-06-04 07:58:22,0,ESTRUCTURACION_SMURFING_DETECTADA,,,,
TX-0016246,CLI-02514,SISTEMA,DEPOSITO_EFECTIVO,4306.78,2026-06-04 08:23:22,0,ESTRUCTURACION_SMURFING_DETECTADA,,,,
TX-0016743,CLI-02594,SISTEMA,DEPOSITO_EFECTIVO,1329.42,2026-06-04 08:28:22,0,ESTRUCTURACION_SMURFING_DETECTADA,,,,
TX-0014194,CLI-02199,SISTEMA,DEPOSITO_EFECTIVO,3693.55,2026-06-04 08:33:22,0,ESTRUCTURACION_SMURFING_DETECTADA,,,,
TX-0008005,CLI-01232,SISTEMA,DEPOSITO_EFECTIVO,1073.3,2026-06-04 08:40:22,0,ESTRUCTURACION_SMURFING_DETECTADA,,,,
TX-0020895,CLI-03235,SISTEMA,DEPOSITO_EFECTIVO,756.65,2026-06-04 08:51:22,0,ESTRUCTURACION_SMURFING_DETECTADA,,,,
TX-0006031,CLI-00927,SISTEMA,DEPOSITO_EFECTIVO,90.35,2026-06-04 08:53:22,0,ESTRUCTURACION_SMURFING_DETECTADA,,,,
TX-0000290,CLI-00042,SISTEMA,DEPOSITO_EFECTIVO,1695.18,2026-06-04 08:56:22,0,ESTRUCTURACION_SMURFING_DETECTADA,,,,
TX-0004359,CLI-00667,SISTEMA,DEPOSITO_EFECTIVO,135.72,2026-06-04 08:56:22,0,ESTRUCTURACION_SMURFING_DETECTADA,,,,
TX-0023595,CLI-03646,SISTEMA,DEPOSITO_EFECTIVO,4938.08,2026-06-04 09:07:22,0,ESTRUCTURACION_SMURFING_DETECTADA,,,,
TX-0022306,CLI-03448,SISTEMA,DEPOSITO_EFECTIVO,593.87,2026-06-04 09:13:22,0,ESTRUCTURACION_SMURFING_DETECTADA,,,,
TX-0028827,CLI-04438,SISTEMA,DEPOSITO_EFECTIVO,2453.03,2026-06-04 09:20:22,0,ESTRUCTURACION_SMURFING_DETECTADA,,,,
TX-0011639,CLI-01794,SISTEMA,DEPOSITO_EFECTIVO,2629.46,2026-06-04 09:22:22,0,ESTRUCTURACION_SMURFING_DETECTADA,,,,
TX-0021163,CLI-03274,SISTEMA,DEPOSITO_EFECTIVO,650.32,2026-06-04 09:50:22,0,ESTRUCTURACION_SMURFING_DETECTADA,,,,
TX-0007150,CLI-01104,SISTEMA,DEPOSITO_EFECTIVO,487.74,2026-06-04 10:11:22,0,ESTRUCTURACION_SMURFING_DETECTADA,,,,
TX-0013946,CLI-02159,SISTEMA,DEPOSITO_EFECTIVO,729.04,2026-06-04 10:17:22,0,ESTRUCTURACION_SMURFING_DETECTADA,,,,
TX-0003069,CLI-00467,SISTEMA,DEPOSITO_EFECTIVO,235.12,2026-06-04 10:27:22,0,ESTRUCTURACION_SMURFING_DETECTADA,,,,
TX-0018192,CLI-02815,SISTEMA,DEPOSITO_EFECTIVO,301.34,2026-06-04 10:37:22,0,ESTRUCTURACION_SMURFING_DETECTADA,,,,
TX-0027935,CLI-04302,SISTEMA,DEPOSITO_EFECTIVO,1394.6,2026-06-04 10:43:22,0,ESTRUCTURACION_SMURFING_DETECTADA,,,,
TX-0029170,CLI-04491,SISTEMA,DEPOSITO_EFECTIVO,392.8,2026-06-04 10:43:22,0,ESTRUCTURACION_SMURFING_DETECTADA,,,,
TX-0000056,CLI-00009,SISTEMA,DEPOSITO_EFECTIVO,1615.41,2026-06-04 10:52:22,0,ESTRUCTURACION_SMURFING_DETECTADA,,,,
TX-0001519,CLI-00228,SISTEMA,DEPOSITO_EFECTIVO,1861.8,2026-06-04 10:54:22,0,ESTRUCTURACION_SMURFING_DETECTADA,,,,
TX-0006195,CLI-00954,SISTEMA,DEPOSITO_EFECTIVO,4583.23,2026-06-04 10:55:22,0,ESTRUCTURACION_SMURFING_DETECTADA,,,,
TX-0009002,CLI-01382,SISTEMA,DEPOSITO_EFECTIVO,9559.39,2026-06-04 10:58:22,0,ESTRUCTURACION_SMURFING_DETECTADA,,,,
TX-0017227,CLI-02671,SISTEMA,DEPOSITO_EFECTIVO,7106.71,2026-06-04 11:01:22,0,ESTRUCTURACION_SMURFING_DETECTADA,,,,
TX-0022787,CLI-03522,SISTEMA,DEPOSITO_EFECTIVO,2028.78,2026-06-04 11:02:22,0,ESTRUCTURACION_SMURFING_DETECTADA,,,,
TX-0010813,CLI-01666,SISTEMA,DEPOSITO_EFECTIVO,877.74,2026-06-04 11:02:22,0,ESTRUCTURACION_SMURFING_DETECTADA,,,,
TX-0020107,CLI-03117,SISTEMA,DEPOSITO_EFECTIVO,7408.78,2026-06-04 11:13:22,0,ESTRUCTURACION_SMURFING_DETECTADA,,,,
TX-0018924,CLI-02925,SISTEMA,DEPOSITO_EFECTIVO,462.25,2026-06-04 11:37:22,0,ESTRUCTURACION_SMURFING_DETECTADA,,,,
TX-0012331,CLI-01903,SISTEMA,DEPOSITO_EFECTIVO,4048.7,2026-06-04 12:06:22,0,ESTRUCTURACION_SMURFING_DETECTADA,,,,
TX-0004626,CLI-00712,SISTEMA,DEPOSITO_EFECTIVO,163.35,2026-06-04 12:11:22,0,ESTRUCTURACION_SMURFING_DETECTADA,,,,
TX-0017226,CLI-02671,SISTEMA,DEPOSITO_EFECTIVO,12229.62,2026-06-04 12:13:22,0,ESTRUCTURACION_SMURFING_DETECTADA,,,,
TX-0019720,CLI-03054,SISTEMA,DEPOSITO_EFECTIVO,4700.7,2026-06-04 12:20:22,0,ESTRUCTURACION_SMURFING_DETECTADA,,,,
TX-0031541,CLI-04851,SISTEMA,DEPOSITO_EFECTIVO,2673.34,2026-06-04 12:33:22,0,ESTRUCTURACION_SMURFING_DETECTADA,,,,
TX-0026552,CLI-04087,SISTEMA,DEPOSITO_EFECTIVO,508.09,2026-06-04 12:42:22,0,ESTRUCTURACION_SMURFING_DETECTADA,,,,
TX-0010403,CLI-01597,SISTEMA,DEPOSITO_EFECTIVO,11445.12,2026-06-04 12:42:22,0,ESTRUCTURACION_SMURFING_DETECTADA,,,,
TX-0010277,CLI-01579,SISTEMA,DEPOSITO_EFECTIVO,385.44,2026-06-04 12:48:22,0,ESTRUCTURACION_SMURFING_DETECTADA,,,,
TX-0014688,CLI-02277,SISTEMA,DEPOSITO_EFECTIVO,937.83,2026-06-04 12:56:22,0,ESTRUCTURACION_SMURFING_DETECTADA,,,,
TX-0032112,CLI-04934,SISTEMA,DEPOSITO_EFECTIVO,901.73,2026-06-04 13:00:22,0,ESTRUCTURACION_SMURFING_DETECTADA,,,,
TX-0004781,CLI-00738,SISTEMA,DEPOSITO_EFECTIVO,3613.56,2026-06-04 13:20:22,0,ESTRUCTURACION_SMURFING_DETECTADA,,,,
TX-0028600,CLI-04402,SISTEMA,DEPOSITO_EFECTIVO,1253.82,2026-06-04 13:31:22,0,ESTRUCTURACION_SMURFING_DETECTADA,,,,
TX-0011831,CLI-01824,SISTEMA,DEPOSITO_EFECTIVO,14816.07,2026-06-04 13:32:22,0,ESTRUCTURACION_SMURFING_DETECTADA,,,,
TX-0028570,CLI-04397,SISTEMA,DEPOSITO_EFECTIVO,96.87,2026-06-04 13:40:22,0,ESTRUCTURACION_SMURFING_DETECTADA,,,,
TX-0011107,CLI-01712,SISTEMA,DEPOSITO_EFECTIVO,2921.04,2026-06-04 13:46:22,0,ESTRUCTURACION_SMURFING_DETECTADA,,,,
TX-0015463,CLI-02394,SISTEMA,DEPOSITO_EFECTIVO,337.17,2026-06-04 13:50:22,0,ESTRUCTURACION_SMURFING_DETECTADA,,,,
TX-0017139,CLI-02656,SISTEMA,DEPOSITO_EFECTIVO,6844.99,2026-06-04 13:59:22,0,ESTRUCTURACION_SMURFING_DETECTADA,,,,
TX-0015105,CLI-02340,SISTEMA,DEPOSITO_EFECTIVO,678.89,2026-06-04 14:35:22,0,ESTRUCTURACION_SMURFING_DETECTADA,,,,
TX-0026292,CLI-04050,SISTEMA,DEPOSITO_EFECTIVO,216.38,2026-06-04 14:35:22,0,ESTRUCTURACION_SMURFING_DETECTADA,,,,
TX-0020618,CLI-03193,SISTEMA,DEPOSITO_EFECTIVO,388.09,2026-06-04 14:40:22,0,ESTRUCTURACION_SMURFING_DETECTADA,,,,
TX-0001503,CLI-00225,SISTEMA,DEPOSITO_EFECTIVO,1055.0,2026-06-04 14:56:22,0,ESTRUCTURACION_SMURFING_DETECTADA,,,,
TX-0031949,CLI-04910,SISTEMA,DEPOSITO_EFECTIVO,13654.74,2026-06-04 15:18:22,0,ESTRUCTURACION_SMURFING_DETECTADA,,,,
TX-0021855,CLI-03377,SISTEMA,DEPOSITO_EFECTIVO,3044.48,2026-06-04 15:21:22,0,ESTRUCTURACION_SMURFING_DETECTADA,,,,
TX-0011881,CLI-01830,SISTEMA,DEPOSITO_EFECTIVO,13464.61,2026-06-04 15:37:22,0,ESTRUCTURACION_SMURFING_DETECTADA,,,,
TX-0011490,CLI-01772,SISTEMA,DEPOSITO_EFECTIVO,2751.51,2026-06-04 15:46:22,0,ESTRUCTURACION_SMURFING_DETECTADA,,,,
TX-0022882,CLI-03536,SISTEMA,DEPOSITO_EFECTIVO,558.86,2026-06-04 15:55:22,0,ESTRUCTURACION_SMURFING_DETECTADA,,,,
TX-0028513,CLI-04388,SISTEMA,DEPOSITO_EFECTIVO,14654.82,2026-06-04 16:00:22,0,ESTRUCTURACION_SMURFING_DETECTADA,,,,
TX-0009061,CLI-01392,SISTEMA,DEPOSITO_EFECTIVO,870.46,2026-06-04 16:21:22,0,ESTRUCTURACION_SMURFING_DETECTADA,,,,
TX-0031853,CLI-04895,SISTEMA,DEPOSITO_EFECTIVO,498.15,2026-06-04 16:29:22,0,ESTRUCTURACION_SMURFING_DETECTADA,,,,
TX-0029368,CLI-04521,SISTEMA,DEPOSITO_EFECTIVO,10977.59,2026-06-04 16:41:22,0,ESTRUCTURACION_SMURFING_DETECTADA,,,,
TX-0012732,CLI-01964,SISTEMA,DEPOSITO_EFECTIVO,682.63,2026-06-04 16:44:22,0,ESTRUCTURACION_SMURFING_DETECTADA,,,,
TX-0021648,CLI-03348,SISTEMA,DEPOSITO_EFECTIVO,5154.88,2026-06-04 16:45:22,0,ESTRUCTURACION_SMURFING_DETECTADA,,,,
TX-0008522,CLI-01308,SISTEMA,DEPOSITO_EFECTIVO,923.83,2026-06-04 16:49:22,0,ESTRUCTURACION_SMURFING_DETECTADA,,,,
TX-0014949,CLI-02319,SISTEMA,DEPOSITO_EFECTIVO,2929.7,2026-06-04 16:49:22,0,ESTRUCTURACION_SMURFING_DETECTADA,,,,
TX-0007170,CLI-01108,SISTEMA,DEPOSITO_EFECTIVO,913.88,2026-06-04 16:57:22,0,ESTRUCTURACION_SMURFING_DETECTADA,,,,
TX-0002160,CLI-00324,SISTEMA,DEPOSITO_EFECTIVO,839.53,2026-06-04 17:21:22,0,ESTRUCTURACION_SMURFING_DETECTADA,,,,
TX-0015041,CLI-02331,SISTEMA,DEPOSITO_EFECTIVO,10208.56,2026-06-04 17:34:22,0,ESTRUCTURACION_SMURFING_DETECTADA,,,,
TX-0025656,CLI-03959,SISTEMA,DEPOSITO_EFECTIVO,392.32,2026-06-04 17:43:22,0,ESTRUCTURACION_SMURFING_DETECTADA,,,,
TX-0028170,CLI-04336,SISTEMA,DEPOSITO_EFECTIVO,202.26,2026-06-04 17:45:22,0,ESTRUCTURACION_SMURFING_DETECTADA,,,,
TX-0015679,CLI-02426,SISTEMA,DEPOSITO_EFECTIVO,5351.15,2026-06-04 17:48:22,0,ESTRUCTURACION_SMURFING_DETECTADA,,,,
TX-0003310,CLI-00499,SISTEMA,DEPOSITO_EFECTIVO,1151.11,2026-06-04 17:51:22,0,ESTRUCTURACION_SMURFING_DETECTADA,,,,
TX-0028800,CLI-04433,SISTEMA,DEPOSITO_EFECTIVO,7772.05,2026-06-04 18:15:22,0,ESTRUCTURACION_SMURFING_DETECTADA,,,,
TX-0025871,CLI-03991,SISTEMA,DEPOSITO_EFECTIVO,104.96,2026-06-04 18:24:22,0,ESTRUCTURACION_SMURFING_DETECTADA,,,,
TX-0011248,CLI-01732,SISTEMA,DEPOSITO_EFECTIVO,4182.07,2026-06-04 18:33:22,0,ESTRUCTURACION_SMURFING_DETECTADA,,,,
TX-0031184,CLI-04799,SISTEMA,DEPOSITO_EFECTIVO,506.97,2026-06-04 18:40:22,0,ESTRUCTURACION_SMURFING_DETECTADA,,,,
TX-0008053,CLI-01240,SISTEMA,DEPOSITO_EFECTIVO,3896.18,2026-06-04 18:44:22,0,ESTRUCTURACION_SMURFING_DETECTADA,,,,
TX-0000534,CLI-00082,SISTEMA,DEPOSITO_EFECTIVO,698.21,2026-06-04 18:46:22,0,ESTRUCTURACION_SMURFING_DETECTADA,,,,
TX-0008642,CLI-01326,SISTEMA,DEPOSITO_EFECTIVO,3987.69,2026-06-04 18:57:22,0,ESTRUCTURACION_SMURFING_DETECTADA,,,,
TX-0030242,CLI-04660,SISTEMA,DEPOSITO_EFECTIVO,1338.56,2026-06-04 19:36:22,0,ESTRUCTURACION_SMURFING_DETECTADA,,,,
TX-0031410,CLI-04831,SISTEMA,DEPOSITO_EFECTIVO,1900.63,2026-06-04 19:38:22,0,ESTRUCTURACION_SMURFING_DETECTADA,,,,
TX-0012192,CLI-01882,SISTEMA,DEPOSITO_EFECTIVO,974.94,2026-06-04 19:45:22,0,ESTRUCTURACION_SMURFING_DETECTADA,,,,
TX-0018538,CLI-02867,SISTEMA,DEPOSITO_EFECTIVO,2464.89,2026-06-04 19:47:22,0,ESTRUCTURACION_SMURFING_DETECTADA,,,,
TX-0009276,CLI-01425,SISTEMA,DEPOSITO_EFECTIVO,263.79,2026-06-04 19:57:22,0,ESTRUCTURACION_SMURFING_DETECTADA,,,,
TX-0021947,CLI-03391,SISTEMA,DEPOSITO_EFECTIVO,379.1,2026-06-04 20:00:22,0,ESTRUCTURACION_SMURFING_DETECTADA,,,,
TX-0026779,CLI-04123,SISTEMA,DEPOSITO_EFECTIVO,187.17,2026-06-04 20:00:22,0,ESTRUCTURACION_SMURFING_DETECTADA,,,,
TX-0024281,CLI-03748,SISTEMA,DEPOSITO_EFECTIVO,4942.12,2026-06-04 20:12:22,0,ESTRUCTURACION_SMURFING_DETECTADA,,,,
TX-0011423,CLI-01760,SISTEMA,DEPOSITO_EFECTIVO,1244.23,2026-06-04 20:16:22,0,ESTRUCTURACION_SMURFING_DETECTADA,,,,
TX-0000154,CLI-00023,SISTEMA,DEPOSITO_EFECTIVO,4461.82,2026-06-04 20:56:22,0,ESTRUCTURACION_SMURFING_DETECTADA,,,,
TX-0008202,CLI-01262,SISTEMA,DEPOSITO_EFECTIVO,140.31,2026-06-04 21:07:22,0,ESTRUCTURACION_SMURFING_DETECTADA,,,,
TX-0019777,CLI-03066,SISTEMA,DEPOSITO_EFECTIVO,1388.78,2026-06-04 21:10:22,0,ESTRUCTURACION_SMURFING_DETECTADA,,,,
TX-0015406,CLI-02387,SISTEMA,DEPOSITO_EFECTIVO,6729.56,2026-06-04 21:12:22,0,ESTRUCTURACION_SMURFING_DETECTADA,,,,
TX-0002249,CLI-00340,SISTEMA,DEPOSITO_EFECTIVO,947.55,2026-06-04 21:18:22,0,ESTRUCTURACION_SMURFING_DETECTADA,,,,
TX-0004432,CLI-00677,SISTEMA,DEPOSITO_EFECTIVO,868.06,2026-06-04 21:25:22,0,ESTRUCTURACION_SMURFING_DETECTADA,,,,
TX-0014126,CLI-02185,SISTEMA,DEPOSITO_EFECTIVO,773.99,2026-06-04 21:25:22,0,ESTRUCTURACION_SMURFING_DETECTADA,,,,
TX-0025914,CLI-03997,SISTEMA,DEPOSITO_EFECTIVO,7025.48,2026-06-04 21:27:22,0,ESTRUCTURACION_SMURFING_DETECTADA,,,,
TX-0031711,CLI-04876,SISTEMA,DEPOSITO_EFECTIVO,6717.31,2026-06-04 21:27:22,0,ESTRUCTURACION_SMURFING_DETECTADA,,,,
TX-0031478,CLI-04841,SISTEMA,DEPOSITO_EFECTIVO,4451.88,2026-06-04 21:48:22,0,ESTRUCTURACION_SMURFING_DETECTADA,,,,
TX-0030628,CLI-04715,SISTEMA,DEPOSITO_EFECTIVO,984.33,2026-06-04 21:48:22,0,ESTRUCTURACION_SMURFING_DETECTADA,,,,
TX-0002320,CLI-00351,SISTEMA,DEPOSITO_EFECTIVO,6787.99,2026-06-04 21:51:22,0,ESTRUCTURACION_SMURFING_DETECTADA,,,,
TX-0028198,CLI-04340,SISTEMA,DEPOSITO_EFECTIVO,4403.31,2026-06-04 22:01:22,0,ESTRUCTURACION_SMURFING_DETECTADA,,,,
TX-0026920,CLI-04149,SISTEMA,DEPOSITO_EFECTIVO,564.34,2026-06-04 22:08:22,0,ESTRUCTURACION_SMURFING_DETECTADA,,,,
TX-0012998,CLI-02010,SISTEMA,DEPOSITO_EFECTIVO,185.07,2026-06-04 22:20:22,0,ESTRUCTURACION_SMURFING_DETECTADA,,,,
TX-0011996,CLI-01849,SISTEMA,DEPOSITO_EFECTIVO,3718.0,2026-06-04 22:30:22,0,ESTRUCTURACION_SMURFING_DETECTADA,,,,
TX-0031357,CLI-04823,SISTEMA,DEPOSITO_EFECTIVO,1638.81,2026-06-04 22:51:22,0,ESTRUCTURACION_SMURFING_DETECTADA,,,,
TX-0004388,CLI-00670,SISTEMA,DEPOSITO_EFECTIVO,9640.55,2026-06-04 23:05:22,0,ESTRUCTURACION_SMURFING_DETECTADA,,,,
TX-0010487,CLI-01610,SISTEMA,DEPOSITO_EFECTIVO,6955.99,2026-06-04 23:05:22,0,ESTRUCTURACION_SMURFING_DETECTADA,,,,
TX-0020725,CLI-03207,SISTEMA,DEPOSITO_EFECTIVO,5576.67,2026-06-04 23:13:22,0,ESTRUCTURACION_SMURFING_DETECTADA,,,,
TX-0025232,CLI-03895,SISTEMA,DEPOSITO_EFECTIVO,2927.11,2026-06-04 23:20:22,0,ESTRUCTURACION_SMURFING_DETECTADA,,,,
TX-0005076,CLI-00783,SISTEMA,DEPOSITO_EFECTIVO,1695.87,2026-06-04 23:21:22,0,ESTRUCTURACION_SMURFING_DETECTADA,,,,
TX-0011897,CLI-01833,SISTEMA,DEPOSITO_EFECTIVO,103.07,2026-06-04 23:23:22,0,ESTRUCTURACION_SMURFING_DETECTADA,,,,
TX-0006134,CLI-00944,SISTEMA,DEPOSITO_EFECTIVO,310.16,2026-06-04 23:30:22,0,ESTRUCTURACION_SMURFING_DETECTADA,,,,
TX-0007288,CLI-01126,SISTEMA,DEPOSITO_EFECTIVO,478.95,2026-06-04 23:36:22,0,ESTRUCTURACION_SMURFING_DETECTADA,,,,
TX-0008261,CLI-01271,SISTEMA,DEPOSITO_EFECTIVO,1032.9,2026-06-04 23:49:22,0,ESTRUCTURACION_SMURFING_DETECTADA,,,,
TX-0017039,CLI-02639,SISTEMA,DEPOSITO_EFECTIVO,233.71,2026-06-05 00:12:22,0,ESTRUCTURACION_SMURFING_DETECTADA,,,,
TX-0010258,CLI-01577,SISTEMA,DEPOSITO_EFECTIVO,2337.41,2026-06-05 00:29:22,0,ESTRUCTURACION_SMURFING_DETECTADA,,,,
TX-0016821,CLI-02606,SISTEMA,DEPOSITO_EFECTIVO,2114.68,2026-06-05 00:37:22,0,ESTRUCTURACION_SMURFING_DETECTADA,,,,
TX-0026223,CLI-04040,SISTEMA,DEPOSITO_EFECTIVO,524.2,2026-06-05 00:38:22,0,ESTRUCTURACION_SMURFING_DETECTADA,,,,
TX-0015076,CLI-02336,SISTEMA,DEPOSITO_EFECTIVO,1458.29,2026-06-05 00:39:22,0,ESTRUCTURACION_SMURFING_DETECTADA,,,,
TX-0028100,CLI-04327,SISTEMA,DEPOSITO_EFECTIVO,3961.72,2026-06-05 01:02:22,0,ESTRUCTURACION_SMURFING_DETECTADA,,,,
TX-0029295,CLI-04509,SISTEMA,DEPOSITO_EFECTIVO,1123.51,2026-06-05 01:03:22,0,ESTRUCTURACION_SMURFING_DETECTADA,,,,
TX-0012797,CLI-01977,SISTEMA,DEPOSITO_EFECTIVO,1039.53,2026-06-05 01:19:22,0,ESTRUCTURACION_SMURFING_DETECTADA,,,,
TX-0004784,CLI-00739,SISTEMA,DEPOSITO_EFECTIVO,1300.16,2026-06-05 01:31:22,0,ESTRUCTURACION_SMURFING_DETECTADA,,,,
TX-0015374,CLI-02383,SISTEMA,DEPOSITO_EFECTIVO,322.74,2026-06-05 01:34:22,0,ESTRUCTURACION_SMURFING_DETECTADA,,,,
TX-0024408,CLI-03767,SISTEMA,DEPOSITO_EFECTIVO,2150.26,2026-06-05 01:42:22,0,ESTRUCTURACION_SMURFING_DETECTADA,,,,
TX-0010716,CLI-01652,SISTEMA,DEPOSITO_EFECTIVO,267.78,2026-06-05 01:56:22,0,ESTRUCTURACION_SMURFING_DETECTADA,,,,
TX-0010976,CLI-01690,SISTEMA,DEPOSITO_EFECTIVO,961.06,2026-06-05 02:17:22,0,ESTRUCTURACION_SMURFING_DETECTADA,,,,
TX-0023127,CLI-03574,SISTEMA,DEPOSITO_EFECTIVO,5519.66,2026-06-05 02:42:22,0,ESTRUCTURACION_SMURFING_DETECTADA,,,,
TX-0011481,CLI-01770,SISTEMA,DEPOSITO_EFECTIVO,3370.3,2026-06-05 02:46:22,0,ESTRUCTURACION_SMURFING_DETECTADA,,,,
TX-0031701,CLI-04875,SISTEMA,DEPOSITO_EFECTIVO,2077.85,2026-06-05 02:56:22,0,ESTRUCTURACION_SMURFING_DETECTADA,,,,
TX-0016343,CLI-02530,SISTEMA,DEPOSITO_EFECTIVO,7587.69,2026-06-05 03:01:22,0,ESTRUCTURACION_SMURFING_DETECTADA,,,,
TX-0001431,CLI-00215,SISTEMA,DEPOSITO_EFECTIVO,1330.48,2026-06-05 03:51:22,0,ESTRUCTURACION_SMURFING_DETECTADA,,,,
TX-0011426,CLI-01761,SISTEMA,DEPOSITO_EFECTIVO,3233.57,2026-06-05 03:54:22,0,ESTRUCTURACION_SMURFING_DETECTADA,,,,
TX-0030374,CLI-04679,SISTEMA,DEPOSITO_EFECTIVO,316.26,2026-06-05 03:55:22,0,ESTRUCTURACION_SMURFING_DETECTADA,,,,
TX-0009342,CLI-01434,SISTEMA,DEPOSITO_EFECTIVO,12142.24,2026-06-05 03:57:22,0,ESTRUCTURACION_SMURFING_DETECTADA,,,,
TX-0008335,CLI-01283,SISTEMA,DEPOSITO_EFECTIVO,5609.49,2026-06-05 04:19:22,0,ESTRUCTURACION_SMURFING_DETECTADA,,,,
TX-0013512,CLI-02095,SISTEMA,DEPOSITO_EFECTIVO,511.22,2026-06-05 04:23:22,0,ESTRUCTURACION_SMURFING_DETECTADA,,,,
TX-0016144,CLI-02498,SISTEMA,DEPOSITO_EFECTIVO,1995.92,2026-06-05 04:35:22,0,ESTRUCTURACION_SMURFING_DETECTADA,,,,
TX-0019545,CLI-03030,SISTEMA,DEPOSITO_EFECTIVO,3165.62,2026-06-05 04:49:22,0,ESTRUCTURACION_SMURFING_DETECTADA,,,,
TX-0030392,CLI-04681,SISTEMA,DEPOSITO_EFECTIVO,107.39,2026-06-05 04:50:22,0,ESTRUCTURACION_SMURFING_DETECTADA,,,,
TX-0006781,CLI-01046,SISTEMA,DEPOSITO_EFECTIVO,5822.96,2026-06-05 04:50:22,0,ESTRUCTURACION_SMURFING_DETECTADA,,,,
TX-0019827,CLI-03073,SISTEMA,DEPOSITO_EFECTIVO,4969.51,2026-06-05 04:51:22,0,ESTRUCTURACION_SMURFING_DETECTADA,,,,
TX-0025026,CLI-03861,SISTEMA,DEPOSITO_EFECTIVO,2560.41,2026-06-05 04:56:22,0,ESTRUCTURACION_SMURFING_DETECTADA,,,,
TX-0002571,CLI-00389,SISTEMA,DEPOSITO_EFECTIVO,904.78,2026-06-05 05:10:22,0,ESTRUCTURACION_SMURFING_DETECTADA,,,,
TX-0032446,CLI-04983,SISTEMA,DEPOSITO_EFECTIVO,9003.64,2026-06-05 05:17:22,0,ESTRUCTURACION_SMURFING_DETECTADA,,,,
TX-0027770,CLI-04278,SISTEMA,DEPOSITO_EFECTIVO,10727.59,2026-06-05 05:26:22,0,ESTRUCTURACION_SMURFING_DETECTADA,,,,
TX-0023056,CLI-03562,SISTEMA,DEPOSITO_EFECTIVO,7071.84,2026-06-05 05:36:22,0,ESTRUCTURACION_SMURFING_DETECTADA,,,,
TX-0022615,CLI-03495,SISTEMA,DEPOSITO_EFECTIVO,1028.95,2026-06-05 05:37:22,0,ESTRUCTURACION_SMURFING_DETECTADA,,,,
TX-0018081,CLI-02797,SISTEMA,DEPOSITO_EFECTIVO,4038.46,2026-06-05 05:38:22,0,ESTRUCTURACION_SMURFING_DETECTADA,,,,
TX-0003409,CLI-00516,SISTEMA,DEPOSITO_EFECTIVO,1042.75,2026-06-05 05:38:22,0,ESTRUCTURACION_SMURFING_DETECTADA,,,,
TX-0021305,CLI-03294,SISTEMA,DEPOSITO_EFECTIVO,2693.29,2026-06-05 05:41:22,0,ESTRUCTURACION_SMURFING_DETECTADA,,,,
TX-0021560,CLI-03335,SISTEMA,DEPOSITO_EFECTIVO,227.42,2026-06-05 05:47:22,0,ESTRUCTURACION_SMURFING_DETECTADA,,,,
TX-0011480,CLI-01770,SISTEMA,DEPOSITO_EFECTIVO,3795.23,2026-06-05 06:01:22,0,ESTRUCTURACION_SMURFING_DETECTADA,,,,
TX-0003495,CLI-00531,SISTEMA,DEPOSITO_EFECTIVO,600.04,2026-06-05 06:20:22,0,ESTRUCTURACION_SMURFING_DETECTADA,,,,
TX-0011019,CLI-01698,SISTEMA,DEPOSITO_EFECTIVO,788.88,2026-06-05 06:23:22,0,ESTRUCTURACION_SMURFING_DETECTADA,,,,
TX-0006673,CLI-01029,SISTEMA,DEPOSITO_EFECTIVO,3146.5,2026-06-05 06:27:22,0,ESTRUCTURACION_SMURFING_DETECTADA,,,,
TX-0029319,CLI-04512,SISTEMA,DEPOSITO_EFECTIVO,11944.12,2026-06-05 06:28:22,0,ESTRUCTURACION_SMURFING_DETECTADA,,,,
TX-0018570,CLI-02872,SISTEMA,DEPOSITO_EFECTIVO,3559.17,2026-06-05 06:41:22,0,ESTRUCTURACION_SMURFING_DETECTADA,,,,
TX-0019012,CLI-02941,SISTEMA,DEPOSITO_EFECTIVO,3180.81,2026-06-05 06:44:22,0,ESTRUCTURACION_SMURFING_DETECTADA,,,,
TX-0010795,CLI-01664,SISTEMA,DEPOSITO_EFECTIVO,656.58,2026-06-05 06:48:22,0,ESTRUCTURACION_SMURFING_DETECTADA,,,,
TX-0019940,CLI-03090,SISTEMA,DEPOSITO_EFECTIVO,218.54,2026-06-05 06:54:22,0,ESTRUCTURACION_SMURFING_DETECTADA,,,,
TX-0003891,CLI-00593,SISTEMA,DEPOSITO_EFECTIVO,410.97,2026-06-05 07:00:22,0,ESTRUCTURACION_SMURFING_DETECTADA,,,,
TX-0020147,CLI-03123,SISTEMA,DEPOSITO_EFECTIVO,168.26,2026-06-05 07:02:22,0,ESTRUCTURACION_SMURFING_DETECTADA,,,,
TX-0005610,CLI-00861,SISTEMA,DEPOSITO_EFECTIVO,737.1,2026-06-05 07:04:22,0,ESTRUCTURACION_SMURFING_DETECTADA,,,,
TX-0019660,CLI-03046,SISTEMA,DEPOSITO_EFECTIVO,9875.06,2026-06-05 07:18:22,0,ESTRUCTURACION_SMURFING_DETECTADA,,,,
TX-0029051,CLI-04472,SISTEMA,DEPOSITO_EFECTIVO,12402.91,2026-06-05 07:30:22,0,ESTRUCTURACION_SMURFING_DETECTADA,,,,
TX-0010961,CLI-01688,SISTEMA,DEPOSITO_EFECTIVO,9121.39,2026-06-05 07:58:22,0,ESTRUCTURACION_SMURFING_DETECTADA,,,,
TX-0022267,CLI-03443,SISTEMA,DEPOSITO_EFECTIVO,1547.91,2026-06-05 08:00:22,0,ESTRUCTURACION_SMURFING_DETECTADA,,,,
TX-0028037,CLI-04317,SISTEMA,DEPOSITO_EFECTIVO,2995.81,2026-06-05 08:08:22,0,ESTRUCTURACION_SMURFING_DETECTADA,,,,
TX-0022304,CLI-03448,SISTEMA,DEPOSITO_EFECTIVO,144.64,2026-06-05 08:12:22,0,ESTRUCTURACION_SMURFING_DETECTADA,,,,
TX-0007796,CLI-01198,SISTEMA,DEPOSITO_EFECTIVO,4369.44,2026-06-05 08:15:22,0,ESTRUCTURACION_SMURFING_DETECTADA,,,,
TX-0010041,CLI-01543,SISTEMA,DEPOSITO_EFECTIVO,2123.13,2026-06-05 08:17:22,0,ESTRUCTURACION_SMURFING_DETECTADA,,,,
TX-0002158,CLI-00324,SISTEMA,DEPOSITO_EFECTIVO,3526.76,2026-06-05 08:28:22,0,ESTRUCTURACION_SMURFING_DETECTADA,,,,
TX-0024893,CLI-03843,SISTEMA,DEPOSITO_EFECTIVO,260.19,2026-06-05 08:56:22,0,ESTRUCTURACION_SMURFING_DETECTADA,,,,
TX-0026969,CLI-04157,SISTEMA,DEPOSITO_EFECTIVO,4925.2,2026-06-05 09:29:22,0,ESTRUCTURACION_SMURFING_DETECTADA,,,,
TX-0016437,CLI-02546,SISTEMA,DEPOSITO_EFECTIVO,195.99,2026-06-05 09:29:22,0,ESTRUCTURACION_SMURFING_DETECTADA,,,,
TX-0024612,CLI-03798,SISTEMA,DEPOSITO_EFECTIVO,13891.44,2026-06-05 09:33:22,0,ESTRUCTURACION_SMURFING_DETECTADA,,,,
TX-0005615,CLI-00862,SISTEMA,DEPOSITO_EFECTIVO,1737.08,2026-06-05 09:34:22,0,ESTRUCTURACION_SMURFING_DETECTADA,,,,
TX-0012404,CLI-01913,SISTEMA,DEPOSITO_EFECTIVO,2401.71,2026-06-05 09:47:22,0,ESTRUCTURACION_SMURFING_DETECTADA,,,,
TX-0011475,CLI-01769,SISTEMA,DEPOSITO_EFECTIVO,697.64,2026-06-05 09:50:22,0,ESTRUCTURACION_SMURFING_DETECTADA,,,,
TX-0020602,CLI-03191,SISTEMA,DEPOSITO_EFECTIVO,2232.3,2026-06-05 10:10:22,0,ESTRUCTURACION_SMURFING_DETECTADA,,,,
TX-0017901,CLI-02769,SISTEMA,DEPOSITO_EFECTIVO,7886.13,2026-06-05 10:12:22,0,ESTRUCTURACION_SMURFING_DETECTADA,,,,
TX-0011802,CLI-01820,SISTEMA,DEPOSITO_EFECTIVO,289.61,2026-06-05 10:15:22,0,ESTRUCTURACION_SMURFING_DETECTADA,,,,
TX-0006062,CLI-00933,SISTEMA,DEPOSITO_EFECTIVO,1676.3,2026-06-05 10:38:22,0,ESTRUCTURACION_SMURFING_DETECTADA,,,,
TX-0024899,CLI-03844,SISTEMA,DEPOSITO_EFECTIVO,539.03,2026-06-05 10:49:22,0,ESTRUCTURACION_SMURFING_DETECTADA,,,,
TX-0028364,CLI-04365,SISTEMA,DEPOSITO_EFECTIVO,1001.44,2026-06-05 10:49:22,0,ESTRUCTURACION_SMURFING_DETECTADA,,,,
TX-0015699,CLI-02429,SISTEMA,DEPOSITO_EFECTIVO,129.17,2026-06-05 10:52:22,0,ESTRUCTURACION_SMURFING_DETECTADA,,,,
TX-0021561,CLI-03335,SISTEMA,DEPOSITO_EFECTIVO,721.95,2026-06-05 10:53:22,0,ESTRUCTURACION_SMURFING_DETECTADA,,,,
TX-0012106,CLI-01867,SISTEMA,DEPOSITO_EFECTIVO,12536.03,2026-06-05 10:58:22,0,ESTRUCTURACION_SMURFING_DETECTADA,,,,
TX-0027231,CLI-04197,SISTEMA,DEPOSITO_EFECTIVO,3078.46,2026-06-05 10:59:22,0,ESTRUCTURACION_SMURFING_DETECTADA,,,,
TX-0032251,CLI-04955,SISTEMA,DEPOSITO_EFECTIVO,2692.86,2026-06-05 11:11:22,0,ESTRUCTURACION_SMURFING_DETECTADA,,,,
TX-0012804,CLI-01978,SISTEMA,DEPOSITO_EFECTIVO,2718.69,2026-06-05 11:13:22,0,ESTRUCTURACION_SMURFING_DETECTADA,,,,
TX-0025416,CLI-03922,SISTEMA,DEPOSITO_EFECTIVO,3866.32,2026-06-05 11:16:22,0,ESTRUCTURACION_SMURFING_DETECTADA,,,,
TX-0006316,CLI-00973,SISTEMA,DEPOSITO_EFECTIVO,342.24,2026-06-05 11:30:22,0,ESTRUCTURACION_SMURFING_DETECTADA,,,,
TX-0006395,CLI-00986,SISTEMA,DEPOSITO_EFECTIVO,171.3,2026-06-05 11:32:22,0,ESTRUCTURACION_SMURFING_DETECTADA,,,,
TX-0003977,CLI-00606,SISTEMA,DEPOSITO_EFECTIVO,275.91,2026-06-05 11:35:22,0,ESTRUCTURACION_SMURFING_DETECTADA,,,,
TX-0012034,CLI-01856,SISTEMA,DEPOSITO_EFECTIVO,1157.53,2026-06-05 11:38:22,0,ESTRUCTURACION_SMURFING_DETECTADA,,,,
TX-0019719,CLI-03054,SISTEMA,DEPOSITO_EFECTIVO,1773.27,2026-06-05 11:39:22,0,ESTRUCTURACION_SMURFING_DETECTADA,,,,
TX-0003568,CLI-00541,SISTEMA,DEPOSITO_EFECTIVO,394.87,2026-06-05 11:46:22,0,ESTRUCTURACION_SMURFING_DETECTADA,,,,
TX-0018938,CLI-02927,SISTEMA,DEPOSITO_EFECTIVO,2451.65,2026-06-05 11:51:22,0,ESTRUCTURACION_SMURFING_DETECTADA,,,,
TX-0027073,CLI-04173,SISTEMA,DEPOSITO_EFECTIVO,274.6,2026-06-05 12:00:22,0,ESTRUCTURACION_SMURFING_DETECTADA,,,,
TX-0016170,CLI-02503,SISTEMA,DEPOSITO_EFECTIVO,838.75,2026-06-05 12:02:22,0,ESTRUCTURACION_SMURFING_DETECTADA,,,,
TX-0013392,CLI-02076,SISTEMA,DEPOSITO_EFECTIVO,297.1,2026-06-05 12:03:22,0,ESTRUCTURACION_SMURFING_DETECTADA,,,,
TX-0016573,CLI-02568,SISTEMA,DEPOSITO_EFECTIVO,382.92,2026-06-05 12:10:22,0,ESTRUCTURACION_SMURFING_DETECTADA,,,,
TX-0012627,CLI-01950,SISTEMA,DEPOSITO_EFECTIVO,4362.58,2026-06-05 12:12:22,0,ESTRUCTURACION_SMURFING_DETECTADA,,,,
TX-0003790,CLI-00574,SISTEMA,DEPOSITO_EFECTIVO,12360.7,2026-06-05 12:13:22,0,ESTRUCTURACION_SMURFING_DETECTADA,,,,
TX-0028828,CLI-04438,SISTEMA,DEPOSITO_EFECTIVO,147.49,2026-06-05 12:21:22,0,ESTRUCTURACION_SMURFING_DETECTADA,,,,
TX-0003823,CLI-00580,SISTEMA,DEPOSITO_EFECTIVO,2485.06,2026-06-05 12:37:22,0,ESTRUCTURACION_SMURFING_DETECTADA,,,,
TX-0002749,CLI-00417,SISTEMA,DEPOSITO_EFECTIVO,4144.41,2026-06-05 12:40:22,0,ESTRUCTURACION_SMURFING_DETECTADA,,,,
TX-0018004,CLI-02785,SISTEMA,DEPOSITO_EFECTIVO,4450.24,2026-06-05 12:56:22,0,ESTRUCTURACION_SMURFING_DETECTADA,,,,
TX-0030227,CLI-04657,SISTEMA,DEPOSITO_EFECTIVO,112.66,2026-06-05 13:10:22,0,ESTRUCTURACION_SMURFING_DETECTADA,,,,
TX-0013854,CLI-02147,SISTEMA,DEPOSITO_EFECTIVO,4815.92,2026-06-05 13:43:22,0,ESTRUCTURACION_SMURFING_DETECTADA,,,,
TX-0007258,CLI-01121,SISTEMA,DEPOSITO_EFECTIVO,5791.68,2026-06-05 13:50:22,0,ESTRUCTURACION_SMURFING_DETECTADA,,,,
TX-0029237,CLI-04501,SISTEMA,DEPOSITO_EFECTIVO,2394.51,2026-06-05 13:52:22,0,ESTRUCTURACION_SMURFING_DETECTADA,,,,
TX-0013764,CLI-02134,SISTEMA,DEPOSITO_EFECTIVO,253.29,2026-06-05 13:54:22,0,ESTRUCTURACION_SMURFING_DETECTADA,,,,
TX-0001211,CLI-00184,SISTEMA,DEPOSITO_EFECTIVO,274.84,2026-06-05 13:56:22,0,ESTRUCTURACION_SMURFING_DETECTADA,,,,
TX-0019884,CLI-03082,SISTEMA,DEPOSITO_EFECTIVO,480.4,2026-06-05 14:01:22,0,ESTRUCTURACION_SMURFING_DETECTADA,,,,
TX-0024743,CLI-03818,SISTEMA,DEPOSITO_EFECTIVO,202.82,2026-06-05 14:05:22,0,ESTRUCTURACION_SMURFING_DETECTADA,,,,
TX-0010953,CLI-01687,SISTEMA,DEPOSITO_EFECTIVO,1722.71,2026-06-05 14:07:22,0,ESTRUCTURACION_SMURFING_DETECTADA,,,,
TX-0010122,CLI-01555,SISTEMA,DEPOSITO_EFECTIVO,3246.08,2026-06-05 14:14:22,0,ESTRUCTURACION_SMURFING_DETECTADA,,,,
TX-0020970,CLI-03246,SISTEMA,DEPOSITO_EFECTIVO,696.83,2026-06-05 14:24:22,0,ESTRUCTURACION_SMURFING_DETECTADA,,,,
TX-0006519,CLI-01005,SISTEMA,DEPOSITO_EFECTIVO,8481.23,2026-06-05 14:25:22,0,ESTRUCTURACION_SMURFING_DETECTADA,,,,
TX-0023878,CLI-03690,SISTEMA,DEPOSITO_EFECTIVO,1334.34,2026-06-05 14:56:22,0,ESTRUCTURACION_SMURFING_DETECTADA,,,,
TX-0020838,CLI-03226,SISTEMA,DEPOSITO_EFECTIVO,4411.61,2026-06-05 15:04:22,0,ESTRUCTURACION_SMURFING_DETECTADA,,,,
TX-0001639,CLI-00247,SISTEMA,DEPOSITO_EFECTIVO,3892.88,2026-06-05 15:06:22,0,ESTRUCTURACION_SMURFING_DETECTADA,,,,
TX-0010470,CLI-01607,SISTEMA,DEPOSITO_EFECTIVO,1345.83,2026-06-05 15:06:22,0,ESTRUCTURACION_SMURFING_DETECTADA,,,,
TX-0029624,CLI-04561,SISTEMA,DEPOSITO_EFECTIVO,10763.28,2026-06-05 15:08:22,0,ESTRUCTURACION_SMURFING_DETECTADA,,,,
TX-0029732,CLI-04579,SISTEMA,DEPOSITO_EFECTIVO,737.24,2026-06-05 15:53:22,0,ESTRUCTURACION_SMURFING_DETECTADA,,,,
TX-0030654,CLI-04719,SISTEMA,DEPOSITO_EFECTIVO,4226.62,2026-06-05 15:56:22,0,ESTRUCTURACION_SMURFING_DETECTADA,,,,
TX-0002667,CLI-00404,SISTEMA,DEPOSITO_EFECTIVO,9873.13,2026-06-05 16:15:22,0,ESTRUCTURACION_SMURFING_DETECTADA,,,,
TX-0015527,CLI-02404,SISTEMA,DEPOSITO_EFECTIVO,226.26,2026-06-05 16:35:22,0,ESTRUCTURACION_SMURFING_DETECTADA,,,,
TX-0019855,CLI-03076,SISTEMA,DEPOSITO_EFECTIVO,574.67,2026-06-05 16:41:22,0,ESTRUCTURACION_SMURFING_DETECTADA,,,,
TX-0013941,CLI-02159,SISTEMA,DEPOSITO_EFECTIVO,430.72,2026-06-05 17:00:22,0,ESTRUCTURACION_SMURFING_DETECTADA,,,,
TX-0001226,CLI-00186,SISTEMA,DEPOSITO_EFECTIVO,112.82,2026-06-05 17:05:22,0,ESTRUCTURACION_SMURFING_DETECTADA,,,,
TX-0016482,CLI-02554,SISTEMA,DEPOSITO_EFECTIVO,7045.77,2026-06-05 17:09:22,0,ESTRUCTURACION_SMURFING_DETECTADA,,,,
TX-0027184,CLI-04191,SISTEMA,DEPOSITO_EFECTIVO,6192.88,2026-06-05 17:11:22,0,ESTRUCTURACION_SMURFING_DETECTADA,,,,
TX-0027351,CLI-04217,SISTEMA,DEPOSITO_EFECTIVO,131.06,2026-06-05 17:15:22,0,ESTRUCTURACION_SMURFING_DETECTADA,,,,
TX-0000083,CLI-00013,SISTEMA,DEPOSITO_EFECTIVO,1732.08,2026-06-05 17:20:22,0,ESTRUCTURACION_SMURFING_DETECTADA,,,,
TX-0004743,CLI-00731,SISTEMA,DEPOSITO_EFECTIVO,3055.16,2026-06-05 17:30:22,0,ESTRUCTURACION_SMURFING_DETECTADA,,,,
TX-0013525,CLI-02097,SISTEMA,DEPOSITO_EFECTIVO,7781.51,2026-06-05 17:34:22,0,ESTRUCTURACION_SMURFING_DETECTADA,,,,
TX-0023066,CLI-03564,SISTEMA,DEPOSITO_EFECTIVO,1283.39,2026-06-05 17:45:22,0,ESTRUCTURACION_SMURFING_DETECTADA,,,,
TX-0032149,CLI-04939,SISTEMA,DEPOSITO_EFECTIVO,4901.89,2026-06-05 17:45:22,0,ESTRUCTURACION_SMURFING_DETECTADA,,,,
TX-0018310,CLI-02833,SISTEMA,DEPOSITO_EFECTIVO,1015.54,2026-06-05 18:03:22,0,ESTRUCTURACION_SMURFING_DETECTADA,,,,
TX-0010342,CLI-01587,SISTEMA,DEPOSITO_EFECTIVO,13127.54,2026-06-05 18:09:22,0,ESTRUCTURACION_SMURFING_DETECTADA,,,,
TX-0000529,CLI-00082,SISTEMA,DEPOSITO_EFECTIVO,342.75,2026-06-05 18:24:22,0,ESTRUCTURACION_SMURFING_DETECTADA,,,,
TX-0011568,CLI-01783,SISTEMA,DEPOSITO_EFECTIVO,7224.96,2026-06-05 18:31:22,0,ESTRUCTURACION_SMURFING_DETECTADA,,,,
TX-0013251,CLI-02051,SISTEMA,DEPOSITO_EFECTIVO,2621.2,2026-06-05 18:34:22,0,ESTRUCTURACION_SMURFING_DETECTADA,,,,
TX-0031409,CLI-04831,SISTEMA,DEPOSITO_EFECTIVO,4960.83,2026-06-05 18:43:22,0,ESTRUCTURACION_SMURFING_DETECTADA,,,,
TX-0000277,CLI-00041,SISTEMA,DEPOSITO_EFECTIVO,900.72,2026-06-05 18:48:22,0,ESTRUCTURACION_SMURFING_DETECTADA,,,,
TX-0026848,CLI-04135,SISTEMA,DEPOSITO_EFECTIVO,164.56,2026-06-05 19:02:22,0,ESTRUCTURACION_SMURFING_DETECTADA,,,,
TX-0012977,CLI-02006,SISTEMA,DEPOSITO_EFECTIVO,773.16,2026-06-05 19:09:22,0,ESTRUCTURACION_SMURFING_DETECTADA,,,,
TX-0023492,CLI-03630,SISTEMA,DEPOSITO_EFECTIVO,1531.93,2026-06-05 19:10:22,0,ESTRUCTURACION_SMURFING_DETECTADA,,,,
TX-0028182,CLI-04337,SISTEMA,DEPOSITO_EFECTIVO,1053.09,2026-06-05 19:21:22,0,ESTRUCTURACION_SMURFING_DETECTADA,,,,
TX-0006171,CLI-00950,SISTEMA,DEPOSITO_EFECTIVO,1463.5,2026-06-05 19:24:22,0,ESTRUCTURACION_SMURFING_DETECTADA,,,,
TX-0009693,CLI-01488,SISTEMA,DEPOSITO_EFECTIVO,1309.46,2026-06-05 19:36:22,0,ESTRUCTURACION_SMURFING_DETECTADA,,,,
TX-0015744,CLI-02436,SISTEMA,DEPOSITO_EFECTIVO,3267.31,2026-06-05 19:58:22,0,ESTRUCTURACION_SMURFING_DETECTADA,,,,
TX-0007138,CLI-01102,SISTEMA,DEPOSITO_EFECTIVO,1311.88,2026-06-05 20:03:22,0,ESTRUCTURACION_SMURFING_DETECTADA,,,,
TX-0018356,CLI-02841,SISTEMA,DEPOSITO_EFECTIVO,110.69,2026-06-05 20:08:22,0,ESTRUCTURACION_SMURFING_DETECTADA,,,,
TX-0009632,CLI-01480,SISTEMA,DEPOSITO_EFECTIVO,1315.85,2026-06-05 20:16:22,0,ESTRUCTURACION_SMURFING_DETECTADA,,,,
TX-0022102,CLI-03416,SISTEMA,DEPOSITO_EFECTIVO,1136.31,2026-06-05 20:19:22,0,ESTRUCTURACION_SMURFING_DETECTADA,,,,
TX-0020335,CLI-03152,SISTEMA,DEPOSITO_EFECTIVO,8876.88,2026-06-05 20:27:22,0,ESTRUCTURACION_SMURFING_DETECTADA,,,,
TX-0026409,CLI-04068,SISTEMA,DEPOSITO_EFECTIVO,426.15,2026-06-05 20:28:22,0,ESTRUCTURACION_SMURFING_DETECTADA,,,,
TX-0001898,CLI-00284,SISTEMA,DEPOSITO_EFECTIVO,600.82,2026-06-05 20:33:22,0,ESTRUCTURACION_SMURFING_DETECTADA,,,,
TX-0017918,CLI-02772,SISTEMA,DEPOSITO_EFECTIVO,1425.66,2026-06-05 21:08:22,0,ESTRUCTURACION_SMURFING_DETECTADA,,,,
TX-0031976,CLI-04914,SISTEMA,DEPOSITO_EFECTIVO,116.92,2026-06-05 21:11:22,0,ESTRUCTURACION_SMURFING_DETECTADA,,,,
TX-0013609,CLI-02111,SISTEMA,DEPOSITO_EFECTIVO,546.99,2026-06-05 21:19:22,0,ESTRUCTURACION_SMURFING_DETECTADA,,,,
TX-0025636,CLI-03955,SISTEMA,DEPOSITO_EFECTIVO,525.2,2026-06-05 21:27:22,0,ESTRUCTURACION_SMURFING_DETECTADA,,,,
TX-0023425,CLI-03619,SISTEMA,DEPOSITO_EFECTIVO,887.12,2026-06-05 21:29:22,0,ESTRUCTURACION_SMURFING_DETECTADA,,,,
TX-0014794,CLI-02296,SISTEMA,DEPOSITO_EFECTIVO,13246.86,2026-06-05 21:30:22,0,ESTRUCTURACION_SMURFING_DETECTADA,,,,
TX-0031026,CLI-04775,SISTEMA,DEPOSITO_EFECTIVO,4665.43,2026-06-05 21:40:22,0,ESTRUCTURACION_SMURFING_DETECTADA,,,,
TX-0026303,CLI-04051,SISTEMA,DEPOSITO_EFECTIVO,140.33,2026-06-05 21:45:22,0,ESTRUCTURACION_SMURFING_DETECTADA,,,,
TX-0006025,CLI-00927,SISTEMA,DEPOSITO_EFECTIVO,81.93,2026-06-05 22:02:22,0,ESTRUCTURACION_SMURFING_DETECTADA,,,,
TX-0013723,CLI-02127,SISTEMA,DEPOSITO_EFECTIVO,708.27,2026-06-05 22:04:22,0,ESTRUCTURACION_SMURFING_DETECTADA,,,,
TX-0001390,CLI-00209,SISTEMA,DEPOSITO_EFECTIVO,4833.76,2026-06-05 22:07:22,0,ESTRUCTURACION_SMURFING_DETECTADA,,,,
TX-0024858,CLI-03838,SISTEMA,DEPOSITO_EFECTIVO,5146.73,2026-06-05 22:08:22,0,ESTRUCTURACION_SMURFING_DETECTADA,,,,
TX-0003695,CLI-00558,SISTEMA,DEPOSITO_EFECTIVO,14182.32,2026-06-05 22:28:22,0,ESTRUCTURACION_SMURFING_DETECTADA,,,,
TX-0029589,CLI-04556,SISTEMA,DEPOSITO_EFECTIVO,1864.64,2026-06-05 22:28:22,0,ESTRUCTURACION_SMURFING_DETECTADA,,,,
TX-0003668,CLI-00555,SISTEMA,DEPOSITO_EFECTIVO,1626.68,2026-06-05 22:32:22,0,ESTRUCTURACION_SMURFING_DETECTADA,,,,
TX-0018841,CLI-02913,SISTEMA,DEPOSITO_EFECTIVO,648.16,2026-06-05 22:38:22,0,ESTRUCTURACION_SMURFING_DETECTADA,,,,
TX-0014468,CLI-02243,SISTEMA,DEPOSITO_EFECTIVO,976.45,2026-06-05 22:42:22,0,ESTRUCTURACION_SMURFING_DETECTADA,,,,
TX-0001388,CLI-00209,SISTEMA,DEPOSITO_EFECTIVO,6270.84,2026-06-05 22:47:22,0,ESTRUCTURACION_SMURFING_DETECTADA,,,,
TX-0004738,CLI-00731,SISTEMA,DEPOSITO_EFECTIVO,822.65,2026-06-05 22:47:22,0,ESTRUCTURACION_SMURFING_DETECTADA,,,,
TX-0001683,CLI-00254,SISTEMA,DEPOSITO_EFECTIVO,1486.38,2026-06-05 22:50:22,0,ESTRUCTURACION_SMURFING_DETECTADA,,,,
TX-0008959,CLI-01375,SISTEMA,DEPOSITO_EFECTIVO,165.14,2026-06-05 22:51:22,0,ESTRUCTURACION_SMURFING_DETECTADA,,,,
TX-0022268,CLI-03443,SISTEMA,DEPOSITO_EFECTIVO,163.48,2026-06-05 23:10:22,0,ESTRUCTURACION_SMURFING_DETECTADA,,,,
TX-0012523,CLI-01933,SISTEMA,DEPOSITO_EFECTIVO,7301.9,2026-06-05 23:24:22,0,ESTRUCTURACION_SMURFING_DETECTADA,,,,
TX-0030069,CLI-04632,SISTEMA,DEPOSITO_EFECTIVO,5152.86,2026-06-05 23:48:22,0,ESTRUCTURACION_SMURFING_DETECTADA,,,,
TX-0028651,CLI-04411,SISTEMA,DEPOSITO_EFECTIVO,680.61,2026-06-06 00:02:22,0,ESTRUCTURACION_SMURFING_DETECTADA,,,,
TX-0019406,CLI-03008,SISTEMA,DEPOSITO_EFECTIVO,109.51,2026-06-06 00:03:22,0,ESTRUCTURACION_SMURFING_DETECTADA,,,,
TX-0021935,CLI-03389,SISTEMA,DEPOSITO_EFECTIVO,83.92,2026-06-06 00:07:22,0,ESTRUCTURACION_SMURFING_DETECTADA,,,,
TX-0029633,CLI-04562,SISTEMA,DEPOSITO_EFECTIVO,3350.22,2026-06-06 00:15:22,0,ESTRUCTURACION_SMURFING_DETECTADA,,,,
TX-0020490,CLI-03175,SISTEMA,DEPOSITO_EFECTIVO,1409.07,2026-06-06 00:17:22,0,ESTRUCTURACION_SMURFING_DETECTADA,,,,
TX-0010545,CLI-01620,SISTEMA,DEPOSITO_EFECTIVO,2155.59,2026-06-06 00:21:22,0,ESTRUCTURACION_SMURFING_DETECTADA,,,,
TX-0002017,CLI-00304,SISTEMA,DEPOSITO_EFECTIVO,8935.02,2026-06-06 00:31:22,0,ESTRUCTURACION_SMURFING_DETECTADA,,,,
TX-0019862,CLI-03078,SISTEMA,DEPOSITO_EFECTIVO,4372.09,2026-06-06 00:32:22,0,ESTRUCTURACION_SMURFING_DETECTADA,,,,
TX-0026857,CLI-04137,SISTEMA,DEPOSITO_EFECTIVO,1414.75,2026-06-06 00:33:22,0,ESTRUCTURACION_SMURFING_DETECTADA,,,,
TX-0015237,CLI-02360,SISTEMA,DEPOSITO_EFECTIVO,556.21,2026-06-06 00:34:22,0,ESTRUCTURACION_SMURFING_DETECTADA,,,,
TX-0004638,CLI-00715,SISTEMA,DEPOSITO_EFECTIVO,6527.72,2026-06-06 00:38:22,0,ESTRUCTURACION_SMURFING_DETECTADA,,,,
TX-0025393,CLI-03920,SISTEMA,DEPOSITO_EFECTIVO,9526.4,2026-06-06 00:40:22,0,ESTRUCTURACION_SMURFING_DETECTADA,,,,
TX-0030287,CLI-04668,SISTEMA,DEPOSITO_EFECTIVO,615.73,2026-06-06 00:43:22,0,ESTRUCTURACION_SMURFING_DETECTADA,,,,
TX-0029659,CLI-04566,SISTEMA,DEPOSITO_EFECTIVO,790.16,2026-06-06 00:45:22,0,ESTRUCTURACION_SMURFING_DETECTADA,,,,
TX-0004608,CLI-00710,SISTEMA,DEPOSITO_EFECTIVO,66.99,2026-06-06 00:58:22,0,ESTRUCTURACION_SMURFING_DETECTADA,,,,
TX-0030210,CLI-04655,SISTEMA,DEPOSITO_EFECTIVO,1043.67,2026-06-06 01:02:22,0,ESTRUCTURACION_SMURFING_DETECTADA,,,,
TX-0015167,CLI-02348,SISTEMA,DEPOSITO_EFECTIVO,1419.21,2026-06-06 01:08:22,0,ESTRUCTURACION_SMURFING_DETECTADA,,,,
TX-0020108,CLI-03117,SISTEMA,DEPOSITO_EFECTIVO,9757.16,2026-06-06 01:12:22,0,ESTRUCTURACION_SMURFING_DETECTADA,,,,
TX-0004306,CLI-00658,SISTEMA,DEPOSITO_EFECTIVO,1180.14,2026-06-06 01:12:22,0,ESTRUCTURACION_SMURFING_DETECTADA,,,,
TX-0013068,CLI-02022,SISTEMA,DEPOSITO_EFECTIVO,4332.45,2026-06-06 01:15:22,0,ESTRUCTURACION_SMURFING_DETECTADA,,,,
TX-0021275,CLI-03288,SISTEMA,DEPOSITO_EFECTIVO,461.87,2026-06-06 01:29:22,0,ESTRUCTURACION_SMURFING_DETECTADA,,,,
TX-0010307,CLI-01583,SISTEMA,DEPOSITO_EFECTIVO,1748.08,2026-06-06 01:32:22,0,ESTRUCTURACION_SMURFING_DETECTADA,,,,
TX-0022021,CLI-03403,SISTEMA,DEPOSITO_EFECTIVO,7871.6,2026-06-06 01:44:22,0,ESTRUCTURACION_SMURFING_DETECTADA,,,,
TX-0017401,CLI-02699,SISTEMA,DEPOSITO_EFECTIVO,7991.33,2026-06-06 01:45:22,0,ESTRUCTURACION_SMURFING_DETECTADA,,,,
TX-0006995,CLI-01079,SISTEMA,DEPOSITO_EFECTIVO,746.32,2026-06-06 01:49:22,0,ESTRUCTURACION_SMURFING_DETECTADA,,,,
TX-0002003,CLI-00302,SISTEMA,DEPOSITO_EFECTIVO,3756.45,2026-06-06 01:50:22,0,ESTRUCTURACION_SMURFING_DETECTADA,,,,
TX-0016601,CLI-02572,SISTEMA,DEPOSITO_EFECTIVO,10547.29,2026-06-06 01:56:22,0,ESTRUCTURACION_SMURFING_DETECTADA,,,,
TX-0013759,CLI-02133,SISTEMA,DEPOSITO_EFECTIVO,1116.1,2026-06-06 02:15:22,0,ESTRUCTURACION_SMURFING_DETECTADA,,,,
TX-0029075,CLI-04476,SISTEMA,DEPOSITO_EFECTIVO,11959.4,2026-06-06 02:17:22,0,ESTRUCTURACION_SMURFING_DETECTADA,,,,
TX-0014574,CLI-02259,SISTEMA,DEPOSITO_EFECTIVO,3388.07,2026-06-06 02:18:22,0,ESTRUCTURACION_SMURFING_DETECTADA,,,,
TX-0009379,CLI-01439,SISTEMA,DEPOSITO_EFECTIVO,2058.95,2026-06-06 02:19:22,0,ESTRUCTURACION_SMURFING_DETECTADA,,,,
TX-0022850,CLI-03532,SISTEMA,DEPOSITO_EFECTIVO,12405.7,2026-06-06 02:43:22,0,ESTRUCTURACION_SMURFING_DETECTADA,,,,
TX-0021496,CLI-03324,SISTEMA,DEPOSITO_EFECTIVO,482.94,2026-06-06 02:56:22,0,ESTRUCTURACION_SMURFING_DETECTADA,,,,
TX-0027559,CLI-04248,SISTEMA,DEPOSITO_EFECTIVO,2838.63,2026-06-06 02:58:22,0,ESTRUCTURACION_SMURFING_DETECTADA,,,,
TX-0015227,CLI-02358,SISTEMA,DEPOSITO_EFECTIVO,3998.83,2026-06-06 03:20:22,0,ESTRUCTURACION_SMURFING_DETECTADA,,,,
TX-0017563,CLI-02720,SISTEMA,DEPOSITO_EFECTIVO,89.5,2026-06-06 03:20:22,0,ESTRUCTURACION_SMURFING_DETECTADA,,,,
TX-0013926,CLI-02157,SISTEMA,DEPOSITO_EFECTIVO,490.41,2026-06-06 03:24:22,0,ESTRUCTURACION_SMURFING_DETECTADA,,,,
TX-0020539,CLI-03183,SISTEMA,DEPOSITO_EFECTIVO,317.92,2026-06-06 03:32:22,0,ESTRUCTURACION_SMURFING_DETECTADA,,,,
TX-0011488,CLI-01772,SISTEMA,DEPOSITO_EFECTIVO,786.58,2026-06-06 03:33:22,0,ESTRUCTURACION_SMURFING_DETECTADA,,,,
TX-0008610,CLI-01322,SISTEMA,DEPOSITO_EFECTIVO,12978.34,2026-06-06 03:40:22,0,ESTRUCTURACION_SMURFING_DETECTADA,,,,
TX-0012760,CLI-01969,SISTEMA,DEPOSITO_EFECTIVO,2306.74,2026-06-06 03:48:22,0,ESTRUCTURACION_SMURFING_DETECTADA,,,,
TX-0003335,CLI-00503,SISTEMA,DEPOSITO_EFECTIVO,486.19,2026-06-06 03:48:22,0,ESTRUCTURACION_SMURFING_DETECTADA,,,,
TX-0012241,CLI-01889,SISTEMA,DEPOSITO_EFECTIVO,899.63,2026-06-06 03:56:22,0,ESTRUCTURACION_SMURFING_DETECTADA,,,,
TX-0017448,CLI-02705,SISTEMA,DEPOSITO_EFECTIVO,126.89,2026-06-06 04:03:22,0,ESTRUCTURACION_SMURFING_DETECTADA,,,,
TX-0019846,CLI-03075,SISTEMA,DEPOSITO_EFECTIVO,942.37,2026-06-06 04:22:22,0,ESTRUCTURACION_SMURFING_DETECTADA,,,,
TX-0021400,CLI-03307,SISTEMA,DEPOSITO_EFECTIVO,4891.99,2026-06-06 04:25:22,0,ESTRUCTURACION_SMURFING_DETECTADA,,,,
TX-0016892,CLI-02616,SISTEMA,DEPOSITO_EFECTIVO,566.39,2026-06-06 04:25:22,0,ESTRUCTURACION_SMURFING_DETECTADA,,,,
TX-0011005,CLI-01696,SISTEMA,DEPOSITO_EFECTIVO,2182.59,2026-06-06 04:26:22,0,ESTRUCTURACION_SMURFING_DETECTADA,,,,
TX-0029254,CLI-04503,SISTEMA,DEPOSITO_EFECTIVO,5455.53,2026-06-06 04:34:22,0,ESTRUCTURACION_SMURFING_DETECTADA,,,,
TX-0020674,CLI-03201,SISTEMA,DEPOSITO_EFECTIVO,439.15,2026-06-06 04:45:22,0,ESTRUCTURACION_SMURFING_DETECTADA,,,,
TX-0005114,CLI-00789,SISTEMA,DEPOSITO_EFECTIVO,356.52,2026-06-06 04:48:22,0,ESTRUCTURACION_SMURFING_DETECTADA,,,,
TX-0013873,CLI-02149,SISTEMA,DEPOSITO_EFECTIVO,1992.58,2026-06-06 05:03:22,0,ESTRUCTURACION_SMURFING_DETECTADA,,,,
TX-0012903,CLI-01996,SISTEMA,DEPOSITO_EFECTIVO,8869.8,2026-06-06 05:10:22,0,ESTRUCTURACION_SMURFING_DETECTADA,,,,
TX-0024839,CLI-03835,SISTEMA,DEPOSITO_EFECTIVO,553.06,2026-06-06 05:26:22,0,ESTRUCTURACION_SMURFING_DETECTADA,,,,
TX-0019094,CLI-02954,SISTEMA,DEPOSITO_EFECTIVO,4524.3,2026-06-06 05:27:22,0,ESTRUCTURACION_SMURFING_DETECTADA,,,,
TX-0007494,CLI-01156,SISTEMA,DEPOSITO_EFECTIVO,2968.0,2026-06-06 05:30:22,0,ESTRUCTURACION_SMURFING_DETECTADA,,,,
TX-0027802,CLI-04282,SISTEMA,DEPOSITO_EFECTIVO,613.28,2026-06-06 05:33:22,0,ESTRUCTURACION_SMURFING_DETECTADA,,,,
TX-0000731,CLI-00114,SISTEMA,DEPOSITO_EFECTIVO,909.8,2026-06-06 05:36:22,0,ESTRUCTURACION_SMURFING_DETECTADA,,,,
TX-0008868,CLI-01362,SISTEMA,DEPOSITO_EFECTIVO,744.45,2026-06-06 05:47:22,0,ESTRUCTURACION_SMURFING_DETECTADA,,,,
TX-0015659,CLI-02424,SISTEMA,DEPOSITO_EFECTIVO,11099.3,2026-06-06 06:01:22,0,ESTRUCTURACION_SMURFING_DETECTADA,,,,
TX-0025054,CLI-03866,SISTEMA,DEPOSITO_EFECTIVO,749.65,2026-06-06 06:01:22,0,ESTRUCTURACION_SMURFING_DETECTADA,,,,
TX-0023621,CLI-03650,SISTEMA,DEPOSITO_EFECTIVO,2531.75,2026-06-06 06:02:22,0,ESTRUCTURACION_SMURFING_DETECTADA,,,,
TX-0008659,CLI-01329,SISTEMA,DEPOSITO_EFECTIVO,220.5,2026-06-06 06:28:22,0,ESTRUCTURACION_SMURFING_DETECTADA,,,,
TX-0003638,CLI-00551,SISTEMA,DEPOSITO_EFECTIVO,766.74,2026-06-06 06:40:22,0,ESTRUCTURACION_SMURFING_DETECTADA,,,,
TX-0004343,CLI-00665,SISTEMA,DEPOSITO_EFECTIVO,916.6,2026-06-06 06:57:22,0,ESTRUCTURACION_SMURFING_DETECTADA,,,,
TX-0028307,CLI-04355,SISTEMA,DEPOSITO_EFECTIVO,796.28,2026-06-06 07:17:22,0,ESTRUCTURACION_SMURFING_DETECTADA,,,,
TX-0028095,CLI-04326,SISTEMA,DEPOSITO_EFECTIVO,152.22,2026-06-06 07:37:22,0,ESTRUCTURACION_SMURFING_DETECTADA,,,,
TX-0016173,CLI-02503,SISTEMA,DEPOSITO_EFECTIVO,1605.02,2026-06-06 07:53:22,0,ESTRUCTURACION_SMURFING_DETECTADA,,,,
TX-0031136,CLI-04791,SISTEMA,DEPOSITO_EFECTIVO,2910.43,2026-06-06 07:56:22,0,ESTRUCTURACION_SMURFING_DETECTADA,,,,
TX-0025391,CLI-03919,SISTEMA,DEPOSITO_EFECTIVO,965.65,2026-06-06 08:01:22,0,ESTRUCTURACION_SMURFING_DETECTADA,,,,
TX-0009604,CLI-01476,SISTEMA,DEPOSITO_EFECTIVO,13169.08,2026-06-06 08:04:22,0,ESTRUCTURACION_SMURFING_DETECTADA,,,,
TX-0005225,CLI-00804,SISTEMA,DEPOSITO_EFECTIVO,7840.89,2026-06-06 08:13:22,0,ESTRUCTURACION_SMURFING_DETECTADA,,,,
TX-0006306,CLI-00971,SISTEMA,DEPOSITO_EFECTIVO,406.03,2026-06-06 08:14:22,0,ESTRUCTURACION_SMURFING_DETECTADA,,,,
TX-0027706,CLI-04268,SISTEMA,DEPOSITO_EFECTIVO,1626.93,2026-06-06 08:20:22,0,ESTRUCTURACION_SMURFING_DETECTADA,,,,
TX-0009920,CLI-01524,SISTEMA,DEPOSITO_EFECTIVO,1272.14,2026-06-06 08:27:22,0,ESTRUCTURACION_SMURFING_DETECTADA,,,,
TX-0026250,CLI-04044,SISTEMA,DEPOSITO_EFECTIVO,430.36,2026-06-06 08:36:22,0,ESTRUCTURACION_SMURFING_DETECTADA,,,,
TX-0011469,CLI-01768,SISTEMA,DEPOSITO_EFECTIVO,593.18,2026-06-06 08:50:22,0,ESTRUCTURACION_SMURFING_DETECTADA,,,,
TX-0030354,CLI-04676,SISTEMA,DEPOSITO_EFECTIVO,613.36,2026-06-06 09:00:22,0,ESTRUCTURACION_SMURFING_DETECTADA,,,,
TX-0011609,CLI-01790,SISTEMA,DEPOSITO_EFECTIVO,8408.0,2026-06-06 09:12:22,0,ESTRUCTURACION_SMURFING_DETECTADA,,,,
TX-0025469,CLI-03929,SISTEMA,DEPOSITO_EFECTIVO,1454.82,2026-06-06 09:12:22,0,ESTRUCTURACION_SMURFING_DETECTADA,,,,
TX-0024055,CLI-03714,SISTEMA,DEPOSITO_EFECTIVO,1216.43,2026-06-06 09:15:22,0,ESTRUCTURACION_SMURFING_DETECTADA,,,,
TX-0012111,CLI-01868,SISTEMA,DEPOSITO_EFECTIVO,2018.76,2026-06-06 09:18:22,0,ESTRUCTURACION_SMURFING_DETECTADA,,,,
TX-0020850,CLI-03229,SISTEMA,DEPOSITO_EFECTIVO,468.01,2026-06-06 09:27:22,0,ESTRUCTURACION_SMURFING_DETECTADA,,,,
TX-0004468,CLI-00683,SISTEMA,DEPOSITO_EFECTIVO,1548.72,2026-06-06 09:31:22,0,ESTRUCTURACION_SMURFING_DETECTADA,,,,
TX-0000531,CLI-00082,SISTEMA,DEPOSITO_EFECTIVO,147.61,2026-06-06 09:56:22,0,ESTRUCTURACION_SMURFING_DETECTADA,,,,
TX-0025427,CLI-03923,SISTEMA,DEPOSITO_EFECTIVO,2079.94,2026-06-06 10:22:22,0,ESTRUCTURACION_SMURFING_DETECTADA,,,,
TX-0022053,CLI-03408,SISTEMA,DEPOSITO_EFECTIVO,2358.98,2026-06-06 10:26:22,0,ESTRUCTURACION_SMURFING_DETECTADA,,,,
TX-0007520,CLI-01159,SISTEMA,DEPOSITO_EFECTIVO,640.71,2026-06-06 10:34:22,0,ESTRUCTURACION_SMURFING_DETECTADA,,,,
TX-0030094,CLI-04637,SISTEMA,DEPOSITO_EFECTIVO,461.03,2026-06-06 10:43:22,0,ESTRUCTURACION_SMURFING_DETECTADA,,,,
TX-0005957,CLI-00917,SISTEMA,DEPOSITO_EFECTIVO,280.99,2026-06-06 10:49:22,0,ESTRUCTURACION_SMURFING_DETECTADA,,,,
TX-0013618,CLI-02112,SISTEMA,DEPOSITO_EFECTIVO,536.76,2026-06-06 11:06:22,0,ESTRUCTURACION_SMURFING_DETECTADA,,,,
TX-0018550,CLI-02869,SISTEMA,DEPOSITO_EFECTIVO,668.24,2026-06-06 11:07:22,0,ESTRUCTURACION_SMURFING_DETECTADA,,,,
TX-0020768,CLI-03213,SISTEMA,DEPOSITO_EFECTIVO,1875.06,2026-06-06 11:18:22,0,ESTRUCTURACION_SMURFING_DETECTADA,,,,
TX-0007010,CLI-01081,SISTEMA,DEPOSITO_EFECTIVO,4089.73,2026-06-06 11:23:22,0,ESTRUCTURACION_SMURFING_DETECTADA,,,,
TX-0003894,CLI-00593,SISTEMA,DEPOSITO_EFECTIVO,566.75,2026-06-06 12:04:22,0,ESTRUCTURACION_SMURFING_DETECTADA,,,,
TX-0005026,CLI-00776,SISTEMA,DEPOSITO_EFECTIVO,137.17,2026-06-06 12:09:22,0,ESTRUCTURACION_SMURFING_DETECTADA,,,,
TX-0019003,CLI-02939,SISTEMA,DEPOSITO_EFECTIVO,830.02,2026-06-06 12:25:22,0,ESTRUCTURACION_SMURFING_DETECTADA,,,,
TX-0029822,CLI-04594,SISTEMA,DEPOSITO_EFECTIVO,3640.49,2026-06-06 12:35:22,0,ESTRUCTURACION_SMURFING_DETECTADA,,,,
TX-0007802,CLI-01200,SISTEMA,DEPOSITO_EFECTIVO,1855.31,2026-06-06 12:37:22,0,ESTRUCTURACION_SMURFING_DETECTADA,,,,
TX-0026963,CLI-04156,SISTEMA,DEPOSITO_EFECTIVO,7688.41,2026-06-06 12:40:22,0,ESTRUCTURACION_SMURFING_DETECTADA,,,,
TX-0021676,CLI-03351,SISTEMA,DEPOSITO_EFECTIVO,712.6,2026-06-06 12:43:22,0,ESTRUCTURACION_SMURFING_DETECTADA,,,,
TX-0008001,CLI-01232,SISTEMA,DEPOSITO_EFECTIVO,116.57,2026-06-06 12:52:22,0,ESTRUCTURACION_SMURFING_DETECTADA,,,,
TX-0022099,CLI-03415,SISTEMA,DEPOSITO_EFECTIVO,2102.85,2026-06-06 12:54:22,0,ESTRUCTURACION_SMURFING_DETECTADA,,,,
TX-0022336,CLI-03453,SISTEMA,DEPOSITO_EFECTIVO,480.61,2026-06-06 13:14:22,0,ESTRUCTURACION_SMURFING_DETECTADA,,,,
TX-0020450,CLI-03169,SISTEMA,DEPOSITO_EFECTIVO,316.54,2026-06-06 13:15:22,0,ESTRUCTURACION_SMURFING_DETECTADA,,,,
TX-0019526,CLI-03028,SISTEMA,DEPOSITO_EFECTIVO,799.16,2026-06-06 13:15:22,0,ESTRUCTURACION_SMURFING_DETECTADA,,,,
TX-0027755,CLI-04275,SISTEMA,DEPOSITO_EFECTIVO,218.04,2026-06-06 13:27:22,0,ESTRUCTURACION_SMURFING_DETECTADA,,,,
TX-0016595,CLI-02571,SISTEMA,DEPOSITO_EFECTIVO,1716.13,2026-06-06 13:43:22,0,ESTRUCTURACION_SMURFING_DETECTADA,,,,
TX-0026361,CLI-04060,SISTEMA,DEPOSITO_EFECTIVO,4570.19,2026-06-06 13:56:22,0,ESTRUCTURACION_SMURFING_DETECTADA,,,,
TX-0014492,CLI-02246,SISTEMA,DEPOSITO_EFECTIVO,334.98,2026-06-06 13:57:22,0,ESTRUCTURACION_SMURFING_DETECTADA,,,,
TX-0031183,CLI-04799,SISTEMA,DEPOSITO_EFECTIVO,1387.11,2026-06-06 13:59:22,0,ESTRUCTURACION_SMURFING_DETECTADA,,,,
TX-0032056,CLI-04926,SISTEMA,DEPOSITO_EFECTIVO,560.41,2026-06-06 14:05:22,0,ESTRUCTURACION_SMURFING_DETECTADA,,,,
TX-0005822,CLI-00893,SISTEMA,DEPOSITO_EFECTIVO,139.33,2026-06-06 14:15:22,0,ESTRUCTURACION_SMURFING_DETECTADA,,,,
TX-0030970,CLI-04765,SISTEMA,DEPOSITO_EFECTIVO,130.15,2026-06-06 14:18:22,0,ESTRUCTURACION_SMURFING_DETECTADA,,,,
TX-0007474,CLI-01152,SISTEMA,DEPOSITO_EFECTIVO,521.79,2026-06-06 14:23:22,0,ESTRUCTURACION_SMURFING_DETECTADA,,,,
TX-0022437,CLI-03467,SISTEMA,DEPOSITO_EFECTIVO,238.67,2026-06-06 14:25:22,0,ESTRUCTURACION_SMURFING_DETECTADA,,,,
TX-0018374,CLI-02843,SISTEMA,DEPOSITO_EFECTIVO,2805.17,2026-06-06 14:33:22,0,ESTRUCTURACION_SMURFING_DETECTADA,,,,
TX-0006009,CLI-00925,SISTEMA,DEPOSITO_EFECTIVO,1011.83,2026-06-06 14:39:22,0,ESTRUCTURACION_SMURFING_DETECTADA,,,,
TX-0025660,CLI-03959,SISTEMA,DEPOSITO_EFECTIVO,541.39,2026-06-06 14:39:22,0,ESTRUCTURACION_SMURFING_DETECTADA,,,,
TX-0023162,CLI-03579,SISTEMA,DEPOSITO_EFECTIVO,204.94,2026-06-06 14:40:22,0,ESTRUCTURACION_SMURFING_DETECTADA,,,,
TX-0016141,CLI-02497,SISTEMA,DEPOSITO_EFECTIVO,4316.33,2026-06-06 15:06:22,0,ESTRUCTURACION_SMURFING_DETECTADA,,,,
TX-0015087,CLI-02337,SISTEMA,DEPOSITO_EFECTIVO,2390.01,2026-06-06 15:16:22,0,ESTRUCTURACION_SMURFING_DETECTADA,,,,
TX-0031047,CLI-04778,SISTEMA,DEPOSITO_EFECTIVO,1456.77,2026-06-06 15:28:22,0,ESTRUCTURACION_SMURFING_DETECTADA,,,,
TX-0022914,CLI-03540,SISTEMA,DEPOSITO_EFECTIVO,5233.15,2026-06-06 15:28:22,0,ESTRUCTURACION_SMURFING_DETECTADA,,,,
TX-0002794,CLI-00423,SISTEMA,DEPOSITO_EFECTIVO,186.65,2026-06-06 15:36:22,0,ESTRUCTURACION_SMURFING_DETECTADA,,,,
TX-0011633,CLI-01794,SISTEMA,DEPOSITO_EFECTIVO,3412.55,2026-06-06 15:36:22,0,ESTRUCTURACION_SMURFING_DETECTADA,,,,
TX-0002039,CLI-00306,SISTEMA,DEPOSITO_EFECTIVO,227.31,2026-06-06 15:40:22,0,ESTRUCTURACION_SMURFING_DETECTADA,,,,
TX-0010238,CLI-01573,SISTEMA,DEPOSITO_EFECTIVO,989.42,2026-06-06 15:44:22,0,ESTRUCTURACION_SMURFING_DETECTADA,,,,
TX-0028675,CLI-04415,SISTEMA,DEPOSITO_EFECTIVO,2585.01,2026-06-06 15:55:22,0,ESTRUCTURACION_SMURFING_DETECTADA,,,,
TX-0031633,CLI-04865,SISTEMA,DEPOSITO_EFECTIVO,1784.88,2026-06-06 16:16:22,0,ESTRUCTURACION_SMURFING_DETECTADA,,,,
TX-0000036,CLI-00006,SISTEMA,DEPOSITO_EFECTIVO,13814.87,2026-06-06 16:29:22,0,ESTRUCTURACION_SMURFING_DETECTADA,,,,
TX-0026177,CLI-04034,SISTEMA,DEPOSITO_EFECTIVO,894.82,2026-06-06 16:32:22,0,ESTRUCTURACION_SMURFING_DETECTADA,,,,
TX-0030946,CLI-04762,SISTEMA,DEPOSITO_EFECTIVO,53.62,2026-06-06 16:50:22,0,ESTRUCTURACION_SMURFING_DETECTADA,,,,
TX-0005192,CLI-00800,SISTEMA,DEPOSITO_EFECTIVO,951.94,2026-06-06 16:51:22,0,ESTRUCTURACION_SMURFING_DETECTADA,,,,
TX-0003092,CLI-00470,SISTEMA,DEPOSITO_EFECTIVO,2939.34,2026-06-06 16:57:22,0,ESTRUCTURACION_SMURFING_DETECTADA,,,,
TX-0003266,CLI-00494,SISTEMA,DEPOSITO_EFECTIVO,2750.67,2026-06-06 17:02:22,0,ESTRUCTURACION_SMURFING_DETECTADA,,,,
TX-0027632,CLI-04259,SISTEMA,DEPOSITO_EFECTIVO,811.55,2026-06-06 17:27:22,0,ESTRUCTURACION_SMURFING_DETECTADA,,,,
TX-0004619,CLI-00711,SISTEMA,DEPOSITO_EFECTIVO,206.08,2026-06-06 17:29:22,0,ESTRUCTURACION_SMURFING_DETECTADA,,,,
TX-0019854,CLI-03076,SISTEMA,DEPOSITO_EFECTIVO,2099.61,2026-06-06 17:33:22,0,ESTRUCTURACION_SMURFING_DETECTADA,,,,
TX-0022830,CLI-03529,SISTEMA,DEPOSITO_EFECTIVO,288.53,2026-06-06 17:38:22,0,ESTRUCTURACION_SMURFING_DETECTADA,,,,
TX-0005289,CLI-00815,SISTEMA,DEPOSITO_EFECTIVO,1589.7,2026-06-06 17:44:22,0,ESTRUCTURACION_SMURFING_DETECTADA,,,,
TX-0006983,CLI-01078,SISTEMA,DEPOSITO_EFECTIVO,1870.31,2026-06-06 17:45:22,0,ESTRUCTURACION_SMURFING_DETECTADA,,,,
TX-0020315,CLI-03150,SISTEMA,DEPOSITO_EFECTIVO,477.99,2026-06-06 17:51:22,0,ESTRUCTURACION_SMURFING_DETECTADA,,,,
TX-0029069,CLI-04474,SISTEMA,DEPOSITO_EFECTIVO,3918.08,2026-06-06 17:54:22,0,ESTRUCTURACION_SMURFING_DETECTADA,,,,
TX-0006170,CLI-00950,SISTEMA,DEPOSITO_EFECTIVO,769.03,2026-06-06 18:00:22,0,ESTRUCTURACION_SMURFING_DETECTADA,,,,
TX-0018772,CLI-02905,SISTEMA,DEPOSITO_EFECTIVO,670.44,2026-06-06 18:02:22,0,ESTRUCTURACION_SMURFING_DETECTADA,,,,
TX-0000926,CLI-00141,SISTEMA,DEPOSITO_EFECTIVO,1481.03,2026-06-06 18:05:22,0,ESTRUCTURACION_SMURFING_DETECTADA,,,,
TX-0028220,CLI-04343,SISTEMA,DEPOSITO_EFECTIVO,177.08,2026-06-06 18:26:22,0,ESTRUCTURACION_SMURFING_DETECTADA,,,,
TX-0030637,CLI-04716,SISTEMA,DEPOSITO_EFECTIVO,6788.56,2026-06-06 18:26:22,0,ESTRUCTURACION_SMURFING_DETECTADA,,,,
TX-0013911,CLI-02155,SISTEMA,DEPOSITO_EFECTIVO,260.45,2026-06-06 18:27:22,0,ESTRUCTURACION_SMURFING_DETECTADA,,,,
TX-0013905,CLI-02154,SISTEMA,DEPOSITO_EFECTIVO,171.78,2026-06-06 18:34:22,0,ESTRUCTURACION_SMURFING_DETECTADA,,,,
TX-0002837,CLI-00430,SISTEMA,DEPOSITO_EFECTIVO,3602.52,2026-06-06 18:37:22,0,ESTRUCTURACION_SMURFING_DETECTADA,,,,
TX-0022457,CLI-03471,SISTEMA,DEPOSITO_EFECTIVO,4076.09,2026-06-06 18:44:22,0,ESTRUCTURACION_SMURFING_DETECTADA,,,,
TX-0008744,CLI-01341,SISTEMA,DEPOSITO_EFECTIVO,643.41,2026-06-06 18:44:22,0,ESTRUCTURACION_SMURFING_DETECTADA,,,,
TX-0023154,CLI-03577,SISTEMA,DEPOSITO_EFECTIVO,9497.47,2026-06-06 18:45:22,0,ESTRUCTURACION_SMURFING_DETECTADA,,,,
TX-0009099,CLI-01398,SISTEMA,DEPOSITO_EFECTIVO,1026.4,2026-06-06 18:45:22,0,ESTRUCTURACION_SMURFING_DETECTADA,,,,
TX-0001411,CLI-00212,SISTEMA,DEPOSITO_EFECTIVO,304.01,2026-06-06 18:54:22,0,ESTRUCTURACION_SMURFING_DETECTADA,,,,
TX-0006246,CLI-00960,SISTEMA,DEPOSITO_EFECTIVO,8689.28,2026-06-06 18:57:22,0,ESTRUCTURACION_SMURFING_DETECTADA,,,,
TX-0016737,CLI-02594,SISTEMA,DEPOSITO_EFECTIVO,2842.72,2026-06-06 19:01:22,0,ESTRUCTURACION_SMURFING_DETECTADA,,,,
TX-0024499,CLI-03781,SISTEMA,DEPOSITO_EFECTIVO,1298.7,2026-06-06 19:12:22,0,ESTRUCTURACION_SMURFING_DETECTADA,,,,
TX-0030956,CLI-04763,SISTEMA,DEPOSITO_EFECTIVO,365.03,2026-06-06 19:13:22,0,ESTRUCTURACION_SMURFING_DETECTADA,,,,
TX-0007917,CLI-01218,SISTEMA,DEPOSITO_EFECTIVO,1863.0,2026-06-06 19:19:22,0,ESTRUCTURACION_SMURFING_DETECTADA,,,,
TX-0002761,CLI-00418,SISTEMA,DEPOSITO_EFECTIVO,3141.77,2026-06-06 19:24:22,0,ESTRUCTURACION_SMURFING_DETECTADA,,,,
TX-0022075,CLI-03411,SISTEMA,DEPOSITO_EFECTIVO,3426.56,2026-06-06 19:31:22,0,ESTRUCTURACION_SMURFING_DETECTADA,,,,
TX-0021617,CLI-03343,SISTEMA,DEPOSITO_EFECTIVO,2811.86,2026-06-06 19:31:22,0,ESTRUCTURACION_SMURFING_DETECTADA,,,,
TX-0015731,CLI-02434,SISTEMA,DEPOSITO_EFECTIVO,1325.29,2026-06-06 19:38:22,0,ESTRUCTURACION_SMURFING_DETECTADA,,,,
TX-0017663,CLI-02735,SISTEMA,DEPOSITO_EFECTIVO,501.23,2026-06-06 19:46:22,0,ESTRUCTURACION_SMURFING_DETECTADA,,,,
TX-0026758,CLI-04119,SISTEMA,DEPOSITO_EFECTIVO,1424.06,2026-06-06 19:49:22,0,ESTRUCTURACION_SMURFING_DETECTADA,,,,
TX-0008120,CLI-01250,SISTEMA,DEPOSITO_EFECTIVO,1658.83,2026-06-06 20:24:22,0,ESTRUCTURACION_SMURFING_DETECTADA,,,,
TX-0017810,CLI-02755,SISTEMA,DEPOSITO_EFECTIVO,3046.8,2026-06-06 20:31:22,0,ESTRUCTURACION_SMURFING_DETECTADA,,,,
TX-0031545,CLI-04852,SISTEMA,DEPOSITO_EFECTIVO,164.53,2026-06-06 20:33:22,0,ESTRUCTURACION_SMURFING_DETECTADA,,,,
TX-0012030,CLI-01855,SISTEMA,DEPOSITO_EFECTIVO,117.81,2026-06-06 20:44:22,0,ESTRUCTURACION_SMURFING_DETECTADA,,,,
TX-0011146,CLI-01718,SISTEMA,DEPOSITO_EFECTIVO,6650.69,2026-06-06 20:51:22,0,ESTRUCTURACION_SMURFING_DETECTADA,,,,
TX-0013757,CLI-02133,SISTEMA,DEPOSITO_EFECTIVO,941.96,2026-06-06 20:55:22,0,ESTRUCTURACION_SMURFING_DETECTADA,,,,
TX-0020554,CLI-03185,SISTEMA,DEPOSITO_EFECTIVO,10750.48,2026-06-06 20:58:22,0,ESTRUCTURACION_SMURFING_DETECTADA,,,,
TX-0025697,CLI-03964,SISTEMA,DEPOSITO_EFECTIVO,1800.55,2026-06-06 21:00:22,0,ESTRUCTURACION_SMURFING_DETECTADA,,,,
TX-0006701,CLI-01033,SISTEMA,DEPOSITO_EFECTIVO,89.43,2026-06-06 21:01:22,0,ESTRUCTURACION_SMURFING_DETECTADA,,,,
TX-0005657,CLI-00869,SISTEMA,DEPOSITO_EFECTIVO,450.59,2026-06-06 21:08:22,0,ESTRUCTURACION_SMURFING_DETECTADA,,,,
TX-0031555,CLI-04853,SISTEMA,DEPOSITO_EFECTIVO,590.41,2026-06-06 21:08:22,0,ESTRUCTURACION_SMURFING_DETECTADA,,,,
TX-0018603,CLI-02876,SISTEMA,DEPOSITO_EFECTIVO,2847.94,2026-06-06 21:10:22,0,ESTRUCTURACION_SMURFING_DETECTADA,,,,
TX-0000028,CLI-00005,SISTEMA,DEPOSITO_EFECTIVO,1285.54,2026-06-06 21:10:22,0,ESTRUCTURACION_SMURFING_DETECTADA,,,,
TX-0022117,CLI-03419,SISTEMA,DEPOSITO_EFECTIVO,1254.0,2026-06-06 21:11:22,0,ESTRUCTURACION_SMURFING_DETECTADA,,,,
TX-0031690,CLI-04873,SISTEMA,DEPOSITO_EFECTIVO,536.45,2026-06-06 21:12:22,0,ESTRUCTURACION_SMURFING_DETECTADA,,,,
TX-0027245,CLI-04200,SISTEMA,DEPOSITO_EFECTIVO,605.76,2026-06-06 21:16:22,0,ESTRUCTURACION_SMURFING_DETECTADA,,,,
TX-0023729,CLI-03669,SISTEMA,DEPOSITO_EFECTIVO,1511.26,2026-06-06 21:20:22,0,ESTRUCTURACION_SMURFING_DETECTADA,,,,
TX-0031870,CLI-04898,SISTEMA,DEPOSITO_EFECTIVO,14011.34,2026-06-06 21:27:22,0,ESTRUCTURACION_SMURFING_DETECTADA,,,,
TX-0025639,CLI-03956,SISTEMA,DEPOSITO_EFECTIVO,490.97,2026-06-06 21:40:22,0,ESTRUCTURACION_SMURFING_DETECTADA,,,,
TX-0022657,CLI-03501,SISTEMA,DEPOSITO_EFECTIVO,9117.57,2026-06-06 21:54:22,0,ESTRUCTURACION_SMURFING_DETECTADA,,,,
TX-0030639,CLI-04716,SISTEMA,DEPOSITO_EFECTIVO,5754.84,2026-06-06 21:59:22,0,ESTRUCTURACION_SMURFING_DETECTADA,,,,
TX-0018196,CLI-02815,SISTEMA,DEPOSITO_EFECTIVO,463.08,2026-06-06 22:16:22,0,ESTRUCTURACION_SMURFING_DETECTADA,,,,
TX-0013899,CLI-02153,SISTEMA,DEPOSITO_EFECTIVO,4915.61,2026-06-06 22:20:22,0,ESTRUCTURACION_SMURFING_DETECTADA,,,,
TX-0002332,CLI-00354,SISTEMA,DEPOSITO_EFECTIVO,496.62,2026-06-06 22:22:22,0,ESTRUCTURACION_SMURFING_DETECTADA,,,,
TX-0014476,CLI-02244,SISTEMA,DEPOSITO_EFECTIVO,1384.81,2026-06-06 22:34:22,0,ESTRUCTURACION_SMURFING_DETECTADA,,,,
TX-0024420,CLI-03769,SISTEMA,DEPOSITO_EFECTIVO,549.22,2026-06-06 22:55:22,0,ESTRUCTURACION_SMURFING_DETECTADA,,,,
TX-0016175,CLI-02504,SISTEMA,DEPOSITO_EFECTIVO,968.29,2026-06-06 22:57:22,0,ESTRUCTURACION_SMURFING_DETECTADA,,,,
TX-0014508,CLI-02249,SISTEMA,DEPOSITO_EFECTIVO,619.23,2026-06-06 23:21:22,0,ESTRUCTURACION_SMURFING_DETECTADA,,,,
TX-0015611,CLI-02416,SISTEMA,DEPOSITO_EFECTIVO,289.74,2026-06-06 23:23:22,0,ESTRUCTURACION_SMURFING_DETECTADA,,,,
TX-0008288,CLI-01275,SISTEMA,DEPOSITO_EFECTIVO,317.03,2026-06-06 23:27:22,0,ESTRUCTURACION_SMURFING_DETECTADA,,,,
TX-0008783,CLI-01346,SISTEMA,DEPOSITO_EFECTIVO,2070.48,2026-06-06 23:32:22,0,ESTRUCTURACION_SMURFING_DETECTADA,,,,
TX-0009298,CLI-01428,SISTEMA,DEPOSITO_EFECTIVO,101.8,2026-06-06 23:36:22,0,ESTRUCTURACION_SMURFING_DETECTADA,,,,
TX-0024268,CLI-03745,SISTEMA,DEPOSITO_EFECTIVO,830.07,2026-06-06 23:39:22,0,ESTRUCTURACION_SMURFING_DETECTADA,,,,
TX-0031134,CLI-04790,SISTEMA,DEPOSITO_EFECTIVO,297.02,2026-06-06 23:42:22,0,ESTRUCTURACION_SMURFING_DETECTADA,,,,
TX-0023172,CLI-03580,SISTEMA,DEPOSITO_EFECTIVO,454.75,2026-06-06 23:42:22,0,ESTRUCTURACION_SMURFING_DETECTADA,,,,
TX-0015345,CLI-02379,SISTEMA,DEPOSITO_EFECTIVO,1799.52,2026-06-06 23:47:22,0,ESTRUCTURACION_SMURFING_DETECTADA,,,,
TX-0015819,CLI-02447,SISTEMA,DEPOSITO_EFECTIVO,114.01,2026-06-07 00:01:22,0,ESTRUCTURACION_SMURFING_DETECTADA,,,,
TX-0026321,CLI-04054,SISTEMA,DEPOSITO_EFECTIVO,267.61,2026-06-07 00:01:22,0,ESTRUCTURACION_SMURFING_DETECTADA,,,,
TX-0003322,CLI-00501,SISTEMA,DEPOSITO_EFECTIVO,891.49,2026-06-07 00:05:22,0,ESTRUCTURACION_SMURFING_DETECTADA,,,,
TX-0009267,CLI-01424,SISTEMA,DEPOSITO_EFECTIVO,6063.68,2026-06-07 00:08:22,0,ESTRUCTURACION_SMURFING_DETECTADA,,,,
TX-0022046,CLI-03407,SISTEMA,DEPOSITO_EFECTIVO,106.37,2026-06-07 00:14:22,0,ESTRUCTURACION_SMURFING_DETECTADA,,,,
TX-0023377,CLI-03611,SISTEMA,DEPOSITO_EFECTIVO,184.23,2026-06-07 00:19:22,0,ESTRUCTURACION_SMURFING_DETECTADA,,,,
TX-0007708,CLI-01184,SISTEMA,DEPOSITO_EFECTIVO,736.54,2026-06-07 00:36:22,0,ESTRUCTURACION_SMURFING_DETECTADA,,,,
TX-0022423,CLI-03465,SISTEMA,DEPOSITO_EFECTIVO,3305.04,2026-06-07 00:56:22,0,ESTRUCTURACION_SMURFING_DETECTADA,,,,
TX-0006366,CLI-00982,SISTEMA,DEPOSITO_EFECTIVO,1702.59,2026-06-07 01:02:22,0,ESTRUCTURACION_SMURFING_DETECTADA,,,,
TX-0011675,CLI-01800,SISTEMA,DEPOSITO_EFECTIVO,3622.37,2026-06-07 01:11:22,0,ESTRUCTURACION_SMURFING_DETECTADA,,,,
TX-0015810,CLI-02446,SISTEMA,DEPOSITO_EFECTIVO,1566.0,2026-06-07 01:17:22,0,ESTRUCTURACION_SMURFING_DETECTADA,,,,
TX-0022342,CLI-03453,SISTEMA,DEPOSITO_EFECTIVO,2583.65,2026-06-07 01:37:22,0,ESTRUCTURACION_SMURFING_DETECTADA,,,,
TX-0004460,CLI-00682,SISTEMA,DEPOSITO_EFECTIVO,494.72,2026-06-07 01:40:22,0,ESTRUCTURACION_SMURFING_DETECTADA,,,,
TX-0010658,CLI-01641,SISTEMA,DEPOSITO_EFECTIVO,1197.57,2026-06-07 01:42:22,0,ESTRUCTURACION_SMURFING_DETECTADA,,,,
TX-0000687,CLI-00106,SISTEMA,DEPOSITO_EFECTIVO,5808.35,2026-06-07 01:48:22,0,ESTRUCTURACION_SMURFING_DETECTADA,,,,
TX-0030975,CLI-04765,SISTEMA,DEPOSITO_EFECTIVO,124.62,2026-06-07 01:50:22,0,ESTRUCTURACION_SMURFING_DETECTADA,,,,
TX-0027051,CLI-04169,SISTEMA,DEPOSITO_EFECTIVO,345.64,2026-06-07 01:57:22,0,ESTRUCTURACION_SMURFING_DETECTADA,,,,
TX-0022670,CLI-03503,SISTEMA,DEPOSITO_EFECTIVO,1413.28,2026-06-07 02:03:22,0,ESTRUCTURACION_SMURFING_DETECTADA,,,,
TX-0003655,CLI-00554,SISTEMA,DEPOSITO_EFECTIVO,8332.15,2026-06-07 02:23:22,0,ESTRUCTURACION_SMURFING_DETECTADA,,,,
TX-0022791,CLI-03523,SISTEMA,DEPOSITO_EFECTIVO,3157.91,2026-06-07 02:31:22,0,ESTRUCTURACION_SMURFING_DETECTADA,,,,
TX-0031039,CLI-04777,SISTEMA,DEPOSITO_EFECTIVO,363.37,2026-06-07 02:35:22,0,ESTRUCTURACION_SMURFING_DETECTADA,,,,
TX-0013228,CLI-02046,SISTEMA,DEPOSITO_EFECTIVO,6249.32,2026-06-07 02:44:22,0,ESTRUCTURACION_SMURFING_DETECTADA,,,,
TX-0016432,CLI-02546,SISTEMA,DEPOSITO_EFECTIVO,1044.98,2026-06-07 02:50:22,0,ESTRUCTURACION_SMURFING_DETECTADA,,,,
TX-0005946,CLI-00915,SISTEMA,DEPOSITO_EFECTIVO,1888.72,2026-06-07 02:54:22,0,ESTRUCTURACION_SMURFING_DETECTADA,,,,
TX-0012811,CLI-01979,SISTEMA,DEPOSITO_EFECTIVO,1585.69,2026-06-07 02:58:22,0,ESTRUCTURACION_SMURFING_DETECTADA,,,,
TX-0015020,CLI-02329,SISTEMA,DEPOSITO_EFECTIVO,1018.37,2026-06-07 03:12:22,0,ESTRUCTURACION_SMURFING_DETECTADA,,,,
TX-0026007,CLI-04009,SISTEMA,DEPOSITO_EFECTIVO,442.2,2026-06-07 03:41:22,0,ESTRUCTURACION_SMURFING_DETECTADA,,,,
TX-0026300,CLI-04051,SISTEMA,DEPOSITO_EFECTIVO,133.75,2026-06-07 03:41:22,0,ESTRUCTURACION_SMURFING_DETECTADA,,,,
TX-0007793,CLI-01197,SISTEMA,DEPOSITO_EFECTIVO,614.87,2026-06-07 03:58:22,0,ESTRUCTURACION_SMURFING_DETECTADA,,,,
TX-0022038,CLI-03406,SISTEMA,DEPOSITO_EFECTIVO,3006.76,2026-06-07 04:01:22,0,ESTRUCTURACION_SMURFING_DETECTADA,,,,
TX-0018851,CLI-02915,SISTEMA,DEPOSITO_EFECTIVO,9005.71,2026-06-07 04:05:22,0,ESTRUCTURACION_SMURFING_DETECTADA,,,,
TX-0027045,CLI-04169,SISTEMA,DEPOSITO_EFECTIVO,651.43,2026-06-07 04:11:22,0,ESTRUCTURACION_SMURFING_DETECTADA,,,,
TX-0023519,CLI-03634,SISTEMA,DEPOSITO_EFECTIVO,4849.87,2026-06-07 04:21:22,0,ESTRUCTURACION_SMURFING_DETECTADA,,,,
TX-0011724,CLI-01809,SISTEMA,DEPOSITO_EFECTIVO,7315.2,2026-06-07 04:24:22,0,ESTRUCTURACION_SMURFING_DETECTADA,,,,
TX-0010254,CLI-01577,SISTEMA,DEPOSITO_EFECTIVO,3375.82,2026-06-07 04:30:22,0,ESTRUCTURACION_SMURFING_DETECTADA,,,,
TX-0025973,CLI-04005,SISTEMA,DEPOSITO_EFECTIVO,12870.42,2026-06-07 04:32:22,0,ESTRUCTURACION_SMURFING_DETECTADA,,,,
TX-0002637,CLI-00400,SISTEMA,DEPOSITO_EFECTIVO,7015.03,2026-06-07 04:37:22,0,ESTRUCTURACION_SMURFING_DETECTADA,,,,
TX-0017520,CLI-02715,SISTEMA,DEPOSITO_EFECTIVO,7074.11,2026-06-07 04:44:22,0,ESTRUCTURACION_SMURFING_DETECTADA,,,,
TX-0024464,CLI-03776,SISTEMA,DEPOSITO_EFECTIVO,763.06,2026-06-07 04:45:22,0,ESTRUCTURACION_SMURFING_DETECTADA,,,,
TX-0006622,CLI-01021,SISTEMA,DEPOSITO_EFECTIVO,1182.65,2026-06-07 04:46:22,0,ESTRUCTURACION_SMURFING_DETECTADA,,,,
TX-0003851,CLI-00585,SISTEMA,DEPOSITO_EFECTIVO,790.06,2026-06-07 04:52:22,0,ESTRUCTURACION_SMURFING_DETECTADA,,,,
TX-0005625,CLI-00864,SISTEMA,DEPOSITO_EFECTIVO,2036.75,2026-06-07 04:54:22,0,ESTRUCTURACION_SMURFING_DETECTADA,,,,
TX-0012084,CLI-01865,SISTEMA,DEPOSITO_EFECTIVO,1507.88,2026-06-07 04:55:22,0,ESTRUCTURACION_SMURFING_DETECTADA,,,,
TX-0009039,CLI-01389,SISTEMA,DEPOSITO_EFECTIVO,2053.06,2026-06-07 05:01:22,0,ESTRUCTURACION_SMURFING_DETECTADA,,,,
TX-0008328,CLI-01282,SISTEMA,DEPOSITO_EFECTIVO,1654.2,2026-06-07 05:52:22,0,ESTRUCTURACION_SMURFING_DETECTADA,,,,
TX-0011063,CLI-01704,SISTEMA,DEPOSITO_EFECTIVO,629.82,2026-06-07 05:53:22,0,ESTRUCTURACION_SMURFING_DETECTADA,,,,
TX-0016345,CLI-02530,SISTEMA,DEPOSITO_EFECTIVO,5832.79,2026-06-07 06:03:22,0,ESTRUCTURACION_SMURFING_DETECTADA,,,,
TX-0026436,CLI-04071,SISTEMA,DEPOSITO_EFECTIVO,1315.29,2026-06-07 06:12:22,0,ESTRUCTURACION_SMURFING_DETECTADA,,,,
TX-0022398,CLI-03461,SISTEMA,DEPOSITO_EFECTIVO,798.92,2026-06-07 06:22:22,0,ESTRUCTURACION_SMURFING_DETECTADA,,,,
TX-0012970,CLI-02005,SISTEMA,DEPOSITO_EFECTIVO,3972.1,2026-06-07 06:33:22,0,ESTRUCTURACION_SMURFING_DETECTADA,,,,
TX-0011463,CLI-01768,SISTEMA,DEPOSITO_EFECTIVO,4332.73,2026-06-07 06:36:22,0,ESTRUCTURACION_SMURFING_DETECTADA,,,,
TX-0022513,CLI-03478,SISTEMA,DEPOSITO_EFECTIVO,427.0,2026-06-07 06:38:22,0,ESTRUCTURACION_SMURFING_DETECTADA,,,,
TX-0000318,CLI-00048,SISTEMA,DEPOSITO_EFECTIVO,309.07,2026-06-07 06:49:22,0,ESTRUCTURACION_SMURFING_DETECTADA,,,,
TX-0026200,CLI-04036,SISTEMA,DEPOSITO_EFECTIVO,613.55,2026-06-07 06:50:22,0,ESTRUCTURACION_SMURFING_DETECTADA,,,,
TX-0006856,CLI-01056,SISTEMA,DEPOSITO_EFECTIVO,249.72,2026-06-07 07:03:22,0,ESTRUCTURACION_SMURFING_DETECTADA,,,,
TX-0013796,CLI-02138,SISTEMA,DEPOSITO_EFECTIVO,4258.46,2026-06-07 07:08:22,0,ESTRUCTURACION_SMURFING_DETECTADA,,,,
TX-0018084,CLI-02798,SISTEMA,DEPOSITO_EFECTIVO,529.19,2026-06-07 07:15:22,0,ESTRUCTURACION_SMURFING_DETECTADA,,,,
TX-0004783,CLI-00738,SISTEMA,DEPOSITO_EFECTIVO,2679.0,2026-06-07 07:24:22,0,ESTRUCTURACION_SMURFING_DETECTADA,,,,
TX-0030473,CLI-04690,SISTEMA,DEPOSITO_EFECTIVO,1748.11,2026-06-07 07:24:22,0,ESTRUCTURACION_SMURFING_DETECTADA,,,,
TX-0002115,CLI-00317,SISTEMA,DEPOSITO_EFECTIVO,8381.99,2026-06-07 07:25:22,0,ESTRUCTURACION_SMURFING_DETECTADA,,,,
TX-0028670,CLI-04414,SISTEMA,DEPOSITO_EFECTIVO,193.85,2026-06-07 07:27:22,0,ESTRUCTURACION_SMURFING_DETECTADA,,,,
TX-0022766,CLI-03519,SISTEMA,DEPOSITO_EFECTIVO,4758.73,2026-06-07 07:49:22,0,ESTRUCTURACION_SMURFING_DETECTADA,,,,
TX-0005432,CLI-00835,SISTEMA,DEPOSITO_EFECTIVO,1818.92,2026-06-07 07:54:22,0,ESTRUCTURACION_SMURFING_DETECTADA,,,,
TX-0011226,CLI-01729,SISTEMA,DEPOSITO_EFECTIVO,4769.87,2026-06-07 08:16:22,0,ESTRUCTURACION_SMURFING_DETECTADA,,,,
TX-0021428,CLI-03313,SISTEMA,DEPOSITO_EFECTIVO,704.22,2026-06-07 08:23:22,0,ESTRUCTURACION_SMURFING_DETECTADA,,,,
TX-0020087,CLI-03113,SISTEMA,DEPOSITO_EFECTIVO,2830.91,2026-06-07 08:23:22,0,ESTRUCTURACION_SMURFING_DETECTADA,,,,
TX-0007239,CLI-01118,SISTEMA,DEPOSITO_EFECTIVO,6986.66,2026-06-07 08:51:22,0,ESTRUCTURACION_SMURFING_DETECTADA,,,,
TX-0028749,CLI-04426,SISTEMA,DEPOSITO_EFECTIVO,374.41,2026-06-07 08:56:22,0,ESTRUCTURACION_SMURFING_DETECTADA,,,,
TX-0030401,CLI-04682,SISTEMA,DEPOSITO_EFECTIVO,4133.0,2026-06-07 08:56:22,0,ESTRUCTURACION_SMURFING_DETECTADA,,,,
TX-0018559,CLI-02871,SISTEMA,DEPOSITO_EFECTIVO,879.87,2026-06-07 09:05:22,0,ESTRUCTURACION_SMURFING_DETECTADA,,,,
TX-0011120,CLI-01714,SISTEMA,DEPOSITO_EFECTIVO,3244.43,2026-06-07 09:09:22,0,ESTRUCTURACION_SMURFING_DETECTADA,,,,
TX-0011076,CLI-01706,SISTEMA,DEPOSITO_EFECTIVO,3691.83,2026-06-07 09:13:22,0,ESTRUCTURACION_SMURFING_DETECTADA,,,,
TX-0023758,CLI-03672,SISTEMA,DEPOSITO_EFECTIVO,95.96,2026-06-07 09:23:22,0,ESTRUCTURACION_SMURFING_DETECTADA,,,,
TX-0003985,CLI-00608,SISTEMA,DEPOSITO_EFECTIVO,6447.0,2026-06-07 09:32:22,0,ESTRUCTURACION_SMURFING_DETECTADA,,,,
TX-0014524,CLI-02253,SISTEMA,DEPOSITO_EFECTIVO,4243.54,2026-06-07 09:33:22,0,ESTRUCTURACION_SMURFING_DETECTADA,,,,
TX-0016065,CLI-02485,SISTEMA,DEPOSITO_EFECTIVO,1521.72,2026-06-07 09:35:22,0,ESTRUCTURACION_SMURFING_DETECTADA,,,,
TX-0003973,CLI-00605,SISTEMA,DEPOSITO_EFECTIVO,5593.24,2026-06-07 09:38:22,0,ESTRUCTURACION_SMURFING_DETECTADA,,,,
TX-0017585,CLI-02724,SISTEMA,DEPOSITO_EFECTIVO,7804.4,2026-06-07 10:09:22,0,ESTRUCTURACION_SMURFING_DETECTADA,,,,
TX-0024275,CLI-03746,SISTEMA,DEPOSITO_EFECTIVO,2162.49,2026-06-07 10:11:22,0,ESTRUCTURACION_SMURFING_DETECTADA,,,,
TX-0000518,CLI-00080,SISTEMA,DEPOSITO_EFECTIVO,2534.07,2026-06-07 10:13:22,0,ESTRUCTURACION_SMURFING_DETECTADA,,,,
TX-0030337,CLI-04673,SISTEMA,DEPOSITO_EFECTIVO,1605.99,2026-06-07 10:14:22,0,ESTRUCTURACION_SMURFING_DETECTADA,,,,
TX-0031485,CLI-04843,SISTEMA,DEPOSITO_EFECTIVO,355.11,2026-06-07 10:32:22,0,ESTRUCTURACION_SMURFING_DETECTADA,,,,
TX-0020193,CLI-03132,SISTEMA,DEPOSITO_EFECTIVO,701.39,2026-06-07 10:32:22,0,ESTRUCTURACION_SMURFING_DETECTADA,,,,
TX-0016546,CLI-02564,SISTEMA,DEPOSITO_EFECTIVO,558.07,2026-06-07 10:35:22,0,ESTRUCTURACION_SMURFING_DETECTADA,,,,
TX-0032143,CLI-04939,SISTEMA,DEPOSITO_EFECTIVO,2234.93,2026-06-07 10:38:22,0,ESTRUCTURACION_SMURFING_DETECTADA,,,,
TX-0009290,CLI-01427,SISTEMA,DEPOSITO_EFECTIVO,5327.3,2026-06-07 10:42:22,0,ESTRUCTURACION_SMURFING_DETECTADA,,,,
TX-0012507,CLI-01930,SISTEMA,DEPOSITO_EFECTIVO,3579.02,2026-06-07 10:54:22,0,ESTRUCTURACION_SMURFING_DETECTADA,,,,
TX-0031926,CLI-04905,SISTEMA,DEPOSITO_EFECTIVO,117.43,2026-06-07 10:57:22,0,ESTRUCTURACION_SMURFING_DETECTADA,,,,
TX-0005704,CLI-00876,SISTEMA,DEPOSITO_EFECTIVO,1755.36,2026-06-07 11:01:22,0,ESTRUCTURACION_SMURFING_DETECTADA,,,,
TX-0003030,CLI-00460,SISTEMA,DEPOSITO_EFECTIVO,1635.03,2026-06-07 11:08:22,0,ESTRUCTURACION_SMURFING_DETECTADA,,,,
TX-0026370,CLI-04062,SISTEMA,DEPOSITO_EFECTIVO,1261.17,2026-06-07 11:09:22,0,ESTRUCTURACION_SMURFING_DETECTADA,,,,
TX-0030331,CLI-04673,SISTEMA,DEPOSITO_EFECTIVO,4265.92,2026-06-07 11:28:22,0,ESTRUCTURACION_SMURFING_DETECTADA,,,,
TX-0019923,CLI-03088,SISTEMA,DEPOSITO_EFECTIVO,5049.49,2026-06-07 11:30:22,0,ESTRUCTURACION_SMURFING_DETECTADA,,,,
TX-0019983,CLI-03099,SISTEMA,DEPOSITO_EFECTIVO,6300.2,2026-06-07 11:34:22,0,ESTRUCTURACION_SMURFING_DETECTADA,,,,
TX-0025299,CLI-03904,SISTEMA,DEPOSITO_EFECTIVO,1865.78,2026-06-07 11:39:22,0,ESTRUCTURACION_SMURFING_DETECTADA,,,,
TX-0023375,CLI-03611,SISTEMA,DEPOSITO_EFECTIVO,283.43,2026-06-07 11:47:22,0,ESTRUCTURACION_SMURFING_DETECTADA,,,,
TX-0007646,CLI-01176,SISTEMA,DEPOSITO_EFECTIVO,6308.6,2026-06-07 11:47:22,0,ESTRUCTURACION_SMURFING_DETECTADA,,,,
TX-0029067,CLI-04474,SISTEMA,DEPOSITO_EFECTIVO,2026.28,2026-06-07 11:50:22,0,ESTRUCTURACION_SMURFING_DETECTADA,,,,
TX-0027331,CLI-04215,SISTEMA,DEPOSITO_EFECTIVO,572.34,2026-06-07 11:53:22,0,ESTRUCTURACION_SMURFING_DETECTADA,,,,
TX-0000899,CLI-00137,SISTEMA,DEPOSITO_EFECTIVO,121.17,2026-06-07 11:57:22,0,ESTRUCTURACION_SMURFING_DETECTADA,,,,
TX-0017938,CLI-02775,SISTEMA,DEPOSITO_EFECTIVO,3549.25,2026-06-07 12:00:22,0,ESTRUCTURACION_SMURFING_DETECTADA,,,,
TX-0000038,CLI-00007,SISTEMA,DEPOSITO_EFECTIVO,961.71,2026-06-07 12:05:22,0,ESTRUCTURACION_SMURFING_DETECTADA,,,,
TX-0016886,CLI-02616,SISTEMA,DEPOSITO_EFECTIVO,753.15,2026-06-07 12:08:22,0,ESTRUCTURACION_SMURFING_DETECTADA,,,,
TX-0027692,CLI-04266,SISTEMA,DEPOSITO_EFECTIVO,669.5,2026-06-07 12:17:22,0,ESTRUCTURACION_SMURFING_DETECTADA,,,,
TX-0009599,CLI-01476,SISTEMA,DEPOSITO_EFECTIVO,360.57,2026-06-07 12:20:22,0,ESTRUCTURACION_SMURFING_DETECTADA,,,,
TX-0010471,CLI-01607,SISTEMA,DEPOSITO_EFECTIVO,924.59,2026-06-07 12:22:22,0,ESTRUCTURACION_SMURFING_DETECTADA,,,,
TX-0009649,CLI-01482,SISTEMA,DEPOSITO_EFECTIVO,221.39,2026-06-07 12:44:22,0,ESTRUCTURACION_SMURFING_DETECTADA,,,,
TX-0011729,CLI-01809,SISTEMA,DEPOSITO_EFECTIVO,2263.79,2026-06-07 12:46:22,0,ESTRUCTURACION_SMURFING_DETECTADA,,,,
TX-0016982,CLI-02631,SISTEMA,DEPOSITO_EFECTIVO,969.67,2026-06-07 12:54:22,0,ESTRUCTURACION_SMURFING_DETECTADA,,,,
TX-0023605,CLI-03647,SISTEMA,DEPOSITO_EFECTIVO,3752.25,2026-06-07 13:11:22,0,ESTRUCTURACION_SMURFING_DETECTADA,,,,
TX-0007753,CLI-01191,SISTEMA,DEPOSITO_EFECTIVO,1207.44,2026-06-07 13:34:22,0,ESTRUCTURACION_SMURFING_DETECTADA,,,,
TX-0005364,CLI-00825,SISTEMA,DEPOSITO_EFECTIVO,1041.83,2026-06-07 13:45:22,0,ESTRUCTURACION_SMURFING_DETECTADA,,,,
TX-0006957,CLI-01073,SISTEMA,DEPOSITO_EFECTIVO,252.32,2026-06-07 13:52:22,0,ESTRUCTURACION_SMURFING_DETECTADA,,,,
TX-0031673,CLI-04870,SISTEMA,DEPOSITO_EFECTIVO,1215.81,2026-06-07 13:53:22,0,ESTRUCTURACION_SMURFING_DETECTADA,,,,
TX-0027086,CLI-04175,SISTEMA,DEPOSITO_EFECTIVO,271.09,2026-06-07 13:54:22,0,ESTRUCTURACION_SMURFING_DETECTADA,,,,
TX-0020799,CLI-03219,SISTEMA,DEPOSITO_EFECTIVO,143.5,2026-06-07 14:12:22,0,ESTRUCTURACION_SMURFING_DETECTADA,,,,
TX-0017709,CLI-02742,SISTEMA,DEPOSITO_EFECTIVO,4571.96,2026-06-07 14:28:22,0,ESTRUCTURACION_SMURFING_DETECTADA,,,,
TX-0032319,CLI-04964,SISTEMA,DEPOSITO_EFECTIVO,1054.77,2026-06-07 14:34:22,0,ESTRUCTURACION_SMURFING_DETECTADA,,,,
TX-0021714,CLI-03356,SISTEMA,DEPOSITO_EFECTIVO,795.07,2026-06-07 14:34:22,0,ESTRUCTURACION_SMURFING_DETECTADA,,,,
TX-0005612,CLI-00862,SISTEMA,DEPOSITO_EFECTIVO,1690.5,2026-06-07 14:37:22,0,ESTRUCTURACION_SMURFING_DETECTADA,,,,
TX-0013923,CLI-02156,SISTEMA,DEPOSITO_EFECTIVO,8791.82,2026-06-07 14:37:22,0,ESTRUCTURACION_SMURFING_DETECTADA,,,,
TX-0024963,CLI-03852,SISTEMA,DEPOSITO_EFECTIVO,14966.78,2026-06-07 14:37:22,0,ESTRUCTURACION_SMURFING_DETECTADA,,,,
TX-0008296,CLI-01277,SISTEMA,DEPOSITO_EFECTIVO,1476.65,2026-06-07 14:42:22,0,ESTRUCTURACION_SMURFING_DETECTADA,,,,
TX-0002103,CLI-00315,SISTEMA,DEPOSITO_EFECTIVO,3342.87,2026-06-07 14:43:22,0,ESTRUCTURACION_SMURFING_DETECTADA,,,,
TX-0012479,CLI-01925,SISTEMA,DEPOSITO_EFECTIVO,2146.86,2026-06-07 14:52:22,0,ESTRUCTURACION_SMURFING_DETECTADA,,,,
TX-0029118,CLI-04484,SISTEMA,DEPOSITO_EFECTIVO,1815.19,2026-06-07 15:01:22,0,ESTRUCTURACION_SMURFING_DETECTADA,,,,
TX-0021282,CLI-03289,SISTEMA,DEPOSITO_EFECTIVO,4606.07,2026-06-07 15:12:22,0,ESTRUCTURACION_SMURFING_DETECTADA,,,,
TX-0015379,CLI-02383,SISTEMA,DEPOSITO_EFECTIVO,118.59,2026-06-07 15:20:22,0,ESTRUCTURACION_SMURFING_DETECTADA,,,,
TX-0002809,CLI-00426,SISTEMA,DEPOSITO_EFECTIVO,3527.89,2026-06-07 15:23:22,0,ESTRUCTURACION_SMURFING_DETECTADA,,,,
TX-0004315,CLI-00659,SISTEMA,DEPOSITO_EFECTIVO,945.46,2026-06-07 15:30:22,0,ESTRUCTURACION_SMURFING_DETECTADA,,,,
TX-0013976,CLI-02164,SISTEMA,DEPOSITO_EFECTIVO,239.3,2026-06-07 15:38:22,0,ESTRUCTURACION_SMURFING_DETECTADA,,,,
TX-0008889,CLI-01366,SISTEMA,DEPOSITO_EFECTIVO,4989.01,2026-06-07 15:44:22,0,ESTRUCTURACION_SMURFING_DETECTADA,,,,
TX-0017827,CLI-02758,SISTEMA,DEPOSITO_EFECTIVO,593.68,2026-06-07 15:53:22,0,ESTRUCTURACION_SMURFING_DETECTADA,,,,
TX-0027130,CLI-04180,SISTEMA,DEPOSITO_EFECTIVO,635.12,2026-06-07 15:53:22,0,ESTRUCTURACION_SMURFING_DETECTADA,,,,
TX-0015853,CLI-02453,SISTEMA,DEPOSITO_EFECTIVO,3547.0,2026-06-07 15:54:22,0,ESTRUCTURACION_SMURFING_DETECTADA,,,,
TX-0004469,CLI-00683,SISTEMA,DEPOSITO_EFECTIVO,251.19,2026-06-07 15:54:22,0,ESTRUCTURACION_SMURFING_DETECTADA,,,,
TX-0013372,CLI-02072,SISTEMA,DEPOSITO_EFECTIVO,5734.44,2026-06-07 16:08:22,0,ESTRUCTURACION_SMURFING_DETECTADA,,,,
TX-0000143,CLI-00021,SISTEMA,DEPOSITO_EFECTIVO,1704.35,2026-06-07 16:11:22,0,ESTRUCTURACION_SMURFING_DETECTADA,,,,
TX-0009724,CLI-01491,SISTEMA,DEPOSITO_EFECTIVO,1744.3,2026-06-07 16:14:22,0,ESTRUCTURACION_SMURFING_DETECTADA,,,,
TX-0004927,CLI-00762,SISTEMA,DEPOSITO_EFECTIVO,1172.39,2026-06-07 16:15:22,0,ESTRUCTURACION_SMURFING_DETECTADA,,,,
TX-0022356,CLI-03455,SISTEMA,DEPOSITO_EFECTIVO,241.05,2026-06-07 16:15:22,0,ESTRUCTURACION_SMURFING_DETECTADA,,,,
TX-0006006,CLI-00924,SISTEMA,DEPOSITO_EFECTIVO,295.14,2026-06-07 16:35:22,0,ESTRUCTURACION_SMURFING_DETECTADA,,,,
TX-0015180,CLI-02350,SISTEMA,DEPOSITO_EFECTIVO,1464.74,2026-06-07 16:38:22,0,ESTRUCTURACION_SMURFING_DETECTADA,,,,
TX-0012204,CLI-01883,SISTEMA,DEPOSITO_EFECTIVO,520.81,2026-06-07 16:49:22,0,ESTRUCTURACION_SMURFING_DETECTADA,,,,
TX-0026908,CLI-04147,SISTEMA,DEPOSITO_EFECTIVO,5126.34,2026-06-07 16:54:22,0,ESTRUCTURACION_SMURFING_DETECTADA,,,,
TX-0022519,CLI-03479,SISTEMA,DEPOSITO_EFECTIVO,10411.41,2026-06-07 16:56:22,0,ESTRUCTURACION_SMURFING_DETECTADA,,,,
TX-0030733,CLI-04728,SISTEMA,DEPOSITO_EFECTIVO,3053.86,2026-06-07 17:05:22,0,ESTRUCTURACION_SMURFING_DETECTADA,,,,
TX-0025766,CLI-03975,SISTEMA,DEPOSITO_EFECTIVO,1111.94,2026-06-07 17:06:22,0,ESTRUCTURACION_SMURFING_DETECTADA,,,,
TX-0006741,CLI-01039,SISTEMA,DEPOSITO_EFECTIVO,591.33,2026-06-07 17:14:22,0,ESTRUCTURACION_SMURFING_DETECTADA,,,,
TX-0025243,CLI-03897,SISTEMA,DEPOSITO_EFECTIVO,256.92,2026-06-07 17:18:22,0,ESTRUCTURACION_SMURFING_DETECTADA,,,,
TX-0020426,CLI-03165,SISTEMA,DEPOSITO_EFECTIVO,10136.93,2026-06-07 17:27:22,0,ESTRUCTURACION_SMURFING_DETECTADA,,,,
TX-0026921,CLI-04149,SISTEMA,DEPOSITO_EFECTIVO,763.0,2026-06-07 17:46:22,0,ESTRUCTURACION_SMURFING_DETECTADA,,,,
TX-0027043,CLI-04168,SISTEMA,DEPOSITO_EFECTIVO,9353.0,2026-06-07 17:49:22,0,ESTRUCTURACION_SMURFING_DETECTADA,,,,
TX-0027499,CLI-04239,SISTEMA,DEPOSITO_EFECTIVO,5971.05,2026-06-07 17:52:22,0,ESTRUCTURACION_SMURFING_DETECTADA,,,,
TX-0029086,CLI-04477,SISTEMA,DEPOSITO_EFECTIVO,6103.61,2026-06-07 18:05:22,0,ESTRUCTURACION_SMURFING_DETECTADA,,,,
TX-0001418,CLI-00214,SISTEMA,DEPOSITO_EFECTIVO,1315.0,2026-06-07 18:18:22,0,ESTRUCTURACION_SMURFING_DETECTADA,,,,
TX-0019887,CLI-03083,SISTEMA,DEPOSITO_EFECTIVO,3846.73,2026-06-07 18:33:22,0,ESTRUCTURACION_SMURFING_DETECTADA,,,,
TX-0028342,CLI-04361,SISTEMA,DEPOSITO_EFECTIVO,327.46,2026-06-07 18:49:22,0,ESTRUCTURACION_SMURFING_DETECTADA,,,,
TX-0020707,CLI-03205,SISTEMA,DEPOSITO_EFECTIVO,1130.17,2026-06-07 18:51:22,0,ESTRUCTURACION_SMURFING_DETECTADA,,,,
TX-0023820,CLI-03681,SISTEMA,DEPOSITO_EFECTIVO,8491.11,2026-06-07 18:53:22,0,ESTRUCTURACION_SMURFING_DETECTADA,,,,
TX-0006436,CLI-00992,SISTEMA,DEPOSITO_EFECTIVO,4984.51,2026-06-07 18:59:22,0,ESTRUCTURACION_SMURFING_DETECTADA,,,,
TX-0001923,CLI-00288,SISTEMA,DEPOSITO_EFECTIVO,3596.21,2026-06-07 19:18:22,0,ESTRUCTURACION_SMURFING_DETECTADA,,,,
TX-0017616,CLI-02728,SISTEMA,DEPOSITO_EFECTIVO,275.44,2026-06-07 19:18:22,0,ESTRUCTURACION_SMURFING_DETECTADA,,,,
TX-0001912,CLI-00285,SISTEMA,DEPOSITO_EFECTIVO,12072.78,2026-06-07 19:25:22,0,ESTRUCTURACION_SMURFING_DETECTADA,,,,
TX-0022896,CLI-03538,SISTEMA,DEPOSITO_EFECTIVO,655.33,2026-06-07 19:33:22,0,ESTRUCTURACION_SMURFING_DETECTADA,,,,
TX-0017319,CLI-02683,SISTEMA,DEPOSITO_EFECTIVO,323.3,2026-06-07 19:34:22,0,ESTRUCTURACION_SMURFING_DETECTADA,,,,
TX-0023307,CLI-03601,SISTEMA,DEPOSITO_EFECTIVO,458.65,2026-06-07 19:38:22,0,ESTRUCTURACION_SMURFING_DETECTADA,,,,
TX-0006472,CLI-00998,SISTEMA,DEPOSITO_EFECTIVO,2168.07,2026-06-07 19:52:22,0,ESTRUCTURACION_SMURFING_DETECTADA,,,,
TX-0029238,CLI-04502,SISTEMA,DEPOSITO_EFECTIVO,4664.4,2026-06-07 20:00:22,0,ESTRUCTURACION_SMURFING_DETECTADA,,,,
TX-0004236,CLI-00648,SISTEMA,DEPOSITO_EFECTIVO,5137.92,2026-06-07 20:05:22,0,ESTRUCTURACION_SMURFING_DETECTADA,,,,
TX-0000201,CLI-00030,SISTEMA,DEPOSITO_EFECTIVO,3934.44,2026-06-07 20:06:22,0,ESTRUCTURACION_SMURFING_DETECTADA,,,,
TX-0026659,CLI-04104,SISTEMA,DEPOSITO_EFECTIVO,305.03,2026-06-07 20:25:22,0,ESTRUCTURACION_SMURFING_DETECTADA,,,,
TX-0005680,CLI-00872,SISTEMA,DEPOSITO_EFECTIVO,3537.22,2026-06-07 20:27:22,0,ESTRUCTURACION_SMURFING_DETECTADA,,,,
TX-0028539,CLI-04392,SISTEMA,DEPOSITO_EFECTIVO,156.13,2026-06-07 20:27:22,0,ESTRUCTURACION_SMURFING_DETECTADA,,,,
TX-0027012,CLI-04163,SISTEMA,DEPOSITO_EFECTIVO,2494.79,2026-06-07 20:28:22,0,ESTRUCTURACION_SMURFING_DETECTADA,,,,
TX-0030365,CLI-04677,SISTEMA,DEPOSITO_EFECTIVO,831.18,2026-06-07 20:32:22,0,ESTRUCTURACION_SMURFING_DETECTADA,,,,
TX-0010237,CLI-01573,SISTEMA,DEPOSITO_EFECTIVO,747.21,2026-06-07 20:44:22,0,ESTRUCTURACION_SMURFING_DETECTADA,,,,
TX-0001137,CLI-00171,SISTEMA,DEPOSITO_EFECTIVO,289.63,2026-06-07 20:47:22,0,ESTRUCTURACION_SMURFING_DETECTADA,,,,
TX-0009426,CLI-01448,SISTEMA,DEPOSITO_EFECTIVO,1901.3,2026-06-07 20:58:22,0,ESTRUCTURACION_SMURFING_DETECTADA,,,,
TX-0029279,CLI-04507,SISTEMA,DEPOSITO_EFECTIVO,261.07,2026-06-07 21:11:22,0,ESTRUCTURACION_SMURFING_DETECTADA,,,,
TX-0005739,CLI-00881,SISTEMA,DEPOSITO_EFECTIVO,10155.04,2026-06-07 21:22:22,0,ESTRUCTURACION_SMURFING_DETECTADA,,,,
TX-0023319,CLI-03603,SISTEMA,DEPOSITO_EFECTIVO,2415.48,2026-06-07 21:31:22,0,ESTRUCTURACION_SMURFING_DETECTADA,,,,
TX-0007924,CLI-01219,SISTEMA,DEPOSITO_EFECTIVO,95.09,2026-06-07 21:32:22,0,ESTRUCTURACION_SMURFING_DETECTADA,,,,
TX-0026315,CLI-04053,SISTEMA,DEPOSITO_EFECTIVO,138.99,2026-06-07 21:37:22,0,ESTRUCTURACION_SMURFING_DETECTADA,,,,
TX-0024471,CLI-03777,SISTEMA,DEPOSITO_EFECTIVO,3494.73,2026-06-07 22:04:22,0,ESTRUCTURACION_SMURFING_DETECTADA,,,,
TX-0032064,CLI-04928,SISTEMA,DEPOSITO_EFECTIVO,5281.49,2026-06-07 22:16:22,0,ESTRUCTURACION_SMURFING_DETECTADA,,,,
TX-0008749,CLI-01342,SISTEMA,DEPOSITO_EFECTIVO,10686.56,2026-06-07 22:33:22,0,ESTRUCTURACION_SMURFING_DETECTADA,,,,
TX-0017703,CLI-02741,SISTEMA,DEPOSITO_EFECTIVO,4410.59,2026-06-07 22:47:22,0,ESTRUCTURACION_SMURFING_DETECTADA,,,,
TX-0008179,CLI-01260,SISTEMA,DEPOSITO_EFECTIVO,5285.18,2026-06-07 23:01:22,0,ESTRUCTURACION_SMURFING_DETECTADA,,,,
TX-0003345,CLI-00506,SISTEMA,DEPOSITO_EFECTIVO,523.16,2026-06-07 23:05:22,0,ESTRUCTURACION_SMURFING_DETECTADA,,,,
TX-0017682,CLI-02739,SISTEMA,DEPOSITO_EFECTIVO,856.26,2026-06-07 23:07:22,0,ESTRUCTURACION_SMURFING_DETECTADA,,,,
TX-0018909,CLI-02923,SISTEMA,DEPOSITO_EFECTIVO,1393.42,2026-06-07 23:13:22,0,ESTRUCTURACION_SMURFING_DETECTADA,,,,
TX-0000582,CLI-00089,SISTEMA,DEPOSITO_EFECTIVO,504.41,2026-06-07 23:16:22,0,ESTRUCTURACION_SMURFING_DETECTADA,,,,
TX-0018291,CLI-02830,SISTEMA,DEPOSITO_EFECTIVO,942.52,2026-06-07 23:17:22,0,ESTRUCTURACION_SMURFING_DETECTADA,,,,
TX-0026092,CLI-04023,SISTEMA,DEPOSITO_EFECTIVO,1289.91,2026-06-07 23:18:22,0,ESTRUCTURACION_SMURFING_DETECTADA,,,,
TX-0024931,CLI-03848,SISTEMA,DEPOSITO_EFECTIVO,388.81,2026-06-07 23:20:22,0,ESTRUCTURACION_SMURFING_DETECTADA,,,,
TX-0025246,CLI-03897,SISTEMA,DEPOSITO_EFECTIVO,155.41,2026-06-07 23:25:22,0,ESTRUCTURACION_SMURFING_DETECTADA,,,,
TX-0025284,CLI-03901,SISTEMA,DEPOSITO_EFECTIVO,8035.03,2026-06-07 23:27:22,0,ESTRUCTURACION_SMURFING_DETECTADA,,,,
TX-0007817,CLI-01201,SISTEMA,DEPOSITO_EFECTIVO,794.41,2026-06-07 23:33:22,0,ESTRUCTURACION_SMURFING_DETECTADA,,,,
TX-0002659,CLI-00402,SISTEMA,DEPOSITO_EFECTIVO,100.47,2026-06-07 23:42:22,0,ESTRUCTURACION_SMURFING_DETECTADA,,,,
TX-0015608,CLI-02416,SISTEMA,DEPOSITO_EFECTIVO,140.33,2026-06-07 23:48:22,0,ESTRUCTURACION_SMURFING_DETECTADA,,,,
TX-0028076,CLI-04323,SISTEMA,DEPOSITO_EFECTIVO,128.92,2026-06-07 23:50:22,0,ESTRUCTURACION_SMURFING_DETECTADA,,,,
TX-0006698,CLI-01032,SISTEMA,DEPOSITO_EFECTIVO,833.79,2026-06-07 23:52:22,0,ESTRUCTURACION_SMURFING_DETECTADA,,,,
TX-0032196,CLI-04947,SISTEMA,DEPOSITO_EFECTIVO,3278.09,2026-06-07 23:53:22,0,ESTRUCTURACION_SMURFING_DETECTADA,,,,
TX-0031370,CLI-04825,SISTEMA,DEPOSITO_EFECTIVO,2121.23,2026-06-08 00:02:22,0,ESTRUCTURACION_SMURFING_DETECTADA,,,,
TX-0028940,CLI-04455,SISTEMA,DEPOSITO_EFECTIVO,734.19,2026-06-08 00:02:22,0,ESTRUCTURACION_SMURFING_DETECTADA,,,,
TX-0012960,CLI-02004,SISTEMA,DEPOSITO_EFECTIVO,1535.53,2026-06-08 00:11:22,0,ESTRUCTURACION_SMURFING_DETECTADA,,,,
TX-0006998,CLI-01079,SISTEMA,DEPOSITO_EFECTIVO,177.5,2026-06-08 00:13:22,0,ESTRUCTURACION_SMURFING_DETECTADA,,,,
TX-0013874,CLI-02149,SISTEMA,DEPOSITO_EFECTIVO,589.58,2026-06-08 00:16:22,0,ESTRUCTURACION_SMURFING_DETECTADA,,,,
TX-0024393,CLI-03765,SISTEMA,DEPOSITO_EFECTIVO,1744.64,2026-06-08 00:16:22,0,ESTRUCTURACION_SMURFING_DETECTADA,,,,
TX-0013834,CLI-02144,SISTEMA,DEPOSITO_EFECTIVO,5565.12,2026-06-08 00:20:22,0,ESTRUCTURACION_SMURFING_DETECTADA,,,,
TX-0015202,CLI-02354,SISTEMA,DEPOSITO_EFECTIVO,223.53,2026-06-08 00:28:22,0,ESTRUCTURACION_SMURFING_DETECTADA,,,,
TX-0007021,CLI-01083,SISTEMA,DEPOSITO_EFECTIVO,2188.58,2026-06-08 00:31:22,0,ESTRUCTURACION_SMURFING_DETECTADA,,,,
TX-0020716,CLI-03206,SISTEMA,DEPOSITO_EFECTIVO,1173.3,2026-06-08 00:33:22,0,ESTRUCTURACION_SMURFING_DETECTADA,,,,
TX-0002468,CLI-00374,SISTEMA,DEPOSITO_EFECTIVO,1083.04,2026-06-08 00:38:22,0,ESTRUCTURACION_SMURFING_DETECTADA,,,,
TX-0029502,CLI-04541,SISTEMA,DEPOSITO_EFECTIVO,5459.0,2026-06-08 00:40:22,0,ESTRUCTURACION_SMURFING_DETECTADA,,,,
TX-0009827,CLI-01508,SISTEMA,DEPOSITO_EFECTIVO,8596.96,2026-06-08 00:51:22,0,ESTRUCTURACION_SMURFING_DETECTADA,,,,
TX-0019970,CLI-03097,SISTEMA,DEPOSITO_EFECTIVO,2630.34,2026-06-08 00:52:22,0,ESTRUCTURACION_SMURFING_DETECTADA,,,,
TX-0015077,CLI-02336,SISTEMA,DEPOSITO_EFECTIVO,352.23,2026-06-08 01:08:22,0,ESTRUCTURACION_SMURFING_DETECTADA,,,,
TX-0004824,CLI-00746,SISTEMA,DEPOSITO_EFECTIVO,499.32,2026-06-08 01:17:22,0,ESTRUCTURACION_SMURFING_DETECTADA,,,,
TX-0028250,CLI-04348,SISTEMA,DEPOSITO_EFECTIVO,151.87,2026-06-08 01:18:22,0,ESTRUCTURACION_SMURFING_DETECTADA,,,,
TX-0027010,CLI-04162,SISTEMA,DEPOSITO_EFECTIVO,1884.01,2026-06-08 01:18:22,0,ESTRUCTURACION_SMURFING_DETECTADA,,,,
TX-0030122,CLI-04641,SISTEMA,DEPOSITO_EFECTIVO,1990.77,2026-06-08 01:29:22,0,ESTRUCTURACION_SMURFING_DETECTADA,,,,
TX-0012160,CLI-01877,SISTEMA,DEPOSITO_EFECTIVO,813.81,2026-06-08 01:37:22,0,ESTRUCTURACION_SMURFING_DETECTADA,,,,
TX-0004030,CLI-00615,SISTEMA,DEPOSITO_EFECTIVO,12515.86,2026-06-08 01:47:22,0,ESTRUCTURACION_SMURFING_DETECTADA,,,,
TX-0019248,CLI-02982,SISTEMA,DEPOSITO_EFECTIVO,779.64,2026-06-08 01:57:22,0,ESTRUCTURACION_SMURFING_DETECTADA,,,,
TX-0005162,CLI-00796,SISTEMA,DEPOSITO_EFECTIVO,12311.99,2026-06-08 02:15:22,0,ESTRUCTURACION_SMURFING_DETECTADA,,,,
TX-0004553,CLI-00698,SISTEMA,DEPOSITO_EFECTIVO,2270.41,2026-06-08 02:37:22,0,ESTRUCTURACION_SMURFING_DETECTADA,,,,
TX-0002876,CLI-00437,SISTEMA,DEPOSITO_EFECTIVO,4443.77,2026-06-08 02:53:22,0,ESTRUCTURACION_SMURFING_DETECTADA,,,,
TX-0030588,CLI-04709,SISTEMA,DEPOSITO_EFECTIVO,141.75,2026-06-08 03:04:22,0,ESTRUCTURACION_SMURFING_DETECTADA,,,,
TX-0025574,CLI-03946,SISTEMA,DEPOSITO_EFECTIVO,11479.84,2026-06-08 03:06:22,0,ESTRUCTURACION_SMURFING_DETECTADA,,,,
TX-0024757,CLI-03821,SISTEMA,DEPOSITO_EFECTIVO,1815.84,2026-06-08 03:14:22,0,ESTRUCTURACION_SMURFING_DETECTADA,,,,
TX-0014260,CLI-02208,SISTEMA,DEPOSITO_EFECTIVO,560.74,2026-06-08 03:16:22,0,ESTRUCTURACION_SMURFING_DETECTADA,,,,
TX-0013094,CLI-02026,SISTEMA,DEPOSITO_EFECTIVO,494.59,2026-06-08 03:18:22,0,ESTRUCTURACION_SMURFING_DETECTADA,,,,
TX-0019090,CLI-02954,SISTEMA,DEPOSITO_EFECTIVO,142.14,2026-06-08 03:20:22,0,ESTRUCTURACION_SMURFING_DETECTADA,,,,
TX-0024611,CLI-03797,SISTEMA,DEPOSITO_EFECTIVO,1376.23,2026-06-08 03:24:22,0,ESTRUCTURACION_SMURFING_DETECTADA,,,,
TX-0028020,CLI-04315,SISTEMA,DEPOSITO_EFECTIVO,5579.2,2026-06-08 03:25:22,0,ESTRUCTURACION_SMURFING_DETECTADA,,,,
TX-0030909,CLI-04758,SISTEMA,DEPOSITO_EFECTIVO,1495.02,2026-06-08 04:02:22,0,ESTRUCTURACION_SMURFING_DETECTADA,,,,
TX-0007616,CLI-01171,SISTEMA,DEPOSITO_EFECTIVO,610.93,2026-06-08 04:06:22,0,ESTRUCTURACION_SMURFING_DETECTADA,,,,
TX-0019097,CLI-02955,SISTEMA,DEPOSITO_EFECTIVO,11986.31,2026-06-08 04:15:22,0,ESTRUCTURACION_SMURFING_DETECTADA,,,,
TX-0009878,CLI-01515,SISTEMA,DEPOSITO_EFECTIVO,1596.75,2026-06-08 04:35:22,0,ESTRUCTURACION_SMURFING_DETECTADA,,,,
TX-0030070,CLI-04633,SISTEMA,DEPOSITO_EFECTIVO,9797.11,2026-06-08 04:52:22,0,ESTRUCTURACION_SMURFING_DETECTADA,,,,
TX-0012425,CLI-01917,SISTEMA,DEPOSITO_EFECTIVO,1306.74,2026-06-08 04:52:22,0,ESTRUCTURACION_SMURFING_DETECTADA,,,,
TX-0008042,CLI-01238,SISTEMA,DEPOSITO_EFECTIVO,2794.26,2026-06-08 05:03:22,0,ESTRUCTURACION_SMURFING_DETECTADA,,,,
TX-0014534,CLI-02254,SISTEMA,DEPOSITO_EFECTIVO,132.38,2026-06-08 05:07:22,0,ESTRUCTURACION_SMURFING_DETECTADA,,,,
TX-0004818,CLI-00745,SISTEMA,DEPOSITO_EFECTIVO,2158.03,2026-06-08 05:15:22,0,ESTRUCTURACION_SMURFING_DETECTADA,,,,
TX-0015224,CLI-02357,SISTEMA,DEPOSITO_EFECTIVO,186.49,2026-06-08 05:39:22,0,ESTRUCTURACION_SMURFING_DETECTADA,,,,
TX-0009646,CLI-01482,SISTEMA,DEPOSITO_EFECTIVO,435.22,2026-06-08 05:50:22,0,ESTRUCTURACION_SMURFING_DETECTADA,,,,
TX-0014131,CLI-02186,SISTEMA,DEPOSITO_EFECTIVO,270.58,2026-06-08 05:51:22,0,ESTRUCTURACION_SMURFING_DETECTADA,,,,
TX-0017529,CLI-02716,SISTEMA,DEPOSITO_EFECTIVO,1075.02,2026-06-08 05:56:22,0,ESTRUCTURACION_SMURFING_DETECTADA,,,,
TX-0024700,CLI-03811,SISTEMA,DEPOSITO_EFECTIVO,6011.39,2026-06-08 06:00:22,0,ESTRUCTURACION_SMURFING_DETECTADA,,,,
TX-0031333,CLI-04820,SISTEMA,DEPOSITO_EFECTIVO,208.79,2026-06-08 06:14:22,0,ESTRUCTURACION_SMURFING_DETECTADA,,,,
TX-0024418,CLI-03769,SISTEMA,DEPOSITO_EFECTIVO,5943.06,2026-06-08 06:14:22,0,ESTRUCTURACION_SMURFING_DETECTADA,,,,
TX-0005018,CLI-00775,SISTEMA,DEPOSITO_EFECTIVO,6138.47,2026-06-08 06:17:22,0,ESTRUCTURACION_SMURFING_DETECTADA,,,,
TX-0032535,CLI-04996,SISTEMA,DEPOSITO_EFECTIVO,745.51,2026-06-08 06:29:22,0,ESTRUCTURACION_SMURFING_DETECTADA,,,,
TX-0024664,CLI-03805,SISTEMA,DEPOSITO_EFECTIVO,5079.55,2026-06-08 06:38:22,0,ESTRUCTURACION_SMURFING_DETECTADA,,,,
TX-0012299,CLI-01899,SISTEMA,DEPOSITO_EFECTIVO,136.06,2026-06-08 06:39:22,0,ESTRUCTURACION_SMURFING_DETECTADA,,,,
TX-0006456,CLI-00995,SISTEMA,DEPOSITO_EFECTIVO,109.97,2026-06-08 06:42:22,0,ESTRUCTURACION_SMURFING_DETECTADA,,,,
TX-0013399,CLI-02077,SISTEMA,DEPOSITO_EFECTIVO,2125.26,2026-06-08 06:44:22,0,ESTRUCTURACION_SMURFING_DETECTADA,,,,
TX-0031182,CLI-04798,SISTEMA,DEPOSITO_EFECTIVO,10332.58,2026-06-08 06:44:22,0,ESTRUCTURACION_SMURFING_DETECTADA,,,,
TX-0000799,CLI-00122,SISTEMA,DEPOSITO_EFECTIVO,2684.06,2026-06-08 07:04:22,0,ESTRUCTURACION_SMURFING_DETECTADA,,,,
TX-0002663,CLI-00403,SISTEMA,DEPOSITO_EFECTIVO,3134.81,2026-06-08 07:06:22,0,ESTRUCTURACION_SMURFING_DETECTADA,,,,
TX-0029914,CLI-04608,SISTEMA,DEPOSITO_EFECTIVO,417.88,2026-06-08 07:08:22,0,ESTRUCTURACION_SMURFING_DETECTADA,,,,
TX-0014585,CLI-02261,SISTEMA,DEPOSITO_EFECTIVO,181.47,2026-06-08 07:12:22,0,ESTRUCTURACION_SMURFING_DETECTADA,,,,
TX-0016875,CLI-02613,SISTEMA,DEPOSITO_EFECTIVO,4232.84,2026-06-08 07:12:22,0,ESTRUCTURACION_SMURFING_DETECTADA,,,,
TX-0027805,CLI-04282,SISTEMA,DEPOSITO_EFECTIVO,1297.76,2026-06-08 07:18:22,0,ESTRUCTURACION_SMURFING_DETECTADA,,,,
TX-0006554,CLI-01009,SISTEMA,DEPOSITO_EFECTIVO,956.19,2026-06-08 07:24:22,0,ESTRUCTURACION_SMURFING_DETECTADA,,,,
TX-0025139,CLI-03880,SISTEMA,DEPOSITO_EFECTIVO,158.18,2026-06-08 07:46:22,0,ESTRUCTURACION_SMURFING_DETECTADA,,,,
TX-0001809,CLI-00271,SISTEMA,DEPOSITO_EFECTIVO,1683.78,2026-06-08 08:02:22,0,ESTRUCTURACION_SMURFING_DETECTADA,,,,
TX-0026510,CLI-04082,SISTEMA,DEPOSITO_EFECTIVO,3687.01,2026-06-08 08:10:22,0,ESTRUCTURACION_SMURFING_DETECTADA,,,,
TX-0001647,CLI-00249,SISTEMA,DEPOSITO_EFECTIVO,258.3,2026-06-08 08:15:22,0,ESTRUCTURACION_SMURFING_DETECTADA,,,,
TX-0003067,CLI-00466,SISTEMA,DEPOSITO_EFECTIVO,1233.56,2026-06-08 08:21:22,0,ESTRUCTURACION_SMURFING_DETECTADA,,,,
TX-0018054,CLI-02793,SISTEMA,DEPOSITO_EFECTIVO,91.82,2026-06-08 08:23:22,0,ESTRUCTURACION_SMURFING_DETECTADA,,,,
TX-0010933,CLI-01683,SISTEMA,DEPOSITO_EFECTIVO,751.95,2026-06-08 08:37:22,0,ESTRUCTURACION_SMURFING_DETECTADA,,,,
TX-0023422,CLI-03618,SISTEMA,DEPOSITO_EFECTIVO,626.73,2026-06-08 08:40:22,0,ESTRUCTURACION_SMURFING_DETECTADA,,,,
TX-0002903,CLI-00441,SISTEMA,DEPOSITO_EFECTIVO,2432.52,2026-06-08 08:41:22,0,ESTRUCTURACION_SMURFING_DETECTADA,,,,
TX-0004681,CLI-00722,SISTEMA,DEPOSITO_EFECTIVO,182.99,2026-06-08 08:41:22,0,ESTRUCTURACION_SMURFING_DETECTADA,,,,
TX-0010441,CLI-01603,SISTEMA,DEPOSITO_EFECTIVO,106.91,2026-06-08 08:45:22,0,ESTRUCTURACION_SMURFING_DETECTADA,,,,
TX-0013262,CLI-02053,SISTEMA,DEPOSITO_EFECTIVO,11059.77,2026-06-08 08:48:22,0,ESTRUCTURACION_SMURFING_DETECTADA,,,,
TX-0006274,CLI-00966,SISTEMA,DEPOSITO_EFECTIVO,533.84,2026-06-08 08:49:22,0,ESTRUCTURACION_SMURFING_DETECTADA,,,,
TX-0032461,CLI-04986,SISTEMA,DEPOSITO_EFECTIVO,226.51,2026-06-08 08:59:22,0,ESTRUCTURACION_SMURFING_DETECTADA,,,,
TX-0019664,CLI-03047,SISTEMA,DEPOSITO_EFECTIVO,10453.61,2026-06-08 09:07:22,0,ESTRUCTURACION_SMURFING_DETECTADA,,,,
TX-0008447,CLI-01297,SISTEMA,DEPOSITO_EFECTIVO,1982.98,2026-06-08 09:24:22,0,ESTRUCTURACION_SMURFING_DETECTADA,,,,
TX-0001635,CLI-00247,SISTEMA,DEPOSITO_EFECTIVO,1683.74,2026-06-08 09:42:22,0,ESTRUCTURACION_SMURFING_DETECTADA,,,,
TX-0001800,CLI-00270,SISTEMA,DEPOSITO_EFECTIVO,2952.76,2026-06-08 09:44:22,0,ESTRUCTURACION_SMURFING_DETECTADA,,,,
TX-0016387,CLI-02539,SISTEMA,DEPOSITO_EFECTIVO,147.5,2026-06-08 10:22:22,0,ESTRUCTURACION_SMURFING_DETECTADA,,,,
TX-0016140,CLI-02497,SISTEMA,DEPOSITO_EFECTIVO,246.13,2026-06-08 10:26:22,0,ESTRUCTURACION_SMURFING_DETECTADA,,,,
TX-0030872,CLI-04752,SISTEMA,DEPOSITO_EFECTIVO,563.51,2026-06-08 10:35:22,0,ESTRUCTURACION_SMURFING_DETECTADA,,,,
TX-0019628,CLI-03043,SISTEMA,DEPOSITO_EFECTIVO,449.64,2026-06-08 10:36:22,0,ESTRUCTURACION_SMURFING_DETECTADA,,,,
TX-0015449,CLI-02393,SISTEMA,DEPOSITO_EFECTIVO,1864.28,2026-06-08 10:43:22,0,ESTRUCTURACION_SMURFING_DETECTADA,,,,
TX-0006804,CLI-01050,SISTEMA,DEPOSITO_EFECTIVO,6567.36,2026-06-08 10:50:22,0,ESTRUCTURACION_SMURFING_DETECTADA,,,,
TX-0007684,CLI-01181,SISTEMA,DEPOSITO_EFECTIVO,914.3,2026-06-08 11:02:22,0,ESTRUCTURACION_SMURFING_DETECTADA,,,,
TX-0003575,CLI-00541,SISTEMA,DEPOSITO_EFECTIVO,155.18,2026-06-08 11:29:22,0,ESTRUCTURACION_SMURFING_DETECTADA,,,,
TX-0006649,CLI-01025,SISTEMA,DEPOSITO_EFECTIVO,1521.89,2026-06-08 11:34:22,0,ESTRUCTURACION_SMURFING_DETECTADA,,,,
TX-0014160,CLI-02192,SISTEMA,DEPOSITO_EFECTIVO,1905.58,2026-06-08 11:34:22,0,ESTRUCTURACION_SMURFING_DETECTADA,,,,
TX-0010713,CLI-01651,SISTEMA,DEPOSITO_EFECTIVO,3530.74,2026-06-08 11:35:22,0,ESTRUCTURACION_SMURFING_DETECTADA,,,,
TX-0013091,CLI-02025,SISTEMA,DEPOSITO_EFECTIVO,873.21,2026-06-08 11:37:22,0,ESTRUCTURACION_SMURFING_DETECTADA,,,,
TX-0025209,CLI-03892,SISTEMA,DEPOSITO_EFECTIVO,849.76,2026-06-08 11:50:22,0,ESTRUCTURACION_SMURFING_DETECTADA,,,,
TX-0004702,CLI-00726,SISTEMA,DEPOSITO_EFECTIVO,4128.66,2026-06-08 12:12:22,0,ESTRUCTURACION_SMURFING_DETECTADA,,,,
TX-0019250,CLI-02982,SISTEMA,DEPOSITO_EFECTIVO,732.11,2026-06-08 12:24:22,0,ESTRUCTURACION_SMURFING_DETECTADA,,,,
TX-0023634,CLI-03652,SISTEMA,DEPOSITO_EFECTIVO,1581.45,2026-06-08 12:25:22,0,ESTRUCTURACION_SMURFING_DETECTADA,,,,
TX-0000052,CLI-00008,SISTEMA,DEPOSITO_EFECTIVO,289.6,2026-06-08 12:26:22,0,ESTRUCTURACION_SMURFING_DETECTADA,,,,
TX-0009762,CLI-01498,SISTEMA,DEPOSITO_EFECTIVO,2505.53,2026-06-08 12:31:22,0,ESTRUCTURACION_SMURFING_DETECTADA,,,,
TX-0017617,CLI-02728,SISTEMA,DEPOSITO_EFECTIVO,259.07,2026-06-08 12:38:22,0,ESTRUCTURACION_SMURFING_DETECTADA,,,,
TX-0023129,CLI-03574,SISTEMA,DEPOSITO_EFECTIVO,3892.9,2026-06-08 12:39:22,0,ESTRUCTURACION_SMURFING_DETECTADA,,,,
TX-0007644,CLI-01176,SISTEMA,DEPOSITO_EFECTIVO,9887.87,2026-06-08 12:49:22,0,ESTRUCTURACION_SMURFING_DETECTADA,,,,
TX-0005672,CLI-00871,SISTEMA,DEPOSITO_EFECTIVO,9011.9,2026-06-08 12:50:22,0,ESTRUCTURACION_SMURFING_DETECTADA,,,,
TX-0007636,CLI-01175,SISTEMA,DEPOSITO_EFECTIVO,1026.55,2026-06-08 12:56:22,0,ESTRUCTURACION_SMURFING_DETECTADA,,,,
TX-0011782,CLI-01817,SISTEMA,DEPOSITO_EFECTIVO,707.32,2026-06-08 12:59:22,0,ESTRUCTURACION_SMURFING_DETECTADA,,,,
TX-0016930,CLI-02623,SISTEMA,DEPOSITO_EFECTIVO,4495.81,2026-06-08 13:02:22,0,ESTRUCTURACION_SMURFING_DETECTADA,,,,
TX-0001038,CLI-00157,SISTEMA,DEPOSITO_EFECTIVO,7538.97,2026-06-08 13:18:22,0,ESTRUCTURACION_SMURFING_DETECTADA,,,,
TX-0016995,CLI-02633,SISTEMA,DEPOSITO_EFECTIVO,82.98,2026-06-08 13:18:22,0,ESTRUCTURACION_SMURFING_DETECTADA,,,,
TX-0005690,CLI-00873,SISTEMA,DEPOSITO_EFECTIVO,7742.04,2026-06-08 13:20:22,0,ESTRUCTURACION_SMURFING_DETECTADA,,,,
TX-0019735,CLI-03056,SISTEMA,DEPOSITO_EFECTIVO,876.22,2026-06-08 13:22:22,0,ESTRUCTURACION_SMURFING_DETECTADA,,,,
TX-0029507,CLI-04543,SISTEMA,DEPOSITO_EFECTIVO,549.7,2026-06-08 13:25:22,0,ESTRUCTURACION_SMURFING_DETECTADA,,,,
TX-0032108,CLI-04934,SISTEMA,DEPOSITO_EFECTIVO,3193.3,2026-06-08 13:50:22,0,ESTRUCTURACION_SMURFING_DETECTADA,,,,
TX-0013842,CLI-02145,SISTEMA,DEPOSITO_EFECTIVO,10756.45,2026-06-08 13:50:22,0,ESTRUCTURACION_SMURFING_DETECTADA,,,,
TX-0002207,CLI-00331,SISTEMA,DEPOSITO_EFECTIVO,205.07,2026-06-08 14:20:22,0,ESTRUCTURACION_SMURFING_DETECTADA,,,,
TX-0023808,CLI-03680,SISTEMA,DEPOSITO_EFECTIVO,1247.86,2026-06-08 14:25:22,0,ESTRUCTURACION_SMURFING_DETECTADA,,,,
TX-0006541,CLI-01008,SISTEMA,DEPOSITO_EFECTIVO,9727.75,2026-06-08 14:37:22,0,ESTRUCTURACION_SMURFING_DETECTADA,,,,
TX-0021454,CLI-03318,SISTEMA,DEPOSITO_EFECTIVO,688.85,2026-06-08 14:47:22,0,ESTRUCTURACION_SMURFING_DETECTADA,,,,
TX-0013865,CLI-02148,SISTEMA,DEPOSITO_EFECTIVO,1058.22,2026-06-08 14:48:22,0,ESTRUCTURACION_SMURFING_DETECTADA,,,,
TX-0020784,CLI-03217,SISTEMA,DEPOSITO_EFECTIVO,3286.29,2026-06-08 14:56:22,0,ESTRUCTURACION_SMURFING_DETECTADA,,,,
TX-0010233,CLI-01572,SISTEMA,DEPOSITO_EFECTIVO,5519.12,2026-06-08 14:57:22,0,ESTRUCTURACION_SMURFING_DETECTADA,,,,
TX-0031994,CLI-04917,SISTEMA,DEPOSITO_EFECTIVO,3759.65,2026-06-08 14:58:22,0,ESTRUCTURACION_SMURFING_DETECTADA,,,,
TX-0004807,CLI-00743,SISTEMA,DEPOSITO_EFECTIVO,10872.71,2026-06-08 15:29:22,0,ESTRUCTURACION_SMURFING_DETECTADA,,,,
TX-0009931,CLI-01526,SISTEMA,DEPOSITO_EFECTIVO,8330.87,2026-06-08 15:36:22,0,ESTRUCTURACION_SMURFING_DETECTADA,,,,
TX-0019670,CLI-03047,SISTEMA,DEPOSITO_EFECTIVO,6351.9,2026-06-08 15:47:22,0,ESTRUCTURACION_SMURFING_DETECTADA,,,,
TX-0021187,CLI-03277,SISTEMA,DEPOSITO_EFECTIVO,1565.53,2026-06-08 16:05:22,0,ESTRUCTURACION_SMURFING_DETECTADA,,,,
TX-0025047,CLI-03865,SISTEMA,DEPOSITO_EFECTIVO,304.17,2026-06-08 16:08:22,0,ESTRUCTURACION_SMURFING_DETECTADA,,,,
TX-0020358,CLI-03155,SISTEMA,DEPOSITO_EFECTIVO,10571.9,2026-06-08 16:11:22,0,ESTRUCTURACION_SMURFING_DETECTADA,,,,
TX-0013583,CLI-02105,SISTEMA,DEPOSITO_EFECTIVO,182.25,2026-06-08 16:18:22,0,ESTRUCTURACION_SMURFING_DETECTADA,,,,
TX-0010497,CLI-01611,SISTEMA,DEPOSITO_EFECTIVO,595.48,2026-06-08 16:30:22,0,ESTRUCTURACION_SMURFING_DETECTADA,,,,
TX-0029296,CLI-04509,SISTEMA,DEPOSITO_EFECTIVO,1340.52,2026-06-08 16:39:22,0,ESTRUCTURACION_SMURFING_DETECTADA,,,,
TX-0019377,CLI-03002,SISTEMA,DEPOSITO_EFECTIVO,326.21,2026-06-08 16:53:22,0,ESTRUCTURACION_SMURFING_DETECTADA,,,,
TX-0032164,CLI-04942,SISTEMA,DEPOSITO_EFECTIVO,1140.49,2026-06-08 17:01:22,0,ESTRUCTURACION_SMURFING_DETECTADA,,,,
TX-0014282,CLI-02213,SISTEMA,DEPOSITO_EFECTIVO,740.25,2026-06-08 17:05:22,0,ESTRUCTURACION_SMURFING_DETECTADA,,,,
TX-0031920,CLI-04903,SISTEMA,DEPOSITO_EFECTIVO,1765.81,2026-06-08 17:11:22,0,ESTRUCTURACION_SMURFING_DETECTADA,,,,
TX-0002989,CLI-00455,SISTEMA,DEPOSITO_EFECTIVO,652.66,2026-06-08 17:33:22,0,ESTRUCTURACION_SMURFING_DETECTADA,,,,
TX-0000765,CLI-00118,SISTEMA,DEPOSITO_EFECTIVO,389.68,2026-06-08 17:45:22,0,ESTRUCTURACION_SMURFING_DETECTADA,,,,
TX-0002002,CLI-00302,SISTEMA,DEPOSITO_EFECTIVO,4465.54,2026-06-08 17:47:22,0,ESTRUCTURACION_SMURFING_DETECTADA,,,,
TX-0017836,CLI-02761,SISTEMA,DEPOSITO_EFECTIVO,2134.93,2026-06-08 17:48:22,0,ESTRUCTURACION_SMURFING_DETECTADA,,,,
TX-0018864,CLI-02917,SISTEMA,DEPOSITO_EFECTIVO,2140.73,2026-06-08 17:48:22,0,ESTRUCTURACION_SMURFING_DETECTADA,,,,
TX-0023813,CLI-03680,SISTEMA,DEPOSITO_EFECTIVO,1156.44,2026-06-08 18:04:22,0,ESTRUCTURACION_SMURFING_DETECTADA,,,,
TX-0029385,CLI-04524,SISTEMA,DEPOSITO_EFECTIVO,6342.0,2026-06-08 18:04:22,0,ESTRUCTURACION_SMURFING_DETECTADA,,,,
TX-0013785,CLI-02137,SISTEMA,DEPOSITO_EFECTIVO,1309.93,2026-06-08 18:07:22,0,ESTRUCTURACION_SMURFING_DETECTADA,,,,
TX-0021345,CLI-03298,SISTEMA,DEPOSITO_EFECTIVO,1041.25,2026-06-08 18:14:22,0,ESTRUCTURACION_SMURFING_DETECTADA,,,,
TX-0008022,CLI-01235,SISTEMA,DEPOSITO_EFECTIVO,1726.03,2026-06-08 18:19:22,0,ESTRUCTURACION_SMURFING_DETECTADA,,,,
TX-0032312,CLI-04963,SISTEMA,DEPOSITO_EFECTIVO,3743.7,2026-06-08 18:28:22,0,ESTRUCTURACION_SMURFING_DETECTADA,,,,
TX-0016678,CLI-02583,SISTEMA,DEPOSITO_EFECTIVO,1858.03,2026-06-08 18:30:22,0,ESTRUCTURACION_SMURFING_DETECTADA,,,,
TX-0008378,CLI-01289,SISTEMA,DEPOSITO_EFECTIVO,171.15,2026-06-08 18:36:22,0,ESTRUCTURACION_SMURFING_DETECTADA,,,,
TX-0000844,CLI-00129,SISTEMA,DEPOSITO_EFECTIVO,240.62,2026-06-08 18:42:22,0,ESTRUCTURACION_SMURFING_DETECTADA,,,,
TX-0016936,CLI-02624,SISTEMA,DEPOSITO_EFECTIVO,152.41,2026-06-08 18:42:22,0,ESTRUCTURACION_SMURFING_DETECTADA,,,,
TX-0026498,CLI-04080,SISTEMA,DEPOSITO_EFECTIVO,5995.58,2026-06-08 18:44:22,0,ESTRUCTURACION_SMURFING_DETECTADA,,,,
TX-0023784,CLI-03676,SISTEMA,DEPOSITO_EFECTIVO,930.55,2026-06-08 19:03:22,0,ESTRUCTURACION_SMURFING_DETECTADA,,,,
TX-0020686,CLI-03203,SISTEMA,DEPOSITO_EFECTIVO,12672.28,2026-06-08 19:04:22,0,ESTRUCTURACION_SMURFING_DETECTADA,,,,
TX-0020520,CLI-03179,SISTEMA,DEPOSITO_EFECTIVO,1637.38,2026-06-08 19:07:22,0,ESTRUCTURACION_SMURFING_DETECTADA,,,,
TX-0007899,CLI-01215,SISTEMA,DEPOSITO_EFECTIVO,482.38,2026-06-08 19:15:22,0,ESTRUCTURACION_SMURFING_DETECTADA,,,,
TX-0026343,CLI-04057,SISTEMA,DEPOSITO_EFECTIVO,785.29,2026-06-08 19:15:22,0,ESTRUCTURACION_SMURFING_DETECTADA,,,,
TX-0025977,CLI-04005,SISTEMA,DEPOSITO_EFECTIVO,5881.28,2026-06-08 19:24:22,0,ESTRUCTURACION_SMURFING_DETECTADA,,,,
TX-0002308,CLI-00349,SISTEMA,DEPOSITO_EFECTIVO,3476.7,2026-06-08 19:45:22,0,ESTRUCTURACION_SMURFING_DETECTADA,,,,
TX-0002474,CLI-00375,SISTEMA,DEPOSITO_EFECTIVO,265.48,2026-06-08 20:03:22,0,ESTRUCTURACION_SMURFING_DETECTADA,,,,
TX-0023356,CLI-03608,SISTEMA,DEPOSITO_EFECTIVO,598.75,2026-06-08 20:12:22,0,ESTRUCTURACION_SMURFING_DETECTADA,,,,
TX-0025743,CLI-03971,SISTEMA,DEPOSITO_EFECTIVO,944.76,2026-06-08 20:17:22,0,ESTRUCTURACION_SMURFING_DETECTADA,,,,
TX-0011269,CLI-01735,SISTEMA,DEPOSITO_EFECTIVO,74.13,2026-06-08 20:24:22,0,ESTRUCTURACION_SMURFING_DETECTADA,,,,
TX-0018131,CLI-02805,SISTEMA,DEPOSITO_EFECTIVO,156.71,2026-06-08 20:34:22,0,ESTRUCTURACION_SMURFING_DETECTADA,,,,
TX-0009333,CLI-01433,SISTEMA,DEPOSITO_EFECTIVO,219.84,2026-06-08 20:37:22,0,ESTRUCTURACION_SMURFING_DETECTADA,,,,
TX-0003882,CLI-00590,SISTEMA,DEPOSITO_EFECTIVO,2936.38,2026-06-08 20:39:22,0,ESTRUCTURACION_SMURFING_DETECTADA,,,,
TX-0019433,CLI-03012,SISTEMA,DEPOSITO_EFECTIVO,342.48,2026-06-08 20:47:22,0,ESTRUCTURACION_SMURFING_DETECTADA,,,,
TX-0004267,CLI-00652,SISTEMA,DEPOSITO_EFECTIVO,3621.35,2026-06-08 20:55:22,0,ESTRUCTURACION_SMURFING_DETECTADA,,,,
TX-0022626,CLI-03496,SISTEMA,DEPOSITO_EFECTIVO,496.97,2026-06-08 21:12:22,0,ESTRUCTURACION_SMURFING_DETECTADA,,,,
TX-0003394,CLI-00514,SISTEMA,DEPOSITO_EFECTIVO,5433.24,2026-06-08 21:44:22,0,ESTRUCTURACION_SMURFING_DETECTADA,,,,
TX-0031965,CLI-04912,SISTEMA,DEPOSITO_EFECTIVO,156.6,2026-06-08 21:45:22,0,ESTRUCTURACION_SMURFING_DETECTADA,,,,
TX-0030594,CLI-04710,SISTEMA,DEPOSITO_EFECTIVO,6006.41,2026-06-08 21:46:22,0,ESTRUCTURACION_SMURFING_DETECTADA,,,,
TX-0011258,CLI-01733,SISTEMA,DEPOSITO_EFECTIVO,254.04,2026-06-08 21:46:22,0,ESTRUCTURACION_SMURFING_DETECTADA,,,,
TX-0008948,CLI-01374,SISTEMA,DEPOSITO_EFECTIVO,1519.44,2026-06-08 21:47:22,0,ESTRUCTURACION_SMURFING_DETECTADA,,,,
TX-0010987,CLI-01693,SISTEMA,DEPOSITO_EFECTIVO,557.99,2026-06-08 21:48:22,0,ESTRUCTURACION_SMURFING_DETECTADA,,,,
TX-0021334,CLI-03297,SISTEMA,DEPOSITO_EFECTIVO,1550.33,2026-06-08 21:49:22,0,ESTRUCTURACION_SMURFING_DETECTADA,,,,
TX-0018175,CLI-02812,SISTEMA,DEPOSITO_EFECTIVO,4933.53,2026-06-08 22:01:22,0,ESTRUCTURACION_SMURFING_DETECTADA,,,,
TX-0009223,CLI-01417,SISTEMA,DEPOSITO_EFECTIVO,623.49,2026-06-08 22:11:22,0,ESTRUCTURACION_SMURFING_DETECTADA,,,,
TX-0009541,CLI-01465,SISTEMA,DEPOSITO_EFECTIVO,573.14,2026-06-08 22:46:22,0,ESTRUCTURACION_SMURFING_DETECTADA,,,,
TX-0013150,CLI-02033,SISTEMA,DEPOSITO_EFECTIVO,4006.23,2026-06-08 22:58:22,0,ESTRUCTURACION_SMURFING_DETECTADA,,,,
TX-0013612,CLI-02111,SISTEMA,DEPOSITO_EFECTIVO,477.07,2026-06-08 23:17:22,0,ESTRUCTURACION_SMURFING_DETECTADA,,,,
TX-0024600,CLI-03796,SISTEMA,DEPOSITO_EFECTIVO,4997.52,2026-06-08 23:17:22,0,ESTRUCTURACION_SMURFING_DETECTADA,,,,
TX-0012297,CLI-01898,SISTEMA,DEPOSITO_EFECTIVO,1586.33,2026-06-08 23:19:22,0,ESTRUCTURACION_SMURFING_DETECTADA,,,,
TX-0021978,CLI-03395,SISTEMA,DEPOSITO_EFECTIVO,4821.55,2026-06-08 23:22:22,0,ESTRUCTURACION_SMURFING_DETECTADA,,,,
TX-0026122,CLI-04027,SISTEMA,DEPOSITO_EFECTIVO,566.36,2026-06-08 23:23:22,0,ESTRUCTURACION_SMURFING_DETECTADA,,,,
TX-0015609,CLI-02416,SISTEMA,DEPOSITO_EFECTIVO,377.54,2026-06-08 23:26:22,0,ESTRUCTURACION_SMURFING_DETECTADA,,,,
TX-0031999,CLI-04918,SISTEMA,DEPOSITO_EFECTIVO,1004.55,2026-06-08 23:29:22,0,ESTRUCTURACION_SMURFING_DETECTADA,,,,
TX-0015715,CLI-02431,SISTEMA,DEPOSITO_EFECTIVO,1062.19,2026-06-08 23:46:22,0,ESTRUCTURACION_SMURFING_DETECTADA,,,,
TX-0016739,CLI-02594,SISTEMA,DEPOSITO_EFECTIVO,2056.13,2026-06-08 23:54:22,0,ESTRUCTURACION_SMURFING_DETECTADA,,,,
TX-0003562,CLI-00539,SISTEMA,DEPOSITO_EFECTIVO,717.85,2026-06-08 23:57:22,0,ESTRUCTURACION_SMURFING_DETECTADA,,,,
TX-0021092,CLI-03264,SISTEMA,DEPOSITO_EFECTIVO,285.54,2026-06-09 00:02:22,0,ESTRUCTURACION_SMURFING_DETECTADA,,,,
TX-0029248,CLI-04503,SISTEMA,DEPOSITO_EFECTIVO,221.92,2026-06-09 00:09:22,0,ESTRUCTURACION_SMURFING_DETECTADA,,,,
TX-0027798,CLI-04281,SISTEMA,DEPOSITO_EFECTIVO,275.09,2026-06-09 00:13:22,0,ESTRUCTURACION_SMURFING_DETECTADA,,,,
TX-0021834,CLI-03375,SISTEMA,DEPOSITO_EFECTIVO,4993.26,2026-06-09 00:26:22,0,ESTRUCTURACION_SMURFING_DETECTADA,,,,
TX-0028027,CLI-04316,SISTEMA,DEPOSITO_EFECTIVO,4282.32,2026-06-09 00:39:22,0,ESTRUCTURACION_SMURFING_DETECTADA,,,,
TX-0014090,CLI-02181,SISTEMA,DEPOSITO_EFECTIVO,219.09,2026-06-09 00:58:22,0,ESTRUCTURACION_SMURFING_DETECTADA,,,,
TX-0008735,CLI-01339,SISTEMA,DEPOSITO_EFECTIVO,201.48,2026-06-09 01:08:22,0,ESTRUCTURACION_SMURFING_DETECTADA,,,,
TX-0016712,CLI-02590,SISTEMA,DEPOSITO_EFECTIVO,162.3,2026-06-09 01:20:22,0,ESTRUCTURACION_SMURFING_DETECTADA,,,,
TX-0019602,CLI-03039,SISTEMA,DEPOSITO_EFECTIVO,8707.43,2026-06-09 01:26:22,0,ESTRUCTURACION_SMURFING_DETECTADA,,,,
TX-0011169,CLI-01721,SISTEMA,DEPOSITO_EFECTIVO,2786.12,2026-06-09 01:33:22,0,ESTRUCTURACION_SMURFING_DETECTADA,,,,
TX-0014301,CLI-02216,SISTEMA,DEPOSITO_EFECTIVO,5712.32,2026-06-09 01:34:22,0,ESTRUCTURACION_SMURFING_DETECTADA,,,,
TX-0032269,CLI-04957,SISTEMA,DEPOSITO_EFECTIVO,115.88,2026-06-09 01:51:22,0,ESTRUCTURACION_SMURFING_DETECTADA,,,,
TX-0013965,CLI-02162,SISTEMA,DEPOSITO_EFECTIVO,1021.49,2026-06-09 02:05:22,0,ESTRUCTURACION_SMURFING_DETECTADA,,,,
TX-0015622,CLI-02418,SISTEMA,DEPOSITO_EFECTIVO,14453.57,2026-06-09 02:08:22,0,ESTRUCTURACION_SMURFING_DETECTADA,,,,
TX-0027613,CLI-04255,SISTEMA,DEPOSITO_EFECTIVO,1529.42,2026-06-09 02:30:22,0,ESTRUCTURACION_SMURFING_DETECTADA,,,,
TX-0017567,CLI-02721,SISTEMA,DEPOSITO_EFECTIVO,630.35,2026-06-09 02:37:22,0,ESTRUCTURACION_SMURFING_DETECTADA,,,,
TX-0020116,CLI-03118,SISTEMA,DEPOSITO_EFECTIVO,2431.61,2026-06-09 02:41:22,0,ESTRUCTURACION_SMURFING_DETECTADA,,,,
TX-0024441,CLI-03773,SISTEMA,DEPOSITO_EFECTIVO,2787.68,2026-06-09 02:54:22,0,ESTRUCTURACION_SMURFING_DETECTADA,,,,
TX-0027096,CLI-04176,SISTEMA,DEPOSITO_EFECTIVO,1843.38,2026-06-09 02:56:22,0,ESTRUCTURACION_SMURFING_DETECTADA,,,,
TX-0014220,CLI-02202,SISTEMA,DEPOSITO_EFECTIVO,122.4,2026-06-09 02:56:22,0,ESTRUCTURACION_SMURFING_DETECTADA,,,,
TX-0002905,CLI-00442,SISTEMA,DEPOSITO_EFECTIVO,1349.62,2026-06-09 02:58:22,0,ESTRUCTURACION_SMURFING_DETECTADA,,,,
TX-0022152,CLI-03426,SISTEMA,DEPOSITO_EFECTIVO,4671.12,2026-06-09 03:01:22,0,ESTRUCTURACION_SMURFING_DETECTADA,,,,
TX-0009301,CLI-01428,SISTEMA,DEPOSITO_EFECTIVO,194.67,2026-06-09 03:17:22,0,ESTRUCTURACION_SMURFING_DETECTADA,,,,
TX-0029709,CLI-04574,SISTEMA,DEPOSITO_EFECTIVO,1622.38,2026-06-09 03:19:22,0,ESTRUCTURACION_SMURFING_DETECTADA,,,,
TX-0026644,CLI-04102,SISTEMA,DEPOSITO_EFECTIVO,3598.99,2026-06-09 03:22:22,0,ESTRUCTURACION_SMURFING_DETECTADA,,,,
TX-0031234,CLI-04806,SISTEMA,DEPOSITO_EFECTIVO,555.62,2026-06-09 03:30:22,0,ESTRUCTURACION_SMURFING_DETECTADA,,,,
TX-0000785,CLI-00121,SISTEMA,DEPOSITO_EFECTIVO,981.75,2026-06-09 03:30:22,0,ESTRUCTURACION_SMURFING_DETECTADA,,,,
TX-0015873,CLI-02456,SISTEMA,DEPOSITO_EFECTIVO,1196.36,2026-06-09 03:48:22,0,ESTRUCTURACION_SMURFING_DETECTADA,,,,
TX-0002760,CLI-00418,SISTEMA,DEPOSITO_EFECTIVO,694.57,2026-06-09 03:54:22,0,ESTRUCTURACION_SMURFING_DETECTADA,,,,
TX-0011221,CLI-01727,SISTEMA,DEPOSITO_EFECTIVO,165.91,2026-06-09 03:57:22,0,ESTRUCTURACION_SMURFING_DETECTADA,,,,
TX-0030931,CLI-04761,SISTEMA,DEPOSITO_EFECTIVO,9733.25,2026-06-09 04:03:22,0,ESTRUCTURACION_SMURFING_DETECTADA,,,,
TX-0005434,CLI-00835,SISTEMA,DEPOSITO_EFECTIVO,1338.86,2026-06-09 04:19:22,0,ESTRUCTURACION_SMURFING_DETECTADA,,,,
TX-0004167,CLI-00639,SISTEMA,DEPOSITO_EFECTIVO,2186.51,2026-06-09 04:20:22,0,ESTRUCTURACION_SMURFING_DETECTADA,,,,
TX-0024954,CLI-03851,SISTEMA,DEPOSITO_EFECTIVO,9904.44,2026-06-09 04:24:22,0,ESTRUCTURACION_SMURFING_DETECTADA,,,,
TX-0020570,CLI-03187,SISTEMA,DEPOSITO_EFECTIVO,388.02,2026-06-09 04:31:22,0,ESTRUCTURACION_SMURFING_DETECTADA,,,,
TX-0026341,CLI-04057,SISTEMA,DEPOSITO_EFECTIVO,226.87,2026-06-09 04:36:22,0,ESTRUCTURACION_SMURFING_DETECTADA,,,,
TX-0025478,CLI-03931,SISTEMA,DEPOSITO_EFECTIVO,10653.76,2026-06-09 04:46:22,0,ESTRUCTURACION_SMURFING_DETECTADA,,,,
TX-0009613,CLI-01477,SISTEMA,DEPOSITO_EFECTIVO,1314.93,2026-06-09 04:51:22,0,ESTRUCTURACION_SMURFING_DETECTADA,,,,
TX-0026902,CLI-04145,SISTEMA,DEPOSITO_EFECTIVO,1102.63,2026-06-09 04:55:22,0,ESTRUCTURACION_SMURFING_DETECTADA,,,,
TX-0024073,CLI-03717,SISTEMA,DEPOSITO_EFECTIVO,3570.1,2026-06-09 04:55:22,0,ESTRUCTURACION_SMURFING_DETECTADA,,,,
TX-0031360,CLI-04823,SISTEMA,DEPOSITO_EFECTIVO,2152.54,2026-06-09 05:02:22,0,ESTRUCTURACION_SMURFING_DETECTADA,,,,
TX-0024354,CLI-03759,SISTEMA,DEPOSITO_EFECTIVO,187.76,2026-06-09 05:11:22,0,ESTRUCTURACION_SMURFING_DETECTADA,,,,
TX-0013391,CLI-02075,SISTEMA,DEPOSITO_EFECTIVO,403.13,2026-06-09 05:18:22,0,ESTRUCTURACION_SMURFING_DETECTADA,,,,
TX-0029298,CLI-04509,SISTEMA,DEPOSITO_EFECTIVO,773.07,2026-06-09 05:26:22,0,ESTRUCTURACION_SMURFING_DETECTADA,,,,
TX-0010965,CLI-01689,SISTEMA,DEPOSITO_EFECTIVO,194.45,2026-06-09 05:32:22,0,ESTRUCTURACION_SMURFING_DETECTADA,,,,
TX-0009215,CLI-01415,SISTEMA,DEPOSITO_EFECTIVO,126.11,2026-06-09 05:32:22,0,ESTRUCTURACION_SMURFING_DETECTADA,,,,
TX-0018654,CLI-02886,SISTEMA,DEPOSITO_EFECTIVO,2193.72,2026-06-09 05:43:22,0,ESTRUCTURACION_SMURFING_DETECTADA,,,,
TX-0003664,CLI-00555,SISTEMA,DEPOSITO_EFECTIVO,1339.65,2026-06-09 05:47:22,0,ESTRUCTURACION_SMURFING_DETECTADA,,,,
TX-0005611,CLI-00861,SISTEMA,DEPOSITO_EFECTIVO,433.53,2026-06-09 06:06:22,0,ESTRUCTURACION_SMURFING_DETECTADA,,,,
TX-0031285,CLI-04811,SISTEMA,DEPOSITO_EFECTIVO,11940.81,2026-06-09 06:17:22,0,ESTRUCTURACION_SMURFING_DETECTADA,,,,
TX-0005377,CLI-00827,SISTEMA,DEPOSITO_EFECTIVO,5100.53,2026-06-09 06:20:22,0,ESTRUCTURACION_SMURFING_DETECTADA,,,,
TX-0030448,CLI-04687,SISTEMA,DEPOSITO_EFECTIVO,918.0,2026-06-09 06:27:22,0,ESTRUCTURACION_SMURFING_DETECTADA,,,,
TX-0030989,CLI-04769,SISTEMA,DEPOSITO_EFECTIVO,1584.87,2026-06-09 06:33:22,0,ESTRUCTURACION_SMURFING_DETECTADA,,,,
TX-0015690,CLI-02428,SISTEMA,DEPOSITO_EFECTIVO,260.96,2026-06-09 06:49:22,0,ESTRUCTURACION_SMURFING_DETECTADA,,,,
TX-0021799,CLI-03369,SISTEMA,DEPOSITO_EFECTIVO,1302.63,2026-06-09 07:16:22,0,ESTRUCTURACION_SMURFING_DETECTADA,,,,
TX-0005376,CLI-00827,SISTEMA,DEPOSITO_EFECTIVO,1417.65,2026-06-09 07:26:22,0,ESTRUCTURACION_SMURFING_DETECTADA,,,,
TX-0017646,CLI-02732,SISTEMA,DEPOSITO_EFECTIVO,673.22,2026-06-09 07:38:22,0,ESTRUCTURACION_SMURFING_DETECTADA,,,,
TX-0007833,CLI-01205,SISTEMA,DEPOSITO_EFECTIVO,2583.44,2026-06-09 07:40:22,0,ESTRUCTURACION_SMURFING_DETECTADA,,,,
TX-0006333,CLI-00975,SISTEMA,DEPOSITO_EFECTIVO,613.26,2026-06-09 07:41:22,0,ESTRUCTURACION_SMURFING_DETECTADA,,,,
TX-0022192,CLI-03433,SISTEMA,DEPOSITO_EFECTIVO,929.84,2026-06-09 07:53:22,0,ESTRUCTURACION_SMURFING_DETECTADA,,,,
TX-0006166,CLI-00949,SISTEMA,DEPOSITO_EFECTIVO,4686.73,2026-06-09 07:58:22,0,ESTRUCTURACION_SMURFING_DETECTADA,,,,
TX-0020567,CLI-03187,SISTEMA,DEPOSITO_EFECTIVO,548.15,2026-06-09 07:59:22,0,ESTRUCTURACION_SMURFING_DETECTADA,,,,
TX-0008373,CLI-01288,SISTEMA,DEPOSITO_EFECTIVO,1586.99,2026-06-09 08:02:22,0,ESTRUCTURACION_SMURFING_DETECTADA,,,,
TX-0020569,CLI-03187,SISTEMA,DEPOSITO_EFECTIVO,1310.71,2026-06-09 08:06:22,0,ESTRUCTURACION_SMURFING_DETECTADA,,,,
TX-0002881,CLI-00437,SISTEMA,DEPOSITO_EFECTIVO,1866.21,2026-06-09 08:07:22,0,ESTRUCTURACION_SMURFING_DETECTADA,,,,
TX-0008496,CLI-01304,SISTEMA,DEPOSITO_EFECTIVO,5611.32,2026-06-09 08:15:22,0,ESTRUCTURACION_SMURFING_DETECTADA,,,,
TX-0027574,CLI-04250,SISTEMA,DEPOSITO_EFECTIVO,274.75,2026-06-09 08:20:22,0,ESTRUCTURACION_SMURFING_DETECTADA,,,,
TX-0003123,CLI-00474,SISTEMA,DEPOSITO_EFECTIVO,9023.32,2026-06-09 08:27:22,0,ESTRUCTURACION_SMURFING_DETECTADA,,,,
TX-0011579,CLI-01785,SISTEMA,DEPOSITO_EFECTIVO,85.57,2026-06-09 08:41:22,0,ESTRUCTURACION_SMURFING_DETECTADA,,,,
TX-0010619,CLI-01634,SISTEMA,DEPOSITO_EFECTIVO,711.74,2026-06-09 08:52:22,0,ESTRUCTURACION_SMURFING_DETECTADA,,,,
TX-0019150,CLI-02964,SISTEMA,DEPOSITO_EFECTIVO,3761.85,2026-06-09 08:59:22,0,ESTRUCTURACION_SMURFING_DETECTADA,,,,
TX-0006749,CLI-01040,SISTEMA,DEPOSITO_EFECTIVO,1477.0,2026-06-09 09:02:22,0,ESTRUCTURACION_SMURFING_DETECTADA,,,,
TX-0018993,CLI-02937,SISTEMA,DEPOSITO_EFECTIVO,762.48,2026-06-09 09:05:22,0,ESTRUCTURACION_SMURFING_DETECTADA,,,,
TX-0008913,CLI-01369,SISTEMA,DEPOSITO_EFECTIVO,1794.12,2026-06-09 09:09:22,0,ESTRUCTURACION_SMURFING_DETECTADA,,,,
TX-0025490,CLI-03933,SISTEMA,DEPOSITO_EFECTIVO,504.59,2026-06-09 09:11:22,0,ESTRUCTURACION_SMURFING_DETECTADA,,,,
TX-0025270,CLI-03900,SISTEMA,DEPOSITO_EFECTIVO,235.42,2026-06-09 09:11:22,0,ESTRUCTURACION_SMURFING_DETECTADA,,,,
TX-0026589,CLI-04094,SISTEMA,DEPOSITO_EFECTIVO,9367.59,2026-06-09 09:21:22,0,ESTRUCTURACION_SMURFING_DETECTADA,,,,
TX-0016650,CLI-02578,SISTEMA,DEPOSITO_EFECTIVO,941.44,2026-06-09 10:06:22,0,ESTRUCTURACION_SMURFING_DETECTADA,,,,
TX-0004062,CLI-00620,SISTEMA,DEPOSITO_EFECTIVO,5871.43,2026-06-09 10:08:22,0,ESTRUCTURACION_SMURFING_DETECTADA,,,,
TX-0024249,CLI-03742,SISTEMA,DEPOSITO_EFECTIVO,956.95,2026-06-09 10:18:22,0,ESTRUCTURACION_SMURFING_DETECTADA,,,,
TX-0016404,CLI-02542,SISTEMA,DEPOSITO_EFECTIVO,177.58,2026-06-09 10:21:22,0,ESTRUCTURACION_SMURFING_DETECTADA,,,,
TX-0028267,CLI-04350,SISTEMA,DEPOSITO_EFECTIVO,5226.33,2026-06-09 10:45:22,0,ESTRUCTURACION_SMURFING_DETECTADA,,,,
TX-0017818,CLI-02756,SISTEMA,DEPOSITO_EFECTIVO,234.87,2026-06-09 10:54:22,0,ESTRUCTURACION_SMURFING_DETECTADA,,,,
TX-0003683,CLI-00557,SISTEMA,DEPOSITO_EFECTIVO,3114.15,2026-06-09 10:55:22,0,ESTRUCTURACION_SMURFING_DETECTADA,,,,
TX-0018536,CLI-02867,SISTEMA,DEPOSITO_EFECTIVO,1796.68,2026-06-09 11:01:22,0,ESTRUCTURACION_SMURFING_DETECTADA,,,,
TX-0015657,CLI-02423,SISTEMA,DEPOSITO_EFECTIVO,772.43,2026-06-09 11:10:22,0,ESTRUCTURACION_SMURFING_DETECTADA,,,,
TX-0010768,CLI-01660,SISTEMA,DEPOSITO_EFECTIVO,2611.21,2026-06-09 11:22:22,0,ESTRUCTURACION_SMURFING_DETECTADA,,,,
TX-0013575,CLI-02104,SISTEMA,DEPOSITO_EFECTIVO,4344.41,2026-06-09 11:34:22,0,ESTRUCTURACION_SMURFING_DETECTADA,,,,
TX-0021946,CLI-03391,SISTEMA,DEPOSITO_EFECTIVO,1403.19,2026-06-09 11:39:22,0,ESTRUCTURACION_SMURFING_DETECTADA,,,,
TX-0029419,CLI-04530,SISTEMA,DEPOSITO_EFECTIVO,154.21,2026-06-09 11:49:22,0,ESTRUCTURACION_SMURFING_DETECTADA,,,,
TX-0004601,CLI-00709,SISTEMA,DEPOSITO_EFECTIVO,585.04,2026-06-09 11:51:22,0,ESTRUCTURACION_SMURFING_DETECTADA,,,,
TX-0011737,CLI-01811,SISTEMA,DEPOSITO_EFECTIVO,506.32,2026-06-09 12:09:22,0,ESTRUCTURACION_SMURFING_DETECTADA,,,,
TX-0002836,CLI-00430,SISTEMA,DEPOSITO_EFECTIVO,12712.57,2026-06-09 12:11:22,0,ESTRUCTURACION_SMURFING_DETECTADA,,,,
TX-0000342,CLI-00051,SISTEMA,DEPOSITO_EFECTIVO,7453.73,2026-06-09 12:17:22,0,ESTRUCTURACION_SMURFING_DETECTADA,,,,
TX-0028861,CLI-04444,SISTEMA,DEPOSITO_EFECTIVO,5997.15,2026-06-09 12:24:22,0,ESTRUCTURACION_SMURFING_DETECTADA,,,,
TX-0016023,CLI-02478,SISTEMA,DEPOSITO_EFECTIVO,12881.93,2026-06-09 12:42:22,0,ESTRUCTURACION_SMURFING_DETECTADA,,,,
TX-0009413,CLI-01444,SISTEMA,DEPOSITO_EFECTIVO,5360.54,2026-06-09 12:42:22,0,ESTRUCTURACION_SMURFING_DETECTADA,,,,
TX-0021377,CLI-03302,SISTEMA,DEPOSITO_EFECTIVO,5807.77,2026-06-09 12:45:22,0,ESTRUCTURACION_SMURFING_DETECTADA,,,,
TX-0000027,CLI-00004,SISTEMA,DEPOSITO_EFECTIVO,1009.05,2026-06-09 13:04:22,0,ESTRUCTURACION_SMURFING_DETECTADA,,,,
TX-0002427,CLI-00367,SISTEMA,DEPOSITO_EFECTIVO,5733.16,2026-06-09 13:28:22,0,ESTRUCTURACION_SMURFING_DETECTADA,,,,
TX-0008703,CLI-01335,SISTEMA,DEPOSITO_EFECTIVO,3585.54,2026-06-09 13:35:22,0,ESTRUCTURACION_SMURFING_DETECTADA,,,,
TX-0017176,CLI-02661,SISTEMA,DEPOSITO_EFECTIVO,3783.82,2026-06-09 13:36:22,0,ESTRUCTURACION_SMURFING_DETECTADA,,,,
TX-0025563,CLI-03945,SISTEMA,DEPOSITO_EFECTIVO,354.6,2026-06-09 13:42:22,0,ESTRUCTURACION_SMURFING_DETECTADA,,,,
TX-0003311,CLI-00500,SISTEMA,DEPOSITO_EFECTIVO,1084.01,2026-06-09 13:49:22,0,ESTRUCTURACION_SMURFING_DETECTADA,,,,
TX-0018337,CLI-02839,SISTEMA,DEPOSITO_EFECTIVO,137.09,2026-06-09 13:49:22,0,ESTRUCTURACION_SMURFING_DETECTADA,,,,
TX-0006685,CLI-01031,SISTEMA,DEPOSITO_EFECTIVO,790.63,2026-06-09 13:52:22,0,ESTRUCTURACION_SMURFING_DETECTADA,,,,
TX-0018271,CLI-02828,SISTEMA,DEPOSITO_EFECTIVO,90.67,2026-06-09 13:55:22,0,ESTRUCTURACION_SMURFING_DETECTADA,,,,
TX-0006482,CLI-01000,SISTEMA,DEPOSITO_EFECTIVO,629.32,2026-06-09 14:03:22,0,ESTRUCTURACION_SMURFING_DETECTADA,,,,
TX-0010922,CLI-01680,SISTEMA,DEPOSITO_EFECTIVO,626.67,2026-06-09 14:03:22,0,ESTRUCTURACION_SMURFING_DETECTADA,,,,
TX-0023461,CLI-03625,SISTEMA,DEPOSITO_EFECTIVO,9777.25,2026-06-09 14:07:22,0,ESTRUCTURACION_SMURFING_DETECTADA,,,,
TX-0002138,CLI-00320,SISTEMA,DEPOSITO_EFECTIVO,598.59,2026-06-09 14:15:22,0,ESTRUCTURACION_SMURFING_DETECTADA,,,,
TX-0000986,CLI-00150,SISTEMA,DEPOSITO_EFECTIVO,3172.52,2026-06-09 14:15:22,0,ESTRUCTURACION_SMURFING_DETECTADA,,,,
TX-0014196,CLI-02199,SISTEMA,DEPOSITO_EFECTIVO,5718.93,2026-06-09 14:21:22,0,ESTRUCTURACION_SMURFING_DETECTADA,,,,
TX-0019580,CLI-03037,SISTEMA,DEPOSITO_EFECTIVO,5363.38,2026-06-09 14:25:22,0,ESTRUCTURACION_SMURFING_DETECTADA,,,,
TX-0001327,CLI-00201,SISTEMA,DEPOSITO_EFECTIVO,4020.97,2026-06-09 14:42:22,0,ESTRUCTURACION_SMURFING_DETECTADA,,,,
TX-0000108,CLI-00016,SISTEMA,DEPOSITO_EFECTIVO,12867.96,2026-06-09 14:50:22,0,ESTRUCTURACION_SMURFING_DETECTADA,,,,
TX-0015567,CLI-02410,SISTEMA,DEPOSITO_EFECTIVO,3454.74,2026-06-09 14:52:22,0,ESTRUCTURACION_SMURFING_DETECTADA,,,,
TX-0000493,CLI-00077,SISTEMA,DEPOSITO_EFECTIVO,2129.75,2026-06-09 14:54:22,0,ESTRUCTURACION_SMURFING_DETECTADA,,,,
TX-0026318,CLI-04053,SISTEMA,DEPOSITO_EFECTIVO,686.63,2026-06-09 15:03:22,0,ESTRUCTURACION_SMURFING_DETECTADA,,,,
TX-0024531,CLI-03787,SISTEMA,DEPOSITO_EFECTIVO,415.04,2026-06-09 15:04:22,0,ESTRUCTURACION_SMURFING_DETECTADA,,,,
TX-0012711,CLI-01961,SISTEMA,DEPOSITO_EFECTIVO,748.52,2026-06-09 15:05:22,0,ESTRUCTURACION_SMURFING_DETECTADA,,,,
TX-0009096,CLI-01398,SISTEMA,DEPOSITO_EFECTIVO,984.25,2026-06-09 15:05:22,0,ESTRUCTURACION_SMURFING_DETECTADA,,,,
TX-0021006,CLI-03250,SISTEMA,DEPOSITO_EFECTIVO,5301.54,2026-06-09 15:09:22,0,ESTRUCTURACION_SMURFING_DETECTADA,,,,
TX-0015383,CLI-02384,SISTEMA,DEPOSITO_EFECTIVO,513.89,2026-06-09 15:11:22,0,ESTRUCTURACION_SMURFING_DETECTADA,,,,
TX-0002969,CLI-00452,SISTEMA,DEPOSITO_EFECTIVO,905.53,2026-06-09 15:12:22,0,ESTRUCTURACION_SMURFING_DETECTADA,,,,
TX-0024845,CLI-03836,SISTEMA,DEPOSITO_EFECTIVO,1982.44,2026-06-09 15:13:22,0,ESTRUCTURACION_SMURFING_DETECTADA,,,,
TX-0002420,CLI-00366,SISTEMA,DEPOSITO_EFECTIVO,421.39,2026-06-09 15:28:22,0,ESTRUCTURACION_SMURFING_DETECTADA,,,,
TX-0004950,CLI-00766,SISTEMA,DEPOSITO_EFECTIVO,357.98,2026-06-09 15:37:22,0,ESTRUCTURACION_SMURFING_DETECTADA,,,,
TX-0024815,CLI-03832,SISTEMA,DEPOSITO_EFECTIVO,577.24,2026-06-09 15:37:22,0,ESTRUCTURACION_SMURFING_DETECTADA,,,,
TX-0017908,CLI-02770,SISTEMA,DEPOSITO_EFECTIVO,820.82,2026-06-09 15:41:22,0,ESTRUCTURACION_SMURFING_DETECTADA,,,,
TX-0004886,CLI-00757,SISTEMA,DEPOSITO_EFECTIVO,1893.19,2026-06-09 15:43:22,0,ESTRUCTURACION_SMURFING_DETECTADA,,,,
TX-0008301,CLI-01277,SISTEMA,DEPOSITO_EFECTIVO,220.24,2026-06-09 16:02:22,0,ESTRUCTURACION_SMURFING_DETECTADA,,,,
TX-0018982,CLI-02936,SISTEMA,DEPOSITO_EFECTIVO,176.34,2026-06-09 16:09:22,0,ESTRUCTURACION_SMURFING_DETECTADA,,,,
TX-0004233,CLI-00647,SISTEMA,DEPOSITO_EFECTIVO,2201.33,2026-06-09 16:11:22,0,ESTRUCTURACION_SMURFING_DETECTADA,,,,
TX-0007897,CLI-01215,SISTEMA,DEPOSITO_EFECTIVO,2672.49,2026-06-09 16:28:22,0,ESTRUCTURACION_SMURFING_DETECTADA,,,,
TX-0026464,CLI-04075,SISTEMA,DEPOSITO_EFECTIVO,7741.05,2026-06-09 16:32:22,0,ESTRUCTURACION_SMURFING_DETECTADA,,,,
TX-0001979,CLI-00298,SISTEMA,DEPOSITO_EFECTIVO,255.25,2026-06-09 16:40:22,0,ESTRUCTURACION_SMURFING_DETECTADA,,,,
TX-0000334,CLI-00051,SISTEMA,DEPOSITO_EFECTIVO,4215.78,2026-06-09 16:42:22,0,ESTRUCTURACION_SMURFING_DETECTADA,,,,
TX-0017920,CLI-02772,SISTEMA,DEPOSITO_EFECTIVO,2606.81,2026-06-09 16:52:22,0,ESTRUCTURACION_SMURFING_DETECTADA,,,,
TX-0002589,CLI-00391,SISTEMA,DEPOSITO_EFECTIVO,77.94,2026-06-09 17:12:22,0,ESTRUCTURACION_SMURFING_DETECTADA,,,,
TX-0031657,CLI-04868,SISTEMA,DEPOSITO_EFECTIVO,842.79,2026-06-09 17:15:22,0,ESTRUCTURACION_SMURFING_DETECTADA,,,,
TX-0002317,CLI-00350,SISTEMA,DEPOSITO_EFECTIVO,3443.87,2026-06-09 17:22:22,0,ESTRUCTURACION_SMURFING_DETECTADA,,,,
TX-0004459,CLI-00681,SISTEMA,DEPOSITO_EFECTIVO,313.3,2026-06-09 17:26:22,0,ESTRUCTURACION_SMURFING_DETECTADA,,,,
TX-0004180,CLI-00641,SISTEMA,DEPOSITO_EFECTIVO,2944.07,2026-06-09 17:27:22,0,ESTRUCTURACION_SMURFING_DETECTADA,,,,
TX-0024415,CLI-03768,SISTEMA,DEPOSITO_EFECTIVO,445.7,2026-06-09 17:29:22,0,ESTRUCTURACION_SMURFING_DETECTADA,,,,
TX-0028407,CLI-04372,SISTEMA,DEPOSITO_EFECTIVO,1186.29,2026-06-09 17:37:22,0,ESTRUCTURACION_SMURFING_DETECTADA,,,,
TX-0019366,CLI-03001,SISTEMA,DEPOSITO_EFECTIVO,868.85,2026-06-09 17:42:22,0,ESTRUCTURACION_SMURFING_DETECTADA,,,,
TX-0001622,CLI-00245,SISTEMA,DEPOSITO_EFECTIVO,1857.97,2026-06-09 17:53:22,0,ESTRUCTURACION_SMURFING_DETECTADA,,,,
TX-0018147,CLI-02808,SISTEMA,DEPOSITO_EFECTIVO,51.18,2026-06-09 17:54:22,0,ESTRUCTURACION_SMURFING_DETECTADA,,,,
TX-0021641,CLI-03347,SISTEMA,DEPOSITO_EFECTIVO,228.04,2026-06-09 18:04:22,0,ESTRUCTURACION_SMURFING_DETECTADA,,,,
TX-0004064,CLI-00620,SISTEMA,DEPOSITO_EFECTIVO,3761.84,2026-06-09 18:06:22,0,ESTRUCTURACION_SMURFING_DETECTADA,,,,
TX-0006940,CLI-01071,SISTEMA,DEPOSITO_EFECTIVO,973.9,2026-06-09 18:11:22,0,ESTRUCTURACION_SMURFING_DETECTADA,,,,
TX-0006109,CLI-00941,SISTEMA,DEPOSITO_EFECTIVO,360.0,2026-06-09 18:21:22,0,ESTRUCTURACION_SMURFING_DETECTADA,,,,
TX-0024911,CLI-03846,SISTEMA,DEPOSITO_EFECTIVO,269.94,2026-06-09 18:43:22,0,ESTRUCTURACION_SMURFING_DETECTADA,,,,
TX-0007695,CLI-01182,SISTEMA,DEPOSITO_EFECTIVO,5791.41,2026-06-09 19:04:22,0,ESTRUCTURACION_SMURFING_DETECTADA,,,,
TX-0008566,CLI-01315,SISTEMA,DEPOSITO_EFECTIVO,4861.38,2026-06-09 19:15:22,0,ESTRUCTURACION_SMURFING_DETECTADA,,,,
TX-0021146,CLI-03272,SISTEMA,DEPOSITO_EFECTIVO,2910.55,2026-06-09 19:25:22,0,ESTRUCTURACION_SMURFING_DETECTADA,,,,
TX-0009838,CLI-01509,SISTEMA,DEPOSITO_EFECTIVO,13951.01,2026-06-09 19:27:22,0,ESTRUCTURACION_SMURFING_DETECTADA,,,,
TX-0022237,CLI-03439,SISTEMA,DEPOSITO_EFECTIVO,6172.6,2026-06-09 19:28:22,0,ESTRUCTURACION_SMURFING_DETECTADA,,,,
TX-0024029,CLI-03710,SISTEMA,DEPOSITO_EFECTIVO,6290.31,2026-06-09 19:32:22,0,ESTRUCTURACION_SMURFING_DETECTADA,,,,
TX-0029071,CLI-04475,SISTEMA,DEPOSITO_EFECTIVO,82.28,2026-06-09 19:56:22,0,ESTRUCTURACION_SMURFING_DETECTADA,,,,
TX-0017698,CLI-02741,SISTEMA,DEPOSITO_EFECTIVO,2437.08,2026-06-09 19:59:22,0,ESTRUCTURACION_SMURFING_DETECTADA,,,,
TX-0023243,CLI-03591,SISTEMA,DEPOSITO_EFECTIVO,2354.36,2026-06-09 20:06:22,0,ESTRUCTURACION_SMURFING_DETECTADA,,,,
TX-0000942,CLI-00143,SISTEMA,DEPOSITO_EFECTIVO,947.52,2026-06-09 20:08:22,0,ESTRUCTURACION_SMURFING_DETECTADA,,,,
TX-0029852,CLI-04599,SISTEMA,DEPOSITO_EFECTIVO,4310.24,2026-06-09 20:12:22,0,ESTRUCTURACION_SMURFING_DETECTADA,,,,
TX-0021549,CLI-03332,SISTEMA,DEPOSITO_EFECTIVO,1999.01,2026-06-09 20:22:22,0,ESTRUCTURACION_SMURFING_DETECTADA,,,,
TX-0012282,CLI-01896,SISTEMA,DEPOSITO_EFECTIVO,458.62,2026-06-09 20:39:22,0,ESTRUCTURACION_SMURFING_DETECTADA,,,,
TX-0012338,CLI-01904,SISTEMA,DEPOSITO_EFECTIVO,1726.38,2026-06-09 20:39:22,0,ESTRUCTURACION_SMURFING_DETECTADA,,,,
TX-0014222,CLI-02203,SISTEMA,DEPOSITO_EFECTIVO,225.09,2026-06-09 20:39:22,0,ESTRUCTURACION_SMURFING_DETECTADA,,,,
TX-0018223,CLI-02821,SISTEMA,DEPOSITO_EFECTIVO,8935.09,2026-06-09 20:43:22,0,ESTRUCTURACION_SMURFING_DETECTADA,,,,
TX-0013025,CLI-02015,SISTEMA,DEPOSITO_EFECTIVO,1314.63,2026-06-09 20:46:22,0,ESTRUCTURACION_SMURFING_DETECTADA,,,,
TX-0001383,CLI-00208,SISTEMA,DEPOSITO_EFECTIVO,200.54,2026-06-09 20:50:22,0,ESTRUCTURACION_SMURFING_DETECTADA,,,,
TX-0020555,CLI-03185,SISTEMA,DEPOSITO_EFECTIVO,7419.65,2026-06-09 20:52:22,0,ESTRUCTURACION_SMURFING_DETECTADA,,,,
TX-0022343,CLI-03453,SISTEMA,DEPOSITO_EFECTIVO,2298.09,2026-06-09 21:02:22,0,ESTRUCTURACION_SMURFING_DETECTADA,,,,
TX-0019125,CLI-02960,SISTEMA,DEPOSITO_EFECTIVO,2600.95,2026-06-09 21:04:22,0,ESTRUCTURACION_SMURFING_DETECTADA,,,,
TX-0012250,CLI-01890,SISTEMA,DEPOSITO_EFECTIVO,1484.8,2026-06-09 21:07:22,0,ESTRUCTURACION_SMURFING_DETECTADA,,,,
TX-0015404,CLI-02386,SISTEMA,DEPOSITO_EFECTIVO,953.92,2026-06-09 21:07:22,0,ESTRUCTURACION_SMURFING_DETECTADA,,,,
TX-0020291,CLI-03146,SISTEMA,DEPOSITO_EFECTIVO,2894.37,2026-06-09 21:11:22,0,ESTRUCTURACION_SMURFING_DETECTADA,,,,
TX-0017341,CLI-02688,SISTEMA,DEPOSITO_EFECTIVO,1577.96,2026-06-09 21:13:22,0,ESTRUCTURACION_SMURFING_DETECTADA,,,,
TX-0013663,CLI-02118,SISTEMA,DEPOSITO_EFECTIVO,6153.61,2026-06-09 21:17:22,0,ESTRUCTURACION_SMURFING_DETECTADA,,,,
TX-0029462,CLI-04536,SISTEMA,DEPOSITO_EFECTIVO,1051.73,2026-06-09 21:19:22,0,ESTRUCTURACION_SMURFING_DETECTADA,,,,
TX-0013012,CLI-02012,SISTEMA,DEPOSITO_EFECTIVO,3564.77,2026-06-09 21:34:22,0,ESTRUCTURACION_SMURFING_DETECTADA,,,,
TX-0024078,CLI-03718,SISTEMA,DEPOSITO_EFECTIVO,308.7,2026-06-09 21:36:22,0,ESTRUCTURACION_SMURFING_DETECTADA,,,,
TX-0013927,CLI-02157,SISTEMA,DEPOSITO_EFECTIVO,460.38,2026-06-09 21:37:22,0,ESTRUCTURACION_SMURFING_DETECTADA,,,,
TX-0004442,CLI-00679,SISTEMA,DEPOSITO_EFECTIVO,6130.49,2026-06-09 21:40:22,0,ESTRUCTURACION_SMURFING_DETECTADA,,,,
TX-0026145,CLI-04030,SISTEMA,DEPOSITO_EFECTIVO,166.73,2026-06-09 21:47:22,0,ESTRUCTURACION_SMURFING_DETECTADA,,,,
TX-0010074,CLI-01547,SISTEMA,DEPOSITO_EFECTIVO,11411.91,2026-06-09 21:47:22,0,ESTRUCTURACION_SMURFING_DETECTADA,,,,
TX-0002182,CLI-00328,SISTEMA,DEPOSITO_EFECTIVO,1122.59,2026-06-09 21:56:22,0,ESTRUCTURACION_SMURFING_DETECTADA,,,,
TX-0014565,CLI-02259,SISTEMA,DEPOSITO_EFECTIVO,10414.03,2026-06-09 22:03:22,0,ESTRUCTURACION_SMURFING_DETECTADA,,,,
TX-0014490,CLI-02246,SISTEMA,DEPOSITO_EFECTIVO,285.26,2026-06-09 22:10:22,0,ESTRUCTURACION_SMURFING_DETECTADA,,,,
TX-0002748,CLI-00417,SISTEMA,DEPOSITO_EFECTIVO,2527.24,2026-06-09 22:11:22,0,ESTRUCTURACION_SMURFING_DETECTADA,,,,
TX-0008848,CLI-01359,SISTEMA,DEPOSITO_EFECTIVO,2699.52,2026-06-09 22:29:22,0,ESTRUCTURACION_SMURFING_DETECTADA,,,,
TX-0010318,CLI-01584,SISTEMA,DEPOSITO_EFECTIVO,1942.33,2026-06-09 22:40:22,0,ESTRUCTURACION_SMURFING_DETECTADA,,,,
TX-0019124,CLI-02960,SISTEMA,DEPOSITO_EFECTIVO,1498.27,2026-06-09 22:41:22,0,ESTRUCTURACION_SMURFING_DETECTADA,,,,
TX-0030175,CLI-04649,SISTEMA,DEPOSITO_EFECTIVO,12774.21,2026-06-09 22:49:22,0,ESTRUCTURACION_SMURFING_DETECTADA,,,,
TX-0005581,CLI-00857,SISTEMA,DEPOSITO_EFECTIVO,468.03,2026-06-09 23:02:22,0,ESTRUCTURACION_SMURFING_DETECTADA,,,,
TX-0000931,CLI-00142,SISTEMA,DEPOSITO_EFECTIVO,564.81,2026-06-09 23:06:22,0,ESTRUCTURACION_SMURFING_DETECTADA,,,,
TX-0002857,CLI-00434,SISTEMA,DEPOSITO_EFECTIVO,339.98,2026-06-09 23:21:22,0,ESTRUCTURACION_SMURFING_DETECTADA,,,,
TX-0005484,CLI-00841,SISTEMA,DEPOSITO_EFECTIVO,119.99,2026-06-09 23:26:22,0,ESTRUCTURACION_SMURFING_DETECTADA,,,,
TX-0023731,CLI-03669,SISTEMA,DEPOSITO_EFECTIVO,1181.44,2026-06-09 23:47:22,0,ESTRUCTURACION_SMURFING_DETECTADA,,,,
TX-0012604,CLI-01945,SISTEMA,DEPOSITO_EFECTIVO,195.41,2026-06-10 00:02:22,0,ESTRUCTURACION_SMURFING_DETECTADA,,,,
TX-0021306,CLI-03294,SISTEMA,DEPOSITO_EFECTIVO,4106.93,2026-06-10 00:43:22,0,ESTRUCTURACION_SMURFING_DETECTADA,,,,
TX-0007124,CLI-01100,SISTEMA,DEPOSITO_EFECTIVO,12506.96,2026-06-10 00:51:22,0,ESTRUCTURACION_SMURFING_DETECTADA,,,,
TX-0024457,CLI-03775,SISTEMA,DEPOSITO_EFECTIVO,3366.74,2026-06-10 00:52:22,0,ESTRUCTURACION_SMURFING_DETECTADA,,,,
TX-0012492,CLI-01928,SISTEMA,DEPOSITO_EFECTIVO,2098.99,2026-06-10 00:53:22,0,ESTRUCTURACION_SMURFING_DETECTADA,,,,
TX-0028955,CLI-04458,SISTEMA,DEPOSITO_EFECTIVO,140.93,2026-06-10 01:00:22,0,ESTRUCTURACION_SMURFING_DETECTADA,,,,
TX-0002347,CLI-00356,SISTEMA,DEPOSITO_EFECTIVO,12959.47,2026-06-10 01:23:22,0,ESTRUCTURACION_SMURFING_DETECTADA,,,,
TX-0006909,CLI-01065,SISTEMA,DEPOSITO_EFECTIVO,166.85,2026-06-10 01:24:22,0,ESTRUCTURACION_SMURFING_DETECTADA,,,,
TX-0023616,CLI-03649,SISTEMA,DEPOSITO_EFECTIVO,2690.5,2026-06-10 01:30:22,0,ESTRUCTURACION_SMURFING_DETECTADA,,,,
TX-0009048,CLI-01390,SISTEMA,DEPOSITO_EFECTIVO,497.68,2026-06-10 01:36:22,0,ESTRUCTURACION_SMURFING_DETECTADA,,,,
TX-0017806,CLI-02755,SISTEMA,DEPOSITO_EFECTIVO,5351.31,2026-06-10 01:43:22,0,ESTRUCTURACION_SMURFING_DETECTADA,,,,
TX-0019613,CLI-03041,SISTEMA,DEPOSITO_EFECTIVO,1696.36,2026-06-10 01:50:22,0,ESTRUCTURACION_SMURFING_DETECTADA,,,,
TX-0011739,CLI-01811,SISTEMA,DEPOSITO_EFECTIVO,127.66,2026-06-10 02:03:22,0,ESTRUCTURACION_SMURFING_DETECTADA,,,,
TX-0010478,CLI-01609,SISTEMA,DEPOSITO_EFECTIVO,229.05,2026-06-10 02:04:22,0,ESTRUCTURACION_SMURFING_DETECTADA,,,,
TX-0011947,CLI-01841,SISTEMA,DEPOSITO_EFECTIVO,6079.0,2026-06-10 02:21:22,0,ESTRUCTURACION_SMURFING_DETECTADA,,,,
TX-0013114,CLI-02028,SISTEMA,DEPOSITO_EFECTIVO,113.7,2026-06-10 02:52:22,0,ESTRUCTURACION_SMURFING_DETECTADA,,,,
TX-0018251,CLI-02825,SISTEMA,DEPOSITO_EFECTIVO,10152.85,2026-06-10 03:03:22,0,ESTRUCTURACION_SMURFING_DETECTADA,,,,
TX-0001538,CLI-00231,SISTEMA,DEPOSITO_EFECTIVO,316.32,2026-06-10 03:04:22,0,ESTRUCTURACION_SMURFING_DETECTADA,,,,
TX-0021753,CLI-03362,SISTEMA,DEPOSITO_EFECTIVO,4722.75,2026-06-10 03:10:22,0,ESTRUCTURACION_SMURFING_DETECTADA,,,,
TX-0020589,CLI-03190,SISTEMA,DEPOSITO_EFECTIVO,1295.74,2026-06-10 03:16:22,0,ESTRUCTURACION_SMURFING_DETECTADA,,,,
TX-0002208,CLI-00331,SISTEMA,DEPOSITO_EFECTIVO,259.61,2026-06-10 03:24:22,0,ESTRUCTURACION_SMURFING_DETECTADA,,,,
TX-0007875,CLI-01211,SISTEMA,DEPOSITO_EFECTIVO,324.44,2026-06-10 03:27:22,0,ESTRUCTURACION_SMURFING_DETECTADA,,,,
TX-0032366,CLI-04971,SISTEMA,DEPOSITO_EFECTIVO,452.77,2026-06-10 03:41:22,0,ESTRUCTURACION_SMURFING_DETECTADA,,,,
TX-0011121,CLI-01714,SISTEMA,DEPOSITO_EFECTIVO,812.65,2026-06-10 03:45:22,0,ESTRUCTURACION_SMURFING_DETECTADA,,,,
TX-0009272,CLI-01425,SISTEMA,DEPOSITO_EFECTIVO,697.03,2026-06-10 04:03:22,0,ESTRUCTURACION_SMURFING_DETECTADA,,,,
TX-0008446,CLI-01297,SISTEMA,DEPOSITO_EFECTIVO,1218.87,2026-06-10 04:03:22,0,ESTRUCTURACION_SMURFING_DETECTADA,,,,
TX-0017865,CLI-02765,SISTEMA,DEPOSITO_EFECTIVO,1500.07,2026-06-10 04:10:22,0,ESTRUCTURACION_SMURFING_DETECTADA,,,,
TX-0019758,CLI-03062,SISTEMA,DEPOSITO_EFECTIVO,346.0,2026-06-10 04:10:22,0,ESTRUCTURACION_SMURFING_DETECTADA,,,,
TX-0029505,CLI-04542,SISTEMA,DEPOSITO_EFECTIVO,297.91,2026-06-10 04:11:22,0,ESTRUCTURACION_SMURFING_DETECTADA,,,,
TX-0008140,CLI-01253,SISTEMA,DEPOSITO_EFECTIVO,832.39,2026-06-10 04:18:22,0,ESTRUCTURACION_SMURFING_DETECTADA,,,,
TX-0031008,CLI-04772,SISTEMA,DEPOSITO_EFECTIVO,483.95,2026-06-10 04:24:22,0,ESTRUCTURACION_SMURFING_DETECTADA,,,,
TX-0028398,CLI-04370,SISTEMA,DEPOSITO_EFECTIVO,105.55,2026-06-10 04:25:22,0,ESTRUCTURACION_SMURFING_DETECTADA,,,,
TX-0024714,CLI-03814,SISTEMA,DEPOSITO_EFECTIVO,251.36,2026-06-10 04:26:22,0,ESTRUCTURACION_SMURFING_DETECTADA,,,,
TX-0001832,CLI-00274,SISTEMA,DEPOSITO_EFECTIVO,825.13,2026-06-10 04:28:22,0,ESTRUCTURACION_SMURFING_DETECTADA,,,,
TX-0007425,CLI-01146,SISTEMA,DEPOSITO_EFECTIVO,2839.99,2026-06-10 04:42:22,0,ESTRUCTURACION_SMURFING_DETECTADA,,,,
TX-0017890,CLI-02768,SISTEMA,DEPOSITO_EFECTIVO,9408.49,2026-06-10 05:01:22,0,ESTRUCTURACION_SMURFING_DETECTADA,,,,
TX-0001034,CLI-00157,SISTEMA,DEPOSITO_EFECTIVO,236.6,2026-06-10 05:04:22,0,ESTRUCTURACION_SMURFING_DETECTADA,,,,
TX-0004793,CLI-00740,SISTEMA,DEPOSITO_EFECTIVO,142.56,2026-06-10 05:07:22,0,ESTRUCTURACION_SMURFING_DETECTADA,,,,
TX-0028186,CLI-04338,SISTEMA,DEPOSITO_EFECTIVO,1504.06,2026-06-10 05:17:22,0,ESTRUCTURACION_SMURFING_DETECTADA,,,,
TX-0030845,CLI-04748,SISTEMA,DEPOSITO_EFECTIVO,330.94,2026-06-10 05:30:22,0,ESTRUCTURACION_SMURFING_DETECTADA,,,,
TX-0028308,CLI-04355,SISTEMA,DEPOSITO_EFECTIVO,1343.59,2026-06-10 05:36:22,0,ESTRUCTURACION_SMURFING_DETECTADA,,,,
TX-0009560,CLI-01469,SISTEMA,DEPOSITO_EFECTIVO,482.28,2026-06-10 05:39:22,0,ESTRUCTURACION_SMURFING_DETECTADA,,,,
TX-0029559,CLI-04551,SISTEMA,DEPOSITO_EFECTIVO,5582.85,2026-06-10 05:43:22,0,ESTRUCTURACION_SMURFING_DETECTADA,,,,
TX-0013752,CLI-02132,SISTEMA,DEPOSITO_EFECTIVO,11610.32,2026-06-10 05:46:22,0,ESTRUCTURACION_SMURFING_DETECTADA,,,,
TX-0026504,CLI-04080,SISTEMA,DEPOSITO_EFECTIVO,1457.55,2026-06-10 06:02:22,0,ESTRUCTURACION_SMURFING_DETECTADA,,,,
TX-0026708,CLI-04111,SISTEMA,DEPOSITO_EFECTIVO,876.94,2026-06-10 06:03:22,0,ESTRUCTURACION_SMURFING_DETECTADA,,,,
TX-0004646,CLI-00716,SISTEMA,DEPOSITO_EFECTIVO,14897.34,2026-06-10 06:14:22,0,ESTRUCTURACION_SMURFING_DETECTADA,,,,
TX-0015566,CLI-02410,SISTEMA,DEPOSITO_EFECTIVO,2610.52,2026-06-10 06:50:22,0,ESTRUCTURACION_SMURFING_DETECTADA,,,,
TX-0027046,CLI-04169,SISTEMA,DEPOSITO_EFECTIVO,495.09,2026-06-10 07:01:22,0,ESTRUCTURACION_SMURFING_DETECTADA,,,,
TX-0030436,CLI-04686,SISTEMA,DEPOSITO_EFECTIVO,2844.37,2026-06-10 07:10:22,0,ESTRUCTURACION_SMURFING_DETECTADA,,,,
TX-0001821,CLI-00272,SISTEMA,DEPOSITO_EFECTIVO,5903.35,2026-06-10 07:35:22,0,ESTRUCTURACION_SMURFING_DETECTADA,,,,
TX-0006576,CLI-01014,SISTEMA,DEPOSITO_EFECTIVO,6033.26,2026-06-10 07:38:22,0,ESTRUCTURACION_SMURFING_DETECTADA,,,,
TX-0002357,CLI-00358,SISTEMA,DEPOSITO_EFECTIVO,432.48,2026-06-10 07:41:22,0,ESTRUCTURACION_SMURFING_DETECTADA,,,,
TX-0007244,CLI-01119,SISTEMA,DEPOSITO_EFECTIVO,3536.46,2026-06-10 07:53:22,0,ESTRUCTURACION_SMURFING_DETECTADA,,,,
TX-0031591,CLI-04860,SISTEMA,DEPOSITO_EFECTIVO,543.51,2026-06-10 07:53:22,0,ESTRUCTURACION_SMURFING_DETECTADA,,,,
TX-0029174,CLI-04492,SISTEMA,DEPOSITO_EFECTIVO,1086.86,2026-06-10 07:55:22,0,ESTRUCTURACION_SMURFING_DETECTADA,,,,
TX-0003747,CLI-00567,SISTEMA,DEPOSITO_EFECTIVO,8979.36,2026-06-10 07:57:22,0,ESTRUCTURACION_SMURFING_DETECTADA,,,,
TX-0015207,CLI-02355,SISTEMA,DEPOSITO_EFECTIVO,7769.31,2026-06-10 07:57:22,0,ESTRUCTURACION_SMURFING_DETECTADA,,,,
TX-0028948,CLI-04456,SISTEMA,DEPOSITO_EFECTIVO,382.79,2026-06-10 08:11:22,0,ESTRUCTURACION_SMURFING_DETECTADA,,,,
TX-0020251,CLI-03142,SISTEMA,DEPOSITO_EFECTIVO,305.45,2026-06-10 08:17:22,0,ESTRUCTURACION_SMURFING_DETECTADA,,,,
TX-0018814,CLI-02910,SISTEMA,DEPOSITO_EFECTIVO,217.89,2026-06-10 08:20:22,0,ESTRUCTURACION_SMURFING_DETECTADA,,,,
TX-0021273,CLI-03288,SISTEMA,DEPOSITO_EFECTIVO,443.21,2026-06-10 08:22:22,0,ESTRUCTURACION_SMURFING_DETECTADA,,,,
TX-0008949,CLI-01374,SISTEMA,DEPOSITO_EFECTIVO,789.23,2026-06-10 08:24:22,0,ESTRUCTURACION_SMURFING_DETECTADA,,,,
TX-0021737,CLI-03359,SISTEMA,DEPOSITO_EFECTIVO,11754.11,2026-06-10 08:35:22,0,ESTRUCTURACION_SMURFING_DETECTADA,,,,
TX-0024196,CLI-03736,SISTEMA,DEPOSITO_EFECTIVO,5238.72,2026-06-10 08:48:22,0,ESTRUCTURACION_SMURFING_DETECTADA,,,,
TX-0027028,CLI-04165,SISTEMA,DEPOSITO_EFECTIVO,174.82,2026-06-10 09:10:22,0,ESTRUCTURACION_SMURFING_DETECTADA,,,,
TX-0027179,CLI-04190,SISTEMA,DEPOSITO_EFECTIVO,2019.14,2026-06-10 09:12:22,0,ESTRUCTURACION_SMURFING_DETECTADA,,,,
TX-0019539,CLI-03029,SISTEMA,DEPOSITO_EFECTIVO,736.02,2026-06-10 09:14:22,0,ESTRUCTURACION_SMURFING_DETECTADA,,,,
TX-0026297,CLI-04050,SISTEMA,DEPOSITO_EFECTIVO,784.03,2026-06-10 09:22:22,0,ESTRUCTURACION_SMURFING_DETECTADA,,,,
TX-0031348,CLI-04821,SISTEMA,DEPOSITO_EFECTIVO,388.52,2026-06-10 09:23:22,0,ESTRUCTURACION_SMURFING_DETECTADA,,,,
TX-0015378,CLI-02383,SISTEMA,DEPOSITO_EFECTIVO,909.99,2026-06-10 09:36:22,0,ESTRUCTURACION_SMURFING_DETECTADA,,,,
TX-0010916,CLI-01680,SISTEMA,DEPOSITO_EFECTIVO,639.24,2026-06-10 09:54:22,0,ESTRUCTURACION_SMURFING_DETECTADA,,,,
TX-0031683,CLI-04872,SISTEMA,DEPOSITO_EFECTIVO,372.99,2026-06-10 10:14:22,0,ESTRUCTURACION_SMURFING_DETECTADA,,,,
TX-0012979,CLI-02006,SISTEMA,DEPOSITO_EFECTIVO,351.47,2026-06-10 10:14:22,0,ESTRUCTURACION_SMURFING_DETECTADA,,,,
TX-0020006,CLI-03102,SISTEMA,DEPOSITO_EFECTIVO,5646.75,2026-06-10 10:17:22,0,ESTRUCTURACION_SMURFING_DETECTADA,,,,
TX-0022920,CLI-03540,SISTEMA,DEPOSITO_EFECTIVO,2126.07,2026-06-10 10:24:22,0,ESTRUCTURACION_SMURFING_DETECTADA,,,,
TX-0021803,CLI-03371,SISTEMA,DEPOSITO_EFECTIVO,1238.85,2026-06-10 10:25:22,0,ESTRUCTURACION_SMURFING_DETECTADA,,,,
TX-0003644,CLI-00551,SISTEMA,DEPOSITO_EFECTIVO,572.09,2026-06-10 10:32:22,0,ESTRUCTURACION_SMURFING_DETECTADA,,,,
TX-0016614,CLI-02574,SISTEMA,DEPOSITO_EFECTIVO,2197.49,2026-06-10 10:32:22,0,ESTRUCTURACION_SMURFING_DETECTADA,,,,
TX-0008805,CLI-01351,SISTEMA,DEPOSITO_EFECTIVO,886.67,2026-06-10 10:34:22,0,ESTRUCTURACION_SMURFING_DETECTADA,,,,
TX-0001591,CLI-00240,SISTEMA,DEPOSITO_EFECTIVO,1034.23,2026-06-10 10:51:22,0,ESTRUCTURACION_SMURFING_DETECTADA,,,,
TX-0015475,CLI-02396,SISTEMA,DEPOSITO_EFECTIVO,2561.71,2026-06-10 11:01:22,0,ESTRUCTURACION_SMURFING_DETECTADA,,,,
TX-0019460,CLI-03016,SISTEMA,DEPOSITO_EFECTIVO,3154.49,2026-06-10 11:18:22,0,ESTRUCTURACION_SMURFING_DETECTADA,,,,
TX-0030352,CLI-04676,SISTEMA,DEPOSITO_EFECTIVO,876.09,2026-06-10 11:18:22,0,ESTRUCTURACION_SMURFING_DETECTADA,,,,
TX-0012295,CLI-01898,SISTEMA,DEPOSITO_EFECTIVO,1679.26,2026-06-10 11:25:22,0,ESTRUCTURACION_SMURFING_DETECTADA,,,,
TX-0018383,CLI-02844,SISTEMA,DEPOSITO_EFECTIVO,618.11,2026-06-10 11:32:22,0,ESTRUCTURACION_SMURFING_DETECTADA,,,,
TX-0023533,CLI-03636,SISTEMA,DEPOSITO_EFECTIVO,596.93,2026-06-10 11:40:22,0,ESTRUCTURACION_SMURFING_DETECTADA,,,,
TX-0026871,CLI-04140,SISTEMA,DEPOSITO_EFECTIVO,2383.7,2026-06-10 11:47:22,0,ESTRUCTURACION_SMURFING_DETECTADA,,,,
TX-0017153,CLI-02658,SISTEMA,DEPOSITO_EFECTIVO,2099.82,2026-06-10 11:48:22,0,ESTRUCTURACION_SMURFING_DETECTADA,,,,
TX-0021739,CLI-03360,SISTEMA,DEPOSITO_EFECTIVO,887.71,2026-06-10 11:51:22,0,ESTRUCTURACION_SMURFING_DETECTADA,,,,
TX-0013246,CLI-02049,SISTEMA,DEPOSITO_EFECTIVO,441.75,2026-06-10 12:17:22,0,ESTRUCTURACION_SMURFING_DETECTADA,,,,
TX-0003853,CLI-00586,SISTEMA,DEPOSITO_EFECTIVO,916.19,2026-06-10 12:21:22,0,ESTRUCTURACION_SMURFING_DETECTADA,,,,
TX-0017157,CLI-02658,SISTEMA,DEPOSITO_EFECTIVO,2390.77,2026-06-10 12:21:22,0,ESTRUCTURACION_SMURFING_DETECTADA,,,,
TX-0015541,CLI-02406,SISTEMA,DEPOSITO_EFECTIVO,4474.51,2026-06-10 12:24:22,0,ESTRUCTURACION_SMURFING_DETECTADA,,,,
TX-0013278,CLI-02055,SISTEMA,DEPOSITO_EFECTIVO,4417.77,2026-06-10 12:31:22,0,ESTRUCTURACION_SMURFING_DETECTADA,,,,
TX-0010741,CLI-01656,SISTEMA,DEPOSITO_EFECTIVO,2010.23,2026-06-10 12:37:22,0,ESTRUCTURACION_SMURFING_DETECTADA,,,,
TX-0032471,CLI-04988,SISTEMA,DEPOSITO_EFECTIVO,435.17,2026-06-10 12:42:22,0,ESTRUCTURACION_SMURFING_DETECTADA,,,,
TX-0007028,CLI-01085,SISTEMA,DEPOSITO_EFECTIVO,3379.69,2026-06-10 12:42:22,0,ESTRUCTURACION_SMURFING_DETECTADA,,,,
TX-0010628,CLI-01636,SISTEMA,DEPOSITO_EFECTIVO,1046.84,2026-06-10 12:48:22,0,ESTRUCTURACION_SMURFING_DETECTADA,,,,
TX-0024866,CLI-03839,SISTEMA,DEPOSITO_EFECTIVO,6644.45,2026-06-10 12:49:22,0,ESTRUCTURACION_SMURFING_DETECTADA,,,,
TX-0020134,CLI-03121,SISTEMA,DEPOSITO_EFECTIVO,4762.61,2026-06-10 13:05:22,0,ESTRUCTURACION_SMURFING_DETECTADA,,,,
TX-0011537,CLI-01779,SISTEMA,DEPOSITO_EFECTIVO,13465.01,2026-06-10 13:27:22,0,ESTRUCTURACION_SMURFING_DETECTADA,,,,
TX-0015266,CLI-02365,SISTEMA,DEPOSITO_EFECTIVO,110.89,2026-06-10 13:45:22,0,ESTRUCTURACION_SMURFING_DETECTADA,,,,
TX-0028739,CLI-04424,SISTEMA,DEPOSITO_EFECTIVO,2586.78,2026-06-10 14:02:22,0,ESTRUCTURACION_SMURFING_DETECTADA,,,,
TX-0009122,CLI-01402,SISTEMA,DEPOSITO_EFECTIVO,9629.67,2026-06-10 14:04:22,0,ESTRUCTURACION_SMURFING_DETECTADA,,,,
TX-0021723,CLI-03357,SISTEMA,DEPOSITO_EFECTIVO,373.43,2026-06-10 14:05:22,0,ESTRUCTURACION_SMURFING_DETECTADA,,,,
TX-0013443,CLI-02083,SISTEMA,DEPOSITO_EFECTIVO,473.22,2026-06-10 14:23:22,0,ESTRUCTURACION_SMURFING_DETECTADA,,,,
TX-0019865,CLI-03079,SISTEMA,DEPOSITO_EFECTIVO,228.28,2026-06-10 14:27:22,0,ESTRUCTURACION_SMURFING_DETECTADA,,,,
TX-0017815,CLI-02756,SISTEMA,DEPOSITO_EFECTIVO,439.07,2026-06-10 14:31:22,0,ESTRUCTURACION_SMURFING_DETECTADA,,,,
TX-0027778,CLI-04279,SISTEMA,DEPOSITO_EFECTIVO,3300.87,2026-06-10 14:52:22,0,ESTRUCTURACION_SMURFING_DETECTADA,,,,
TX-0005062,CLI-00781,SISTEMA,DEPOSITO_EFECTIVO,5480.0,2026-06-10 14:52:22,0,ESTRUCTURACION_SMURFING_DETECTADA,,,,
TX-0030893,CLI-04756,SISTEMA,DEPOSITO_EFECTIVO,220.73,2026-06-10 15:01:22,0,ESTRUCTURACION_SMURFING_DETECTADA,,,,
TX-0010582,CLI-01627,SISTEMA,DEPOSITO_EFECTIVO,1371.74,2026-06-10 15:14:22,0,ESTRUCTURACION_SMURFING_DETECTADA,,,,
TX-0010476,CLI-01608,SISTEMA,DEPOSITO_EFECTIVO,204.39,2026-06-10 15:16:22,0,ESTRUCTURACION_SMURFING_DETECTADA,,,,
TX-0003299,CLI-00498,SISTEMA,DEPOSITO_EFECTIVO,2508.33,2026-06-10 15:22:22,0,ESTRUCTURACION_SMURFING_DETECTADA,,,,
TX-0030372,CLI-04678,SISTEMA,DEPOSITO_EFECTIVO,467.04,2026-06-10 15:36:22,0,ESTRUCTURACION_SMURFING_DETECTADA,,,,
TX-0015557,CLI-02408,SISTEMA,DEPOSITO_EFECTIVO,1035.61,2026-06-10 15:39:22,0,ESTRUCTURACION_SMURFING_DETECTADA,,,,
TX-0024522,CLI-03784,SISTEMA,DEPOSITO_EFECTIVO,3311.18,2026-06-10 15:44:22,0,ESTRUCTURACION_SMURFING_DETECTADA,,,,
TX-0015880,CLI-02458,SISTEMA,DEPOSITO_EFECTIVO,4092.01,2026-06-10 15:59:22,0,ESTRUCTURACION_SMURFING_DETECTADA,,,,
TX-0007634,CLI-01174,SISTEMA,DEPOSITO_EFECTIVO,1474.83,2026-06-10 16:01:22,0,ESTRUCTURACION_SMURFING_DETECTADA,,,,
TX-0016695,CLI-02586,SISTEMA,DEPOSITO_EFECTIVO,10166.65,2026-06-10 16:21:22,0,ESTRUCTURACION_SMURFING_DETECTADA,,,,
TX-0024973,CLI-03854,SISTEMA,DEPOSITO_EFECTIVO,7052.79,2026-06-10 16:40:22,0,ESTRUCTURACION_SMURFING_DETECTADA,,,,
TX-0012388,CLI-01911,SISTEMA,DEPOSITO_EFECTIVO,1212.58,2026-06-10 16:41:22,0,ESTRUCTURACION_SMURFING_DETECTADA,,,,
TX-0030096,CLI-04637,SISTEMA,DEPOSITO_EFECTIVO,390.12,2026-06-10 16:54:22,0,ESTRUCTURACION_SMURFING_DETECTADA,,,,
TX-0010889,CLI-01676,SISTEMA,DEPOSITO_EFECTIVO,722.75,2026-06-10 17:03:22,0,ESTRUCTURACION_SMURFING_DETECTADA,,,,
TX-0026800,CLI-04127,SISTEMA,DEPOSITO_EFECTIVO,4237.74,2026-06-10 17:25:22,0,ESTRUCTURACION_SMURFING_DETECTADA,,,,
TX-0018861,CLI-02916,SISTEMA,DEPOSITO_EFECTIVO,1529.03,2026-06-10 17:28:22,0,ESTRUCTURACION_SMURFING_DETECTADA,,,,
TX-0008616,CLI-01323,SISTEMA,DEPOSITO_EFECTIVO,10417.72,2026-06-10 17:28:22,0,ESTRUCTURACION_SMURFING_DETECTADA,,,,
TX-0028699,CLI-04418,SISTEMA,DEPOSITO_EFECTIVO,4129.16,2026-06-10 17:39:22,0,ESTRUCTURACION_SMURFING_DETECTADA,,,,
TX-0003385,CLI-00513,SISTEMA,DEPOSITO_EFECTIVO,935.0,2026-06-10 17:46:22,0,ESTRUCTURACION_SMURFING_DETECTADA,,,,
TX-0018838,CLI-02913,SISTEMA,DEPOSITO_EFECTIVO,596.78,2026-06-10 17:49:22,0,ESTRUCTURACION_SMURFING_DETECTADA,,,,
TX-0001484,CLI-00222,SISTEMA,DEPOSITO_EFECTIVO,10216.15,2026-06-10 17:57:22,0,ESTRUCTURACION_SMURFING_DETECTADA,,,,
TX-0030133,CLI-04642,SISTEMA,DEPOSITO_EFECTIVO,1272.42,2026-06-10 17:59:22,0,ESTRUCTURACION_SMURFING_DETECTADA,,,,
TX-0023707,CLI-03665,SISTEMA,DEPOSITO_EFECTIVO,2213.73,2026-06-10 18:02:22,0,ESTRUCTURACION_SMURFING_DETECTADA,,,,
TX-0003263,CLI-00493,SISTEMA,DEPOSITO_EFECTIVO,1940.08,2026-06-10 18:03:22,0,ESTRUCTURACION_SMURFING_DETECTADA,,,,
TX-0017237,CLI-02672,SISTEMA,DEPOSITO_EFECTIVO,564.75,2026-06-10 18:25:22,0,ESTRUCTURACION_SMURFING_DETECTADA,,,,
TX-0001585,CLI-00239,SISTEMA,DEPOSITO_EFECTIVO,162.36,2026-06-10 18:32:22,0,ESTRUCTURACION_SMURFING_DETECTADA,,,,
TX-0021620,CLI-03344,SISTEMA,DEPOSITO_EFECTIVO,2019.91,2026-06-10 18:34:22,0,ESTRUCTURACION_SMURFING_DETECTADA,,,,
TX-0005768,CLI-00884,SISTEMA,DEPOSITO_EFECTIVO,1674.51,2026-06-10 18:47:22,0,ESTRUCTURACION_SMURFING_DETECTADA,,,,
TX-0000618,CLI-00095,SISTEMA,DEPOSITO_EFECTIVO,220.68,2026-06-10 18:49:22,0,ESTRUCTURACION_SMURFING_DETECTADA,,,,
TX-0021179,CLI-03276,SISTEMA,DEPOSITO_EFECTIVO,3166.55,2026-06-10 18:53:22,0,ESTRUCTURACION_SMURFING_DETECTADA,,,,
TX-0011396,CLI-01756,SISTEMA,DEPOSITO_EFECTIVO,4751.68,2026-06-10 19:15:22,0,ESTRUCTURACION_SMURFING_DETECTADA,,,,
TX-0004786,CLI-00739,SISTEMA,DEPOSITO_EFECTIVO,704.3,2026-06-10 19:17:22,0,ESTRUCTURACION_SMURFING_DETECTADA,,,,
TX-0009204,CLI-01414,SISTEMA,DEPOSITO_EFECTIVO,2795.6,2026-06-10 19:26:22,0,ESTRUCTURACION_SMURFING_DETECTADA,,,,
TX-0005717,CLI-00878,SISTEMA,DEPOSITO_EFECTIVO,2554.62,2026-06-10 19:35:22,0,ESTRUCTURACION_SMURFING_DETECTADA,,,,
TX-0002782,CLI-00421,SISTEMA,DEPOSITO_EFECTIVO,433.37,2026-06-10 19:43:22,0,ESTRUCTURACION_SMURFING_DETECTADA,,,,
TX-0028588,CLI-04400,SISTEMA,DEPOSITO_EFECTIVO,2211.67,2026-06-10 19:43:22,0,ESTRUCTURACION_SMURFING_DETECTADA,,,,
TX-0016630,CLI-02576,SISTEMA,DEPOSITO_EFECTIVO,820.18,2026-06-10 19:47:22,0,ESTRUCTURACION_SMURFING_DETECTADA,,,,
TX-0018593,CLI-02875,SISTEMA,DEPOSITO_EFECTIVO,4766.65,2026-06-10 19:48:22,0,ESTRUCTURACION_SMURFING_DETECTADA,,,,
TX-0008212,CLI-01264,SISTEMA,DEPOSITO_EFECTIVO,95.09,2026-06-10 19:48:22,0,ESTRUCTURACION_SMURFING_DETECTADA,,,,
TX-0000126,CLI-00018,SISTEMA,DEPOSITO_EFECTIVO,11406.57,2026-06-10 19:52:22,0,ESTRUCTURACION_SMURFING_DETECTADA,,,,
TX-0016902,CLI-02618,SISTEMA,DEPOSITO_EFECTIVO,1072.87,2026-06-10 19:53:22,0,ESTRUCTURACION_SMURFING_DETECTADA,,,,
TX-0023663,CLI-03657,SISTEMA,DEPOSITO_EFECTIVO,6114.97,2026-06-10 19:54:22,0,ESTRUCTURACION_SMURFING_DETECTADA,,,,
TX-0000584,CLI-00089,SISTEMA,DEPOSITO_EFECTIVO,468.06,2026-06-10 19:57:22,0,ESTRUCTURACION_SMURFING_DETECTADA,,,,
TX-0031839,CLI-04893,SISTEMA,DEPOSITO_EFECTIVO,8212.94,2026-06-10 20:00:22,0,ESTRUCTURACION_SMURFING_DETECTADA,,,,
TX-0002966,CLI-00452,SISTEMA,DEPOSITO_EFECTIVO,785.95,2026-06-10 20:08:22,0,ESTRUCTURACION_SMURFING_DETECTADA,,,,
TX-0030165,CLI-04647,SISTEMA,DEPOSITO_EFECTIVO,303.47,2026-06-10 20:10:22,0,ESTRUCTURACION_SMURFING_DETECTADA,,,,
TX-0016047,CLI-02482,SISTEMA,DEPOSITO_EFECTIVO,5464.16,2026-06-10 20:12:22,0,ESTRUCTURACION_SMURFING_DETECTADA,,,,
TX-0013964,CLI-02162,SISTEMA,DEPOSITO_EFECTIVO,3064.27,2026-06-10 20:13:22,0,ESTRUCTURACION_SMURFING_DETECTADA,,,,
TX-0024231,CLI-03740,SISTEMA,DEPOSITO_EFECTIVO,1578.92,2026-06-10 20:20:22,0,ESTRUCTURACION_SMURFING_DETECTADA,,,,
TX-0023804,CLI-03679,SISTEMA,DEPOSITO_EFECTIVO,10645.01,2026-06-10 20:21:22,0,ESTRUCTURACION_SMURFING_DETECTADA,,,,
TX-0008914,CLI-01369,SISTEMA,DEPOSITO_EFECTIVO,4393.51,2026-06-10 20:31:22,0,ESTRUCTURACION_SMURFING_DETECTADA,,,,
TX-0025894,CLI-03994,SISTEMA,DEPOSITO_EFECTIVO,13859.26,2026-06-10 20:37:22,0,ESTRUCTURACION_SMURFING_DETECTADA,,,,
TX-0005268,CLI-00812,SISTEMA,DEPOSITO_EFECTIVO,1910.21,2026-06-10 20:41:22,0,ESTRUCTURACION_SMURFING_DETECTADA,,,,
TX-0025017,CLI-03860,SISTEMA,DEPOSITO_EFECTIVO,1402.14,2026-06-10 20:45:22,0,ESTRUCTURACION_SMURFING_DETECTADA,,,,
TX-0021292,CLI-03291,SISTEMA,DEPOSITO_EFECTIVO,175.21,2026-06-10 20:46:22,0,ESTRUCTURACION_SMURFING_DETECTADA,,,,
TX-0007493,CLI-01156,SISTEMA,DEPOSITO_EFECTIVO,9033.06,2026-06-10 20:50:22,0,ESTRUCTURACION_SMURFING_DETECTADA,,,,
TX-0029654,CLI-04565,SISTEMA,DEPOSITO_EFECTIVO,2576.99,2026-06-10 21:00:22,0,ESTRUCTURACION_SMURFING_DETECTADA,,,,
TX-0025819,CLI-03983,SISTEMA,DEPOSITO_EFECTIVO,8099.24,2026-06-10 21:03:22,0,ESTRUCTURACION_SMURFING_DETECTADA,,,,
TX-0008381,CLI-01290,SISTEMA,DEPOSITO_EFECTIVO,1060.82,2026-06-10 21:04:22,0,ESTRUCTURACION_SMURFING_DETECTADA,,,,
TX-0024836,CLI-03835,SISTEMA,DEPOSITO_EFECTIVO,1203.45,2026-06-10 21:06:22,0,ESTRUCTURACION_SMURFING_DETECTADA,,,,
TX-0022374,CLI-03458,SISTEMA,DEPOSITO_EFECTIVO,185.82,2026-06-10 21:14:22,0,ESTRUCTURACION_SMURFING_DETECTADA,,,,
TX-0032053,CLI-04926,SISTEMA,DEPOSITO_EFECTIVO,361.02,2026-06-10 21:20:22,0,ESTRUCTURACION_SMURFING_DETECTADA,,,,
TX-0009029,CLI-01387,SISTEMA,DEPOSITO_EFECTIVO,1176.43,2026-06-10 21:23:22,0,ESTRUCTURACION_SMURFING_DETECTADA,,,,
TX-0002543,CLI-00384,SISTEMA,DEPOSITO_EFECTIVO,933.0,2026-06-10 21:24:22,0,ESTRUCTURACION_SMURFING_DETECTADA,,,,
TX-0027560,CLI-04248,SISTEMA,DEPOSITO_EFECTIVO,3654.9,2026-06-10 21:32:22,0,ESTRUCTURACION_SMURFING_DETECTADA,,,,
TX-0015123,CLI-02342,SISTEMA,DEPOSITO_EFECTIVO,2907.47,2026-06-10 21:32:22,0,ESTRUCTURACION_SMURFING_DETECTADA,,,,
TX-0014188,CLI-02197,SISTEMA,DEPOSITO_EFECTIVO,140.81,2026-06-10 21:38:22,0,ESTRUCTURACION_SMURFING_DETECTADA,,,,
TX-0025100,CLI-03874,SISTEMA,DEPOSITO_EFECTIVO,4747.25,2026-06-10 21:46:22,0,ESTRUCTURACION_SMURFING_DETECTADA,,,,
TX-0001460,CLI-00219,SISTEMA,DEPOSITO_EFECTIVO,826.5,2026-06-10 21:47:22,0,ESTRUCTURACION_SMURFING_DETECTADA,,,,
TX-0002165,CLI-00325,SISTEMA,DEPOSITO_EFECTIVO,281.12,2026-06-10 22:03:22,0,ESTRUCTURACION_SMURFING_DETECTADA,,,,
TX-0012010,CLI-01852,SISTEMA,DEPOSITO_EFECTIVO,112.62,2026-06-10 22:13:22,0,ESTRUCTURACION_SMURFING_DETECTADA,,,,
TX-0022886,CLI-03536,SISTEMA,DEPOSITO_EFECTIVO,918.38,2026-06-10 22:26:22,0,ESTRUCTURACION_SMURFING_DETECTADA,,,,
TX-0028196,CLI-04340,SISTEMA,DEPOSITO_EFECTIVO,13120.69,2026-06-10 22:41:22,0,ESTRUCTURACION_SMURFING_DETECTADA,,,,
TX-0016554,CLI-02565,SISTEMA,DEPOSITO_EFECTIVO,438.88,2026-06-10 22:46:22,0,ESTRUCTURACION_SMURFING_DETECTADA,,,,
TX-0001336,CLI-00202,SISTEMA,DEPOSITO_EFECTIVO,109.39,2026-06-10 22:55:22,0,ESTRUCTURACION_SMURFING_DETECTADA,,,,
TX-0020614,CLI-03193,SISTEMA,DEPOSITO_EFECTIVO,9417.68,2026-06-10 22:56:22,0,ESTRUCTURACION_SMURFING_DETECTADA,,,,
TX-0029819,CLI-04594,SISTEMA,DEPOSITO_EFECTIVO,437.58,2026-06-10 23:02:22,0,ESTRUCTURACION_SMURFING_DETECTADA,,,,
TX-0017574,CLI-02722,SISTEMA,DEPOSITO_EFECTIVO,977.36,2026-06-10 23:06:22,0,ESTRUCTURACION_SMURFING_DETECTADA,,,,
TX-0028942,CLI-04456,SISTEMA,DEPOSITO_EFECTIVO,1692.94,2026-06-10 23:19:22,0,ESTRUCTURACION_SMURFING_DETECTADA,,,,
TX-0026280,CLI-04048,SISTEMA,DEPOSITO_EFECTIVO,612.14,2026-06-10 23:27:22,0,ESTRUCTURACION_SMURFING_DETECTADA,,,,
TX-0013273,CLI-02055,SISTEMA,DEPOSITO_EFECTIVO,4528.79,2026-06-10 23:37:22,0,ESTRUCTURACION_SMURFING_DETECTADA,,,,
TX-0022323,CLI-03451,SISTEMA,DEPOSITO_EFECTIVO,633.57,2026-06-10 23:39:22,0,ESTRUCTURACION_SMURFING_DETECTADA,,,,
TX-0002610,CLI-00396,SISTEMA,DEPOSITO_EFECTIVO,1098.61,2026-06-10 23:43:22,0,ESTRUCTURACION_SMURFING_DETECTADA,,,,
TX-0027884,CLI-04295,SISTEMA,DEPOSITO_EFECTIVO,441.42,2026-06-10 23:47:22,0,ESTRUCTURACION_SMURFING_DETECTADA,,,,
TX-0002774,CLI-00419,SISTEMA,DEPOSITO_EFECTIVO,6028.59,2026-06-10 23:57:22,0,ESTRUCTURACION_SMURFING_DETECTADA,,,,
TX-0026316,CLI-04053,SISTEMA,DEPOSITO_EFECTIVO,449.91,2026-06-11 00:05:22,0,ESTRUCTURACION_SMURFING_DETECTADA,,,,
TX-0006814,CLI-01051,SISTEMA,DEPOSITO_EFECTIVO,469.49,2026-06-11 00:13:22,0,ESTRUCTURACION_SMURFING_DETECTADA,,,,
TX-0010760,CLI-01660,SISTEMA,DEPOSITO_EFECTIVO,600.41,2026-06-11 00:23:22,0,ESTRUCTURACION_SMURFING_DETECTADA,,,,
TX-0032121,CLI-04935,SISTEMA,DEPOSITO_EFECTIVO,1638.66,2026-06-11 00:42:22,0,ESTRUCTURACION_SMURFING_DETECTADA,,,,
TX-0025672,CLI-03961,SISTEMA,DEPOSITO_EFECTIVO,192.35,2026-06-11 00:42:22,0,ESTRUCTURACION_SMURFING_DETECTADA,,,,
TX-0014657,CLI-02271,SISTEMA,DEPOSITO_EFECTIVO,660.37,2026-06-11 00:55:22,0,ESTRUCTURACION_SMURFING_DETECTADA,,,,
TX-0031168,CLI-04796,SISTEMA,DEPOSITO_EFECTIVO,1498.28,2026-06-11 01:05:22,0,ESTRUCTURACION_SMURFING_DETECTADA,,,,
TX-0029664,CLI-04566,SISTEMA,DEPOSITO_EFECTIVO,13954.68,2026-06-11 01:05:22,0,ESTRUCTURACION_SMURFING_DETECTADA,,,,
TX-0021260,CLI-03287,SISTEMA,DEPOSITO_EFECTIVO,3089.9,2026-06-11 01:07:22,0,ESTRUCTURACION_SMURFING_DETECTADA,,,,
TX-0005017,CLI-00775,SISTEMA,DEPOSITO_EFECTIVO,7017.08,2026-06-11 01:09:22,0,ESTRUCTURACION_SMURFING_DETECTADA,,,,
TX-0031664,CLI-04869,SISTEMA,DEPOSITO_EFECTIVO,11403.1,2026-06-11 01:20:22,0,ESTRUCTURACION_SMURFING_DETECTADA,,,,
TX-0031537,CLI-04851,SISTEMA,DEPOSITO_EFECTIVO,7841.78,2026-06-11 01:36:22,0,ESTRUCTURACION_SMURFING_DETECTADA,,,,
TX-0021838,CLI-03375,SISTEMA,DEPOSITO_EFECTIVO,537.14,2026-06-11 01:36:22,0,ESTRUCTURACION_SMURFING_DETECTADA,,,,
TX-0032286,CLI-04960,SISTEMA,DEPOSITO_EFECTIVO,27.71,2026-06-11 01:48:22,0,ESTRUCTURACION_SMURFING_DETECTADA,,,,
TX-0015000,CLI-02326,SISTEMA,DEPOSITO_EFECTIVO,1243.52,2026-06-11 01:48:22,0,ESTRUCTURACION_SMURFING_DETECTADA,,,,
TX-0018584,CLI-02874,SISTEMA,DEPOSITO_EFECTIVO,2384.96,2026-06-11 01:55:22,0,ESTRUCTURACION_SMURFING_DETECTADA,,,,
TX-0026373,CLI-04062,SISTEMA,DEPOSITO_EFECTIVO,5141.85,2026-06-11 02:04:22,0,ESTRUCTURACION_SMURFING_DETECTADA,,,,
TX-0001900,CLI-00284,SISTEMA,DEPOSITO_EFECTIVO,1449.92,2026-06-11 02:21:22,0,ESTRUCTURACION_SMURFING_DETECTADA,,,,
TX-0032361,CLI-04970,SISTEMA,DEPOSITO_EFECTIVO,1762.36,2026-06-11 02:48:22,0,ESTRUCTURACION_SMURFING_DETECTADA,,,,
TX-0008403,CLI-01292,SISTEMA,DEPOSITO_EFECTIVO,917.83,2026-06-11 02:52:22,0,ESTRUCTURACION_SMURFING_DETECTADA,,,,
TX-0009346,CLI-01435,SISTEMA,DEPOSITO_EFECTIVO,359.42,2026-06-11 03:14:22,0,ESTRUCTURACION_SMURFING_DETECTADA,,,,
TX-0022580,CLI-03490,SISTEMA,DEPOSITO_EFECTIVO,57.92,2026-06-11 03:24:22,0,ESTRUCTURACION_SMURFING_DETECTADA,,,,
TX-0032519,CLI-04994,SISTEMA,DEPOSITO_EFECTIVO,3694.55,2026-06-11 03:29:22,0,ESTRUCTURACION_SMURFING_DETECTADA,,,,
TX-0022148,CLI-03425,SISTEMA,DEPOSITO_EFECTIVO,10171.92,2026-06-11 03:40:22,0,ESTRUCTURACION_SMURFING_DETECTADA,,,,
TX-0024260,CLI-03744,SISTEMA,DEPOSITO_EFECTIVO,500.55,2026-06-11 03:46:22,0,ESTRUCTURACION_SMURFING_DETECTADA,,,,
TX-0001999,CLI-00301,SISTEMA,DEPOSITO_EFECTIVO,2731.63,2026-06-11 03:50:22,0,ESTRUCTURACION_SMURFING_DETECTADA,,,,
TX-0025557,CLI-03944,SISTEMA,DEPOSITO_EFECTIVO,3483.1,2026-06-11 03:57:22,0,ESTRUCTURACION_SMURFING_DETECTADA,,,,
TX-0023150,CLI-03577,SISTEMA,DEPOSITO_EFECTIVO,7632.71,2026-06-11 04:02:22,0,ESTRUCTURACION_SMURFING_DETECTADA,,,,
TX-0020058,CLI-03109,SISTEMA,DEPOSITO_EFECTIVO,693.48,2026-06-11 04:08:22,0,ESTRUCTURACION_SMURFING_DETECTADA,,,,
TX-0006226,CLI-00958,SISTEMA,DEPOSITO_EFECTIVO,9244.83,2026-06-11 04:11:22,0,ESTRUCTURACION_SMURFING_DETECTADA,,,,
TX-0020400,CLI-03160,SISTEMA,DEPOSITO_EFECTIVO,4470.03,2026-06-11 04:14:22,0,ESTRUCTURACION_SMURFING_DETECTADA,,,,
TX-0015174,CLI-02349,SISTEMA,DEPOSITO_EFECTIVO,11022.72,2026-06-11 04:28:22,0,ESTRUCTURACION_SMURFING_DETECTADA,,,,
TX-0004197,CLI-00643,SISTEMA,DEPOSITO_EFECTIVO,14078.57,2026-06-11 04:30:22,0,ESTRUCTURACION_SMURFING_DETECTADA,,,,
TX-0000495,CLI-00077,SISTEMA,DEPOSITO_EFECTIVO,264.54,2026-06-11 04:33:22,0,ESTRUCTURACION_SMURFING_DETECTADA,,,,
TX-0026121,CLI-04027,SISTEMA,DEPOSITO_EFECTIVO,726.52,2026-06-11 04:36:22,0,ESTRUCTURACION_SMURFING_DETECTADA,,,,
TX-0019879,CLI-03082,SISTEMA,DEPOSITO_EFECTIVO,423.8,2026-06-11 04:40:22,0,ESTRUCTURACION_SMURFING_DETECTADA,,,,
TX-0017952,CLI-02776,SISTEMA,DEPOSITO_EFECTIVO,9947.59,2026-06-11 04:45:22,0,ESTRUCTURACION_SMURFING_DETECTADA,,,,
TX-0008886,CLI-01365,SISTEMA,DEPOSITO_EFECTIVO,1567.39,2026-06-11 04:49:22,0,ESTRUCTURACION_SMURFING_DETECTADA,,,,
TX-0012370,CLI-01909,SISTEMA,DEPOSITO_EFECTIVO,855.97,2026-06-11 05:28:22,0,ESTRUCTURACION_SMURFING_DETECTADA,,,,
TX-0007325,CLI-01131,SISTEMA,DEPOSITO_EFECTIVO,4493.27,2026-06-11 05:37:22,0,ESTRUCTURACION_SMURFING_DETECTADA,,,,
TX-0000250,CLI-00036,SISTEMA,DEPOSITO_EFECTIVO,149.68,2026-06-11 05:41:22,0,ESTRUCTURACION_SMURFING_DETECTADA,,,,
TX-0025122,CLI-03877,SISTEMA,DEPOSITO_EFECTIVO,277.32,2026-06-11 05:55:22,0,ESTRUCTURACION_SMURFING_DETECTADA,,,,
TX-0027997,CLI-04311,SISTEMA,DEPOSITO_EFECTIVO,852.62,2026-06-11 06:08:22,0,ESTRUCTURACION_SMURFING_DETECTADA,,,,
TX-0009657,CLI-01483,SISTEMA,DEPOSITO_EFECTIVO,3695.73,2026-06-11 06:10:22,0,ESTRUCTURACION_SMURFING_DETECTADA,,,,
TX-0029934,CLI-04611,SISTEMA,DEPOSITO_EFECTIVO,1078.57,2026-06-11 06:15:22,0,ESTRUCTURACION_SMURFING_DETECTADA,,,,
TX-0013103,CLI-02026,SISTEMA,DEPOSITO_EFECTIVO,1983.44,2026-06-11 06:20:22,0,ESTRUCTURACION_SMURFING_DETECTADA,,,,
TX-0000821,CLI-00125,SISTEMA,DEPOSITO_EFECTIVO,3025.28,2026-06-11 06:22:22,0,ESTRUCTURACION_SMURFING_DETECTADA,,,,
TX-0003286,CLI-00496,SISTEMA,DEPOSITO_EFECTIVO,10431.71,2026-06-11 06:47:22,0,ESTRUCTURACION_SMURFING_DETECTADA,,,,
TX-0024395,CLI-03765,SISTEMA,DEPOSITO_EFECTIVO,173.03,2026-06-11 06:48:22,0,ESTRUCTURACION_SMURFING_DETECTADA,,,,
TX-0030020,CLI-04626,SISTEMA,DEPOSITO_EFECTIVO,582.6,2026-06-11 06:58:22,0,ESTRUCTURACION_SMURFING_DETECTADA,,,,
TX-0021557,CLI-03334,SISTEMA,DEPOSITO_EFECTIVO,1619.13,2026-06-11 06:58:22,0,ESTRUCTURACION_SMURFING_DETECTADA,,,,
TX-0001339,CLI-00203,SISTEMA,DEPOSITO_EFECTIVO,1560.71,2026-06-11 07:01:22,0,ESTRUCTURACION_SMURFING_DETECTADA,,,,
TX-0007727,CLI-01186,SISTEMA,DEPOSITO_EFECTIVO,821.88,2026-06-11 07:01:22,0,ESTRUCTURACION_SMURFING_DETECTADA,,,,
TX-0002106,CLI-00316,SISTEMA,DEPOSITO_EFECTIVO,2212.08,2026-06-11 07:11:22,0,ESTRUCTURACION_SMURFING_DETECTADA,,,,
TX-0010759,CLI-01660,SISTEMA,DEPOSITO_EFECTIVO,978.1,2026-06-11 07:18:22,0,ESTRUCTURACION_SMURFING_DETECTADA,,,,
TX-0001384,CLI-00208,SISTEMA,DEPOSITO_EFECTIVO,465.8,2026-06-11 07:26:22,0,ESTRUCTURACION_SMURFING_DETECTADA,,,,
TX-0010700,CLI-01648,SISTEMA,DEPOSITO_EFECTIVO,325.32,2026-06-11 07:38:22,0,ESTRUCTURACION_SMURFING_DETECTADA,,,,
TX-0021383,CLI-03304,SISTEMA,DEPOSITO_EFECTIVO,140.78,2026-06-11 07:46:22,0,ESTRUCTURACION_SMURFING_DETECTADA,,,,
TX-0014616,CLI-02267,SISTEMA,DEPOSITO_EFECTIVO,385.21,2026-06-11 07:48:22,0,ESTRUCTURACION_SMURFING_DETECTADA,,,,
TX-0013481,CLI-02090,SISTEMA,DEPOSITO_EFECTIVO,747.22,2026-06-11 07:50:22,0,ESTRUCTURACION_SMURFING_DETECTADA,,,,
TX-0029020,CLI-04468,SISTEMA,DEPOSITO_EFECTIVO,5338.46,2026-06-11 07:55:22,0,ESTRUCTURACION_SMURFING_DETECTADA,,,,
TX-0016756,CLI-02596,SISTEMA,DEPOSITO_EFECTIVO,3336.26,2026-06-11 07:56:22,0,ESTRUCTURACION_SMURFING_DETECTADA,,,,
TX-0025182,CLI-03886,SISTEMA,DEPOSITO_EFECTIVO,178.65,2026-06-11 08:13:22,0,ESTRUCTURACION_SMURFING_DETECTADA,,,,
TX-0021547,CLI-03332,SISTEMA,DEPOSITO_EFECTIVO,2372.29,2026-06-11 08:13:22,0,ESTRUCTURACION_SMURFING_DETECTADA,,,,
TX-0019448,CLI-03014,SISTEMA,DEPOSITO_EFECTIVO,175.26,2026-06-11 08:23:22,0,ESTRUCTURACION_SMURFING_DETECTADA,,,,
TX-0005532,CLI-00849,SISTEMA,DEPOSITO_EFECTIVO,307.69,2026-06-11 08:26:22,0,ESTRUCTURACION_SMURFING_DETECTADA,,,,
TX-0012268,CLI-01893,SISTEMA,DEPOSITO_EFECTIVO,4238.18,2026-06-11 08:30:22,0,ESTRUCTURACION_SMURFING_DETECTADA,,,,
TX-0015767,CLI-02440,SISTEMA,DEPOSITO_EFECTIVO,14970.85,2026-06-11 08:58:22,0,ESTRUCTURACION_SMURFING_DETECTADA,,,,
TX-0025303,CLI-03905,SISTEMA,DEPOSITO_EFECTIVO,7387.42,2026-06-11 09:09:22,0,ESTRUCTURACION_SMURFING_DETECTADA,,,,
TX-0032553,CLI-04999,SISTEMA,DEPOSITO_EFECTIVO,170.41,2026-06-11 09:13:22,0,ESTRUCTURACION_SMURFING_DETECTADA,,,,
TX-0021095,CLI-03264,SISTEMA,DEPOSITO_EFECTIVO,600.49,2026-06-11 09:34:22,0,ESTRUCTURACION_SMURFING_DETECTADA,,,,
TX-0032192,CLI-04946,SISTEMA,DEPOSITO_EFECTIVO,781.35,2026-06-11 10:01:22,0,ESTRUCTURACION_SMURFING_DETECTADA,,,,
TX-0028598,CLI-04402,SISTEMA,DEPOSITO_EFECTIVO,1401.3,2026-06-11 10:06:22,0,ESTRUCTURACION_SMURFING_DETECTADA,,,,
TX-0000647,CLI-00099,SISTEMA,DEPOSITO_EFECTIVO,72.05,2026-06-11 10:13:22,0,ESTRUCTURACION_SMURFING_DETECTADA,,,,
TX-0014248,CLI-02206,SISTEMA,DEPOSITO_EFECTIVO,276.22,2026-06-11 10:30:22,0,ESTRUCTURACION_SMURFING_DETECTADA,,,,
TX-0002810,CLI-00426,SISTEMA,DEPOSITO_EFECTIVO,7389.61,2026-06-11 10:30:22,0,ESTRUCTURACION_SMURFING_DETECTADA,,,,
TX-0021086,CLI-03263,SISTEMA,DEPOSITO_EFECTIVO,1456.27,2026-06-11 10:34:22,0,ESTRUCTURACION_SMURFING_DETECTADA,,,,
TX-0014839,CLI-02304,SISTEMA,DEPOSITO_EFECTIVO,137.54,2026-06-11 10:40:22,0,ESTRUCTURACION_SMURFING_DETECTADA,,,,
TX-0028347,CLI-04362,SISTEMA,DEPOSITO_EFECTIVO,658.03,2026-06-11 10:41:22,0,ESTRUCTURACION_SMURFING_DETECTADA,,,,
TX-0003467,CLI-00525,SISTEMA,DEPOSITO_EFECTIVO,140.22,2026-06-11 10:44:22,0,ESTRUCTURACION_SMURFING_DETECTADA,,,,
TX-0012474,CLI-01925,SISTEMA,DEPOSITO_EFECTIVO,1033.07,2026-06-11 10:48:22,0,ESTRUCTURACION_SMURFING_DETECTADA,,,,
TX-0016313,CLI-02525,SISTEMA,DEPOSITO_EFECTIVO,8626.64,2026-06-11 10:49:22,0,ESTRUCTURACION_SMURFING_DETECTADA,,,,
TX-0001272,CLI-00192,SISTEMA,DEPOSITO_EFECTIVO,247.19,2026-06-11 11:18:22,0,ESTRUCTURACION_SMURFING_DETECTADA,,,,
TX-0029272,CLI-04505,SISTEMA,DEPOSITO_EFECTIVO,916.03,2026-06-11 11:26:22,0,ESTRUCTURACION_SMURFING_DETECTADA,,,,
TX-0012654,CLI-01953,SISTEMA,DEPOSITO_EFECTIVO,5217.28,2026-06-11 11:28:22,0,ESTRUCTURACION_SMURFING_DETECTADA,,,,
TX-0006571,CLI-01013,SISTEMA,DEPOSITO_EFECTIVO,10762.53,2026-06-11 11:47:22,0,ESTRUCTURACION_SMURFING_DETECTADA,,,,
TX-0017385,CLI-02697,SISTEMA,DEPOSITO_EFECTIVO,91.83,2026-06-11 11:48:22,0,ESTRUCTURACION_SMURFING_DETECTADA,,,,
TX-0028211,CLI-04342,SISTEMA,DEPOSITO_EFECTIVO,1616.95,2026-06-11 11:51:22,0,ESTRUCTURACION_SMURFING_DETECTADA,,,,
TX-0021569,CLI-03337,SISTEMA,DEPOSITO_EFECTIVO,115.62,2026-06-11 11:54:22,0,ESTRUCTURACION_SMURFING_DETECTADA,,,,
TX-0026213,CLI-04038,SISTEMA,DEPOSITO_EFECTIVO,7308.27,2026-06-11 12:05:22,0,ESTRUCTURACION_SMURFING_DETECTADA,,,,
TX-0022276,CLI-03444,SISTEMA,DEPOSITO_EFECTIVO,824.05,2026-06-11 12:06:22,0,ESTRUCTURACION_SMURFING_DETECTADA,,,,
TX-0015705,CLI-02430,SISTEMA,DEPOSITO_EFECTIVO,2766.72,2026-06-11 12:17:22,0,ESTRUCTURACION_SMURFING_DETECTADA,,,,
TX-0016359,CLI-02534,SISTEMA,DEPOSITO_EFECTIVO,4707.76,2026-06-11 12:26:22,0,ESTRUCTURACION_SMURFING_DETECTADA,,,,
TX-0028967,CLI-04461,SISTEMA,DEPOSITO_EFECTIVO,4935.56,2026-06-11 12:31:22,0,ESTRUCTURACION_SMURFING_DETECTADA,,,,
TX-0014430,CLI-02238,SISTEMA,DEPOSITO_EFECTIVO,6309.4,2026-06-11 12:33:22,0,ESTRUCTURACION_SMURFING_DETECTADA,,,,
TX-0015697,CLI-02429,SISTEMA,DEPOSITO_EFECTIVO,100.85,2026-06-11 12:41:22,0,ESTRUCTURACION_SMURFING_DETECTADA,,,,
TX-0016594,CLI-02571,SISTEMA,DEPOSITO_EFECTIVO,3211.4,2026-06-11 12:58:22,0,ESTRUCTURACION_SMURFING_DETECTADA,,,,
TX-0009361,CLI-01437,SISTEMA,DEPOSITO_EFECTIVO,390.27,2026-06-11 13:05:22,0,ESTRUCTURACION_SMURFING_DETECTADA,,,,
TX-0024392,CLI-03764,SISTEMA,DEPOSITO_EFECTIVO,789.74,2026-06-11 13:18:22,0,ESTRUCTURACION_SMURFING_DETECTADA,,,,
TX-0010941,CLI-01685,SISTEMA,DEPOSITO_EFECTIVO,165.4,2026-06-11 13:24:22,0,ESTRUCTURACION_SMURFING_DETECTADA,,,,
TX-0017934,CLI-02774,SISTEMA,DEPOSITO_EFECTIVO,2208.82,2026-06-11 13:27:22,0,ESTRUCTURACION_SMURFING_DETECTADA,,,,
TX-0022737,CLI-03515,SISTEMA,DEPOSITO_EFECTIVO,5079.96,2026-06-11 13:28:22,0,ESTRUCTURACION_SMURFING_DETECTADA,,,,
TX-0019803,CLI-03069,SISTEMA,DEPOSITO_EFECTIVO,5283.72,2026-06-11 13:29:22,0,ESTRUCTURACION_SMURFING_DETECTADA,,,,
TX-0018476,CLI-02858,SISTEMA,DEPOSITO_EFECTIVO,13610.71,2026-06-11 13:37:22,0,ESTRUCTURACION_SMURFING_DETECTADA,,,,
TX-0007207,CLI-01114,SISTEMA,DEPOSITO_EFECTIVO,230.02,2026-06-11 13:41:22,0,ESTRUCTURACION_SMURFING_DETECTADA,,,,
TX-0020714,CLI-03206,SISTEMA,DEPOSITO_EFECTIVO,1197.85,2026-06-11 13:42:22,0,ESTRUCTURACION_SMURFING_DETECTADA,,,,
TX-0028315,CLI-04356,SISTEMA,DEPOSITO_EFECTIVO,81.86,2026-06-11 13:55:22,0,ESTRUCTURACION_SMURFING_DETECTADA,,,,
TX-0021608,CLI-03343,SISTEMA,DEPOSITO_EFECTIVO,2524.06,2026-06-11 13:56:22,0,ESTRUCTURACION_SMURFING_DETECTADA,,,,
TX-0022808,CLI-03525,SISTEMA,DEPOSITO_EFECTIVO,276.63,2026-06-11 14:00:22,0,ESTRUCTURACION_SMURFING_DETECTADA,,,,
TX-0032489,CLI-04991,SISTEMA,DEPOSITO_EFECTIVO,2550.2,2026-06-11 14:03:22,0,ESTRUCTURACION_SMURFING_DETECTADA,,,,
TX-0004318,CLI-00660,SISTEMA,DEPOSITO_EFECTIVO,124.14,2026-06-11 14:06:22,0,ESTRUCTURACION_SMURFING_DETECTADA,,,,
TX-0016451,CLI-02548,SISTEMA,DEPOSITO_EFECTIVO,1694.79,2026-06-11 14:09:22,0,ESTRUCTURACION_SMURFING_DETECTADA,,,,
TX-0013893,CLI-02152,SISTEMA,DEPOSITO_EFECTIVO,686.46,2026-06-11 14:21:22,0,ESTRUCTURACION_SMURFING_DETECTADA,,,,
TX-0004890,CLI-00757,SISTEMA,DEPOSITO_EFECTIVO,14390.0,2026-06-11 14:40:22,0,ESTRUCTURACION_SMURFING_DETECTADA,,,,
TX-0005687,CLI-00873,SISTEMA,DEPOSITO_EFECTIVO,4658.43,2026-06-11 14:50:22,0,ESTRUCTURACION_SMURFING_DETECTADA,,,,
TX-0028169,CLI-04336,SISTEMA,DEPOSITO_EFECTIVO,758.38,2026-06-11 14:53:22,0,ESTRUCTURACION_SMURFING_DETECTADA,,,,
TX-0027438,CLI-04230,SISTEMA,DEPOSITO_EFECTIVO,484.2,2026-06-11 14:56:22,0,ESTRUCTURACION_SMURFING_DETECTADA,,,,
TX-0026554,CLI-04088,SISTEMA,DEPOSITO_EFECTIVO,9581.03,2026-06-11 15:17:22,0,ESTRUCTURACION_SMURFING_DETECTADA,,,,
TX-0008693,CLI-01334,SISTEMA,DEPOSITO_EFECTIVO,3434.36,2026-06-11 15:39:22,0,ESTRUCTURACION_SMURFING_DETECTADA,,,,
TX-0030292,CLI-04669,SISTEMA,DEPOSITO_EFECTIVO,221.32,2026-06-11 15:40:22,0,ESTRUCTURACION_SMURFING_DETECTADA,,,,
TX-0009766,CLI-01499,SISTEMA,DEPOSITO_EFECTIVO,261.41,2026-06-11 15:44:22,0,ESTRUCTURACION_SMURFING_DETECTADA,,,,
TX-0029882,CLI-04604,SISTEMA,DEPOSITO_EFECTIVO,444.74,2026-06-11 15:52:22,0,ESTRUCTURACION_SMURFING_DETECTADA,,,,
TX-0012992,CLI-02009,SISTEMA,DEPOSITO_EFECTIVO,1014.11,2026-06-11 15:54:22,0,ESTRUCTURACION_SMURFING_DETECTADA,,,,
TX-0021680,CLI-03352,SISTEMA,DEPOSITO_EFECTIVO,4167.94,2026-06-11 15:58:22,0,ESTRUCTURACION_SMURFING_DETECTADA,,,,
TX-0004176,CLI-00640,SISTEMA,DEPOSITO_EFECTIVO,2858.71,2026-06-11 16:00:22,0,ESTRUCTURACION_SMURFING_DETECTADA,,,,
TX-0026101,CLI-04025,SISTEMA,DEPOSITO_EFECTIVO,101.43,2026-06-11 16:08:22,0,ESTRUCTURACION_SMURFING_DETECTADA,,,,
TX-0026199,CLI-04036,SISTEMA,DEPOSITO_EFECTIVO,577.5,2026-06-11 16:16:22,0,ESTRUCTURACION_SMURFING_DETECTADA,,,,
TX-0013991,CLI-02165,SISTEMA,DEPOSITO_EFECTIVO,906.59,2026-06-11 16:19:22,0,ESTRUCTURACION_SMURFING_DETECTADA,,,,
TX-0007315,CLI-01130,SISTEMA,DEPOSITO_EFECTIVO,106.81,2026-06-11 16:24:22,0,ESTRUCTURACION_SMURFING_DETECTADA,,,,
TX-0002747,CLI-00416,SISTEMA,DEPOSITO_EFECTIVO,1990.28,2026-06-11 16:27:22,0,ESTRUCTURACION_SMURFING_DETECTADA,,,,
TX-0030813,CLI-04741,SISTEMA,DEPOSITO_EFECTIVO,717.76,2026-06-11 16:36:22,0,ESTRUCTURACION_SMURFING_DETECTADA,,,,
TX-0008657,CLI-01329,SISTEMA,DEPOSITO_EFECTIVO,555.79,2026-06-11 16:41:22,0,ESTRUCTURACION_SMURFING_DETECTADA,,,,
TX-0001245,CLI-00189,SISTEMA,DEPOSITO_EFECTIVO,126.41,2026-06-11 16:48:22,0,ESTRUCTURACION_SMURFING_DETECTADA,,,,
TX-0011376,CLI-01753,SISTEMA,DEPOSITO_EFECTIVO,1580.3,2026-06-11 16:52:22,0,ESTRUCTURACION_SMURFING_DETECTADA,,,,
TX-0005986,CLI-00921,SISTEMA,DEPOSITO_EFECTIVO,8769.51,2026-06-11 16:54:22,0,ESTRUCTURACION_SMURFING_DETECTADA,,,,
TX-0016125,CLI-02494,SISTEMA,DEPOSITO_EFECTIVO,4496.14,2026-06-11 17:03:22,0,ESTRUCTURACION_SMURFING_DETECTADA,,,,
TX-0020874,CLI-03232,SISTEMA,DEPOSITO_EFECTIVO,800.36,2026-06-11 17:04:22,0,ESTRUCTURACION_SMURFING_DETECTADA,,,,
TX-0007404,CLI-01144,SISTEMA,DEPOSITO_EFECTIVO,170.62,2026-06-11 17:07:22,0,ESTRUCTURACION_SMURFING_DETECTADA,,,,
TX-0031004,CLI-04771,SISTEMA,DEPOSITO_EFECTIVO,994.62,2026-06-11 17:32:22,0,ESTRUCTURACION_SMURFING_DETECTADA,,,,
TX-0003558,CLI-00538,SISTEMA,DEPOSITO_EFECTIVO,8905.81,2026-06-11 17:36:22,0,ESTRUCTURACION_SMURFING_DETECTADA,,,,
TX-0010613,CLI-01634,SISTEMA,DEPOSITO_EFECTIVO,856.29,2026-06-11 17:45:22,0,ESTRUCTURACION_SMURFING_DETECTADA,,,,
TX-0026599,CLI-04095,SISTEMA,DEPOSITO_EFECTIVO,957.47,2026-06-11 17:47:22,0,ESTRUCTURACION_SMURFING_DETECTADA,,,,
TX-0029974,CLI-04617,SISTEMA,DEPOSITO_EFECTIVO,1139.17,2026-06-11 17:49:22,0,ESTRUCTURACION_SMURFING_DETECTADA,,,,
TX-0014275,CLI-02212,SISTEMA,DEPOSITO_EFECTIVO,1736.62,2026-06-11 17:52:22,0,ESTRUCTURACION_SMURFING_DETECTADA,,,,
TX-0032412,CLI-04978,SISTEMA,DEPOSITO_EFECTIVO,75.67,2026-06-11 17:59:22,0,ESTRUCTURACION_SMURFING_DETECTADA,,,,
TX-0003748,CLI-00567,SISTEMA,DEPOSITO_EFECTIVO,8861.86,2026-06-11 18:01:22,0,ESTRUCTURACION_SMURFING_DETECTADA,,,,
TX-0004708,CLI-00727,SISTEMA,DEPOSITO_EFECTIVO,103.9,2026-06-11 18:20:22,0,ESTRUCTURACION_SMURFING_DETECTADA,,,,
TX-0008975,CLI-01378,SISTEMA,DEPOSITO_EFECTIVO,1436.46,2026-06-11 18:26:22,0,ESTRUCTURACION_SMURFING_DETECTADA,,,,
TX-0010494,CLI-01611,SISTEMA,DEPOSITO_EFECTIVO,753.89,2026-06-11 18:32:22,0,ESTRUCTURACION_SMURFING_DETECTADA,,,,
TX-0031756,CLI-04882,SISTEMA,DEPOSITO_EFECTIVO,1013.94,2026-06-11 18:41:22,0,ESTRUCTURACION_SMURFING_DETECTADA,,,,
TX-0027729,CLI-04271,SISTEMA,DEPOSITO_EFECTIVO,2239.09,2026-06-11 18:50:22,0,ESTRUCTURACION_SMURFING_DETECTADA,,,,
TX-0024143,CLI-03728,SISTEMA,DEPOSITO_EFECTIVO,802.4,2026-06-11 19:42:22,0,ESTRUCTURACION_SMURFING_DETECTADA,,,,
TX-0025773,CLI-03975,SISTEMA,DEPOSITO_EFECTIVO,524.73,2026-06-11 20:29:22,0,ESTRUCTURACION_SMURFING_DETECTADA,,,,
TX-0028011,CLI-04313,SISTEMA,DEPOSITO_EFECTIVO,350.22,2026-06-11 20:43:22,0,ESTRUCTURACION_SMURFING_DETECTADA,,,,
TX-0021271,CLI-03288,SISTEMA,DEPOSITO_EFECTIVO,1220.4,2026-06-11 20:50:22,0,ESTRUCTURACION_SMURFING_DETECTADA,,,,
TX-0001124,CLI-00169,SISTEMA,DEPOSITO_EFECTIVO,1000.39,2026-06-11 20:56:22,0,ESTRUCTURACION_SMURFING_DETECTADA,,,,
TX-0016294,CLI-02522,SISTEMA,DEPOSITO_EFECTIVO,5491.74,2026-06-11 21:07:22,0,ESTRUCTURACION_SMURFING_DETECTADA,,,,
TX-0023924,CLI-03696,SISTEMA,DEPOSITO_EFECTIVO,1861.24,2026-06-11 21:19:22,0,ESTRUCTURACION_SMURFING_DETECTADA,,,,
TX-0010310,CLI-01583,SISTEMA,DEPOSITO_EFECTIVO,2259.93,2026-06-11 21:33:22,0,ESTRUCTURACION_SMURFING_DETECTADA,,,,
TX-0023475,CLI-03628,SISTEMA,DEPOSITO_EFECTIVO,1778.52,2026-06-11 21:34:22,0,ESTRUCTURACION_SMURFING_DETECTADA,,,,
TX-0007080,CLI-01093,SISTEMA,DEPOSITO_EFECTIVO,542.23,2026-06-11 21:59:22,0,ESTRUCTURACION_SMURFING_DETECTADA,,,,
TX-0002541,CLI-00384,SISTEMA,DEPOSITO_EFECTIVO,1258.97,2026-06-11 22:11:22,0,ESTRUCTURACION_SMURFING_DETECTADA,,,,
TX-0031574,CLI-04858,SISTEMA,DEPOSITO_EFECTIVO,121.04,2026-06-11 22:37:22,0,ESTRUCTURACION_SMURFING_DETECTADA,,,,
TX-0016369,CLI-02536,SISTEMA,DEPOSITO_EFECTIVO,652.25,2026-06-11 22:37:22,0,ESTRUCTURACION_SMURFING_DETECTADA,,,,
TX-0003193,CLI-00484,SISTEMA,DEPOSITO_EFECTIVO,2605.72,2026-06-11 22:50:22,0,ESTRUCTURACION_SMURFING_DETECTADA,,,,
TX-0019507,CLI-03024,SISTEMA,DEPOSITO_EFECTIVO,3299.2,2026-06-11 22:58:22,0,ESTRUCTURACION_SMURFING_DETECTADA,,,,
TX-0011575,CLI-01784,SISTEMA,DEPOSITO_EFECTIVO,1222.02,2026-06-11 23:04:22,0,ESTRUCTURACION_SMURFING_DETECTADA,,,,
TX-0019353,CLI-02999,SISTEMA,DEPOSITO_EFECTIVO,3467.95,2026-06-11 23:10:22,0,ESTRUCTURACION_SMURFING_DETECTADA,,,,
TX-0031086,CLI-04784,SISTEMA,DEPOSITO_EFECTIVO,420.87,2026-06-11 23:11:22,0,ESTRUCTURACION_SMURFING_DETECTADA,,,,
TX-0008285,CLI-01274,SISTEMA,DEPOSITO_EFECTIVO,14436.05,2026-06-11 23:14:22,0,ESTRUCTURACION_SMURFING_DETECTADA,,,,
TX-0030246,CLI-04660,SISTEMA,DEPOSITO_EFECTIVO,1978.6,2026-06-11 23:29:22,0,ESTRUCTURACION_SMURFING_DETECTADA,,,,
TX-0011227,CLI-01729,SISTEMA,DEPOSITO_EFECTIVO,2458.3,2026-06-11 23:34:22,0,ESTRUCTURACION_SMURFING_DETECTADA,,,,
TX-0023990,CLI-03704,SISTEMA,DEPOSITO_EFECTIVO,957.86,2026-06-11 23:34:22,0,ESTRUCTURACION_SMURFING_DETECTADA,,,,
TX-0008052,CLI-01240,SISTEMA,DEPOSITO_EFECTIVO,4219.79,2026-06-11 23:43:22,0,ESTRUCTURACION_SMURFING_DETECTADA,,,,
TX-0022378,CLI-03459,SISTEMA,DEPOSITO_EFECTIVO,154.4,2026-06-11 23:45:22,0,ESTRUCTURACION_SMURFING_DETECTADA,,,,
TX-0023303,CLI-03600,SISTEMA,DEPOSITO_EFECTIVO,1054.76,2026-06-11 23:48:22,0,ESTRUCTURACION_SMURFING_DETECTADA,,,,
TX-0009607,CLI-01476,SISTEMA,DEPOSITO_EFECTIVO,4378.55,2026-06-12 00:25:22,0,ESTRUCTURACION_SMURFING_DETECTADA,,,,
TX-0008221,CLI-01265,SISTEMA,DEPOSITO_EFECTIVO,517.23,2026-06-12 00:40:22,0,ESTRUCTURACION_SMURFING_DETECTADA,,,,
TX-0012243,CLI-01890,SISTEMA,DEPOSITO_EFECTIVO,428.88,2026-06-12 00:47:22,0,ESTRUCTURACION_SMURFING_DETECTADA,,,,
TX-0029142,CLI-04487,SISTEMA,DEPOSITO_EFECTIVO,949.68,2026-06-12 01:00:22,0,ESTRUCTURACION_SMURFING_DETECTADA,,,,
TX-0014676,CLI-02275,SISTEMA,DEPOSITO_EFECTIVO,224.75,2026-06-12 01:14:22,0,ESTRUCTURACION_SMURFING_DETECTADA,,,,
TX-0018129,CLI-02805,SISTEMA,DEPOSITO_EFECTIVO,199.43,2026-06-12 01:19:22,0,ESTRUCTURACION_SMURFING_DETECTADA,,,,
TX-0008918,CLI-01370,SISTEMA,DEPOSITO_EFECTIVO,6786.38,2026-06-12 01:25:22,0,ESTRUCTURACION_SMURFING_DETECTADA,,,,
TX-0004520,CLI-00693,SISTEMA,DEPOSITO_EFECTIVO,4615.49,2026-06-12 01:30:22,0,ESTRUCTURACION_SMURFING_DETECTADA,,,,
TX-0003569,CLI-00541,SISTEMA,DEPOSITO_EFECTIVO,381.84,2026-06-12 01:31:22,0,ESTRUCTURACION_SMURFING_DETECTADA,,,,
TX-0001376,CLI-00207,SISTEMA,DEPOSITO_EFECTIVO,2223.39,2026-06-12 02:00:22,0,ESTRUCTURACION_SMURFING_DETECTADA,,,,
TX-0019451,CLI-03014,SISTEMA,DEPOSITO_EFECTIVO,649.4,2026-06-12 02:05:22,0,ESTRUCTURACION_SMURFING_DETECTADA,,,,
TX-0021633,CLI-03346,SISTEMA,DEPOSITO_EFECTIVO,3464.74,2026-06-12 02:20:22,0,ESTRUCTURACION_SMURFING_DETECTADA,,,,
TX-0005528,CLI-00848,SISTEMA,DEPOSITO_EFECTIVO,2487.27,2026-06-12 02:21:22,0,ESTRUCTURACION_SMURFING_DETECTADA,,,,
TX-0029193,CLI-04495,SISTEMA,DEPOSITO_EFECTIVO,4318.26,2026-06-12 02:23:22,0,ESTRUCTURACION_SMURFING_DETECTADA,,,,
TX-0014098,CLI-02181,SISTEMA,DEPOSITO_EFECTIVO,341.95,2026-06-12 02:33:22,0,ESTRUCTURACION_SMURFING_DETECTADA,,,,
TX-0010625,CLI-01636,SISTEMA,DEPOSITO_EFECTIVO,13162.75,2026-06-12 02:39:22,0,ESTRUCTURACION_SMURFING_DETECTADA,,,,
TX-0018574,CLI-02872,SISTEMA,DEPOSITO_EFECTIVO,4603.71,2026-06-12 02:45:22,0,ESTRUCTURACION_SMURFING_DETECTADA,,,,
TX-0020878,CLI-03233,SISTEMA,DEPOSITO_EFECTIVO,11171.34,2026-06-12 02:46:22,0,ESTRUCTURACION_SMURFING_DETECTADA,,,,
TX-0013265,CLI-02054,SISTEMA,DEPOSITO_EFECTIVO,1216.28,2026-06-12 02:52:22,0,ESTRUCTURACION_SMURFING_DETECTADA,,,,
TX-0021116,CLI-03266,SISTEMA,DEPOSITO_EFECTIVO,10097.28,2026-06-12 02:55:22,0,ESTRUCTURACION_SMURFING_DETECTADA,,,,
TX-0010674,CLI-01645,SISTEMA,DEPOSITO_EFECTIVO,6639.89,2026-06-12 03:00:22,0,ESTRUCTURACION_SMURFING_DETECTADA,,,,
TX-0003026,CLI-00460,SISTEMA,DEPOSITO_EFECTIVO,3946.44,2026-06-12 03:00:22,0,ESTRUCTURACION_SMURFING_DETECTADA,,,,
TX-0011644,CLI-01795,SISTEMA,DEPOSITO_EFECTIVO,204.57,2026-06-12 03:05:22,0,ESTRUCTURACION_SMURFING_DETECTADA,,,,
TX-0020195,CLI-03133,SISTEMA,DEPOSITO_EFECTIVO,980.22,2026-06-12 03:17:22,0,ESTRUCTURACION_SMURFING_DETECTADA,,,,
TX-0022338,CLI-03453,SISTEMA,DEPOSITO_EFECTIVO,145.15,2026-06-12 03:21:22,0,ESTRUCTURACION_SMURFING_DETECTADA,,,,
TX-0031110,CLI-04787,SISTEMA,DEPOSITO_EFECTIVO,501.26,2026-06-12 03:28:22,0,ESTRUCTURACION_SMURFING_DETECTADA,,,,
TX-0024247,CLI-03742,SISTEMA,DEPOSITO_EFECTIVO,843.36,2026-06-12 03:30:22,0,ESTRUCTURACION_SMURFING_DETECTADA,,,,
TX-0009439,CLI-01450,SISTEMA,DEPOSITO_EFECTIVO,3766.64,2026-06-12 03:45:22,0,ESTRUCTURACION_SMURFING_DETECTADA,,,,
TX-0023409,CLI-03617,SISTEMA,DEPOSITO_EFECTIVO,5186.78,2026-06-12 03:46:22,0,ESTRUCTURACION_SMURFING_DETECTADA,,,,
TX-0004762,CLI-00734,SISTEMA,DEPOSITO_EFECTIVO,94.54,2026-06-12 03:49:22,0,ESTRUCTURACION_SMURFING_DETECTADA,,,,
TX-0030984,CLI-04768,SISTEMA,DEPOSITO_EFECTIVO,731.99,2026-06-12 03:54:22,0,ESTRUCTURACION_SMURFING_DETECTADA,,,,
TX-0021431,CLI-03314,SISTEMA,DEPOSITO_EFECTIVO,1357.03,2026-06-12 03:59:22,0,ESTRUCTURACION_SMURFING_DETECTADA,,,,
TX-0000492,CLI-00076,SISTEMA,DEPOSITO_EFECTIVO,1961.45,2026-06-12 04:09:22,0,ESTRUCTURACION_SMURFING_DETECTADA,,,,
TX-0000454,CLI-00071,SISTEMA,DEPOSITO_EFECTIVO,1137.23,2026-06-12 04:16:22,0,ESTRUCTURACION_SMURFING_DETECTADA,,,,
TX-0013966,CLI-02162,SISTEMA,DEPOSITO_EFECTIVO,171.54,2026-06-12 04:17:22,0,ESTRUCTURACION_SMURFING_DETECTADA,,,,
TX-0030526,CLI-04697,SISTEMA,DEPOSITO_EFECTIVO,66.38,2026-06-12 04:36:22,0,ESTRUCTURACION_SMURFING_DETECTADA,,,,
TX-0008503,CLI-01305,SISTEMA,DEPOSITO_EFECTIVO,3026.48,2026-06-12 04:37:22,0,ESTRUCTURACION_SMURFING_DETECTADA,,,,
TX-0027414,CLI-04226,SISTEMA,DEPOSITO_EFECTIVO,160.37,2026-06-12 04:38:22,0,ESTRUCTURACION_SMURFING_DETECTADA,,,,
TX-0016891,CLI-02616,SISTEMA,DEPOSITO_EFECTIVO,661.26,2026-06-12 04:59:22,0,ESTRUCTURACION_SMURFING_DETECTADA,,,,
TX-0002252,CLI-00340,SISTEMA,DEPOSITO_EFECTIVO,2234.6,2026-06-12 05:11:22,0,ESTRUCTURACION_SMURFING_DETECTADA,,,,
TX-0005507,CLI-00844,SISTEMA,DEPOSITO_EFECTIVO,1805.14,2026-06-12 05:18:22,0,ESTRUCTURACION_SMURFING_DETECTADA,,,,
TX-0019644,CLI-03044,SISTEMA,DEPOSITO_EFECTIVO,4320.32,2026-06-12 05:19:22,0,ESTRUCTURACION_SMURFING_DETECTADA,,,,
TX-0030650,CLI-04719,SISTEMA,DEPOSITO_EFECTIVO,5293.74,2026-06-12 05:27:22,0,ESTRUCTURACION_SMURFING_DETECTADA,,,,
TX-0029251,CLI-04503,SISTEMA,DEPOSITO_EFECTIVO,3596.09,2026-06-12 05:27:22,0,ESTRUCTURACION_SMURFING_DETECTADA,,,,
TX-0005791,CLI-00888,SISTEMA,DEPOSITO_EFECTIVO,279.38,2026-06-12 05:35:22,0,ESTRUCTURACION_SMURFING_DETECTADA,,,,
TX-0022568,CLI-03488,SISTEMA,DEPOSITO_EFECTIVO,336.4,2026-06-12 05:39:22,0,ESTRUCTURACION_SMURFING_DETECTADA,,,,
TX-0029001,CLI-04465,SISTEMA,DEPOSITO_EFECTIVO,621.6,2026-06-12 05:54:22,0,ESTRUCTURACION_SMURFING_DETECTADA,,,,
TX-0022741,CLI-03516,SISTEMA,DEPOSITO_EFECTIVO,288.08,2026-06-12 05:57:22,0,ESTRUCTURACION_SMURFING_DETECTADA,,,,
TX-0014088,CLI-02180,SISTEMA,DEPOSITO_EFECTIVO,848.07,2026-06-12 06:04:22,0,ESTRUCTURACION_SMURFING_DETECTADA,,,,
TX-0007630,CLI-01174,SISTEMA,DEPOSITO_EFECTIVO,2914.49,2026-06-12 06:15:22,0,ESTRUCTURACION_SMURFING_DETECTADA,,,,
TX-0012074,CLI-01863,SISTEMA,DEPOSITO_EFECTIVO,1968.3,2026-06-12 06:37:22,0,ESTRUCTURACION_SMURFING_DETECTADA,,,,
TX-0023003,CLI-03554,SISTEMA,DEPOSITO_EFECTIVO,576.0,2026-06-12 06:38:22,0,ESTRUCTURACION_SMURFING_DETECTADA,,,,
TX-0001066,CLI-00161,SISTEMA,DEPOSITO_EFECTIVO,350.5,2026-06-12 06:43:22,0,ESTRUCTURACION_SMURFING_DETECTADA,,,,
TX-0008450,CLI-01297,SISTEMA,DEPOSITO_EFECTIVO,1953.87,2026-06-12 06:57:22,0,ESTRUCTURACION_SMURFING_DETECTADA,,,,
TX-0016714,CLI-02591,SISTEMA,DEPOSITO_EFECTIVO,14253.56,2026-06-12 06:57:22,0,ESTRUCTURACION_SMURFING_DETECTADA,,,,
TX-0011189,CLI-01723,SISTEMA,DEPOSITO_EFECTIVO,4075.85,2026-06-12 07:29:22,0,ESTRUCTURACION_SMURFING_DETECTADA,,,,
TX-0004878,CLI-00755,SISTEMA,DEPOSITO_EFECTIVO,1741.39,2026-06-12 07:32:22,0,ESTRUCTURACION_SMURFING_DETECTADA,,,,
TX-0004068,CLI-00621,SISTEMA,DEPOSITO_EFECTIVO,226.27,2026-06-12 07:34:22,0,ESTRUCTURACION_SMURFING_DETECTADA,,,,
TX-0029511,CLI-04544,SISTEMA,DEPOSITO_EFECTIVO,9634.96,2026-06-12 07:34:22,0,ESTRUCTURACION_SMURFING_DETECTADA,,,,
TX-0000962,CLI-00146,SISTEMA,DEPOSITO_EFECTIVO,4614.74,2026-06-12 07:36:22,0,ESTRUCTURACION_SMURFING_DETECTADA,,,,
TX-0011411,CLI-01758,SISTEMA,DEPOSITO_EFECTIVO,375.47,2026-06-12 07:47:22,0,ESTRUCTURACION_SMURFING_DETECTADA,,,,
TX-0002595,CLI-00393,SISTEMA,DEPOSITO_EFECTIVO,3293.19,2026-06-12 07:53:22,0,ESTRUCTURACION_SMURFING_DETECTADA,,,,
TX-0030807,CLI-04741,SISTEMA,DEPOSITO_EFECTIVO,709.49,2026-06-12 07:55:22,0,ESTRUCTURACION_SMURFING_DETECTADA,,,,
TX-0004651,CLI-00717,SISTEMA,DEPOSITO_EFECTIVO,915.25,2026-06-12 07:58:22,0,ESTRUCTURACION_SMURFING_DETECTADA,,,,
TX-0019926,CLI-03089,SISTEMA,DEPOSITO_EFECTIVO,637.18,2026-06-12 08:15:22,0,ESTRUCTURACION_SMURFING_DETECTADA,,,,
TX-0023293,CLI-03599,SISTEMA,DEPOSITO_EFECTIVO,1854.69,2026-06-12 08:21:22,0,ESTRUCTURACION_SMURFING_DETECTADA,,,,
TX-0016629,CLI-02576,SISTEMA,DEPOSITO_EFECTIVO,773.35,2026-06-12 08:31:22,0,ESTRUCTURACION_SMURFING_DETECTADA,,,,
TX-0025652,CLI-03958,SISTEMA,DEPOSITO_EFECTIVO,2100.44,2026-06-12 08:42:22,0,ESTRUCTURACION_SMURFING_DETECTADA,,,,
TX-0026959,CLI-04155,SISTEMA,DEPOSITO_EFECTIVO,462.2,2026-06-12 08:46:22,0,ESTRUCTURACION_SMURFING_DETECTADA,,,,
TX-0022905,CLI-03539,SISTEMA,DEPOSITO_EFECTIVO,203.28,2026-06-12 08:49:22,0,ESTRUCTURACION_SMURFING_DETECTADA,,,,
TX-0032020,CLI-04921,SISTEMA,DEPOSITO_EFECTIVO,2538.09,2026-06-12 09:23:22,0,ESTRUCTURACION_SMURFING_DETECTADA,,,,
TX-0030103,CLI-04638,SISTEMA,DEPOSITO_EFECTIVO,1322.81,2026-06-12 09:26:22,0,ESTRUCTURACION_SMURFING_DETECTADA,,,,
TX-0026513,CLI-04082,SISTEMA,DEPOSITO_EFECTIVO,7707.71,2026-06-12 09:41:22,0,ESTRUCTURACION_SMURFING_DETECTADA,,,,
TX-0027809,CLI-04283,SISTEMA,DEPOSITO_EFECTIVO,1300.57,2026-06-12 09:46:22,0,ESTRUCTURACION_SMURFING_DETECTADA,,,,
TX-0004323,CLI-00661,SISTEMA,DEPOSITO_EFECTIVO,10973.63,2026-06-12 09:51:22,0,ESTRUCTURACION_SMURFING_DETECTADA,,,,
TX-0013411,CLI-02079,SISTEMA,DEPOSITO_EFECTIVO,565.48,2026-06-12 10:05:22,0,ESTRUCTURACION_SMURFING_DETECTADA,,,,
TX-0026618,CLI-04098,SISTEMA,DEPOSITO_EFECTIVO,542.94,2026-06-12 10:15:22,0,ESTRUCTURACION_SMURFING_DETECTADA,,,,
TX-0005374,CLI-00827,SISTEMA,DEPOSITO_EFECTIVO,5770.11,2026-06-12 10:18:22,0,ESTRUCTURACION_SMURFING_DETECTADA,,,,
TX-0005580,CLI-00857,SISTEMA,DEPOSITO_EFECTIVO,1610.11,2026-06-12 10:31:22,0,ESTRUCTURACION_SMURFING_DETECTADA,,,,
TX-0010758,CLI-01659,SISTEMA,DEPOSITO_EFECTIVO,1012.77,2026-06-12 10:33:22,0,ESTRUCTURACION_SMURFING_DETECTADA,,,,
TX-0029516,CLI-04544,SISTEMA,DEPOSITO_EFECTIVO,5055.39,2026-06-12 10:42:22,0,ESTRUCTURACION_SMURFING_DETECTADA,,,,
TX-0024207,CLI-03738,SISTEMA,DEPOSITO_EFECTIVO,5418.4,2026-06-12 10:50:22,0,ESTRUCTURACION_SMURFING_DETECTADA,,,,
TX-0027112,CLI-04178,SISTEMA,DEPOSITO_EFECTIVO,12296.88,2026-06-12 10:53:22,0,ESTRUCTURACION_SMURFING_DETECTADA,,,,
TX-0031977,CLI-04914,SISTEMA,DEPOSITO_EFECTIVO,613.17,2026-06-12 10:56:22,0,ESTRUCTURACION_SMURFING_DETECTADA,,,,
TX-0029260,CLI-04504,SISTEMA,DEPOSITO_EFECTIVO,7126.22,2026-06-12 11:06:22,0,ESTRUCTURACION_SMURFING_DETECTADA,,,,
TX-0007663,CLI-01178,SISTEMA,DEPOSITO_EFECTIVO,13458.58,2026-06-12 11:09:22,0,ESTRUCTURACION_SMURFING_DETECTADA,,,,
TX-0007776,CLI-01195,SISTEMA,DEPOSITO_EFECTIVO,518.15,2026-06-12 11:11:22,0,ESTRUCTURACION_SMURFING_DETECTADA,,,,
TX-0024684,CLI-03809,SISTEMA,DEPOSITO_EFECTIVO,12995.75,2026-06-12 11:26:22,0,ESTRUCTURACION_SMURFING_DETECTADA,,,,
TX-0009692,CLI-01488,SISTEMA,DEPOSITO_EFECTIVO,911.79,2026-06-12 11:27:22,0,ESTRUCTURACION_SMURFING_DETECTADA,,,,
TX-0029711,CLI-04574,SISTEMA,DEPOSITO_EFECTIVO,831.8,2026-06-12 11:29:22,0,ESTRUCTURACION_SMURFING_DETECTADA,,,,
TX-0008327,CLI-01282,SISTEMA,DEPOSITO_EFECTIVO,1942.59,2026-06-12 11:33:22,0,ESTRUCTURACION_SMURFING_DETECTADA,,,,
TX-0029689,CLI-04570,SISTEMA,DEPOSITO_EFECTIVO,1249.52,2026-06-12 11:37:22,0,ESTRUCTURACION_SMURFING_DETECTADA,,,,
TX-0021929,CLI-03388,SISTEMA,DEPOSITO_EFECTIVO,6309.72,2026-06-12 11:39:22,0,ESTRUCTURACION_SMURFING_DETECTADA,,,,
TX-0011278,CLI-01736,SISTEMA,DEPOSITO_EFECTIVO,8474.64,2026-06-12 11:44:22,0,ESTRUCTURACION_SMURFING_DETECTADA,,,,
TX-0031087,CLI-04784,SISTEMA,DEPOSITO_EFECTIVO,211.59,2026-06-12 11:44:22,0,ESTRUCTURACION_SMURFING_DETECTADA,,,,
TX-0005441,CLI-00836,SISTEMA,DEPOSITO_EFECTIVO,888.82,2026-06-12 11:59:22,0,ESTRUCTURACION_SMURFING_DETECTADA,,,,
TX-0008226,CLI-01266,SISTEMA,DEPOSITO_EFECTIVO,142.68,2026-06-12 12:03:22,0,ESTRUCTURACION_SMURFING_DETECTADA,,,,
TX-0006578,CLI-01014,SISTEMA,DEPOSITO_EFECTIVO,1297.04,2026-06-12 12:12:22,0,ESTRUCTURACION_SMURFING_DETECTADA,,,,
TX-0024202,CLI-03737,SISTEMA,DEPOSITO_EFECTIVO,740.09,2026-06-12 12:13:22,0,ESTRUCTURACION_SMURFING_DETECTADA,,,,
TX-0023116,CLI-03571,SISTEMA,DEPOSITO_EFECTIVO,574.28,2026-06-12 12:21:22,0,ESTRUCTURACION_SMURFING_DETECTADA,,,,
TX-0029567,CLI-04552,SISTEMA,DEPOSITO_EFECTIVO,28.83,2026-06-12 12:32:22,0,ESTRUCTURACION_SMURFING_DETECTADA,,,,
TX-0011508,CLI-01775,SISTEMA,DEPOSITO_EFECTIVO,308.24,2026-06-12 12:49:22,0,ESTRUCTURACION_SMURFING_DETECTADA,,,,
TX-0010770,CLI-01661,SISTEMA,DEPOSITO_EFECTIVO,4727.93,2026-06-12 12:53:22,0,ESTRUCTURACION_SMURFING_DETECTADA,,,,
TX-0010912,CLI-01679,SISTEMA,DEPOSITO_EFECTIVO,5853.74,2026-06-12 13:04:22,0,ESTRUCTURACION_SMURFING_DETECTADA,,,,
TX-0029278,CLI-04507,SISTEMA,DEPOSITO_EFECTIVO,253.2,2026-06-12 13:28:22,0,ESTRUCTURACION_SMURFING_DETECTADA,,,,
TX-0004061,CLI-00619,SISTEMA,DEPOSITO_EFECTIVO,2431.35,2026-06-12 13:41:22,0,ESTRUCTURACION_SMURFING_DETECTADA,,,,
TX-0014372,CLI-02227,SISTEMA,DEPOSITO_EFECTIVO,751.18,2026-06-12 13:55:22,0,ESTRUCTURACION_SMURFING_DETECTADA,,,,
TX-0023245,CLI-03591,SISTEMA,DEPOSITO_EFECTIVO,1313.68,2026-06-12 14:09:22,0,ESTRUCTURACION_SMURFING_DETECTADA,,,,
TX-0015828,CLI-02449,SISTEMA,DEPOSITO_EFECTIVO,391.4,2026-06-12 14:10:22,0,ESTRUCTURACION_SMURFING_DETECTADA,,,,
TX-0001540,CLI-00232,SISTEMA,DEPOSITO_EFECTIVO,6060.55,2026-06-12 14:19:22,0,ESTRUCTURACION_SMURFING_DETECTADA,,,,
TX-0025135,CLI-03879,SISTEMA,DEPOSITO_EFECTIVO,2185.15,2026-06-12 14:19:22,0,ESTRUCTURACION_SMURFING_DETECTADA,,,,
TX-0009689,CLI-01487,SISTEMA,DEPOSITO_EFECTIVO,1227.97,2026-06-12 14:19:22,0,ESTRUCTURACION_SMURFING_DETECTADA,,,,
TX-0018545,CLI-02869,SISTEMA,DEPOSITO_EFECTIVO,493.8,2026-06-12 14:27:22,0,ESTRUCTURACION_SMURFING_DETECTADA,,,,
TX-0032468,CLI-04987,SISTEMA,DEPOSITO_EFECTIVO,1482.47,2026-06-12 14:31:22,0,ESTRUCTURACION_SMURFING_DETECTADA,,,,
TX-0016412,CLI-02543,SISTEMA,DEPOSITO_EFECTIVO,126.25,2026-06-12 14:32:22,0,ESTRUCTURACION_SMURFING_DETECTADA,,,,
TX-0004183,CLI-00641,SISTEMA,DEPOSITO_EFECTIVO,1000.22,2026-06-12 14:36:22,0,ESTRUCTURACION_SMURFING_DETECTADA,,,,
TX-0010462,CLI-01605,SISTEMA,DEPOSITO_EFECTIVO,61.47,2026-06-12 14:38:22,0,ESTRUCTURACION_SMURFING_DETECTADA,,,,
TX-0028555,CLI-04395,SISTEMA,DEPOSITO_EFECTIVO,776.86,2026-06-12 14:41:22,0,ESTRUCTURACION_SMURFING_DETECTADA,,,,
TX-0032421,CLI-04980,SISTEMA,DEPOSITO_EFECTIVO,3814.99,2026-06-12 14:42:22,0,ESTRUCTURACION_SMURFING_DETECTADA,,,,
TX-0012375,CLI-01910,SISTEMA,DEPOSITO_EFECTIVO,1263.33,2026-06-12 14:50:22,0,ESTRUCTURACION_SMURFING_DETECTADA,,,,
TX-0026955,CLI-04154,SISTEMA,DEPOSITO_EFECTIVO,5322.65,2026-06-12 14:53:22,0,ESTRUCTURACION_SMURFING_DETECTADA,,,,
TX-0026459,CLI-04074,SISTEMA,DEPOSITO_EFECTIVO,1484.34,2026-06-12 14:54:22,0,ESTRUCTURACION_SMURFING_DETECTADA,,,,
TX-0002910,CLI-00443,SISTEMA,DEPOSITO_EFECTIVO,421.28,2026-06-12 15:01:22,0,ESTRUCTURACION_SMURFING_DETECTADA,,,,
TX-0014646,CLI-02270,SISTEMA,DEPOSITO_EFECTIVO,384.84,2026-06-12 15:09:22,0,ESTRUCTURACION_SMURFING_DETECTADA,,,,
TX-0021938,CLI-03390,SISTEMA,DEPOSITO_EFECTIVO,1041.2,2026-06-12 15:25:22,0,ESTRUCTURACION_SMURFING_DETECTADA,,,,
TX-0007608,CLI-01171,SISTEMA,DEPOSITO_EFECTIVO,113.49,2026-06-12 15:29:22,0,ESTRUCTURACION_SMURFING_DETECTADA,,,,
TX-0024313,CLI-03753,SISTEMA,DEPOSITO_EFECTIVO,5402.13,2026-06-12 15:45:22,0,ESTRUCTURACION_SMURFING_DETECTADA,,,,
TX-0017883,CLI-02767,SISTEMA,DEPOSITO_EFECTIVO,98.89,2026-06-12 15:56:22,0,ESTRUCTURACION_SMURFING_DETECTADA,,,,
TX-0021590,CLI-03340,SISTEMA,DEPOSITO_EFECTIVO,948.43,2026-06-12 16:09:22,0,ESTRUCTURACION_SMURFING_DETECTADA,,,,
TX-0020242,CLI-03140,SISTEMA,DEPOSITO_EFECTIVO,627.64,2026-06-12 16:25:22,0,ESTRUCTURACION_SMURFING_DETECTADA,,,,
TX-0006852,CLI-01056,SISTEMA,DEPOSITO_EFECTIVO,263.94,2026-06-12 16:31:22,0,ESTRUCTURACION_SMURFING_DETECTADA,,,,
TX-0013344,CLI-02066,SISTEMA,DEPOSITO_EFECTIVO,4611.92,2026-06-12 16:36:22,0,ESTRUCTURACION_SMURFING_DETECTADA,,,,
TX-0006446,CLI-00993,SISTEMA,DEPOSITO_EFECTIVO,8015.98,2026-06-12 16:56:22,0,ESTRUCTURACION_SMURFING_DETECTADA,,,,
TX-0021692,CLI-03353,SISTEMA,DEPOSITO_EFECTIVO,812.5,2026-06-12 17:02:22,0,ESTRUCTURACION_SMURFING_DETECTADA,,,,
TX-0024816,CLI-03833,SISTEMA,DEPOSITO_EFECTIVO,9280.59,2026-06-12 17:08:22,0,ESTRUCTURACION_SMURFING_DETECTADA,,,,
TX-0003058,CLI-00465,SISTEMA,DEPOSITO_EFECTIVO,390.92,2026-06-12 17:08:22,0,ESTRUCTURACION_SMURFING_DETECTADA,,,,
TX-0023210,CLI-03586,SISTEMA,DEPOSITO_EFECTIVO,589.43,2026-06-12 17:30:22,0,ESTRUCTURACION_SMURFING_DETECTADA,,,,
TX-0011827,CLI-01823,SISTEMA,DEPOSITO_EFECTIVO,1088.34,2026-06-12 17:41:22,0,ESTRUCTURACION_SMURFING_DETECTADA,,,,
TX-0005239,CLI-00807,SISTEMA,DEPOSITO_EFECTIVO,6687.19,2026-06-12 17:59:22,0,ESTRUCTURACION_SMURFING_DETECTADA,,,,
TX-0028441,CLI-04377,SISTEMA,DEPOSITO_EFECTIVO,1995.9,2026-06-12 18:11:22,0,ESTRUCTURACION_SMURFING_DETECTADA,,,,
TX-0019350,CLI-02998,SISTEMA,DEPOSITO_EFECTIVO,548.75,2026-06-12 18:13:22,0,ESTRUCTURACION_SMURFING_DETECTADA,,,,
TX-0018729,CLI-02898,SISTEMA,DEPOSITO_EFECTIVO,3150.06,2026-06-12 18:21:22,0,ESTRUCTURACION_SMURFING_DETECTADA,,,,
TX-0032350,CLI-04969,SISTEMA,DEPOSITO_EFECTIVO,1350.74,2026-06-12 18:22:22,0,ESTRUCTURACION_SMURFING_DETECTADA,,,,
TX-0031619,CLI-04863,SISTEMA,DEPOSITO_EFECTIVO,1233.32,2026-06-12 18:43:22,0,ESTRUCTURACION_SMURFING_DETECTADA,,,,
TX-0008513,CLI-01307,SISTEMA,DEPOSITO_EFECTIVO,242.85,2026-06-12 18:46:22,0,ESTRUCTURACION_SMURFING_DETECTADA,,,,
TX-0006179,CLI-00952,SISTEMA,DEPOSITO_EFECTIVO,5098.74,2026-06-12 19:04:22,0,ESTRUCTURACION_SMURFING_DETECTADA,,,,
TX-0012478,CLI-01925,SISTEMA,DEPOSITO_EFECTIVO,1796.27,2026-06-12 19:15:22,0,ESTRUCTURACION_SMURFING_DETECTADA,,,,
TX-0013458,CLI-02086,SISTEMA,DEPOSITO_EFECTIVO,635.88,2026-06-12 19:37:22,0,ESTRUCTURACION_SMURFING_DETECTADA,,,,
TX-0025714,CLI-03967,SISTEMA,DEPOSITO_EFECTIVO,4103.0,2026-06-12 19:52:22,0,ESTRUCTURACION_SMURFING_DETECTADA,,,,
TX-0026542,CLI-04086,SISTEMA,DEPOSITO_EFECTIVO,9609.65,2026-06-12 19:53:22,0,ESTRUCTURACION_SMURFING_DETECTADA,,,,
TX-0008909,CLI-01369,SISTEMA,DEPOSITO_EFECTIVO,3611.72,2026-06-12 20:01:22,0,ESTRUCTURACION_SMURFING_DETECTADA,,,,
TX-0031821,CLI-04890,SISTEMA,DEPOSITO_EFECTIVO,2785.89,2026-06-12 20:07:22,0,ESTRUCTURACION_SMURFING_DETECTADA,,,,
TX-0032139,CLI-04938,SISTEMA,DEPOSITO_EFECTIVO,631.72,2026-06-12 20:40:22,0,ESTRUCTURACION_SMURFING_DETECTADA,,,,
TX-0031159,CLI-04795,SISTEMA,DEPOSITO_EFECTIVO,4485.01,2026-06-12 21:00:22,0,ESTRUCTURACION_SMURFING_DETECTADA,,,,
TX-0012657,CLI-01954,SISTEMA,DEPOSITO_EFECTIVO,7851.8,2026-06-12 21:03:22,0,ESTRUCTURACION_SMURFING_DETECTADA,,,,
TX-0029297,CLI-04509,SISTEMA,DEPOSITO_EFECTIVO,1830.83,2026-06-12 21:03:22,0,ESTRUCTURACION_SMURFING_DETECTADA,,,,
TX-0023468,CLI-03626,SISTEMA,DEPOSITO_EFECTIVO,254.28,2026-06-12 21:20:22,0,ESTRUCTURACION_SMURFING_DETECTADA,,,,
TX-0005052,CLI-00779,SISTEMA,DEPOSITO_EFECTIVO,6087.64,2026-06-12 21:30:22,0,ESTRUCTURACION_SMURFING_DETECTADA,,,,
TX-0014772,CLI-02292,SISTEMA,DEPOSITO_EFECTIVO,761.88,2026-06-12 21:31:22,0,ESTRUCTURACION_SMURFING_DETECTADA,,,,
TX-0010056,CLI-01545,SISTEMA,DEPOSITO_EFECTIVO,11059.72,2026-06-12 21:33:22,0,ESTRUCTURACION_SMURFING_DETECTADA,,,,
TX-0018270,CLI-02827,SISTEMA,DEPOSITO_EFECTIVO,10034.42,2026-06-12 21:36:22,0,ESTRUCTURACION_SMURFING_DETECTADA,,,,
TX-0029347,CLI-04517,SISTEMA,DEPOSITO_EFECTIVO,94.29,2026-06-12 21:40:22,0,ESTRUCTURACION_SMURFING_DETECTADA,,,,
TX-0022573,CLI-03489,SISTEMA,DEPOSITO_EFECTIVO,1649.13,2026-06-12 21:49:22,0,ESTRUCTURACION_SMURFING_DETECTADA,,,,
TX-0009713,CLI-01490,SISTEMA,DEPOSITO_EFECTIVO,298.87,2026-06-12 21:52:22,0,ESTRUCTURACION_SMURFING_DETECTADA,,,,
TX-0010081,CLI-01548,SISTEMA,DEPOSITO_EFECTIVO,1223.83,2026-06-12 22:13:22,0,ESTRUCTURACION_SMURFING_DETECTADA,,,,
TX-0020258,CLI-03142,SISTEMA,DEPOSITO_EFECTIVO,250.02,2026-06-12 22:21:22,0,ESTRUCTURACION_SMURFING_DETECTADA,,,,
TX-0006599,CLI-01018,SISTEMA,DEPOSITO_EFECTIVO,219.6,2026-06-12 22:23:22,0,ESTRUCTURACION_SMURFING_DETECTADA,,,,
TX-0015368,CLI-02382,SISTEMA,DEPOSITO_EFECTIVO,4365.76,2026-06-12 22:30:22,0,ESTRUCTURACION_SMURFING_DETECTADA,,,,
TX-0022138,CLI-03423,SISTEMA,DEPOSITO_EFECTIVO,408.3,2026-06-12 22:53:22,0,ESTRUCTURACION_SMURFING_DETECTADA,,,,
TX-0005405,CLI-00831,SISTEMA,DEPOSITO_EFECTIVO,8766.69,2026-06-12 22:57:22,0,ESTRUCTURACION_SMURFING_DETECTADA,,,,
TX-0024811,CLI-03832,SISTEMA,DEPOSITO_EFECTIVO,181.44,2026-06-12 22:58:22,0,ESTRUCTURACION_SMURFING_DETECTADA,,,,
TX-0024259,CLI-03744,SISTEMA,DEPOSITO_EFECTIVO,1089.85,2026-06-12 23:04:22,0,ESTRUCTURACION_SMURFING_DETECTADA,,,,
TX-0015221,CLI-02357,SISTEMA,DEPOSITO_EFECTIVO,248.01,2026-06-12 23:10:22,0,ESTRUCTURACION_SMURFING_DETECTADA,,,,
TX-0020617,CLI-03193,SISTEMA,DEPOSITO_EFECTIVO,5202.38,2026-06-12 23:12:22,0,ESTRUCTURACION_SMURFING_DETECTADA,,,,
TX-0018193,CLI-02815,SISTEMA,DEPOSITO_EFECTIVO,688.3,2026-06-12 23:19:22,0,ESTRUCTURACION_SMURFING_DETECTADA,,,,
TX-0031100,CLI-04785,SISTEMA,DEPOSITO_EFECTIVO,3694.79,2026-06-12 23:29:22,0,ESTRUCTURACION_SMURFING_DETECTADA,,,,
TX-0008399,CLI-01292,SISTEMA,DEPOSITO_EFECTIVO,1217.76,2026-06-12 23:48:22,0,ESTRUCTURACION_SMURFING_DETECTADA,,,,
TX-0016567,CLI-02567,SISTEMA,DEPOSITO_EFECTIVO,293.75,2026-06-13 00:14:22,0,ESTRUCTURACION_SMURFING_DETECTADA,,,,
TX-0007932,CLI-01220,SISTEMA,DEPOSITO_EFECTIVO,5820.37,2026-06-13 00:27:22,0,ESTRUCTURACION_SMURFING_DETECTADA,,,,
TX-0022941,CLI-03545,SISTEMA,DEPOSITO_EFECTIVO,877.37,2026-06-13 00:35:22,0,ESTRUCTURACION_SMURFING_DETECTADA,,,,
TX-0032467,CLI-04987,SISTEMA,DEPOSITO_EFECTIVO,1540.06,2026-06-13 00:36:22,0,ESTRUCTURACION_SMURFING_DETECTADA,,,,
TX-0005641,CLI-00867,SISTEMA,DEPOSITO_EFECTIVO,328.44,2026-06-13 00:41:22,0,ESTRUCTURACION_SMURFING_DETECTADA,,,,
TX-0009209,CLI-01414,SISTEMA,DEPOSITO_EFECTIVO,2999.73,2026-06-13 00:44:22,0,ESTRUCTURACION_SMURFING_DETECTADA,,,,
TX-0010998,CLI-01694,SISTEMA,DEPOSITO_EFECTIVO,558.93,2026-06-13 01:07:22,0,ESTRUCTURACION_SMURFING_DETECTADA,,,,
TX-0030021,CLI-04626,SISTEMA,DEPOSITO_EFECTIVO,818.66,2026-06-13 01:10:22,0,ESTRUCTURACION_SMURFING_DETECTADA,,,,
TX-0022478,CLI-03474,SISTEMA,DEPOSITO_EFECTIVO,750.29,2026-06-13 01:13:22,0,ESTRUCTURACION_SMURFING_DETECTADA,,,,
TX-0002435,CLI-00368,SISTEMA,DEPOSITO_EFECTIVO,2427.54,2026-06-13 01:20:22,0,ESTRUCTURACION_SMURFING_DETECTADA,,,,
TX-0016934,CLI-02624,SISTEMA,DEPOSITO_EFECTIVO,846.86,2026-06-13 01:28:22,0,ESTRUCTURACION_SMURFING_DETECTADA,,,,
TX-0014205,CLI-02201,SISTEMA,DEPOSITO_EFECTIVO,868.61,2026-06-13 01:29:22,0,ESTRUCTURACION_SMURFING_DETECTADA,,,,
TX-0013920,CLI-02156,SISTEMA,DEPOSITO_EFECTIVO,7047.95,2026-06-13 01:34:22,0,ESTRUCTURACION_SMURFING_DETECTADA,,,,
TX-0007259,CLI-01121,SISTEMA,DEPOSITO_EFECTIVO,14137.41,2026-06-13 01:44:22,0,ESTRUCTURACION_SMURFING_DETECTADA,,,,
TX-0014401,CLI-02233,SISTEMA,DEPOSITO_EFECTIVO,1488.07,2026-06-13 01:50:22,0,ESTRUCTURACION_SMURFING_DETECTADA,,,,
TX-0026438,CLI-04072,SISTEMA,DEPOSITO_EFECTIVO,152.44,2026-06-13 01:55:22,0,ESTRUCTURACION_SMURFING_DETECTADA,,,,
TX-0029635,CLI-04562,SISTEMA,DEPOSITO_EFECTIVO,4307.36,2026-06-13 02:05:22,0,ESTRUCTURACION_SMURFING_DETECTADA,,,,
TX-0020132,CLI-03121,SISTEMA,DEPOSITO_EFECTIVO,3228.02,2026-06-13 02:19:22,0,ESTRUCTURACION_SMURFING_DETECTADA,,,,
TX-0029076,CLI-04476,SISTEMA,DEPOSITO_EFECTIVO,3273.41,2026-06-13 02:33:22,0,ESTRUCTURACION_SMURFING_DETECTADA,,,,
TX-0010519,CLI-01615,SISTEMA,DEPOSITO_EFECTIVO,2561.53,2026-06-13 03:07:22,0,ESTRUCTURACION_SMURFING_DETECTADA,,,,
TX-0022171,CLI-03429,SISTEMA,DEPOSITO_EFECTIVO,688.59,2026-06-13 03:09:22,0,ESTRUCTURACION_SMURFING_DETECTADA,,,,
TX-0019127,CLI-02961,SISTEMA,DEPOSITO_EFECTIVO,2531.3,2026-06-13 03:33:22,0,ESTRUCTURACION_SMURFING_DETECTADA,,,,
TX-0019019,CLI-02942,SISTEMA,DEPOSITO_EFECTIVO,1871.98,2026-06-13 03:34:22,0,ESTRUCTURACION_SMURFING_DETECTADA,,,,
TX-0016433,CLI-02546,SISTEMA,DEPOSITO_EFECTIVO,642.51,2026-06-13 03:38:22,0,ESTRUCTURACION_SMURFING_DETECTADA,,,,
TX-0016128,CLI-02495,SISTEMA,DEPOSITO_EFECTIVO,5348.24,2026-06-13 03:38:22,0,ESTRUCTURACION_SMURFING_DETECTADA,,,,
TX-0009624,CLI-01479,SISTEMA,DEPOSITO_EFECTIVO,1020.88,2026-06-13 03:41:22,0,ESTRUCTURACION_SMURFING_DETECTADA,,,,
TX-0017509,CLI-02713,SISTEMA,DEPOSITO_EFECTIVO,205.68,2026-06-13 03:45:22,0,ESTRUCTURACION_SMURFING_DETECTADA,,,,
TX-0023270,CLI-03595,SISTEMA,DEPOSITO_EFECTIVO,102.5,2026-06-13 03:46:22,0,ESTRUCTURACION_SMURFING_DETECTADA,,,,
TX-0018000,CLI-02784,SISTEMA,DEPOSITO_EFECTIVO,10720.05,2026-06-13 03:57:22,0,ESTRUCTURACION_SMURFING_DETECTADA,,,,
TX-0008771,CLI-01344,SISTEMA,DEPOSITO_EFECTIVO,1038.37,2026-06-13 04:00:22,0,ESTRUCTURACION_SMURFING_DETECTADA,,,,
TX-0006899,CLI-01064,SISTEMA,DEPOSITO_EFECTIVO,10862.04,2026-06-13 04:07:22,0,ESTRUCTURACION_SMURFING_DETECTADA,,,,
TX-0026582,CLI-04093,SISTEMA,DEPOSITO_EFECTIVO,7837.78,2026-06-13 04:08:22,0,ESTRUCTURACION_SMURFING_DETECTADA,,,,
TX-0004083,CLI-00625,SISTEMA,DEPOSITO_EFECTIVO,8615.14,2026-06-13 04:36:22,0,ESTRUCTURACION_SMURFING_DETECTADA,,,,
TX-0009082,CLI-01396,SISTEMA,DEPOSITO_EFECTIVO,2889.49,2026-06-13 04:36:22,0,ESTRUCTURACION_SMURFING_DETECTADA,,,,
TX-0005343,CLI-00822,SISTEMA,DEPOSITO_EFECTIVO,2673.44,2026-06-13 04:37:22,0,ESTRUCTURACION_SMURFING_DETECTADA,,,,
TX-0023180,CLI-03581,SISTEMA,DEPOSITO_EFECTIVO,1728.37,2026-06-13 04:45:22,0,ESTRUCTURACION_SMURFING_DETECTADA,,,,
TX-0021826,CLI-03374,SISTEMA,DEPOSITO_EFECTIVO,3703.4,2026-06-13 04:51:22,0,ESTRUCTURACION_SMURFING_DETECTADA,,,,
TX-0031264,CLI-04809,SISTEMA,DEPOSITO_EFECTIVO,2615.33,2026-06-13 05:02:22,0,ESTRUCTURACION_SMURFING_DETECTADA,,,,
TX-0023496,CLI-03630,SISTEMA,DEPOSITO_EFECTIVO,3421.09,2026-06-13 05:15:22,0,ESTRUCTURACION_SMURFING_DETECTADA,,,,
TX-0024586,CLI-03794,SISTEMA,DEPOSITO_EFECTIVO,3535.08,2026-06-13 05:21:22,0,ESTRUCTURACION_SMURFING_DETECTADA,,,,
TX-0010587,CLI-01628,SISTEMA,DEPOSITO_EFECTIVO,387.49,2026-06-13 05:21:22,0,ESTRUCTURACION_SMURFING_DETECTADA,,,,
TX-0028164,CLI-04335,SISTEMA,DEPOSITO_EFECTIVO,5926.94,2026-06-13 05:30:22,0,ESTRUCTURACION_SMURFING_DETECTADA,,,,
TX-0028713,CLI-04420,SISTEMA,DEPOSITO_EFECTIVO,5855.61,2026-06-13 05:30:22,0,ESTRUCTURACION_SMURFING_DETECTADA,,,,
TX-0016172,CLI-02503,SISTEMA,DEPOSITO_EFECTIVO,1613.04,2026-06-13 05:47:22,0,ESTRUCTURACION_SMURFING_DETECTADA,,,,
TX-0022484,CLI-03474,SISTEMA,DEPOSITO_EFECTIVO,226.61,2026-06-13 05:47:22,0,ESTRUCTURACION_SMURFING_DETECTADA,,,,
TX-0015954,CLI-02470,SISTEMA,DEPOSITO_EFECTIVO,398.65,2026-06-13 06:03:22,0,ESTRUCTURACION_SMURFING_DETECTADA,,,,
TX-0020809,CLI-03221,SISTEMA,DEPOSITO_EFECTIVO,3945.6,2026-06-13 06:05:22,0,ESTRUCTURACION_SMURFING_DETECTADA,,,,
TX-0028409,CLI-04372,SISTEMA,DEPOSITO_EFECTIVO,1159.36,2026-06-13 06:43:22,0,ESTRUCTURACION_SMURFING_DETECTADA,,,,
TX-0019809,CLI-03070,SISTEMA,DEPOSITO_EFECTIVO,5477.86,2026-06-13 06:44:22,0,ESTRUCTURACION_SMURFING_DETECTADA,,,,
TX-0010262,CLI-01578,SISTEMA,DEPOSITO_EFECTIVO,2774.46,2026-06-13 06:45:22,0,ESTRUCTURACION_SMURFING_DETECTADA,,,,
TX-0007937,CLI-01221,SISTEMA,DEPOSITO_EFECTIVO,658.45,2026-06-13 06:45:22,0,ESTRUCTURACION_SMURFING_DETECTADA,,,,
TX-0027896,CLI-04296,SISTEMA,DEPOSITO_EFECTIVO,190.22,2026-06-13 06:50:22,0,ESTRUCTURACION_SMURFING_DETECTADA,,,,
TX-0008402,CLI-01292,SISTEMA,DEPOSITO_EFECTIVO,1358.11,2026-06-13 06:56:22,0,ESTRUCTURACION_SMURFING_DETECTADA,,,,
TX-0008954,CLI-01375,SISTEMA,DEPOSITO_EFECTIVO,408.07,2026-06-13 07:00:22,0,ESTRUCTURACION_SMURFING_DETECTADA,,,,
TX-0004212,CLI-00644,SISTEMA,DEPOSITO_EFECTIVO,104.66,2026-06-13 07:11:22,0,ESTRUCTURACION_SMURFING_DETECTADA,,,,
TX-0008114,CLI-01249,SISTEMA,DEPOSITO_EFECTIVO,462.29,2026-06-13 07:12:22,0,ESTRUCTURACION_SMURFING_DETECTADA,,,,
TX-0003781,CLI-00573,SISTEMA,DEPOSITO_EFECTIVO,1443.22,2026-06-13 07:18:22,0,ESTRUCTURACION_SMURFING_DETECTADA,,,,
TX-0004003,CLI-00610,SISTEMA,DEPOSITO_EFECTIVO,2176.78,2026-06-13 07:20:22,0,ESTRUCTURACION_SMURFING_DETECTADA,,,,
TX-0009305,CLI-01429,SISTEMA,DEPOSITO_EFECTIVO,637.73,2026-06-13 07:23:22,0,ESTRUCTURACION_SMURFING_DETECTADA,,,,
TX-0011090,CLI-01709,SISTEMA,DEPOSITO_EFECTIVO,1062.54,2026-06-13 07:28:22,0,ESTRUCTURACION_SMURFING_DETECTADA,,,,
TX-0022715,CLI-03512,SISTEMA,DEPOSITO_EFECTIVO,5523.11,2026-06-13 07:28:22,0,ESTRUCTURACION_SMURFING_DETECTADA,,,,
TX-0031598,CLI-04861,SISTEMA,DEPOSITO_EFECTIVO,438.83,2026-06-13 07:34:22,0,ESTRUCTURACION_SMURFING_DETECTADA,,,,
TX-0026481,CLI-04077,SISTEMA,DEPOSITO_EFECTIVO,138.81,2026-06-13 07:39:22,0,ESTRUCTURACION_SMURFING_DETECTADA,,,,
TX-0013125,CLI-02029,SISTEMA,DEPOSITO_EFECTIVO,4058.99,2026-06-13 07:47:22,0,ESTRUCTURACION_SMURFING_DETECTADA,,,,
TX-0020879,CLI-03233,SISTEMA,DEPOSITO_EFECTIVO,14232.71,2026-06-13 07:49:22,0,ESTRUCTURACION_SMURFING_DETECTADA,,,,
TX-0025045,CLI-03865,SISTEMA,DEPOSITO_EFECTIVO,195.15,2026-06-13 08:07:22,0,ESTRUCTURACION_SMURFING_DETECTADA,,,,
TX-0031573,CLI-04858,SISTEMA,DEPOSITO_EFECTIVO,122.42,2026-06-13 08:30:22,0,ESTRUCTURACION_SMURFING_DETECTADA,,,,
TX-0015667,CLI-02425,SISTEMA,DEPOSITO_EFECTIVO,3067.17,2026-06-13 08:30:22,0,ESTRUCTURACION_SMURFING_DETECTADA,,,,
TX-0021432,CLI-03314,SISTEMA,DEPOSITO_EFECTIVO,10640.92,2026-06-13 08:32:22,0,ESTRUCTURACION_SMURFING_DETECTADA,,,,
TX-0004820,CLI-00745,SISTEMA,DEPOSITO_EFECTIVO,9020.42,2026-06-13 08:42:22,0,ESTRUCTURACION_SMURFING_DETECTADA,,,,
TX-0028716,CLI-04421,SISTEMA,DEPOSITO_EFECTIVO,797.14,2026-06-13 08:43:22,0,ESTRUCTURACION_SMURFING_DETECTADA,,,,
TX-0016004,CLI-02476,SISTEMA,DEPOSITO_EFECTIVO,1852.81,2026-06-13 08:47:22,0,ESTRUCTURACION_SMURFING_DETECTADA,,,,
TX-0030356,CLI-04676,SISTEMA,DEPOSITO_EFECTIVO,373.58,2026-06-13 08:48:22,0,ESTRUCTURACION_SMURFING_DETECTADA,,,,
TX-0022270,CLI-03443,SISTEMA,DEPOSITO_EFECTIVO,4216.23,2026-06-13 09:09:22,0,ESTRUCTURACION_SMURFING_DETECTADA,,,,
TX-0014460,CLI-02241,SISTEMA,DEPOSITO_EFECTIVO,152.31,2026-06-13 09:09:22,0,ESTRUCTURACION_SMURFING_DETECTADA,,,,
TX-0023508,CLI-03632,SISTEMA,DEPOSITO_EFECTIVO,162.82,2026-06-13 09:13:22,0,ESTRUCTURACION_SMURFING_DETECTADA,,,,
TX-0002450,CLI-00371,SISTEMA,DEPOSITO_EFECTIVO,133.97,2026-06-13 09:25:22,0,ESTRUCTURACION_SMURFING_DETECTADA,,,,
TX-0030498,CLI-04693,SISTEMA,DEPOSITO_EFECTIVO,7112.54,2026-06-13 09:36:22,0,ESTRUCTURACION_SMURFING_DETECTADA,,,,
TX-0018732,CLI-02898,SISTEMA,DEPOSITO_EFECTIVO,11521.54,2026-06-13 09:52:22,0,ESTRUCTURACION_SMURFING_DETECTADA,,,,
TX-0031639,CLI-04865,SISTEMA,DEPOSITO_EFECTIVO,7446.88,2026-06-13 10:09:22,0,ESTRUCTURACION_SMURFING_DETECTADA,,,,
TX-0001708,CLI-00257,SISTEMA,DEPOSITO_EFECTIVO,1465.36,2026-06-13 10:12:22,0,ESTRUCTURACION_SMURFING_DETECTADA,,,,
TX-0000162,CLI-00024,SISTEMA,DEPOSITO_EFECTIVO,680.23,2026-06-13 10:32:22,0,ESTRUCTURACION_SMURFING_DETECTADA,,,,
TX-0024681,CLI-03808,SISTEMA,DEPOSITO_EFECTIVO,4147.79,2026-06-13 10:34:22,0,ESTRUCTURACION_SMURFING_DETECTADA,,,,
TX-0027247,CLI-04201,SISTEMA,DEPOSITO_EFECTIVO,969.36,2026-06-13 10:35:22,0,ESTRUCTURACION_SMURFING_DETECTADA,,,,
TX-0003418,CLI-00518,SISTEMA,DEPOSITO_EFECTIVO,8853.61,2026-06-13 10:52:22,0,ESTRUCTURACION_SMURFING_DETECTADA,,,,
TX-0001270,CLI-00192,SISTEMA,DEPOSITO_EFECTIVO,247.92,2026-06-13 10:55:22,0,ESTRUCTURACION_SMURFING_DETECTADA,,,,
TX-0023782,CLI-03676,SISTEMA,DEPOSITO_EFECTIVO,1039.46,2026-06-13 11:16:22,0,ESTRUCTURACION_SMURFING_DETECTADA,,,,
TX-0023612,CLI-03648,SISTEMA,DEPOSITO_EFECTIVO,9887.54,2026-06-13 11:19:22,0,ESTRUCTURACION_SMURFING_DETECTADA,,,,
TX-0013945,CLI-02159,SISTEMA,DEPOSITO_EFECTIVO,322.14,2026-06-13 11:33:22,0,ESTRUCTURACION_SMURFING_DETECTADA,,,,
TX-0009116,CLI-01401,SISTEMA,DEPOSITO_EFECTIVO,1450.41,2026-06-13 11:42:22,0,ESTRUCTURACION_SMURFING_DETECTADA,,,,
TX-0021082,CLI-03262,SISTEMA,DEPOSITO_EFECTIVO,610.09,2026-06-13 11:53:22,0,ESTRUCTURACION_SMURFING_DETECTADA,,,,
TX-0025737,CLI-03970,SISTEMA,DEPOSITO_EFECTIVO,1801.06,2026-06-13 11:56:22,0,ESTRUCTURACION_SMURFING_DETECTADA,,,,
TX-0031128,CLI-04790,SISTEMA,DEPOSITO_EFECTIVO,265.2,2026-06-13 11:57:22,0,ESTRUCTURACION_SMURFING_DETECTADA,,,,
TX-0014723,CLI-02283,SISTEMA,DEPOSITO_EFECTIVO,7285.08,2026-06-13 12:00:22,0,ESTRUCTURACION_SMURFING_DETECTADA,,,,
TX-0018091,CLI-02799,SISTEMA,DEPOSITO_EFECTIVO,184.28,2026-06-13 12:06:22,0,ESTRUCTURACION_SMURFING_DETECTADA,,,,
TX-0020461,CLI-03170,SISTEMA,DEPOSITO_EFECTIVO,13643.46,2026-06-13 12:14:22,0,ESTRUCTURACION_SMURFING_DETECTADA,,,,
TX-0000325,CLI-00050,SISTEMA,DEPOSITO_EFECTIVO,365.43,2026-06-13 12:18:22,0,ESTRUCTURACION_SMURFING_DETECTADA,,,,
TX-0013422,CLI-02080,SISTEMA,DEPOSITO_EFECTIVO,339.33,2026-06-13 12:20:22,0,ESTRUCTURACION_SMURFING_DETECTADA,,,,
