id_cliente,nombre_cliente,ocupacion,ingreso_mensual_declarado,nivel_riesgo_kyc,fecha_alta_sistema
CLI-00001,Dra. Eloisa Huerta,Desempleado,445.32,Alto,2024-03-23
CLI-00002,Ing. Julio César Palomo,Desempleado,1100.12,Alto,2025-11-23
CLI-00003,Aurora Naranjo Henríquez,Empleado Sector Privado,16604.75,Medio,2025-07-04
CLI-00004,Dalia Huerta Cazares,Estudiante,6060.2,Bajo,2025-10-03
CLI-00005,Rocío Irma Trujillo,Jubilado,6130.2,Bajo,2024-02-19
CLI-00006,Socorro Laboy Alcaraz,Empresario / Comerciante,56356.54,Alto,2025-07-11
CLI-00007,Yeni Ruby Fuentes,Estudiante,3311.83,Bajo,2025-06-10
CLI-00008,Srita. Lourdes Alba,Jubilado,12826.24,Bajo,2024-08-08
CLI-00009,Sra. Virginia Padrón,Jubilado,7584.89,Bajo,2024-04-03
CLI-00010,Leticia Romo,Desempleado,2805.3,Alto,2025-09-20
CLI-00011,Abigail Ruby del Valle,Empresario / Comerciante,94088.12,Alto,2026-04-08
CLI-00012,Carmen Reséndez Madrid,Jubilado,8616.48,Bajo,2023-10-16
CLI-00013,Benjamín Romo,Estudiante,6552.84,Bajo,2024-03-04
CLI-00014,Verónica Colunga,Empleado Sector Privado,35038.6,Medio,2023-10-20
CLI-00015,Alta  Gracia Alta  Gracia Padilla,Profesionista Independiente,27504.21,Medio,2024-04-23
CLI-00016,Juan Carlos Ruelas,Empleado Sector Privado,43588.03,Medio,2025-11-03
CLI-00017,Ing. Bruno Bermúdez,Profesionista Independiente,19599.46,Medio,2025-12-25
CLI-00018,Gerardo Jos Valle,Empresario / Comerciante,69343.28,Alto,2023-08-14
CLI-00019,Srita. Ariadna Cadena,Profesionista Independiente,42167.67,Medio,2023-09-15
CLI-00020,Soledad Lucio Valdez,Estudiante,6378.39,Bajo,2023-08-08
CLI-00021,Santiago Alejandro Ulloa Quesada,Jubilado,6622.74,Bajo,2024-10-24
CLI-00022,Sra. Natalia Navarro,Empresario / Comerciante,65760.04,Alto,2024-06-05
CLI-00023,Dr. Oswaldo García,Profesionista Independiente,52323.21,Medio,2025-04-05
CLI-00024,Noemí Llamas Cisneros,Jubilado,16510.87,Bajo,2024-12-11
CLI-00025,Fabiola Jiménez,Profesionista Independiente,40980.85,Medio,2026-04-11
CLI-00026,Lic. Ofelia Urías,Desempleado,278.22,Alto,2025-09-12
CLI-00027,Rafaél Enrique Treviño,Desempleado,911.59,Alto,2025-12-19
CLI-00028,Noemí Dulce Villagómez,Profesionista Independiente,59334.97,Medio,2024-05-05
CLI-00029,Dra. Susana Alcala,Empleado Sector Privado,40593.96,Medio,2024-07-25
CLI-00030,Fabiola Graciela Ramón Mares,Empresario / Comerciante,105594.72,Alto,2024-07-15
CLI-00031,Dra. Olivia Sosa,Desempleado,3336.44,Alto,2025-12-17
CLI-00032,Lic. Pedro Reyes,Empleado Sector Privado,24215.97,Medio,2025-12-28
CLI-00033,Teodoro Vicente Báez,Empleado Sector Privado,34115.78,Medio,2023-11-18
CLI-00034,Dra. Irma Castillo,Desempleado,3746.62,Alto,2024-09-12
CLI-00035,Felix Jaramillo,Desempleado,285.61,Alto,2025-10-21
CLI-00036,Nayeli Feliciano,Desempleado,684.55,Alto,2024-06-13
CLI-00037,Amalia Núñez Rendón,Desempleado,979.24,Alto,2024-08-09
CLI-00038,Yeni Velázquez Leiva,Empresario / Comerciante,125891.09,Alto,2024-06-07
CLI-00039,Eric Sotelo Esparza,Desempleado,2752.65,Alto,2024-07-24
CLI-00040,Sra. Daniela Pedraza,Empleado Sector Privado,34592.27,Medio,2023-09-16
CLI-00041,Zacarías Contreras,Estudiante,3374.29,Bajo,2025-02-26
CLI-00042,Hermelinda Lerma,Estudiante,6830.27,Bajo,2025-11-01
CLI-00043,Esparta Castellanos Reyna,Empresario / Comerciante,103548.18,Alto,2024-02-06
CLI-00044,Isaac Tomás Acosta,Empleado Sector Privado,42133.49,Medio,2024-05-09
CLI-00045,Lic. Oswaldo Ruelas,Jubilado,16392.78,Bajo,2024-07-22
CLI-00046,Ing. Ramiro Tapia,Profesionista Independiente,24568.19,Medio,2025-02-16
CLI-00047,Dulce Marisol Téllez,Empresario / Comerciante,129126.38,Alto,2025-03-12
CLI-00048,Jorge Gil Guillen,Desempleado,1835.41,Alto,2025-03-22
CLI-00049,Lilia del Río,Profesionista Independiente,21283.36,Medio,2025-03-24
CLI-00050,Sr. Miguel Archuleta,Desempleado,2245.47,Alto,2025-03-21
CLI-00051,Genaro Espartaco Padilla,Profesionista Independiente,48615.62,Medio,2025-03-19
CLI-00052,Marcela Nájera,Empresario / Comerciante,229564.58,Alto,2024-01-10
CLI-00053,Beatriz Cornejo,Empresario / Comerciante,122399.29,Alto,2025-02-18
CLI-00054,Alejandro Manuel Acuña,Empleado Sector Privado,28814.37,Medio,2023-09-19
CLI-00055,Sandra Alvarado Jaime,Estudiante,6534.69,Bajo,2026-05-19
CLI-00056,Dulce Estefanía Aguirre,Estudiante,2917.05,Bajo,2024-02-24
CLI-00057,Sonia León Angulo,Empleado Sector Privado,38138.62,Medio,2024-12-01
CLI-00058,Srita. Paulina Osorio,Empresario / Comerciante,169281.81,Alto,2023-09-05
CLI-00059,Leonor Helena Báez Valencia,Empresario / Comerciante,126323.86,Alto,2024-08-07
CLI-00060,Trinidad Díaz Laureano,Empresario / Comerciante,155822.87,Alto,2025-12-13
CLI-00061,Diego Granados,Jubilado,16190.14,Bajo,2024-06-07
CLI-00062,Dra. Sessa Orozco,Estudiante,6081.7,Bajo,2025-09-01
CLI-00063,Olga Lucía Razo Razo,Estudiante,6090.26,Bajo,2025-08-19
CLI-00064,Sofía Guerrero Cardona,Jubilado,14761.41,Bajo,2024-03-25
CLI-00065,Zoé Ivonne Fuentes,Desempleado,1360.7,Alto,2024-05-07
CLI-00066,Andrea Marisol Chavarría,Profesionista Independiente,34564.44,Medio,2024-04-26
CLI-00067,Carmen Cantú Almonte,Empresario / Comerciante,50649.06,Alto,2025-10-22
CLI-00068,Dr. Daniel Grijalva,Desempleado,3503.41,Alto,2026-01-05
CLI-00069,Mónica Camila Esquivel Vallejo,Profesionista Independiente,58734.96,Medio,2024-08-09
CLI-00070,Timoteo Granado Roque,Empleado Sector Privado,28753.5,Medio,2025-11-01
CLI-00071,Rodolfo Anguiano,Estudiante,7223.11,Bajo,2026-02-07
CLI-00072,Germán Alcántar Quintero,Profesionista Independiente,52875.12,Medio,2023-12-21
CLI-00073,Wendolin Inés Bahena,Jubilado,12916.61,Bajo,2024-07-09
CLI-00074,Ing. Gilberto Jimínez,Empleado Sector Privado,24339.16,Medio,2024-06-22
CLI-00075,Clara Grijalva,Empleado Sector Privado,29799.51,Medio,2026-03-07
CLI-00076,Josefina Hermelinda Quintanilla,Jubilado,16940.42,Bajo,2026-05-01
CLI-00077,Serafín Enríquez Riojas,Jubilado,9214.03,Bajo,2025-10-21
CLI-00078,José Emilio Palomino,Estudiante,2671.21,Bajo,2024-08-27
CLI-00079,Agustín Valles,Profesionista Independiente,54542.48,Medio,2023-07-11
CLI-00080,Lic. Jonás Mejía,Profesionista Independiente,25775.35,Medio,2024-09-26
CLI-00081,Indira Villagómez,Empleado Sector Privado,40974.32,Medio,2026-01-09
CLI-00082,Vanesa Leticia Bermúdez,Estudiante,2513.92,Bajo,2025-05-20
CLI-00083,Elena Aguirre Fajardo,Empresario / Comerciante,213204.65,Alto,2025-08-04
CLI-00084,Paola Gastélum Jaime,Jubilado,14955.85,Bajo,2023-11-26
CLI-00085,Julio César Campos,Empleado Sector Privado,33771.78,Medio,2023-09-08
CLI-00086,Teresa Teresa Batista,Jubilado,7146.65,Bajo,2026-02-18
CLI-00087,Raquel Galindo,Jubilado,16341.63,Bajo,2025-03-28
CLI-00088,Gonzalo Octavio Nazario,Empresario / Comerciante,242872.58,Alto,2025-02-02
CLI-00089,Hilda Ramírez Segovia,Jubilado,14818.45,Bajo,2025-07-21
CLI-00090,Homero Gregorio Granados,Desempleado,804.6,Alto,2026-02-24
CLI-00091,María Cristina Jaqueline Prado,Profesionista Independiente,32954.65,Medio,2026-02-20
CLI-00092,Homero Balderas Ibarra,Desempleado,2599.51,Alto,2024-09-19
CLI-00093,Srita. Lourdes Villalpando,Empresario / Comerciante,229922.82,Alto,2024-12-13
CLI-00094,Juan Carlos Vela Quesada,Empresario / Comerciante,74200.84,Alto,2025-08-11
CLI-00095,Elvia Magaña Armenta,Empleado Sector Privado,14112.85,Medio,2025-06-03
CLI-00096,Raquel Pilar Ceja,Estudiante,5529.85,Bajo,2026-01-16
CLI-00097,Aldo Martín Apodaca Casanova,Empleado Sector Privado,31418.52,Medio,2024-04-19
CLI-00098,Sonia Mayte Sosa,Estudiante,2425.96,Bajo,2024-05-23
CLI-00099,Carla Hermelinda Aragón Pichardo,Desempleado,235.5,Alto,2023-09-07
CLI-00100,Porfirio Antonio Urías García,Estudiante,7432.52,Bajo,2025-12-17
CLI-00101,Rocío Quintero Apodaca,Profesionista Independiente,18188.58,Medio,2024-05-27
CLI-00102,Sr. Rubén Gurule,Empleado Sector Privado,21189.75,Medio,2024-09-10
CLI-00103,Benjamín Renato Carrasco,Empresario / Comerciante,92847.36,Alto,2025-06-29
CLI-00104,José Luis Palomino Ulibarri,Empleado Sector Privado,35870.63,Medio,2025-03-08
CLI-00105,Zeferino Reyna Ontiveros,Jubilado,12490.75,Bajo,2025-01-19
CLI-00106,Ing. Helena Nieves,Empleado Sector Privado,37892.44,Medio,2023-08-31
CLI-00107,Reina Sofía Zavala Ballesteros,Empresario / Comerciante,88081.98,Alto,2023-11-22
CLI-00108,Tomás Hugo Valencia,Estudiante,5953.9,Bajo,2024-01-16
CLI-00109,Ing. Dulce Carrasco,Profesionista Independiente,34061.04,Medio,2024-07-13
CLI-00110,Juan Carlos Alvaro Rascón Quiroz,Empresario / Comerciante,222767.35,Alto,2025-02-11
CLI-00111,Ing. Yeni Alfaro,Estudiante,6040.19,Bajo,2026-05-20
CLI-00112,Socorro Villarreal,Desempleado,393.67,Alto,2025-08-26
CLI-00113,Esther Lomeli,Empresario / Comerciante,195642.72,Alto,2023-08-29
CLI-00114,Elena Corral López,Estudiante,3491.94,Bajo,2025-06-18
CLI-00115,Esparta Juana Negrón,Empleado Sector Privado,29697.43,Medio,2024-04-15
CLI-00116,Benjamín Mariano Carmona,Empleado Sector Privado,25922.09,Medio,2023-10-12
CLI-00117,Srita. Ana Anaya,Profesionista Independiente,35818.26,Medio,2025-06-14
CLI-00118,Conchita Elena Mojica Valentín,Estudiante,4658.78,Bajo,2024-04-23
CLI-00119,Ing. Jorge Luis Urbina,Jubilado,6272.81,Bajo,2026-02-03
CLI-00120,Esmeralda Frida Vega Mata,Desempleado,3997.13,Alto,2026-04-02
CLI-00121,Leonel Rosario Saiz,Estudiante,7813.98,Bajo,2023-12-28
CLI-00122,Paola Gálvez Preciado,Empleado Sector Privado,17488.27,Medio,2025-01-26
CLI-00123,Lic. María del Carmen Vanegas,Empresario / Comerciante,146271.68,Alto,2025-06-24
CLI-00124,Bruno Zacarías Camacho Alcaraz,Empresario / Comerciante,230488.57,Alto,2025-03-15
CLI-00125,Zeferino René Lebrón Tovar,Empleado Sector Privado,24506.11,Medio,2024-05-04
CLI-00126,Amalia Sandra Ortiz,Empresario / Comerciante,103040.61,Alto,2025-09-02
CLI-00127,Pascual Ávalos Cornejo,Empresario / Comerciante,107049.85,Alto,2025-10-27
CLI-00128,Miguel Granados Segura,Desempleado,3829.27,Alto,2025-02-17
CLI-00129,Eloy Ramiro Guzmán,Jubilado,13604.33,Bajo,2024-02-24
CLI-00130,Minerva Escobedo Arguello,Empresario / Comerciante,80959.37,Alto,2024-06-24
CLI-00131,Estela Caldera,Profesionista Independiente,24796.54,Medio,2026-03-10
CLI-00132,Miguel Ángel Vásquez Sierra,Estudiante,5475.08,Bajo,2026-05-13
CLI-00133,Jaqueline Yeni Acosta,Jubilado,5792.45,Bajo,2026-02-23
CLI-00134,Luis Miguel Zacarías Magaña,Profesionista Independiente,17572.44,Medio,2024-04-22
CLI-00135,Emiliano Santiago,Jubilado,11198.25,Bajo,2025-07-28
CLI-00136,Reynaldo Alejandro Caldera Villareal,Jubilado,7046.63,Bajo,2025-03-18
CLI-00137,Gabino Barraza Flórez,Jubilado,6041.45,Bajo,2023-08-15
CLI-00138,Benito Salinas,Empleado Sector Privado,14261.2,Medio,2024-08-19
CLI-00139,Lic. Claudia Mena,Estudiante,6051.28,Bajo,2024-10-04
CLI-00140,Wilfrido Benito Villaseñor,Empleado Sector Privado,25324.59,Medio,2024-02-16
CLI-00141,Sonia Irizarry,Jubilado,8200.8,Bajo,2023-09-10
CLI-00142,Sr. Gerónimo Flores,Jubilado,5516.64,Bajo,2025-07-24
CLI-00143,Helena Valenzuela Bravo,Estudiante,4515.35,Bajo,2025-02-04
CLI-00144,Nelly Olivia de la Fuente,Jubilado,12347.95,Bajo,2026-05-23
CLI-00145,Estela Sierra,Profesionista Independiente,57061.78,Medio,2023-09-03
CLI-00146,Lorena Rebeca Solorzano Bahena,Empleado Sector Privado,34100.96,Medio,2023-08-26
CLI-00147,Dra. Norma Sanches,Profesionista Independiente,25740.87,Medio,2023-08-23
CLI-00148,Pamela Ulloa Yáñez,Empresario / Comerciante,76175.66,Alto,2026-02-21
CLI-00149,José Carlos Espinosa,Desempleado,1199.99,Alto,2025-09-03
CLI-00150,Dra. Minerva Enríquez,Profesionista Independiente,56805.82,Medio,2023-08-23
CLI-00151,Adela Georgina Curiel,Estudiante,2055.89,Bajo,2024-08-09
CLI-00152,Jesús Renato Alonso Casillas,Jubilado,17979.91,Bajo,2024-10-07
CLI-00153,Marcela Fabiola Huerta,Estudiante,2439.56,Bajo,2026-05-05
CLI-00154,Lic. Eduardo Griego,Empleado Sector Privado,28694.19,Medio,2025-09-15
CLI-00155,Leonel José Carlos Ríos,Empleado Sector Privado,42797.56,Medio,2026-01-29
CLI-00156,Rosario Pilar Saldaña,Estudiante,7275.62,Bajo,2023-11-25
CLI-00157,Perla Luevano Becerra,Profesionista Independiente,27824.43,Medio,2025-09-21
CLI-00158,Srita. Camila Pedraza,Empresario / Comerciante,216748.99,Alto,2025-03-25
CLI-00159,Serafín Luis Manuel Terán,Desempleado,1210.07,Alto,2025-01-28
CLI-00160,Wilfrido Víctor Bravo Saiz,Desempleado,2115.76,Alto,2025-08-06
CLI-00161,Natividad Solorio Noriega,Desempleado,3268.42,Alto,2024-09-24
CLI-00162,Jerónimo Ramón Chavarría Rentería,Profesionista Independiente,56929.02,Medio,2025-06-26
CLI-00163,Ruby Socorro Contreras,Estudiante,7633.58,Bajo,2024-12-19
CLI-00164,Ángel Eloy Moreno,Empleado Sector Privado,20727.38,Medio,2026-04-16
CLI-00165,José Carlos Armando Olivas,Estudiante,6454.5,Bajo,2024-07-15
CLI-00166,Rebeca Eloisa Barrios,Empleado Sector Privado,20987.49,Medio,2024-02-01
CLI-00167,Vicente Treviño Pulido,Jubilado,7738.19,Bajo,2023-10-30
CLI-00168,Eric Hernán Ordóñez,Profesionista Independiente,24161.88,Medio,2025-12-23
CLI-00169,Dra. Eva Carrero,Desempleado,3411.65,Alto,2026-02-05
CLI-00170,Luis Miguel Ramón Collado,Jubilado,11350.91,Bajo,2024-01-20
CLI-00171,Dra. Antonia Lemus,Estudiante,2553.79,Bajo,2025-06-18
CLI-00172,Dr. Germán Corral,Empresario / Comerciante,215869.62,Alto,2023-09-02
CLI-00173,María Elena Itzel Olivares,Estudiante,2021.27,Bajo,2024-08-17
CLI-00174,Dulce Cristina Moreno,Empleado Sector Privado,33024.74,Medio,2025-10-15
CLI-00175,Rodrigo Lucas Lucero,Profesionista Independiente,22271.19,Medio,2024-09-13
CLI-00176,Eloisa Balderas Castellanos,Empresario / Comerciante,160336.08,Alto,2023-08-19
CLI-00177,Srita. Clara Tapia,Empresario / Comerciante,162181.37,Alto,2026-04-01
CLI-00178,Martín Uriel Castro,Estudiante,2451.46,Bajo,2025-07-17
CLI-00179,Fidel Soto Zavala,Desempleado,3615.71,Alto,2024-07-10
CLI-00180,Esparta Andrea de Jesús,Jubilado,5468.37,Bajo,2024-04-12
CLI-00181,Magdalena Lorena Aragón,Profesionista Independiente,41212.93,Medio,2025-09-25
CLI-00182,Rebeca Llamas,Empleado Sector Privado,26182.96,Medio,2026-01-19
CLI-00183,Ing. Ernesto Barrera,Estudiante,3849.55,Bajo,2025-07-01
CLI-00184,Dr. Abelardo Rodarte,Estudiante,7393.55,Bajo,2024-12-03
CLI-00185,Josefina María Cristina Espinal Acosta,Empleado Sector Privado,34508.2,Medio,2026-05-07
CLI-00186,Pedro Óliver Delgado Vásquez,Desempleado,411.17,Alto,2026-05-14
CLI-00187,Rodolfo Quintanilla Colunga,Jubilado,16493.75,Bajo,2024-10-01
CLI-00188,Graciela Alicia Collado Villareal,Empresario / Comerciante,244767.4,Alto,2026-03-21
CLI-00189,Ramiro Gregorio Castillo Zayas,Desempleado,618.21,Alto,2025-03-30
CLI-00190,Dr. Antonio Correa,Empleado Sector Privado,40531.99,Medio,2025-05-02
CLI-00191,María Cristina Guerra,Empleado Sector Privado,41086.73,Medio,2025-09-01
CLI-00192,Dr. Jacobo Almaraz,Estudiante,3076.16,Bajo,2026-05-29
CLI-00193,Ing. María José Dueñas,Profesionista Independiente,50207.39,Medio,2025-10-02
CLI-00194,Ernesto Rufino Cabrera,Empresario / Comerciante,210447.03,Alto,2023-08-30
CLI-00195,Rosalia Carbajal Ayala,Desempleado,3243.0,Alto,2025-12-06
CLI-00196,Lic. Timoteo Martínez,Profesionista Independiente,22163.9,Medio,2023-12-26
CLI-00197,Patricio Lara Mendoza,Desempleado,432.38,Alto,2023-06-12
CLI-00198,Eric de la Fuente Garibay,Estudiante,7151.56,Bajo,2024-03-01
CLI-00199,Srita. Elvia Suárez,Empleado Sector Privado,18585.9,Medio,2025-11-28
CLI-00200,Daniel José Eduardo Murillo Grijalva,Empresario / Comerciante,119931.68,Alto,2024-05-09
CLI-00201,María Celia Bermúdez,Empleado Sector Privado,19356.48,Medio,2024-08-16
CLI-00202,Aurelio Hurtado,Desempleado,772.52,Alto,2024-04-12
CLI-00203,Jerónimo Alfredo Arriaga,Profesionista Independiente,27537.14,Medio,2025-05-10
CLI-00204,Marco Antonio Villaseñor,Estudiante,7801.33,Bajo,2024-09-19
CLI-00205,Cristina Noelia Hidalgo Santana,Profesionista Independiente,30801.58,Medio,2025-02-11
CLI-00206,Horacio Bernabé Correa Saucedo,Jubilado,10195.82,Bajo,2025-01-21
CLI-00207,Hilda Itzel Zúñiga Zamudio,Jubilado,9304.95,Bajo,2026-01-27
CLI-00208,César Adame,Estudiante,2692.05,Bajo,2025-06-07
CLI-00209,Dr. Miguel Ángel Palomino,Profesionista Independiente,23035.55,Medio,2026-01-03
CLI-00210,Ing. María Teresa Maestas,Profesionista Independiente,16721.57,Medio,2026-05-11
CLI-00211,José Emilio Barraza,Jubilado,10649.33,Bajo,2024-03-28
CLI-00212,Mateo Castañeda,Desempleado,3145.71,Alto,2024-10-05
CLI-00213,Hernán Elizondo Cotto,Empresario / Comerciante,171241.77,Alto,2026-02-07
CLI-00214,Camila Esther García,Jubilado,6503.4,Bajo,2025-01-28
CLI-00215,Jaime Padrón Bañuelos,Jubilado,7471.02,Bajo,2023-09-23
CLI-00216,Emiliano Delgado,Estudiante,6252.71,Bajo,2025-11-20
CLI-00217,José Carlos Guerra Adame,Estudiante,5119.52,Bajo,2026-05-27
CLI-00218,Fidel Cepeda,Jubilado,13929.14,Bajo,2024-04-13
CLI-00219,Mariano Zeferino Ojeda,Desempleado,2948.15,Alto,2024-10-13
CLI-00220,Zoé Ruby Berríos,Empleado Sector Privado,24019.31,Medio,2023-12-17
CLI-00221,Héctor Nava,Estudiante,7693.25,Bajo,2025-05-22
CLI-00222,Cornelio Castro Ramón,Profesionista Independiente,43041.99,Medio,2025-08-17
CLI-00223,Cristian Bermúdez,Desempleado,3392.06,Alto,2024-10-29
CLI-00224,Aurora de la O,Desempleado,3600.19,Alto,2023-07-04
CLI-00225,Vicente Guzmán,Jubilado,9020.7,Bajo,2024-12-25
CLI-00226,Eloy Ricardo Vega Soto,Empresario / Comerciante,115236.58,Alto,2023-09-08
CLI-00227,Esmeralda María Teresa Jáquez Rico,Desempleado,1182.62,Alto,2025-10-21
CLI-00228,Débora Tania León Urías,Empleado Sector Privado,18330.72,Medio,2023-07-15
CLI-00229,Amelia Beatriz Razo,Desempleado,3761.45,Alto,2025-01-03
CLI-00230,Eugenio Arroyo,Desempleado,2992.54,Alto,2025-04-02
CLI-00231,Mercedes Valentín,Empleado Sector Privado,32311.99,Medio,2023-11-02
CLI-00232,René Ulloa,Profesionista Independiente,33273.38,Medio,2023-07-15
CLI-00233,Dra. Rocío Hernández,Estudiante,3823.25,Bajo,2026-03-06
CLI-00234,Dr. Hugo Castellanos,Empleado Sector Privado,26186.31,Medio,2025-01-02
CLI-00235,Irma Córdova,Jubilado,12886.6,Bajo,2026-05-24
CLI-00236,Dra. Juana Girón,Profesionista Independiente,35924.47,Medio,2024-07-25
CLI-00237,Miriam Bustamante,Empresario / Comerciante,185125.45,Alto,2025-08-27
CLI-00238,Aldonza Orosco,Jubilado,11151.42,Bajo,2024-06-24
CLI-00239,Nicolás Jaime Jáquez,Desempleado,678.77,Alto,2023-10-10
CLI-00240,Mariano Polanco Zamora,Estudiante,3702.72,Bajo,2024-10-09
CLI-00241,Dr. Ángel Sandoval,Desempleado,2531.76,Alto,2023-12-07
CLI-00242,Emilia Susana Arenas,Profesionista Independiente,19202.42,Medio,2025-08-23
CLI-00243,Ramiro Bernabé Brito,Empleado Sector Privado,34202.26,Medio,2024-11-11
CLI-00244,Carlota Arcelia Zamudio Altamirano,Empleado Sector Privado,38616.58,Medio,2025-10-02
CLI-00245,Trinidad Irma Casares Meraz,Empleado Sector Privado,12806.04,Medio,2024-05-12
CLI-00246,Felipe Martín Bermúdez Baca,Empleado Sector Privado,44469.89,Medio,2024-07-31
CLI-00247,Agustín Miranda,Jubilado,16046.59,Bajo,2026-01-01
CLI-00248,José Adán Burgos,Estudiante,4732.5,Bajo,2025-12-08
CLI-00249,Lucía Olivas,Desempleado,2302.68,Alto,2026-01-18
CLI-00250,Ernesto Alberto Orta,Desempleado,2785.42,Alto,2026-03-24
CLI-00251,Cornelio Quiñónez,Empresario / Comerciante,129930.57,Alto,2024-08-05
CLI-00252,Olga Elena Arteaga,Empleado Sector Privado,33649.91,Medio,2025-05-05
CLI-00253,Esmeralda Nelly Alfaro Vega,Estudiante,7355.96,Bajo,2023-12-10
CLI-00254,Antonio Lozada Ávalos,Estudiante,6670.52,Bajo,2026-03-27
CLI-00255,Ing. Victoria Tovar,Empleado Sector Privado,17804.26,Medio,2025-09-17
CLI-00256,Alejandra Cervántez Curiel,Desempleado,2071.83,Alto,2023-11-03
CLI-00257,Gabriela Urrutia Gaona,Estudiante,5344.43,Bajo,2026-01-15
CLI-00258,Olivia Espinoza,Estudiante,4738.77,Bajo,2025-01-19
CLI-00259,Ana Adela Ceballos,Empresario / Comerciante,183515.55,Alto,2026-04-08
CLI-00260,Eloy Patricio Lozano Castro,Jubilado,12740.88,Bajo,2024-03-02
CLI-00261,Reina Estefanía Mireles Rocha,Empresario / Comerciante,172530.46,Alto,2024-10-31
CLI-00262,Dulce Virginia Pulido,Desempleado,3568.08,Alto,2025-08-22
CLI-00263,Ana Isabel Alba Murillo,Empresario / Comerciante,216113.83,Alto,2023-08-24
CLI-00264,Jonás Mata Ávalos,Jubilado,10796.88,Bajo,2024-05-22
CLI-00265,Alberto René Carmona,Empleado Sector Privado,36540.63,Medio,2024-05-16
CLI-00266,Soledad Solorzano,Empresario / Comerciante,140013.95,Alto,2025-06-19
CLI-00267,Esmeralda Palomo Terán,Empleado Sector Privado,39715.48,Medio,2024-08-25
CLI-00268,María Cristina Zarate Ayala,Profesionista Independiente,49461.62,Medio,2025-04-02
CLI-00269,Mariana Guillermina Juárez,Jubilado,11299.76,Bajo,2024-09-24
CLI-00270,Patricio Horacio Chavarría Ocampo,Empleado Sector Privado,21061.72,Medio,2026-04-01
CLI-00271,Octavio Gerardo Valentín,Estudiante,6281.27,Bajo,2026-01-01
CLI-00272,Vicente Quesada Mascareñas,Empleado Sector Privado,20966.6,Medio,2024-09-15
CLI-00273,Rubén Yáñez,Profesionista Independiente,55186.21,Medio,2025-07-09
CLI-00274,Dr. Uriel Alcántar,Estudiante,2830.24,Bajo,2025-12-16
CLI-00275,Emilia Carrera Gaytán,Empleado Sector Privado,24640.16,Medio,2024-10-28
CLI-00276,Alfredo Jacinto Meléndez Garibay,Empleado Sector Privado,35311.83,Medio,2024-01-20
CLI-00277,Bernardo Jaime Serrato,Estudiante,4489.21,Bajo,2025-12-28
CLI-00278,Sessa Molina Rosado,Profesionista Independiente,39417.5,Medio,2026-06-03
CLI-00279,María Elena Salinas Orosco,Empresario / Comerciante,62453.14,Alto,2025-11-21
CLI-00280,Teodoro Grijalva Contreras,Empresario / Comerciante,127895.36,Alto,2023-08-20
CLI-00281,Marcela Montoya Bernal,Jubilado,17298.81,Bajo,2024-11-24
CLI-00282,Magdalena Ruiz,Estudiante,7140.39,Bajo,2026-01-30
CLI-00283,Abel Pantoja,Jubilado,9944.95,Bajo,2024-10-28
CLI-00284,Ing. Ariadna Amador,Estudiante,7656.45,Bajo,2026-05-01
CLI-00285,Dra. Nelly Cotto,Profesionista Independiente,48906.38,Medio,2025-08-03
CLI-00286,José Emilio César Alvarado,Empresario / Comerciante,157644.11,Alto,2024-02-05
CLI-00287,María Rosa Arreola Cazares,Desempleado,2184.53,Alto,2024-05-30
CLI-00288,Estela Anel Cavazos,Jubilado,16671.55,Bajo,2025-02-23
CLI-00289,Yolanda Nelly Escalante,Empresario / Comerciante,93884.33,Alto,2024-02-05
CLI-00290,Homero Modesto Concepción Morales,Empresario / Comerciante,147128.4,Alto,2026-04-19
CLI-00291,Rebeca Ramírez,Empresario / Comerciante,117225.91,Alto,2025-11-03
CLI-00292,José Carlos Ávila,Desempleado,3192.57,Alto,2026-01-20
CLI-00293,Carlos Almanza,Desempleado,660.18,Alto,2024-10-12
CLI-00294,Diana Solorzano,Empresario / Comerciante,233908.32,Alto,2026-05-15
CLI-00295,Martha Silvia Montenegro Mora,Jubilado,11943.61,Bajo,2024-09-26
CLI-00296,Ilse Girón Cavazos,Empresario / Comerciante,168378.56,Alto,2024-10-20
CLI-00297,Lic. Francisco Tello,Desempleado,108.41,Alto,2025-04-04
CLI-00298,Pascual Claudio Roybal,Desempleado,1714.45,Alto,2023-06-23
CLI-00299,Silvano Hernán Armendáriz,Empresario / Comerciante,86345.81,Alto,2024-03-29
CLI-00300,Luis Miguel Ayala,Profesionista Independiente,32059.67,Medio,2026-03-15
CLI-00301,Zeferino Víctor Medina Viera,Empleado Sector Privado,27005.08,Medio,2024-07-07
CLI-00302,Susana Dulce María Badillo,Profesionista Independiente,49255.34,Medio,2025-10-03
CLI-00303,Concepción Griego,Empresario / Comerciante,105651.32,Alto,2025-07-17
CLI-00304,Camila Pedroza Viera,Empresario / Comerciante,100454.31,Alto,2026-04-12
CLI-00305,Rosalia Gloria Arteaga,Estudiante,4821.84,Bajo,2026-04-18
CLI-00306,Sergio Romero Tejeda,Desempleado,2157.68,Alto,2025-10-21
CLI-00307,Sr. Leonel Almanza,Profesionista Independiente,25090.0,Medio,2025-11-06
CLI-00308,Mercedes Velásquez Casanova,Estudiante,6687.4,Bajo,2024-10-03
CLI-00309,Antonia Soledad Aguilera,Desempleado,161.03,Alto,2026-01-19
CLI-00310,Arcelia Márquez Beltrán,Estudiante,7697.67,Bajo,2025-02-20
CLI-00311,Sr. Emiliano Lucero,Empleado Sector Privado,39694.55,Medio,2026-01-20
CLI-00312,Benito Eduardo Limón,Jubilado,6980.97,Bajo,2025-02-22
CLI-00313,María Teresa Ornelas Lucero,Empleado Sector Privado,27627.52,Medio,2025-05-23
CLI-00314,Felipe Víctor Arenas Toledo,Estudiante,5383.82,Bajo,2025-06-29
CLI-00315,Timoteo Ramón Ocampo,Empleado Sector Privado,27346.12,Medio,2026-02-15
CLI-00316,Mario José Carlos Ceja,Profesionista Independiente,49510.41,Medio,2024-02-05
CLI-00317,Ing. Daniel Villanueva,Empleado Sector Privado,31994.46,Medio,2023-07-26
CLI-00318,Noemí Mondragón,Desempleado,2873.43,Alto,2026-03-17
CLI-00319,Dra. Cecilia Ramírez,Empleado Sector Privado,43835.79,Medio,2024-09-03
CLI-00320,Rosario Rodarte,Estudiante,5472.11,Bajo,2024-01-10
CLI-00321,Lorena Abigail Carrión,Profesionista Independiente,40910.85,Medio,2024-03-25
CLI-00322,Rosalia Adriana Partida,Empresario / Comerciante,129330.89,Alto,2026-05-06
CLI-00323,Nelly Tania Santacruz,Desempleado,793.32,Alto,2025-01-07
CLI-00324,Liliana Mata,Jubilado,13977.99,Bajo,2026-04-06
CLI-00325,Sra. Lorena Anguiano,Desempleado,971.4,Alto,2025-09-21
CLI-00326,Francisco Javier Ojeda,Desempleado,3089.92,Alto,2026-04-26
CLI-00327,Alfredo Casas Rosario,Desempleado,2401.65,Alto,2025-03-11
CLI-00328,Ruby Cepeda Verdugo,Estudiante,6777.36,Bajo,2025-09-04
CLI-00329,Timoteo Evelio Calderón,Jubilado,15174.26,Bajo,2023-08-01
CLI-00330,Mercedes Armendáriz,Profesionista Independiente,38973.54,Medio,2025-08-27
CLI-00331,María Cristina Moreno,Desempleado,1482.28,Alto,2025-04-11
CLI-00332,Agustín Maestas Alfaro,Jubilado,13418.06,Bajo,2025-09-29
CLI-00333,Wilfrido Alejandro Montenegro,Estudiante,7097.45,Bajo,2024-03-24
CLI-00334,Marisela Marisol Baeza,Empresario / Comerciante,71107.77,Alto,2025-09-29
CLI-00335,Humberto Esteban Avilés Muro,Profesionista Independiente,43601.33,Medio,2024-08-29
CLI-00336,Héctor Manuel Villa Valdivia,Empresario / Comerciante,191461.73,Alto,2024-12-29
CLI-00337,José María Gerardo Carrillo de la Crúz,Empresario / Comerciante,85227.39,Alto,2024-06-25
CLI-00338,José María Bernardo Olivárez,Jubilado,17551.16,Bajo,2026-02-03
CLI-00339,Amelia Romero Quintana,Profesionista Independiente,42716.06,Medio,2026-04-22
CLI-00340,Patricio Javier Vela Gamboa,Jubilado,15070.34,Bajo,2023-11-23
CLI-00341,Alvaro Marcos Ramos,Empresario / Comerciante,137114.9,Alto,2023-06-20
CLI-00342,Dr. Isaac Mejía,Desempleado,2369.9,Alto,2023-10-25
CLI-00343,Trinidad Leticia Serrano Méndez,Profesionista Independiente,53327.09,Medio,2025-02-16
CLI-00344,María Luisa Gabriela Cazares,Estudiante,3673.57,Bajo,2026-04-05
CLI-00345,José Hernán Mendoza,Empresario / Comerciante,98772.69,Alto,2024-12-03
CLI-00346,Rodrigo Zacarías Loera,Empresario / Comerciante,163969.93,Alto,2024-10-08
CLI-00347,Ilse Casas,Desempleado,1515.96,Alto,2026-05-15
CLI-00348,Lucas Alonso Lucio,Estudiante,4965.84,Bajo,2025-11-12
CLI-00349,Reina Ibarra Domínguez,Profesionista Independiente,23182.79,Medio,2025-05-21
CLI-00350,Sra. Marisol Guevara,Empleado Sector Privado,23709.22,Medio,2025-12-22
CLI-00351,Susana Arreola,Profesionista Independiente,30315.25,Medio,2024-12-14
CLI-00352,Sra. Nayeli Coronado,Jubilado,14115.39,Bajo,2023-08-20
CLI-00353,Octavio Alberto Monroy Lomeli,Profesionista Independiente,40010.6,Medio,2025-06-24
CLI-00354,Ricardo Miguel Montez,Jubilado,17324.81,Bajo,2023-08-01
CLI-00355,Ing. Cecilia Mateo,Estudiante,3448.14,Bajo,2024-11-30
CLI-00356,María Eugenia Mitzy Samaniego,Empresario / Comerciante,147715.57,Alto,2024-05-21
CLI-00357,Tomás Adalberto Casas,Empleado Sector Privado,34790.11,Medio,2024-01-06
CLI-00358,Francisco José Emilio Rosado,Desempleado,2847.37,Alto,2026-05-07
CLI-00359,Dr. Jorge Luis Rico,Empresario / Comerciante,208586.57,Alto,2023-10-22
CLI-00360,Gabriela Esther Macías Urías,Estudiante,3765.41,Bajo,2025-03-11
CLI-00361,Horacio Villa del Valle,Empresario / Comerciante,188357.43,Alto,2025-08-30
CLI-00362,Rocío Elena Amaya,Profesionista Independiente,44878.2,Medio,2025-01-15
CLI-00363,Pascual Bueno,Profesionista Independiente,36296.72,Medio,2025-10-16
CLI-00364,Rosario Abigail Alfaro Ponce,Jubilado,9468.85,Bajo,2025-03-29
CLI-00365,Ing. Luis Lerma,Desempleado,2201.55,Alto,2024-05-23
CLI-00366,Marisela Alvarez Abreu,Profesionista Independiente,46628.47,Medio,2024-06-15
CLI-00367,Yuridia Polanco Macías,Profesionista Independiente,28798.03,Medio,2025-07-24
CLI-00368,Lic. Rodolfo Rojas,Empleado Sector Privado,15981.64,Medio,2024-06-28
CLI-00369,René Homero Alonso Caraballo,Empleado Sector Privado,22413.08,Medio,2024-09-24
CLI-00370,Barbara Adela Zamora Núñez,Desempleado,2143.46,Alto,2026-05-27
CLI-00371,Graciela Luz Ybarra Medina,Desempleado,740.6,Alto,2023-12-07
CLI-00372,Jorge Luis Joaquín Zarate,Empleado Sector Privado,36373.95,Medio,2023-06-14
CLI-00373,Rocío Hidalgo Valdez,Profesionista Independiente,47606.33,Medio,2026-01-04
CLI-00374,Elvia Alma Jaime Morales,Jubilado,12758.28,Bajo,2023-09-13
CLI-00375,Antonia Elsa Trejo Rodríquez,Estudiante,6995.77,Bajo,2026-02-24
CLI-00376,Mitzy Aida Barrientos Valverde,Profesionista Independiente,25236.74,Medio,2025-03-06
CLI-00377,María Cristina Mayte Perales Guerra,Empleado Sector Privado,21974.83,Medio,2024-09-01
CLI-00378,Caridad Ilse Varela Acosta,Desempleado,2136.54,Alto,2024-04-30
CLI-00379,Ofelia Barragán,Profesionista Independiente,17048.21,Medio,2023-08-06
CLI-00380,Porfirio Rincón Escobar,Estudiante,5320.15,Bajo,2024-07-26
CLI-00381,Dra. Yolanda Espino,Desempleado,3776.36,Alto,2024-06-27
CLI-00382,Elias Vázquez Zambrano,Desempleado,3473.84,Alto,2023-07-30
CLI-00383,Concepción Alicia García,Empresario / Comerciante,70517.53,Alto,2026-05-27
CLI-00384,Cornelio Hernán Téllez Abreu,Estudiante,5444.39,Bajo,2024-02-28
CLI-00385,Ruby Noriega Zambrano,Empresario / Comerciante,145742.84,Alto,2024-10-04
CLI-00386,Federico Nicolás Alvarado Vega,Profesionista Independiente,23296.37,Medio,2024-11-17
CLI-00387,Nicolás Arevalo Villareal,Estudiante,3514.87,Bajo,2025-08-05
CLI-00388,Sr. Mauricio Zapata,Empresario / Comerciante,72817.43,Alto,2023-12-12
CLI-00389,Yeni Sarabia Amador,Estudiante,4404.24,Bajo,2024-06-18
CLI-00390,Dr. José Manuél Cintrón,Estudiante,5462.13,Bajo,2024-08-19
CLI-00391,Emiliano Jos Hernández Domínguez,Desempleado,214.44,Alto,2025-01-14
CLI-00392,Berta Barbara Angulo,Empleado Sector Privado,38767.69,Medio,2024-12-28
CLI-00393,Miriam Alvarez Ornelas,Profesionista Independiente,18833.14,Medio,2023-10-15
CLI-00394,Paulina Barrios,Empleado Sector Privado,15908.9,Medio,2024-08-12
CLI-00395,Hugo Cristobal Ponce Urías,Empresario / Comerciante,171263.53,Alto,2026-04-20
CLI-00396,Delia Bianca Arevalo,Jubilado,7933.93,Bajo,2026-04-12
CLI-00397,Benjamín Armas,Jubilado,9944.91,Bajo,2025-06-29
CLI-00398,Daniel Aurelio Mondragón García,Empresario / Comerciante,109470.63,Alto,2024-12-25
CLI-00399,María Romero,Jubilado,17870.41,Bajo,2024-08-30
CLI-00400,José Carlos Mariano Montoya Villareal,Profesionista Independiente,40588.33,Medio,2023-12-17
CLI-00401,Darío Emiliano Escalante,Estudiante,5657.79,Bajo,2025-09-06
CLI-00402,Eloisa Salma Fuentes,Desempleado,396.93,Alto,2024-05-01
CLI-00403,Luis Abel Nevárez Alba,Empleado Sector Privado,32642.0,Medio,2026-01-25
CLI-00404,Ing. Luz Prieto,Profesionista Independiente,44719.27,Medio,2024-08-27
CLI-00405,Claudia Posada,Empleado Sector Privado,19915.55,Medio,2023-08-05
CLI-00406,Eugenio Alberto Lemus,Jubilado,5975.84,Bajo,2024-07-02
CLI-00407,Ariadna Reyna,Estudiante,4451.11,Bajo,2023-07-16
CLI-00408,Augusto Vega Collado,Desempleado,2375.24,Alto,2025-10-29
CLI-00409,Mario Mateo Bañuelos,Profesionista Independiente,16468.79,Medio,2023-08-26
CLI-00410,Blanca Citlali Rosas Soto,Profesionista Independiente,46813.01,Medio,2026-05-24
CLI-00411,Ivonne Irene Venegas,Desempleado,3438.43,Alto,2025-03-14
CLI-00412,Asunción Zelaya Griego,Estudiante,6124.31,Bajo,2025-03-19
CLI-00413,Evelio Valadez,Profesionista Independiente,50452.26,Medio,2025-06-29
CLI-00414,Rafaél Clemente Jaimes Meraz,Desempleado,2359.16,Alto,2026-01-08
CLI-00415,Abigail Susana Armendáriz,Empleado Sector Privado,26029.59,Medio,2025-09-30
CLI-00416,Lucas Amador Ceballos,Jubilado,7922.52,Bajo,2024-01-03
CLI-00417,Ing. Óscar Urbina,Empleado Sector Privado,41977.58,Medio,2023-07-12
CLI-00418,Ing. Jerónimo Rincón,Empleado Sector Privado,14356.52,Medio,2025-03-22
CLI-00419,Adriana Martha Casanova Olivas,Empleado Sector Privado,38156.74,Medio,2023-10-31
CLI-00420,Eugenio Quesada del Valle,Jubilado,14736.45,Bajo,2024-03-24
CLI-00421,Lic. Violeta Holguín,Jubilado,16975.5,Bajo,2024-08-27
CLI-00422,Teresa Patiño Sierra,Empresario / Comerciante,74870.73,Alto,2025-02-17
CLI-00423,Dra. Salma Almonte,Desempleado,1216.36,Alto,2024-06-04
CLI-00424,Isabela Jaqueline Venegas,Empresario / Comerciante,238535.25,Alto,2025-02-16
CLI-00425,Jonás Roberto Barela,Jubilado,12019.76,Bajo,2024-09-09
CLI-00426,Hugo Perales,Empresario / Comerciante,66088.37,Alto,2024-03-31
CLI-00427,Francisco Mario Aguayo Mesa,Estudiante,7336.54,Bajo,2025-01-26
CLI-00428,Mauro Bonilla,Desempleado,1289.29,Alto,2023-06-17
CLI-00429,Virginia Lourdes Ulloa,Profesionista Independiente,16163.92,Medio,2025-11-08
CLI-00430,Lic. Pablo Granados,Empleado Sector Privado,43743.07,Medio,2024-03-01
CLI-00431,Miguel Ángel Salinas,Jubilado,12632.6,Bajo,2024-11-04
CLI-00432,Ing. Ernesto Roybal,Estudiante,7997.43,Bajo,2024-01-05
CLI-00433,Juan Velázquez,Desempleado,3285.68,Alto,2026-01-14
CLI-00434,Gregorio Montes,Jubilado,5523.01,Bajo,2025-08-17
CLI-00435,Dra. Marcela Arevalo,Empleado Sector Privado,27526.53,Medio,2025-07-18
CLI-00436,Ing. Héctor Naranjo,Desempleado,1768.92,Alto,2023-07-09
CLI-00437,Fidel Lorenzo Alba Nava,Profesionista Independiente,23167.01,Medio,2025-10-02
CLI-00438,José Lucas Puente,Jubilado,10666.5,Bajo,2023-07-14
CLI-00439,Gerardo Berríos Rocha,Empresario / Comerciante,243811.05,Alto,2023-12-05
CLI-00440,Hernán Orozco Esparza,Empresario / Comerciante,119592.21,Alto,2025-11-18
CLI-00441,Jos Valadez Sauceda,Profesionista Independiente,29447.62,Medio,2025-05-02
CLI-00442,Mitzy Jaqueline Villegas González,Estudiante,7146.4,Bajo,2025-08-28
CLI-00443,Ernesto Horacio Maya,Profesionista Independiente,33524.03,Medio,2023-07-03
CLI-00444,Lorenzo Rojo Garay,Empresario / Comerciante,107643.56,Alto,2024-02-24
CLI-00445,Karla Rosalia Casanova Barragán,Empresario / Comerciante,212713.21,Alto,2024-03-29
CLI-00446,Miguel Wilfrido Prieto Naranjo,Jubilado,5477.06,Bajo,2025-03-28
CLI-00447,Yolanda Ochoa Candelaria,Estudiante,3887.1,Bajo,2025-06-29
CLI-00448,Santiago Marco Antonio Puga,Profesionista Independiente,20216.47,Medio,2024-09-08
CLI-00449,Francisca Cristal Olivas Hernádez,Empresario / Comerciante,222982.12,Alto,2025-01-27
CLI-00450,María Teresa Chapa Gurule,Estudiante,5945.96,Bajo,2025-05-23
CLI-00451,Úrsula Miriam Vera,Jubilado,11005.69,Bajo,2024-10-03
CLI-00452,Natividad Razo Cervántez,Estudiante,3125.5,Bajo,2023-11-14
CLI-00453,Arturo Uriel Ayala,Profesionista Independiente,43018.52,Medio,2023-07-24
CLI-00454,Jaime Aldo Tirado Carmona,Empresario / Comerciante,175081.75,Alto,2025-05-19
CLI-00455,Sra. Anabel Juárez,Estudiante,3221.35,Bajo,2023-12-17
CLI-00456,José Luis Serafín Barrientos Navarro,Jubilado,6703.17,Bajo,2024-11-28
CLI-00457,Lic. José Hernandes,Profesionista Independiente,34715.22,Medio,2023-11-10
CLI-00458,Ramón Felix Altamirano,Desempleado,1938.85,Alto,2025-02-16
CLI-00459,Ing. Jacobo Sánchez,Estudiante,7838.88,Bajo,2025-12-28
CLI-00460,Felipe Francisco Estévez,Jubilado,15391.08,Bajo,2026-05-30
CLI-00461,Dulce Lemus,Desempleado,633.51,Alto,2026-03-02
CLI-00462,Jesús Griego Laureano,Jubilado,5177.77,Bajo,2024-09-16
CLI-00463,Eduardo Zamudio Calvillo,Empresario / Comerciante,68641.84,Alto,2024-02-19
CLI-00464,Dra. Nelly Bueno,Estudiante,4768.69,Bajo,2024-07-29
CLI-00465,Gerardo Rodrigo Santana Almonte,Estudiante,5886.26,Bajo,2023-07-04
CLI-00466,Concepción Burgos Ríos,Empleado Sector Privado,28446.39,Medio,2025-07-27
CLI-00467,Víctor Arias Patiño,Desempleado,1167.45,Alto,2025-01-21
CLI-00468,Salma López,Desempleado,1093.7,Alto,2025-06-17
CLI-00469,Srita. Miriam Barreto,Empresario / Comerciante,246048.93,Alto,2025-07-07
CLI-00470,Ruby Tejeda Santiago,Empleado Sector Privado,27073.95,Medio,2026-03-26
CLI-00471,Miriam Miranda Rascón,Empleado Sector Privado,24658.34,Medio,2024-12-10
CLI-00472,Sr. Ramón Pabón,Jubilado,11607.13,Bajo,2023-10-24
CLI-00473,Luisa Adela Granado,Empleado Sector Privado,40512.89,Medio,2024-08-18
CLI-00474,Mauro Mariano Esparza,Profesionista Independiente,49770.38,Medio,2023-07-08
CLI-00475,Darío Aguilera,Empresario / Comerciante,117975.05,Alto,2025-08-11
CLI-00476,Hilda de León Rojas,Jubilado,8473.24,Bajo,2023-09-10
CLI-00477,Alma Madrigal Muñoz,Estudiante,3697.03,Bajo,2024-06-11
CLI-00478,Lic. Óliver Sierra,Profesionista Independiente,52686.42,Medio,2024-05-29
CLI-00479,Gloria Galván Olmos,Jubilado,17985.73,Bajo,2026-01-18
CLI-00480,Inés Mendoza Polanco,Empresario / Comerciante,223052.12,Alto,2026-02-28
CLI-00481,Rodolfo Mauro Rodríguez,Empresario / Comerciante,157716.12,Alto,2025-01-25
CLI-00482,Andrea Esparta Abreu,Profesionista Independiente,29959.8,Medio,2026-02-27
CLI-00483,Ing. Elvira Garrido,Jubilado,9903.73,Bajo,2026-05-01
CLI-00484,Florencia Hurtado Rosas,Profesionista Independiente,54132.08,Medio,2024-06-07
CLI-00485,Cristal Grijalva Franco,Desempleado,955.22,Alto,2025-03-23
CLI-00486,Mauro Rentería Villanueva,Empresario / Comerciante,96712.49,Alto,2023-06-30
CLI-00487,Fidel René Jaimes,Empresario / Comerciante,58729.46,Alto,2023-07-25
CLI-00488,Zeferino Benavides,Desempleado,1891.91,Alto,2025-03-24
CLI-00489,Olga Santillán,Empresario / Comerciante,127215.75,Alto,2023-08-22
CLI-00490,Ing. Óliver Olmos,Desempleado,3169.57,Alto,2024-08-16
CLI-00491,Gustavo Arias Zaragoza,Desempleado,3923.27,Alto,2024-01-31
CLI-00492,Sra. Isabel Flores,Empresario / Comerciante,242964.89,Alto,2025-08-09
CLI-00493,Sra. Socorro Noriega,Empleado Sector Privado,28575.61,Medio,2026-06-06
CLI-00494,Francisca Yolanda Santillán,Jubilado,9315.93,Bajo,2024-02-10
CLI-00495,Roberto Vega,Estudiante,7245.14,Bajo,2024-10-11
CLI-00496,Citlali Wendolin Galván Montalvo,Empresario / Comerciante,69942.34,Alto,2024-08-12
CLI-00497,Carlota Blanca Rodarte,Empresario / Comerciante,53069.52,Alto,2023-11-22
CLI-00498,Bianca Arroyo Pulido,Empleado Sector Privado,25529.29,Medio,2024-01-15
CLI-00499,Norma Ulloa Arreola,Desempleado,3879.83,Alto,2023-08-26
CLI-00500,Luz Trujillo,Estudiante,4816.94,Bajo,2024-12-08
CLI-00501,Mateo Darío Cedillo Rodríquez,Profesionista Independiente,30235.26,Medio,2025-05-07
CLI-00502,Esmeralda Villegas,Desempleado,1589.93,Alto,2024-11-19
CLI-00503,Laura Rivas,Estudiante,7110.59,Bajo,2023-10-02
CLI-00504,Lic. Elias Trejo,Desempleado,3437.37,Alto,2023-12-06
CLI-00505,Violeta Nancy Tijerina Estrada,Empresario / Comerciante,240827.92,Alto,2026-03-18
CLI-00506,Miriam Aida Maestas,Desempleado,2874.87,Alto,2025-08-26
CLI-00507,Eva Barrera,Empresario / Comerciante,224476.6,Alto,2023-06-15
CLI-00508,Dra. Cecilia Quezada,Estudiante,5704.76,Bajo,2025-06-29
CLI-00509,Leticia Marisela Tamayo de la Fuente,Empleado Sector Privado,32828.31,Medio,2026-02-06
CLI-00510,Joaquín Gaitán,Profesionista Independiente,59884.17,Medio,2026-05-15
CLI-00511,Dra. Elsa Fierro,Desempleado,361.52,Alto,2024-07-11
CLI-00512,Caridad Valdés,Estudiante,6562.22,Bajo,2025-04-08
CLI-00513,Úrsula Elvia Brito Rendón,Desempleado,3490.32,Alto,2026-01-25
CLI-00514,Andrés Viera,Empresario / Comerciante,83272.96,Alto,2023-12-04
CLI-00515,Óscar Víctor Ontiveros Garrido,Profesionista Independiente,55654.08,Medio,2024-02-12
CLI-00516,César Alejandro,Estudiante,3946.25,Bajo,2025-08-17
CLI-00517,Sr. Ignacio Valdivia,Estudiante,3760.21,Bajo,2023-10-02
CLI-00518,José Emilio Zamudio Farías,Profesionista Independiente,34380.91,Medio,2023-12-12
CLI-00519,Ángela Delgadillo,Empleado Sector Privado,29528.49,Medio,2024-12-26
CLI-00520,Berta Carrillo Rosario,Jubilado,13863.4,Bajo,2025-04-08
CLI-00521,Celia Ríos Montez,Empleado Sector Privado,17609.46,Medio,2026-03-15
CLI-00522,Cornelio Guevara Esparza,Estudiante,5656.95,Bajo,2026-03-15
CLI-00523,Óscar Francisco Carrero Guillen,Empresario / Comerciante,173942.07,Alto,2023-10-22
CLI-00524,Cristobal Uriel Altamirano,Empleado Sector Privado,28423.02,Medio,2024-08-12
CLI-00525,Ing. Eric Valdivia,Jubilado,6860.53,Bajo,2024-08-11
CLI-00526,José Luis Samuel Rosado Negrón,Empresario / Comerciante,177580.93,Alto,2024-05-28
CLI-00527,Angélica Nelly Lovato,Empresario / Comerciante,101065.34,Alto,2026-03-11
CLI-00528,Ramiro Bermúdez Loya,Estudiante,7393.45,Bajo,2024-04-20
CLI-00529,José Emilio Marco Antonio Rascón Trejo,Empresario / Comerciante,230241.88,Alto,2025-05-24
CLI-00530,Juan Carlos Rendón Arellano,Desempleado,2186.39,Alto,2025-07-11
CLI-00531,Guadalupe Nevárez Mendoza,Estudiante,4650.38,Bajo,2026-01-11
CLI-00532,Esparta María Eugenia Alcala Pineda,Profesionista Independiente,59444.33,Medio,2023-08-21
CLI-00533,Ing. Porfirio Cano,Profesionista Independiente,43752.24,Medio,2025-02-21
CLI-00534,Alfonso Federico Corral,Empresario / Comerciante,188062.7,Alto,2025-05-24
CLI-00535,Leonardo Gollum,Empresario / Comerciante,219060.79,Alto,2025-08-26
CLI-00536,Reina Pizarro Jaimes,Empleado Sector Privado,44979.33,Medio,2026-05-05
CLI-00537,Zacarías Acuña,Empresario / Comerciante,71330.65,Alto,2025-08-24
CLI-00538,Yeni Rosa Aguilar Hidalgo,Empresario / Comerciante,164384.54,Alto,2025-11-28
CLI-00539,Reina Niño Valladares,Jubilado,8846.34,Bajo,2025-03-08
CLI-00540,Elias Alvarez,Desempleado,1180.92,Alto,2025-03-10
CLI-00541,Ramiro Rodrigo Centeno,Desempleado,1583.22,Alto,2024-08-22
CLI-00542,Eloy Tejeda,Estudiante,5395.57,Bajo,2026-02-02
CLI-00543,Benito Joaquín Paredes Villanueva,Desempleado,3113.25,Alto,2024-09-07
CLI-00544,Ing. Berta Gaona,Estudiante,7463.7,Bajo,2025-11-05
CLI-00545,Minerva Barrios,Desempleado,1986.91,Alto,2023-06-16
CLI-00546,Gustavo Chacón Carrera,Profesionista Independiente,49908.34,Medio,2025-01-31
CLI-00547,Jacinto Osorio,Empleado Sector Privado,32033.14,Medio,2026-01-12
CLI-00548,Luis Miguel Zepeda,Profesionista Independiente,24855.2,Medio,2025-04-04
CLI-00549,María Eugenia Colunga Corrales,Empleado Sector Privado,32489.41,Medio,2024-03-29
CLI-00550,Dulce Zedillo,Desempleado,3022.31,Alto,2025-11-17
CLI-00551,Sra. María Ruelas,Desempleado,2723.42,Alto,2026-04-04
CLI-00552,Roberto Meza Santiago,Empleado Sector Privado,32732.19,Medio,2025-10-17
CLI-00553,Graciela Abril Leyva,Desempleado,2585.36,Alto,2025-10-02
CLI-00554,Patricia Fernández Ponce,Profesionista Independiente,50487.47,Medio,2025-06-03
CLI-00555,Benito Horacio Bueno Valentín,Estudiante,5477.44,Bajo,2024-11-23
CLI-00556,Alvaro Flavio Razo Castro,Desempleado,525.65,Alto,2023-12-21
CLI-00557,Inés Abigail Ontiveros Santiago,Profesionista Independiente,29702.36,Medio,2024-07-20
CLI-00558,Alberto Óliver Vigil,Empresario / Comerciante,85128.01,Alto,2025-10-30
CLI-00559,Estela Caldera Olivera,Empleado Sector Privado,37954.92,Medio,2024-09-22
CLI-00560,Dr. Cristobal Cervántez,Profesionista Independiente,38888.36,Medio,2025-01-21
CLI-00561,Pilar Cabrera,Profesionista Independiente,52371.27,Medio,2024-03-12
CLI-00562,Raquel Véliz Cordero,Profesionista Independiente,56132.2,Medio,2024-09-22
CLI-00563,Lic. Gabino Menéndez,Empresario / Comerciante,243476.82,Alto,2024-03-06
CLI-00564,Bernardo Aponte Bueno,Profesionista Independiente,48595.17,Medio,2025-02-04
CLI-00565,Leonor Marisela Olivárez,Profesionista Independiente,51190.46,Medio,2026-02-13
CLI-00566,Patricia Martínez,Empresario / Comerciante,242578.66,Alto,2024-07-17
CLI-00567,José Manuél Barajas Posada,Empleado Sector Privado,36887.0,Medio,2024-09-26
CLI-00568,Mercedes Brito Matías,Empleado Sector Privado,40384.64,Medio,2023-08-12
CLI-00569,Elvia Guadalupe Olmos de León,Desempleado,2697.62,Alto,2023-07-15
CLI-00570,Julio Alonso Carreón,Empresario / Comerciante,243453.95,Alto,2026-01-15
CLI-00571,Beatriz Gamboa,Jubilado,9755.08,Bajo,2024-04-03
CLI-00572,Julia Griego,Empresario / Comerciante,52783.73,Alto,2025-05-30
CLI-00573,Miguel Ángel Francisco Crespo,Jubilado,6606.65,Bajo,2023-09-26
CLI-00574,Georgina Rincón,Profesionista Independiente,45277.28,Medio,2023-08-09
CLI-00575,Sessa Muñoz Zayas,Desempleado,1048.65,Alto,2025-06-19
CLI-00576,Lucía Robledo Valenzuela,Empresario / Comerciante,214483.46,Alto,2025-02-15
CLI-00577,Lic. Samuel Hernandes,Profesionista Independiente,19875.57,Medio,2023-11-24
CLI-00578,Ing. Dalia Franco,Empleado Sector Privado,27558.74,Medio,2024-04-24
CLI-00579,Georgina Trinidad Bustos Tapia,Jubilado,16495.05,Bajo,2024-11-01
CLI-00580,Javier Arevalo Gastélum,Jubilado,9264.08,Bajo,2025-01-05
CLI-00581,Noemí Mora Limón,Jubilado,7877.77,Bajo,2025-02-07
CLI-00582,Leonardo Juan Carlos Cisneros Bañuelos,Estudiante,5812.42,Bajo,2023-12-10
CLI-00583,Lic. Lucas Pulido,Empresario / Comerciante,231877.53,Alto,2024-04-12
CLI-00584,Roberto Amador Olivas,Profesionista Independiente,44215.78,Medio,2024-03-28
CLI-00585,Rafaél Salas Melgar,Estudiante,2838.66,Bajo,2025-05-18
CLI-00586,Manuel Munguía,Estudiante,3826.19,Bajo,2024-09-14
CLI-00587,Lucas Raya,Empresario / Comerciante,73224.1,Alto,2025-06-29
CLI-00588,Sr. Luis Miguel Dueñas,Empleado Sector Privado,41279.56,Medio,2026-01-19
CLI-00589,Cornelio Feliciano,Empleado Sector Privado,24825.31,Medio,2025-09-14
CLI-00590,Zoé Ruelas,Profesionista Independiente,45171.88,Medio,2023-07-18
CLI-00591,Clara María del Carmen de León,Desempleado,2785.94,Alto,2026-03-01
CLI-00592,Hernán Santiago Corrales Treviño,Jubilado,10448.65,Bajo,2026-02-01
CLI-00593,Luis Manuel Mariano Urrutia,Desempleado,2906.4,Alto,2024-05-04
CLI-00594,Noelia Páez,Empresario / Comerciante,180984.38,Alto,2025-08-16
CLI-00595,Berta Piña Merino,Empresario / Comerciante,173130.44,Alto,2023-07-26
CLI-00596,Sofía Zúñiga de la Garza,Profesionista Independiente,16472.23,Medio,2025-04-24
CLI-00597,Yuridia Esperanza Anaya Lomeli,Profesionista Independiente,24777.14,Medio,2024-12-20
CLI-00598,Andrea Caballero Valles,Empresario / Comerciante,240111.03,Alto,2023-12-05
CLI-00599,Lic. Marco Antonio Roldán,Profesionista Independiente,19470.96,Medio,2026-05-28
CLI-00600,Abelardo Mauro Romero,Desempleado,1469.34,Alto,2024-05-01
CLI-00601,Alfredo Menchaca Beltrán,Desempleado,1434.7,Alto,2023-08-17
CLI-00602,Amanda Bahena,Empresario / Comerciante,105176.29,Alto,2023-09-02
CLI-00603,Alonso Corrales Bernal,Estudiante,7694.06,Bajo,2026-04-05
CLI-00604,Alejandro Ernesto Cortez,Empresario / Comerciante,68334.68,Alto,2025-11-03
CLI-00605,Dr. Bernardo Lemus,Empleado Sector Privado,33176.25,Medio,2024-10-25
CLI-00606,Sra. Blanca Alcaraz,Jubilado,17624.21,Bajo,2026-01-05
CLI-00607,Paola Julia Zambrano,Estudiante,6720.77,Bajo,2024-08-30
CLI-00608,Vicente Pedro Cepeda González,Empleado Sector Privado,44631.09,Medio,2024-08-12
CLI-00609,Gerardo Joaquín Véliz Montalvo,Jubilado,7667.67,Bajo,2024-10-07
CLI-00610,Camila Páez,Jubilado,7693.05,Bajo,2024-02-23
CLI-00611,Aldo Reséndez,Empleado Sector Privado,38830.75,Medio,2024-05-11
CLI-00612,Ing. Rufino Macías,Empleado Sector Privado,22842.47,Medio,2023-11-20
CLI-00613,Amador Pedroza Tamez,Empleado Sector Privado,38025.24,Medio,2023-09-15
CLI-00614,Sra. Elsa Paz,Jubilado,5036.86,Bajo,2025-09-02
CLI-00615,Lic. Natividad Navarro,Empleado Sector Privado,44588.4,Medio,2025-01-10
CLI-00616,Conchita Velásquez,Jubilado,8258.5,Bajo,2024-03-18
CLI-00617,Cornelio Ángel Aguilar Miranda,Empleado Sector Privado,15627.57,Medio,2026-05-29
CLI-00618,Karla Villegas,Estudiante,2790.82,Bajo,2025-03-23
CLI-00619,Lic. Mitzy Pichardo,Profesionista Independiente,50549.31,Medio,2025-12-06
CLI-00620,Sr. Roberto Camarillo,Empleado Sector Privado,31432.15,Medio,2026-04-17
CLI-00621,Claudia Marisol Ulloa Guardado,Estudiante,3045.48,Bajo,2026-02-24
CLI-00622,Daniela Abigail Curiel Pedroza,Estudiante,2760.55,Bajo,2025-01-20
CLI-00623,Sr. Rolando Fernández,Empresario / Comerciante,155217.11,Alto,2024-03-14
CLI-00624,Iván Mena Montemayor,Desempleado,254.23,Alto,2025-09-25
CLI-00625,Mayte Nancy Estrada,Empresario / Comerciante,205603.41,Alto,2024-05-02
CLI-00626,Mauricio Abraham Maya,Jubilado,12717.66,Bajo,2023-12-16
CLI-00627,Gerardo Silvano Madrigal,Empresario / Comerciante,150767.74,Alto,2023-08-12
CLI-00628,Sara Garica,Jubilado,5563.75,Bajo,2025-12-11
CLI-00629,Celia Guillermina Rendón,Desempleado,2085.8,Alto,2025-12-26
CLI-00630,Miguel Rufino Alva Arroyo,Empresario / Comerciante,178668.14,Alto,2024-07-26
CLI-00631,Lic. Esteban Gollum,Estudiante,2364.95,Bajo,2023-11-09
CLI-00632,Ing. Verónica Montalvo,Empresario / Comerciante,219459.71,Alto,2024-12-16
CLI-00633,Miguel Narváez,Empresario / Comerciante,187219.5,Alto,2024-04-10
CLI-00634,Yuridia Piña,Empresario / Comerciante,192480.26,Alto,2024-08-24
CLI-00635,Luis Miguel Miguel Salcedo,Empresario / Comerciante,64698.14,Alto,2025-03-14
CLI-00636,Irma Itzel Moya Calderón,Estudiante,3932.67,Bajo,2026-01-27
CLI-00637,Jonás Bahena Barrera,Empleado Sector Privado,14167.51,Medio,2025-06-26
CLI-00638,Carlos Claudio Gil,Profesionista Independiente,43094.29,Medio,2025-01-03
CLI-00639,Margarita Espino Gómez,Jubilado,12128.63,Bajo,2024-11-07
CLI-00640,Ramón Quiñones Valentín,Profesionista Independiente,32140.7,Medio,2026-03-17
CLI-00641,Manuel Rodolfo Longoria,Jubilado,11897.24,Bajo,2023-08-01
CLI-00642,Manuel Gilberto Cadena Mascareñas,Empresario / Comerciante,151110.21,Alto,2025-12-01
CLI-00643,Wilfrido Alvaro Alejandro,Empresario / Comerciante,69835.69,Alto,2025-11-21
CLI-00644,Lic. Ariadna Vanegas,Desempleado,457.66,Alto,2025-09-22
CLI-00645,Dr. José Emilio Garica,Desempleado,2603.67,Alto,2024-08-12
CLI-00646,Eugenio Luis Miguel Arellano Patiño,Jubilado,14370.92,Bajo,2023-10-21
CLI-00647,Aurelio Aldo Rivas,Empleado Sector Privado,26192.31,Medio,2024-01-25
CLI-00648,Miguel Ángel Serna,Empleado Sector Privado,25655.85,Medio,2024-11-14
CLI-00649,Sr. Elias Barraza,Empresario / Comerciante,129746.04,Alto,2025-05-07
CLI-00650,Sr. Gabino Aponte,Desempleado,380.34,Alto,2023-09-24
CLI-00651,Nicolás Marco Antonio Vanegas,Empresario / Comerciante,112504.71,Alto,2025-05-20
CLI-00652,Alicia Andrea Puga,Profesionista Independiente,31843.55,Medio,2024-09-08
CLI-00653,Emilia Ilse Ibarra Villarreal,Empleado Sector Privado,34665.09,Medio,2025-02-26
CLI-00654,Sr. Genaro Narváez,Empresario / Comerciante,63426.66,Alto,2025-10-24
CLI-00655,Amador Villalpando Granados,Estudiante,2559.38,Bajo,2025-02-20
CLI-00656,Sra. Socorro Gaytán,Estudiante,6467.53,Bajo,2024-07-31
CLI-00657,María Luisa Balderas,Profesionista Independiente,51529.62,Medio,2024-02-04
CLI-00658,Helena de la Rosa,Jubilado,5779.75,Bajo,2024-10-02
CLI-00659,Lilia Galarza Alfaro,Jubilado,12301.88,Bajo,2026-02-03
CLI-00660,Gabriel Balderas,Desempleado,488.93,Alto,2024-01-29
CLI-00661,Sergio Ayala Prieto,Profesionista Independiente,54312.33,Medio,2025-11-23
CLI-00662,Carlos Gerónimo Muñoz,Empresario / Comerciante,223618.43,Alto,2024-06-24
CLI-00663,Carmen Cervántez,Desempleado,205.78,Alto,2025-02-12
CLI-00664,Isaac Nevárez Menchaca,Profesionista Independiente,42018.45,Medio,2024-10-27
CLI-00665,Ing. Alonso Alcaraz,Profesionista Independiente,19662.03,Medio,2024-03-18
CLI-00666,Ing. Esteban Guardado,Jubilado,7765.6,Bajo,2023-10-28
CLI-00667,Srita. Teresa Tórrez,Desempleado,1928.76,Alto,2025-12-05
CLI-00668,Susana Alicia Pedraza,Estudiante,4100.68,Bajo,2025-08-06
CLI-00669,Sonia Rosa Sanches,Jubilado,9778.29,Bajo,2025-04-17
CLI-00670,Gregorio Báez Roque,Profesionista Independiente,40834.5,Medio,2025-01-09
CLI-00671,Delia Aldonza Rangel,Empresario / Comerciante,219031.03,Alto,2025-10-28
CLI-00672,Elsa Ángela Venegas Vigil,Jubilado,12976.45,Bajo,2026-05-19
CLI-00673,Dr. Gerónimo Espinosa,Desempleado,2226.96,Alto,2026-05-26
CLI-00674,Araceli Zoé Gálvez,Jubilado,17078.1,Bajo,2023-10-17
CLI-00675,Srita. Esmeralda Hernádez,Desempleado,1069.79,Alto,2025-11-23
CLI-00676,Pilar Carla Molina,Empleado Sector Privado,21017.92,Medio,2024-11-01
CLI-00677,Sra. Liliana Reyes,Profesionista Independiente,56469.19,Medio,2024-10-12
CLI-00678,Julio Gregorio Lomeli,Profesionista Independiente,15274.76,Medio,2026-03-22
CLI-00679,Florencia Aldonza Cabán,Empleado Sector Privado,30688.6,Medio,2026-05-29
CLI-00680,Pedro Romero,Empresario / Comerciante,63917.08,Alto,2025-03-26
CLI-00681,Mayte Catalina Salcido,Desempleado,2532.69,Alto,2023-09-13
CLI-00682,Tania Mayte Ordóñez Guerrero,Estudiante,2550.55,Bajo,2024-03-18
CLI-00683,Francisco Javier Raúl Casas,Jubilado,7796.73,Bajo,2024-06-29
CLI-00684,Esparta Munguía,Empresario / Comerciante,140729.16,Alto,2024-02-26
CLI-00685,Sr. Iván Posada,Empleado Sector Privado,24211.75,Medio,2026-04-17
CLI-00686,Ing. Jaqueline Galván,Desempleado,1297.53,Alto,2024-04-25
CLI-00687,Jonás Lomeli,Jubilado,12750.91,Bajo,2023-07-07
CLI-00688,Concepción Concepción,Estudiante,2933.48,Bajo,2025-05-20
CLI-00689,Ricardo Saavedra,Jubilado,5646.91,Bajo,2024-09-06
CLI-00690,Roberto Rolando Meraz Zambrano,Estudiante,3632.62,Bajo,2025-08-10
CLI-00691,Reynaldo Uriel Santana Lemus,Desempleado,1696.06,Alto,2024-06-12
CLI-00692,Mayte María Cristina Solorzano Casas,Jubilado,10746.57,Bajo,2024-03-17
CLI-00693,Alvaro Teodoro Rascón Preciado,Profesionista Independiente,24700.6,Medio,2024-08-15
CLI-00694,Dra. Asunción Alcala,Jubilado,6479.63,Bajo,2026-01-16
CLI-00695,Emiliano Gómez Limón,Empresario / Comerciante,72177.95,Alto,2025-06-24
CLI-00696,Lucas Carlos Almaraz del Valle,Desempleado,2713.95,Alto,2025-09-03
CLI-00697,Aurora Georgina Alarcón Feliciano,Empresario / Comerciante,155386.82,Alto,2025-06-11
CLI-00698,Isabel Salinas Gálvez,Profesionista Independiente,17043.78,Medio,2023-11-23
CLI-00699,Victoria Ofelia Mercado Granados,Empresario / Comerciante,246889.13,Alto,2024-04-10
CLI-00700,Luis Otero,Estudiante,2046.12,Bajo,2024-09-07
CLI-00701,Leonor Centeno,Profesionista Independiente,57539.58,Medio,2025-11-08
CLI-00702,Omar Aranda Fajardo,Empleado Sector Privado,37217.31,Medio,2025-06-08
CLI-00703,Teresa Aurora Soto Carranza,Profesionista Independiente,29765.51,Medio,2024-04-20
CLI-00704,Ofelia Saldivar Aguilera,Estudiante,4984.31,Bajo,2025-11-08
CLI-00705,Estela Cabán Ureña,Empresario / Comerciante,85138.96,Alto,2023-10-30
CLI-00706,Abel Amador Arreola,Empresario / Comerciante,156516.47,Alto,2024-05-04
CLI-00707,Dra. Elsa Pedraza,Empleado Sector Privado,28508.66,Medio,2025-05-18
CLI-00708,Hugo Timoteo Aguirre,Desempleado,3224.8,Alto,2026-05-31
CLI-00709,Patricio Vélez Leal,Estudiante,4382.43,Bajo,2024-07-12
CLI-00710,Mercedes Sanabria,Desempleado,169.21,Alto,2024-02-07
CLI-00711,Ignacio Hernádez,Estudiante,4758.53,Bajo,2024-05-04
CLI-00712,Martín Puente,Estudiante,7172.66,Bajo,2025-05-14
CLI-00713,Úrsula Cisneros Avilés,Jubilado,10580.7,Bajo,2025-01-14
CLI-00714,Elvira María Luisa Cervantes,Empresario / Comerciante,191899.79,Alto,2024-07-09
CLI-00715,Srita. Pamela Abreu,Empresario / Comerciante,107903.04,Alto,2025-09-05
CLI-00716,Esperanza Colunga Jaramillo,Empresario / Comerciante,54171.31,Alto,2023-09-15
CLI-00717,Jaime Noriega,Profesionista Independiente,22734.29,Medio,2024-06-26
CLI-00718,Isabel Sanches Tafoya,Jubilado,10981.26,Bajo,2024-08-27
CLI-00719,Ing. Genaro Carvajal,Desempleado,3679.08,Alto,2023-09-21
CLI-00720,Sra. Gabriela Zúñiga,Estudiante,4620.27,Bajo,2026-04-18
CLI-00721,Julio César Ulibarri Olivo,Estudiante,3459.9,Bajo,2025-05-06
CLI-00722,Jonás Gilberto Jáquez,Jubilado,10205.85,Bajo,2024-03-13
CLI-00723,Sr. Pablo Bustos,Estudiante,4374.6,Bajo,2024-02-23
CLI-00724,Mercedes Castellanos,Profesionista Independiente,48561.22,Medio,2026-03-23
CLI-00725,Sra. Jaqueline Tello,Empleado Sector Privado,22991.26,Medio,2025-04-30
CLI-00726,Alfonso Hernán Gastélum Maldonado,Empleado Sector Privado,14520.52,Medio,2025-05-26
CLI-00727,Gilberto Samuel Parra Madrigal,Desempleado,456.11,Alto,2024-04-16
CLI-00728,Alta  Gracia Elena Espinoza Arenas,Jubilado,7520.75,Bajo,2025-09-26
CLI-00729,Catalina Adriana Heredia,Profesionista Independiente,30799.49,Medio,2023-11-22
CLI-00730,Felix Gustavo Bermúdez,Desempleado,3260.15,Alto,2025-10-15
CLI-00731,Alta  Gracia Santillán de Anda,Empleado Sector Privado,15392.55,Medio,2024-04-04
CLI-00732,Carmen Guadalupe Camacho,Profesionista Independiente,23877.23,Medio,2023-12-17
CLI-00733,Virginia Benavides Preciado,Jubilado,6987.31,Bajo,2024-08-28
CLI-00734,Andrés Mauro Portillo,Desempleado,301.41,Alto,2023-08-11
CLI-00735,Paola Ilse Chavarría Córdova,Desempleado,1976.47,Alto,2024-12-27
CLI-00736,Teresa Cardona Carbajal,Jubilado,14878.4,Bajo,2026-01-23
CLI-00737,Cristian Daniel Godínez,Empresario / Comerciante,186226.7,Alto,2023-08-26
CLI-00738,Teodoro Camarillo,Jubilado,13358.89,Bajo,2026-02-25
CLI-00739,Bernardo Ybarra,Jubilado,9201.71,Bajo,2025-02-16
CLI-00740,Martha Murillo Sanches,Desempleado,1264.56,Alto,2024-04-28
CLI-00741,Dr. Jesús Valverde,Empresario / Comerciante,63657.25,Alto,2024-04-28
CLI-00742,Marcela Clara Vera,Empresario / Comerciante,176277.02,Alto,2024-09-26
CLI-00743,Oswaldo Alcántar,Profesionista Independiente,41613.89,Medio,2023-10-31
CLI-00744,Linda Itzel Aguirre Posada,Profesionista Independiente,37830.16,Medio,2025-12-25
CLI-00745,Florencia Mascareñas Arreola,Profesionista Independiente,35778.41,Medio,2025-03-10
CLI-00746,Guillermo Aparicio,Estudiante,2341.34,Bajo,2025-07-08
CLI-00747,Rosario Yolanda Niño Jasso,Profesionista Independiente,18452.9,Medio,2024-06-14
CLI-00748,Lic. Abel Batista,Estudiante,5690.05,Bajo,2025-03-08
CLI-00749,Gabino José Emilio Urías,Jubilado,9998.27,Bajo,2024-08-06
CLI-00750,Abigail Vallejo Grijalva,Jubilado,12206.11,Bajo,2025-06-13
CLI-00751,Dr. Abelardo Maestas,Desempleado,3583.51,Alto,2025-12-06
CLI-00752,Ing. Fabiola Zamora,Empresario / Comerciante,231809.99,Alto,2025-12-19
CLI-00753,Alfredo Gonzalo Santana Maya,Jubilado,13473.89,Bajo,2024-11-24
CLI-00754,Concepción Partida,Profesionista Independiente,42225.26,Medio,2025-12-05
CLI-00755,Ing. Sonia Gil,Jubilado,6961.19,Bajo,2025-12-02
CLI-00756,Anel Amalia Arredondo,Estudiante,4703.14,Bajo,2025-05-11
CLI-00757,Aurora Elizondo,Profesionista Independiente,59207.35,Medio,2025-03-03
CLI-00758,Luis Marcos Apodaca,Estudiante,5027.29,Bajo,2024-10-24
CLI-00759,Víctor Pabón Olivas,Empleado Sector Privado,13291.69,Medio,2024-05-26
CLI-00760,Jorge Luis Maldonado,Desempleado,1751.03,Alto,2023-08-07
CLI-00761,Lic. Ofelia Vanegas,Empresario / Comerciante,154813.71,Alto,2026-02-05
CLI-00762,Amalia Briones,Jubilado,7063.7,Bajo,2025-01-12
CLI-00763,Mónica Mercedes Sisneros Flores,Profesionista Independiente,56307.16,Medio,2024-12-29
CLI-00764,Alma Yeni Garica,Empresario / Comerciante,131753.88,Alto,2024-06-13
CLI-00765,Teresa Inés Olvera Oquendo,Profesionista Independiente,45550.4,Medio,2023-10-05
CLI-00766,Marcela Conchita Llamas Cordero,Estudiante,6735.36,Bajo,2025-02-24
CLI-00767,Sra. Fabiola Zamudio,Desempleado,1338.6,Alto,2025-02-09
CLI-00768,Dra. Cecilia Jiménez,Profesionista Independiente,19252.77,Medio,2024-07-02
CLI-00769,Leonor Dulce María Ureña Estévez,Desempleado,1546.26,Alto,2023-08-27
CLI-00770,Srita. Olga Ordóñez,Profesionista Independiente,47568.01,Medio,2025-07-06
CLI-00771,Lic. Abigail Mercado,Desempleado,3857.64,Alto,2025-04-21
CLI-00772,Rosario González Aguirre,Jubilado,16352.64,Bajo,2024-03-18
CLI-00773,Dr. Isaac Maestas,Profesionista Independiente,18667.59,Medio,2025-10-29
CLI-00774,Octavio Gonzalo Bravo,Desempleado,565.71,Alto,2024-11-21
CLI-00775,Pilar Estela Hurtado del Río,Profesionista Independiente,28960.43,Medio,2023-07-21
CLI-00776,Evelio Ureña,Desempleado,2793.92,Alto,2025-10-21
CLI-00777,Yeni Carla Lugo Salcido,Empresario / Comerciante,75790.33,Alto,2025-12-10
CLI-00778,Ing. Cornelio Orosco,Desempleado,3752.01,Alto,2025-02-05
CLI-00779,Vicente José Eduardo Trejo Ordóñez,Profesionista Independiente,40151.49,Medio,2023-08-14
CLI-00780,Dra. Rocío Quintana,Desempleado,3166.65,Alto,2026-04-10
CLI-00781,Oswaldo Lemus Figueroa,Empleado Sector Privado,34113.84,Medio,2024-12-03
CLI-00782,Carlota Araceli Gamez Olmos,Desempleado,3988.66,Alto,2024-03-31
CLI-00783,Anel Garay Uribe,Jubilado,6214.89,Bajo,2023-07-10
CLI-00784,Abigail Feliciano Anaya,Desempleado,1693.63,Alto,2023-08-06
CLI-00785,Amalia Muro Caldera,Profesionista Independiente,15820.37,Medio,2023-11-29
CLI-00786,Paola Citlali Matos,Profesionista Independiente,23111.83,Medio,2023-08-14
CLI-00787,Guadalupe Yeni Collazo Parra,Empleado Sector Privado,23277.17,Medio,2026-04-02
CLI-00788,Hermelinda Georgina Ramos Galindo,Empresario / Comerciante,88401.05,Alto,2023-12-17
CLI-00789,Jorge Luis José Manuél Orosco Rodarte,Empleado Sector Privado,17113.19,Medio,2025-05-19
CLI-00790,Dr. Diego Cisneros,Profesionista Independiente,52999.28,Medio,2024-10-18
CLI-00791,Débora Cantú Carranza,Estudiante,5046.14,Bajo,2025-07-27
CLI-00792,Ing. Hernán Fuentes,Jubilado,15856.56,Bajo,2025-05-19
CLI-00793,Srita. Abigail Ulibarri,Jubilado,5490.72,Bajo,2025-10-27
CLI-00794,Dr. Marco Antonio Acosta,Profesionista Independiente,54437.67,Medio,2024-07-19
CLI-00795,Ramiro Ignacio Quintana,Jubilado,6703.64,Bajo,2026-03-14
CLI-00796,María Luisa Amelia Zambrano,Empresario / Comerciante,80850.55,Alto,2023-10-05
CLI-00797,Gabriela Alcántar,Empleado Sector Privado,39434.39,Medio,2023-08-27
CLI-00798,Georgina Lovato Gamboa,Jubilado,15517.57,Bajo,2023-11-05
CLI-00799,Juana Hernández Paz,Empleado Sector Privado,35799.04,Medio,2025-02-09
CLI-00800,Natalia Hilda Rael Maldonado,Estudiante,4465.15,Bajo,2023-12-23
CLI-00801,Rosalia Valle Patiño,Desempleado,2878.34,Alto,2025-04-17
CLI-00802,Martha Terrazas Lovato,Empresario / Comerciante,172119.08,Alto,2023-06-20
CLI-00803,Benito Guillermo Olivárez Carrillo,Desempleado,3135.2,Alto,2023-11-15
CLI-00804,Juana Coronado,Empleado Sector Privado,29622.37,Medio,2024-02-25
CLI-00805,Juan Carlos Solorzano,Profesionista Independiente,58451.85,Medio,2025-10-29
CLI-00806,Oswaldo Homero Ceballos,Empresario / Comerciante,230794.87,Alto,2025-11-27
CLI-00807,Maximiliano Mejía,Empleado Sector Privado,24138.75,Medio,2023-10-28
CLI-00808,Ing. Amanda Rosales,Jubilado,17797.72,Bajo,2026-06-07
CLI-00809,Jorge Iván Collado Aparicio,Empresario / Comerciante,203887.71,Alto,2026-02-05
CLI-00810,Ing. Asunción Delgadillo,Empresario / Comerciante,150581.34,Alto,2025-07-25
CLI-00811,Rodrigo Cornejo,Empresario / Comerciante,243253.63,Alto,2025-08-29
CLI-00812,Adalberto Benito Valles,Empleado Sector Privado,38441.55,Medio,2023-06-15
CLI-00813,Alonso Gerónimo Cantú Cadena,Empleado Sector Privado,40809.06,Medio,2024-04-07
CLI-00814,Anel Carrera Sauceda,Estudiante,5847.07,Bajo,2024-07-24
CLI-00815,Lic. Jonás Montes,Profesionista Independiente,39954.33,Medio,2025-07-02
CLI-00816,Emiliano Renato Guardado Galarza,Estudiante,6268.41,Bajo,2023-08-03
CLI-00817,Dr. Enrique Magaña,Jubilado,16065.16,Bajo,2024-09-26
CLI-00818,Enrique Javier Tamayo,Profesionista Independiente,18774.38,Medio,2025-10-24
CLI-00819,Dra. Guillermina Rael,Empleado Sector Privado,21002.11,Medio,2025-11-22
CLI-00820,Ing. Óscar Valenzuela,Jubilado,6915.53,Bajo,2024-12-27
CLI-00821,Bernabé Pantoja Sisneros,Empresario / Comerciante,68342.71,Alto,2025-08-20
CLI-00822,Mateo Vanegas,Empleado Sector Privado,38951.21,Medio,2025-06-26
CLI-00823,Salma Barbara Salas Aguirre,Profesionista Independiente,56871.24,Medio,2023-09-21
CLI-00824,Ing. Judith Velásquez,Empresario / Comerciante,60651.38,Alto,2025-06-25
CLI-00825,Cristobal Adalberto Alcántar Maya,Jubilado,9861.5,Bajo,2026-04-21
CLI-00826,Marco Antonio Jorge Mesa,Empresario / Comerciante,248905.07,Alto,2025-06-24
CLI-00827,Ramón Hugo Montañez,Profesionista Independiente,25104.24,Medio,2025-06-26
CLI-00828,Srita. Catalina Abrego,Profesionista Independiente,56887.17,Medio,2025-01-16
CLI-00829,Ing. Pascual Alcaraz,Desempleado,2599.84,Alto,2025-12-09
CLI-00830,Hermelinda Débora Medrano Cano,Empleado Sector Privado,16540.79,Medio,2024-08-06
CLI-00831,Eloy Manzanares,Profesionista Independiente,56282.83,Medio,2025-09-13
CLI-00832,Germán Casas Viera,Empresario / Comerciante,189214.4,Alto,2024-04-02
CLI-00833,Gustavo Cornejo de León,Empleado Sector Privado,37041.76,Medio,2024-08-21
CLI-00834,Adela Clara Muro Paz,Empresario / Comerciante,139720.29,Alto,2025-02-02
CLI-00835,Enrique Raúl Rosas,Estudiante,7435.14,Bajo,2024-10-07
CLI-00836,Adriana Liliana Rentería Madrigal,Estudiante,3535.54,Bajo,2024-06-09
CLI-00837,Rodrigo Jasso Sepúlveda,Empleado Sector Privado,30110.54,Medio,2023-09-23
CLI-00838,Guillermina Esparza,Desempleado,2435.52,Alto,2024-08-01
CLI-00839,Pascual Alonso Hernandes,Empresario / Comerciante,72237.37,Alto,2025-05-22
CLI-00840,Lic. Aldonza Ávila,Profesionista Independiente,25693.81,Medio,2026-05-03
CLI-00841,Augusto Nicolás Palomino Gaona,Estudiante,2286.5,Bajo,2024-06-30
CLI-00842,Héctor Leonardo Cepeda,Empresario / Comerciante,177790.35,Alto,2023-12-30
CLI-00843,Gilberto Alfonso Pulido,Jubilado,10942.48,Bajo,2025-02-26
CLI-00844,Sr. Abraham Sáenz,Estudiante,7020.13,Bajo,2026-05-04
CLI-00845,Ing. Carlos Alvarado,Empresario / Comerciante,169347.81,Alto,2025-05-05
CLI-00846,Rubén José Emilio Ballesteros Ulibarri,Estudiante,5791.73,Bajo,2025-06-29
CLI-00847,Srita. Asunción Alcántar,Jubilado,8145.2,Bajo,2024-10-09
CLI-00848,Camilo Mateo,Empleado Sector Privado,21611.98,Medio,2023-12-30
CLI-00849,Estela Maya,Estudiante,5688.86,Bajo,2023-06-21
CLI-00850,Lic. Ángela Bustos,Empleado Sector Privado,30831.9,Medio,2025-12-14
CLI-00851,Rodrigo Isaac Valencia,Empleado Sector Privado,33924.25,Medio,2025-09-09
CLI-00852,Ana María Cynthia Zavala,Estudiante,5140.91,Bajo,2024-10-04
CLI-00853,Humberto Jorge Luis Zedillo,Profesionista Independiente,18045.57,Medio,2025-05-24
CLI-00854,Jacinto Verdugo Villagómez,Jubilado,12073.07,Bajo,2026-03-27
CLI-00855,Karla Serna Mascareñas,Jubilado,12203.98,Bajo,2024-05-26
CLI-00856,Alejandra Perla Saldivar Gutiérrez,Empresario / Comerciante,224666.29,Alto,2024-12-29
CLI-00857,Elisa Camila Nieves,Estudiante,5814.02,Bajo,2023-09-02
CLI-00858,Frida Gaitán,Profesionista Independiente,26414.26,Medio,2024-12-09
CLI-00859,Lic. Eduardo Almaraz,Estudiante,4142.56,Bajo,2023-06-29
CLI-00860,María José Cristal Garibay,Estudiante,4068.81,Bajo,2025-02-08
CLI-00861,Elsa Guillen Contreras,Desempleado,2628.42,Alto,2023-10-12
CLI-00862,Sra. Linda Reyes,Estudiante,6629.01,Bajo,2023-12-09
CLI-00863,Ing. Antonio Mondragón,Desempleado,3026.72,Alto,2025-11-24
CLI-00864,Benjamín Reynaldo Montañez,Empleado Sector Privado,13463.08,Medio,2025-10-29
CLI-00865,Alberto Marcos Gómez,Jubilado,9401.11,Bajo,2026-05-23
CLI-00866,Lorenzo Medrano Toledo,Desempleado,700.36,Alto,2024-10-01
CLI-00867,Gregorio Cervantes Roybal,Desempleado,1858.49,Alto,2025-06-25
CLI-00868,Ing. Patricio Valverde,Desempleado,1914.12,Alto,2023-07-20
CLI-00869,Débora Adela Alarcón Lemus,Empleado Sector Privado,38779.42,Medio,2025-06-10
CLI-00870,Gabriela María Teresa Vanegas Arias,Estudiante,6296.27,Bajo,2025-09-28
CLI-00871,Flavio Concepción,Empresario / Comerciante,57396.76,Alto,2025-04-13
CLI-00872,Augusto Tejeda,Empleado Sector Privado,13445.61,Medio,2024-08-17
CLI-00873,Felix Esparza Coronado,Empleado Sector Privado,41231.08,Medio,2025-07-03
CLI-00874,Dr. Luis Miguel Zamudio,Profesionista Independiente,57001.69,Medio,2024-11-12
CLI-00875,Aida Cristal Montalvo Valencia,Jubilado,10176.91,Bajo,2024-04-22
CLI-00876,Miguel Ángel Montes,Jubilado,11154.2,Bajo,2026-01-11
CLI-00877,Rodrigo Valadez,Estudiante,6519.75,Bajo,2024-04-09
CLI-00878,Lucas Gilberto Meléndez,Empleado Sector Privado,21441.66,Medio,2025-06-20
CLI-00879,Socorro Gracia Montalvo,Estudiante,7194.79,Bajo,2024-05-27
CLI-00880,Alejandro Lovato Correa,Profesionista Independiente,27294.75,Medio,2024-11-25
CLI-00881,Óscar Genaro Parra,Profesionista Independiente,34662.81,Medio,2023-07-31
CLI-00882,María Luisa Mondragón Soliz,Empresario / Comerciante,198661.54,Alto,2023-07-06
CLI-00883,Humberto Porfirio Botello Garrido,Empresario / Comerciante,117807.33,Alto,2024-12-07
CLI-00884,José Jaime Padrón,Empleado Sector Privado,28374.71,Medio,2023-08-10
CLI-00885,Jaqueline Alta  Gracia Burgos,Empresario / Comerciante,123469.39,Alto,2025-10-14
CLI-00886,Nancy Regalado Treviño,Jubilado,8467.37,Bajo,2024-09-27
CLI-00887,Guadalupe Berta Esquivel Espinal,Estudiante,6362.49,Bajo,2023-09-30
CLI-00888,Alejandro Delgadillo,Estudiante,4583.64,Bajo,2024-07-27
CLI-00889,Mario Prado Maldonado,Empleado Sector Privado,30000.66,Medio,2026-06-05
CLI-00890,Lic. Ana Esparza,Profesionista Independiente,19616.91,Medio,2025-04-30
CLI-00891,Sra. Perla Olivares,Profesionista Independiente,44741.36,Medio,2023-06-13
CLI-00892,Srita. Celia Grijalva,Profesionista Independiente,35066.21,Medio,2024-05-04
CLI-00893,Esmeralda Ceja,Desempleado,1704.46,Alto,2025-08-18
CLI-00894,Sr. Gabriel Negrón,Desempleado,1775.63,Alto,2025-04-17
CLI-00895,Sra. Esther Matías,Empresario / Comerciante,58471.03,Alto,2024-11-28
CLI-00896,Armando Delgado,Profesionista Independiente,42668.32,Medio,2025-11-30
CLI-00897,Gabino Menéndez,Empresario / Comerciante,104911.07,Alto,2024-05-16
CLI-00898,Eugenio Alfredo Rojas Limón,Estudiante,2450.25,Bajo,2026-02-16
CLI-00899,Tomás Cristian Soria,Desempleado,1624.84,Alto,2024-06-25
CLI-00900,Sergio Tijerina,Jubilado,15414.25,Bajo,2024-11-05
CLI-00901,Antonio Felipe Orosco Zavala,Desempleado,639.95,Alto,2025-11-09
CLI-00902,Srita. Elsa Mondragón,Estudiante,2856.68,Bajo,2025-10-07
CLI-00903,Marcela Tórrez Robles,Jubilado,13815.16,Bajo,2025-06-15
CLI-00904,Horacio Mauricio Ordóñez Montalvo,Empresario / Comerciante,56959.79,Alto,2025-04-29
CLI-00905,Diego Fernando Velasco,Estudiante,3415.97,Bajo,2025-10-17
CLI-00906,Jorge Luis Diego Gallegos,Desempleado,1465.31,Alto,2023-07-13
CLI-00907,Amelia Diana Cazares,Empresario / Comerciante,239893.42,Alto,2026-06-06
CLI-00908,Ing. Victoria del Valle,Estudiante,5630.57,Bajo,2026-03-04
CLI-00909,Germán Zelaya Roldán,Desempleado,1799.69,Alto,2024-03-25
CLI-00910,Pascual Montoya,Profesionista Independiente,31740.6,Medio,2024-02-16
CLI-00911,Eloisa Magaña,Estudiante,5443.53,Bajo,2025-01-09
CLI-00912,Violeta Valverde Coronado,Jubilado,9770.35,Bajo,2023-06-17
CLI-00913,Vicente Zarate,Profesionista Independiente,44230.23,Medio,2023-12-08
CLI-00914,Clara Lucero,Empleado Sector Privado,43697.16,Medio,2023-09-17
CLI-00915,Sofía Marisol Camacho,Estudiante,6414.05,Bajo,2025-03-04
CLI-00916,Martín Rolando Lebrón,Empresario / Comerciante,153549.05,Alto,2023-10-09
CLI-00917,Lic. Eduardo Villa,Jubilado,6530.89,Bajo,2026-03-21
CLI-00918,Ing. Marisol Alarcón,Profesionista Independiente,46681.7,Medio,2026-03-14
CLI-00919,Verónica Casárez,Empleado Sector Privado,44880.05,Medio,2023-11-08
CLI-00920,Ruby Dulce María Raya,Profesionista Independiente,46229.13,Medio,2024-03-28
CLI-00921,Rubén Alfonso Vigil Portillo,Empresario / Comerciante,90035.67,Alto,2025-01-20
CLI-00922,Marisol Angélica Burgos,Empleado Sector Privado,40143.27,Medio,2024-10-21
CLI-00923,Conchita Dolores Cisneros,Empresario / Comerciante,84531.27,Alto,2025-07-10
CLI-00924,Lic. Benjamín Osorio,Desempleado,1780.44,Alto,2024-12-24
CLI-00925,Leonardo Dávila,Estudiante,6863.08,Bajo,2025-03-24
CLI-00926,María del Carmen Ivonne Pichardo,Profesionista Independiente,45052.79,Medio,2023-08-22
CLI-00927,Vanesa Alejandra Dueñas Riojas,Desempleado,259.76,Alto,2026-03-26
CLI-00928,María Eugenia Eugenia Soria Carrillo,Jubilado,8774.71,Bajo,2024-05-14
CLI-00929,Amelia María Elena Bernal,Profesionista Independiente,53311.29,Medio,2026-05-17
CLI-00930,Aurora Ledesma Reséndez,Desempleado,2838.26,Alto,2025-04-11
CLI-00931,Cynthia Valencia Brito,Desempleado,2550.8,Alto,2026-01-16
CLI-00932,Lic. Pascual Montenegro,Profesionista Independiente,37894.01,Medio,2025-08-17
CLI-00933,Dra. Rebeca Aparicio,Estudiante,7910.8,Bajo,2025-02-13
CLI-00934,Lic. Jorge Esquibel,Empleado Sector Privado,19812.29,Medio,2023-06-14
CLI-00935,María Luisa Linda Casas Urbina,Empresario / Comerciante,55256.81,Alto,2024-05-29
CLI-00936,María Teresa Zarate Valentín,Jubilado,12439.61,Bajo,2023-10-03
CLI-00937,Srita. Citlali Santana,Empresario / Comerciante,210732.35,Alto,2026-03-13
CLI-00938,Aurora Violeta Escamilla,Jubilado,6687.03,Bajo,2025-02-19
CLI-00939,Srita. Gabriela Orta,Estudiante,2394.49,Bajo,2026-04-05
CLI-00940,Ing. Eugenio Leiva,Empresario / Comerciante,249919.01,Alto,2025-09-14
CLI-00941,Lic. José Luis Samaniego,Desempleado,1914.66,Alto,2023-09-19
CLI-00942,Sra. Lilia Portillo,Empresario / Comerciante,203832.91,Alto,2025-01-03
CLI-00943,Hugo Ceballos,Jubilado,5958.76,Bajo,2023-12-29
CLI-00944,Flavio Serrano,Profesionista Independiente,43905.24,Medio,2026-05-27
CLI-00945,Aurelio Emiliano Varela Henríquez,Empresario / Comerciante,143166.64,Alto,2025-08-26
CLI-00946,Esparta Natalia Almaraz Valadez,Jubilado,9478.69,Bajo,2023-08-28
CLI-00947,María José Sepúlveda,Jubilado,13317.32,Bajo,2023-07-29
CLI-00948,Mónica Anel Carrasco Granado,Empleado Sector Privado,37336.79,Medio,2023-07-23
CLI-00949,Lic. José María Rodríquez,Empleado Sector Privado,26276.4,Medio,2024-10-20
CLI-00950,Isabel Nelly Villareal,Estudiante,6988.34,Bajo,2025-03-27
CLI-00951,Claudia Daniela Lucero,Jubilado,6989.2,Bajo,2024-04-21
CLI-00952,Dra. María del Carmen Guerrero,Empleado Sector Privado,17344.91,Medio,2023-09-28
CLI-00953,Antonia Anel Arellano,Desempleado,901.88,Alto,2026-02-13
CLI-00954,Emiliano Jacinto Arce,Jubilado,16634.04,Bajo,2026-01-14
CLI-00955,Trinidad Ana Apodaca Zúñiga,Estudiante,3503.63,Bajo,2024-07-31
CLI-00956,Ana Ana Arevalo,Desempleado,3825.41,Alto,2024-03-01
CLI-00957,Rafaél Víctor Téllez Irizarry,Profesionista Independiente,20632.66,Medio,2023-07-20
CLI-00958,Lic. Diana Bahena,Profesionista Independiente,42649.27,Medio,2025-07-08
CLI-00959,Silvano Fidel Solís Muñoz,Estudiante,5015.44,Bajo,2023-10-11
CLI-00960,Zeferino Trejo,Empleado Sector Privado,31529.68,Medio,2023-10-10
CLI-00961,José Emilio Valles,Jubilado,7004.53,Bajo,2024-01-02
CLI-00962,Ing. Cornelio Madrigal,Desempleado,2497.92,Alto,2025-08-08
CLI-00963,Miriam Guadalupe Báez Nieto,Jubilado,9389.05,Bajo,2026-04-10
CLI-00964,Jerónimo Agustín Hinojosa Alonso,Jubilado,5535.53,Bajo,2023-09-14
CLI-00965,María Teresa Araceli Vargas,Estudiante,2487.34,Bajo,2025-01-21
CLI-00966,Lic. Eugenio Malave,Desempleado,3084.09,Alto,2024-05-24
CLI-00967,Javier Saiz Ibarra,Profesionista Independiente,44300.85,Medio,2026-05-22
CLI-00968,Horacio Reséndez Figueroa,Jubilado,10415.63,Bajo,2026-03-08
CLI-00969,Ana María Serrano Soto,Desempleado,121.14,Alto,2024-03-22
CLI-00970,María Eugenia Villalobos Alcántar,Desempleado,2182.31,Alto,2025-10-27
CLI-00971,Silvano Fidel Medrano Santiago,Desempleado,3826.6,Alto,2024-02-06
CLI-00972,Marco Antonio Isaac Jurado Partida,Empresario / Comerciante,98975.58,Alto,2026-05-22
CLI-00973,Patricio Jáquez,Desempleado,1624.37,Alto,2026-01-09
CLI-00974,Felipe Gustavo Caraballo,Empresario / Comerciante,64594.61,Alto,2023-08-08
CLI-00975,Benito Héctor Bahena,Estudiante,2948.48,Bajo,2024-11-09
CLI-00976,Eugenio Linares Gutiérrez,Empresario / Comerciante,146850.23,Alto,2025-06-19
CLI-00977,Hernán Carreón Romo,Empleado Sector Privado,23226.35,Medio,2024-03-31
CLI-00978,Srita. Estefanía Ozuna,Empleado Sector Privado,22315.22,Medio,2024-04-26
CLI-00979,Federico Pedraza,Desempleado,1277.27,Alto,2024-08-02
CLI-00980,Agustín Trujillo Campos,Profesionista Independiente,58891.84,Medio,2024-02-12
CLI-00981,Dr. José Luis Camacho,Empleado Sector Privado,37101.94,Medio,2026-04-06
CLI-00982,Aida Anabel Nazario,Jubilado,12301.47,Bajo,2026-06-01
CLI-00983,Miguel José Eduardo Berríos Camarillo,Profesionista Independiente,25878.2,Medio,2024-11-21
CLI-00984,Alma Vera,Estudiante,3604.83,Bajo,2024-08-03
CLI-00985,Estela Paola Regalado,Empleado Sector Privado,16648.96,Medio,2024-09-17
CLI-00986,Ing. Gabriel Cruz,Estudiante,3741.27,Bajo,2025-11-29
CLI-00987,Elena Minerva Ayala Arevalo,Empresario / Comerciante,222832.77,Alto,2024-06-18
CLI-00988,Raúl Valle,Empresario / Comerciante,99654.06,Alto,2023-06-28
CLI-00989,Reynaldo Maximiliano del Valle de la Fuente,Empleado Sector Privado,38844.77,Medio,2026-03-07
CLI-00990,Noemí Sofía Saldivar Meraz,Jubilado,14374.67,Bajo,2024-07-16
CLI-00991,Lucas Cisneros,Empleado Sector Privado,37183.01,Medio,2023-06-21
CLI-00992,Dra. Leticia Leyva,Empresario / Comerciante,249193.88,Alto,2024-09-27
CLI-00993,Elvia Espinal Iglesias,Empresario / Comerciante,149751.94,Alto,2025-02-20
CLI-00994,Lilia Curiel Noriega,Profesionista Independiente,37381.66,Medio,2025-10-12
CLI-00995,Lic. Elisa Benítez,Estudiante,7671.4,Bajo,2025-01-12
CLI-00996,Alfredo Darío Aguilera Valdés,Jubilado,10944.0,Bajo,2025-02-06
CLI-00997,Lic. Nelly Carvajal,Empleado Sector Privado,19099.77,Medio,2024-11-29
CLI-00998,Dra. Dulce María Linares,Profesionista Independiente,17189.62,Medio,2025-08-16
CLI-00999,Cristobal Perea Acevedo,Profesionista Independiente,37270.24,Medio,2026-03-08
CLI-01000,Esther Vásquez Olivera,Desempleado,2690.08,Alto,2023-08-05
CLI-01001,Octavio Luna,Profesionista Independiente,39151.08,Medio,2025-04-28
CLI-01002,Teresa Antonia Ramírez,Estudiante,4585.57,Bajo,2023-11-20
CLI-01003,Juana Leticia Brito Guzmán,Profesionista Independiente,47737.86,Medio,2024-05-23
CLI-01004,Lorena Sandra Murillo Villegas,Empresario / Comerciante,123187.47,Alto,2024-09-24
CLI-01005,Frida Elsa Aguilar Benavídez,Empresario / Comerciante,60231.54,Alto,2023-09-29
CLI-01006,Dr. Tomás Solano,Jubilado,7530.52,Bajo,2025-08-03
CLI-01007,Adela Blanca Torres,Jubilado,8751.82,Bajo,2026-05-02
CLI-01008,Alfonso Saldaña,Empresario / Comerciante,150851.11,Alto,2024-04-18
CLI-01009,Margarita Anabel Olvera Arroyo,Jubilado,8636.37,Bajo,2026-01-15
CLI-01010,Abraham Laboy,Jubilado,13845.18,Bajo,2023-07-25
CLI-01011,Iván Amador Muñoz,Estudiante,2771.98,Bajo,2026-03-06
CLI-01012,Dr. Tomás Laboy,Estudiante,4363.42,Bajo,2023-06-16
CLI-01013,Cristal Negrón Vázquez,Profesionista Independiente,40102.43,Medio,2024-06-10
CLI-01014,Amalia Juana Alva,Profesionista Independiente,48973.43,Medio,2024-08-18
CLI-01015,Sr. Timoteo Baeza,Empleado Sector Privado,31881.28,Medio,2023-10-28
CLI-01016,Dr. Isaac Avilés,Empresario / Comerciante,150015.58,Alto,2024-03-10
CLI-01017,Noemí Linares,Estudiante,2233.48,Bajo,2025-08-31
CLI-01018,Patricio Mario Curiel,Desempleado,1332.16,Alto,2025-04-04
CLI-01019,Srita. Eloisa Caballero,Empresario / Comerciante,153866.54,Alto,2025-12-01
CLI-01020,Serafín Ferrer Saldivar,Empleado Sector Privado,32006.6,Medio,2024-11-28
CLI-01021,Vanesa Eva Montenegro,Jubilado,6817.15,Bajo,2023-12-11
CLI-01022,Lic. Timoteo Santacruz,Jubilado,9140.89,Bajo,2026-05-17
CLI-01023,Jacinto Mariano Mesa Bonilla,Empresario / Comerciante,248123.15,Alto,2024-12-23
CLI-01024,Aldo Abraham Henríquez Romo,Desempleado,3370.41,Alto,2026-02-03
CLI-01025,Rufino Pascual Barela Baca,Jubilado,9372.85,Bajo,2025-04-24
CLI-01026,Citlali Alma Zamudio Urbina,Jubilado,11920.42,Bajo,2026-06-08
CLI-01027,Cornelio Dávila,Desempleado,2251.7,Alto,2024-05-27
CLI-01028,Natividad Nieto,Empresario / Comerciante,213149.77,Alto,2023-09-06
CLI-01029,Darío Toro Aparicio,Profesionista Independiente,29905.78,Medio,2025-06-25
CLI-01030,Dr. Benito Rincón,Estudiante,7879.39,Bajo,2026-05-16
CLI-01031,Pamela Elisa Godoy Zarate,Jubilado,8999.81,Bajo,2025-08-06
CLI-01032,Marisol Solorzano Quintanilla,Desempleado,3488.4,Alto,2023-07-09
CLI-01033,Nayeli Victoria Galarza,Desempleado,106.59,Alto,2026-02-25
CLI-01034,Alvaro Renato Sanches Juárez,Empresario / Comerciante,103106.09,Alto,2023-10-28
CLI-01035,Cecilia Olivia Cazares Zamora,Desempleado,3131.62,Alto,2025-04-01
CLI-01036,Ana Camacho Arroyo,Jubilado,12509.25,Bajo,2024-05-24
CLI-01037,Nayeli Orosco,Desempleado,205.42,Alto,2024-08-31
CLI-01038,Julia Mitzy Cavazos,Empresario / Comerciante,84102.41,Alto,2023-06-22
CLI-01039,Enrique Nicolás Rico Mejía,Desempleado,2884.73,Alto,2026-04-25
CLI-01040,Perla María Eugenia Guevara,Empresario / Comerciante,79555.14,Alto,2024-10-09
CLI-01041,Joaquín Badillo Cervántez,Desempleado,968.79,Alto,2024-06-05
CLI-01042,Gregorio Bétancourt Sáenz,Jubilado,17326.67,Bajo,2024-04-02
CLI-01043,Lic. Alfredo Moreno,Estudiante,3144.71,Bajo,2025-08-31
CLI-01044,Dra. Ariadna Badillo,Empresario / Comerciante,112738.5,Alto,2024-01-02
CLI-01045,Srita. Elsa Rodríguez,Empleado Sector Privado,25627.68,Medio,2024-03-31
CLI-01046,Citlali Irene Rivero,Empleado Sector Privado,25542.45,Medio,2023-09-29
CLI-01047,Lilia Zarate,Jubilado,16966.77,Bajo,2024-02-01
CLI-01048,Dra. Mayte Valenzuela,Desempleado,2909.61,Alto,2024-04-26
CLI-01049,José Eduardo Arce,Desempleado,552.33,Alto,2025-08-24
CLI-01050,Marisol Vaca,Empleado Sector Privado,30509.26,Medio,2023-11-28
CLI-01051,Espartaco Juan Carlos Oquendo,Desempleado,1913.48,Alto,2023-11-17
CLI-01052,Ruby Alba,Empresario / Comerciante,112750.52,Alto,2025-03-21
CLI-01053,Jaime Mauro Gamboa Oquendo,Empleado Sector Privado,27168.9,Medio,2024-01-25
CLI-01054,Cristobal Gastélum,Jubilado,9450.25,Bajo,2023-08-17
CLI-01055,Marisol Elena Toro Beltrán,Profesionista Independiente,45414.09,Medio,2024-09-19
CLI-01056,Sandra Serrato,Desempleado,2722.98,Alto,2024-05-06
CLI-01057,Andrea Campos,Desempleado,1057.45,Alto,2024-10-28
CLI-01058,José Manuél Arturo Barragán Alonso,Empresario / Comerciante,88452.83,Alto,2024-05-07
CLI-01059,Iván David Sandoval Cortés,Empleado Sector Privado,21207.21,Medio,2026-04-11
CLI-01060,Aldo Montes,Profesionista Independiente,25119.02,Medio,2023-10-28
CLI-01061,Sr. Iván Chavarría,Profesionista Independiente,49702.84,Medio,2024-02-26
CLI-01062,Omar Bétancourt,Desempleado,829.11,Alto,2024-03-02
CLI-01063,Ana María Gloria Magaña Salgado,Desempleado,1956.01,Alto,2026-03-24
CLI-01064,Reynaldo Orozco,Empresario / Comerciante,119760.63,Alto,2023-11-04
CLI-01065,Dr. Omar Quintero,Desempleado,1093.83,Alto,2026-01-15
CLI-01066,Jorge Luis Cano Jaimes,Estudiante,5440.86,Bajo,2024-05-23
CLI-01067,Gabriel Barragán,Jubilado,9936.02,Bajo,2025-12-19
CLI-01068,Rocío Angulo,Empresario / Comerciante,213675.49,Alto,2025-03-06
CLI-01069,Jonás Flores,Empleado Sector Privado,21584.94,Medio,2024-09-10
CLI-01070,Mauricio Rosales,Profesionista Independiente,57989.12,Medio,2025-08-12
CLI-01071,Armando Vera,Estudiante,4078.18,Bajo,2023-07-18
CLI-01072,Nadia Esquivel Ceja,Empresario / Comerciante,181194.41,Alto,2025-10-04
CLI-01073,Julia Villanueva,Desempleado,1916.32,Alto,2024-07-17
CLI-01074,Jorge Villalpando,Empleado Sector Privado,39322.41,Medio,2024-09-07
CLI-01075,Ricardo Santillán,Profesionista Independiente,56986.08,Medio,2024-04-18
CLI-01076,Ing. Paola Regalado,Desempleado,1086.49,Alto,2026-01-26
CLI-01077,Hermelinda Julia Fernández Villaseñor,Estudiante,5694.06,Bajo,2025-05-04
CLI-01078,Mitzy Alcala Elizondo,Jubilado,8110.67,Bajo,2023-12-16
CLI-01079,Reynaldo Arellano,Estudiante,6019.0,Bajo,2024-08-08
CLI-01080,Guillermo Rodolfo Díaz,Jubilado,7933.73,Bajo,2024-08-12
CLI-01081,María Teresa Frías,Empleado Sector Privado,13732.21,Medio,2025-09-04
CLI-01082,Sra. Francisca Sánchez,Empresario / Comerciante,116058.72,Alto,2024-12-08
CLI-01083,Rosario Ulibarri Melgar,Empresario / Comerciante,70108.98,Alto,2025-11-21
CLI-01084,Virginia Fernández Bueno,Empleado Sector Privado,12170.99,Medio,2025-04-25
CLI-01085,Manuel Ceballos Montañez,Jubilado,17712.84,Bajo,2023-06-28
CLI-01086,Julio Crespo,Empleado Sector Privado,25427.95,Medio,2024-03-12
CLI-01087,José Carlos Gabino Quesada Gallegos,Empresario / Comerciante,145489.7,Alto,2023-08-16
CLI-01088,Sandra Escalante Padrón,Empleado Sector Privado,36945.06,Medio,2025-08-08
CLI-01089,Elvira Mariana Leyva Olmos,Profesionista Independiente,29452.55,Medio,2023-11-20
CLI-01090,Dr. Eduardo Iglesias,Desempleado,236.65,Alto,2025-08-04
CLI-01091,Inés Solís Elizondo,Estudiante,5913.79,Bajo,2025-03-20
CLI-01092,Pablo Rodrigo Ornelas,Empleado Sector Privado,29660.03,Medio,2025-11-20
CLI-01093,Marisela Yolanda Rentería Balderas,Desempleado,3401.33,Alto,2023-08-28
CLI-01094,Iván Lozada Ramón,Estudiante,7479.38,Bajo,2023-06-22
CLI-01095,Sr. Francisco Terán,Empleado Sector Privado,25790.2,Medio,2025-02-26
CLI-01096,Magdalena Nájera,Empleado Sector Privado,42819.45,Medio,2023-12-12
CLI-01097,Eric Lorenzo Serrato Contreras,Estudiante,7983.03,Bajo,2025-03-10
CLI-01098,Ernesto Navarro,Empresario / Comerciante,207592.13,Alto,2024-09-03
CLI-01099,Emilio Camilo del Río Espinal,Empleado Sector Privado,42908.09,Medio,2026-02-15
CLI-01100,Ruby Susana Quiñónez,Profesionista Independiente,54453.44,Medio,2023-12-31
CLI-01101,Socorro Corona,Estudiante,3790.35,Bajo,2024-01-11
CLI-01102,Lourdes Alicia Garay,Jubilado,6394.91,Bajo,2024-06-17
CLI-01103,Felix Olivera,Profesionista Independiente,27805.27,Medio,2025-02-16
CLI-01104,Itzel Cecilia Ybarra Mireles,Desempleado,2173.2,Alto,2025-04-03
CLI-01105,José Carlos de la O,Empresario / Comerciante,227851.99,Alto,2025-08-30
CLI-01106,Lic. Leonardo Saiz,Empleado Sector Privado,40084.97,Medio,2026-04-09
CLI-01107,Manuel Jasso Dávila,Empresario / Comerciante,104567.42,Alto,2024-02-24
CLI-01108,Jacinto Leal Barragán,Estudiante,3984.1,Bajo,2025-12-26
CLI-01109,Luis Bermúdez Chacón,Desempleado,1835.66,Alto,2025-12-28
CLI-01110,Srita. Abril Heredia,Profesionista Independiente,47336.92,Medio,2024-12-11
CLI-01111,Noemí Ríos Peralta,Estudiante,6419.71,Bajo,2024-11-22
CLI-01112,Carmen Elsa Villanueva Jaimes,Profesionista Independiente,40550.16,Medio,2025-05-20
CLI-01113,Raúl Rafaél Salas,Empleado Sector Privado,17791.33,Medio,2023-12-11
CLI-01114,Frida Ivonne Mojica,Desempleado,3588.17,Alto,2025-10-15
CLI-01115,Indira Esmeralda Muñiz Ávalos,Empresario / Comerciante,153056.13,Alto,2024-09-21
CLI-01116,Luis Miguel Augusto Tovar,Estudiante,4405.0,Bajo,2026-02-21
CLI-01117,Uriel Timoteo Benítez Garica,Estudiante,3108.69,Bajo,2025-12-17
CLI-01118,Rosa Barragán Lira,Empleado Sector Privado,27755.99,Medio,2024-06-12
CLI-01119,Oswaldo Fonseca Yáñez,Empleado Sector Privado,12225.39,Medio,2024-05-05
CLI-01120,Ignacio Rivero,Empresario / Comerciante,97104.25,Alto,2025-08-21
CLI-01121,Luz Escobar Ruiz,Profesionista Independiente,57931.57,Medio,2026-06-01
CLI-01122,Hilda Mesa Sepúlveda,Profesionista Independiente,41210.73,Medio,2023-09-21
CLI-01123,Lic. Oswaldo Cruz,Jubilado,5148.66,Bajo,2026-04-15
CLI-01124,Lic. Iván Luevano,Desempleado,1438.21,Alto,2026-02-22
CLI-01125,Ing. Olga Delgadillo,Empleado Sector Privado,14050.1,Medio,2024-02-17
CLI-01126,Dra. Mitzy Meraz,Estudiante,4792.37,Bajo,2025-01-29
CLI-01127,Zeferino Orosco,Empleado Sector Privado,25378.75,Medio,2024-02-15
CLI-01128,Srita. María Luisa Esquibel,Jubilado,17000.38,Bajo,2025-12-13
CLI-01129,Ing. Agustín Granados,Desempleado,3079.36,Alto,2023-12-04
CLI-01130,Paola Arias Robledo,Desempleado,469.66,Alto,2024-09-21
CLI-01131,Magdalena Prieto Aponte,Profesionista Independiente,31539.48,Medio,2024-06-16
CLI-01132,Ing. Reina Gallardo,Empleado Sector Privado,19231.24,Medio,2025-06-25
CLI-01133,Trinidad Alejandra Valencia Escalante,Empleado Sector Privado,27780.0,Medio,2023-12-30
CLI-01134,Fabiola Aguilar Partida,Empresario / Comerciante,199546.97,Alto,2026-01-10
CLI-01135,Julio César Apodaca,Jubilado,9857.12,Bajo,2023-08-02
CLI-01136,Espartaco Uriel Espinosa Marín,Desempleado,2196.94,Alto,2024-10-16
CLI-01137,Sra. Luz Heredia,Empresario / Comerciante,201470.1,Alto,2025-05-11
CLI-01138,Luis Cintrón Polanco,Desempleado,3302.41,Alto,2025-02-07
CLI-01139,Mayte Quezada Orozco,Empleado Sector Privado,34451.28,Medio,2023-07-08
CLI-01140,Helena Sonia Marroquín,Jubilado,16350.76,Bajo,2023-07-25
CLI-01141,René Lucas Sotelo,Estudiante,5153.04,Bajo,2025-03-20
CLI-01142,Julio Jacobo Tórrez Cisneros,Jubilado,14148.96,Bajo,2025-10-18
CLI-01143,Frida Gaytán Romo,Estudiante,7503.47,Bajo,2025-08-11
CLI-01144,Srita. Sonia Olivares,Estudiante,2370.55,Bajo,2024-08-27
CLI-01145,Lic. Federico Arevalo,Jubilado,16737.55,Bajo,2023-10-16
CLI-01146,Noelia Barrios,Empleado Sector Privado,30899.16,Medio,2024-04-11
CLI-01147,Jaime Escobedo,Empleado Sector Privado,17429.73,Medio,2023-07-16
CLI-01148,Helena Gracia,Jubilado,10743.93,Bajo,2025-05-31
CLI-01149,Nadia Luz Rocha,Desempleado,821.61,Alto,2025-01-02
CLI-01150,Ing. Emilio Velázquez,Jubilado,11354.76,Bajo,2026-03-19
CLI-01151,Yeni Portillo,Jubilado,10791.27,Bajo,2025-04-19
CLI-01152,Octavio Blanco,Estudiante,4720.59,Bajo,2025-11-22
CLI-01153,Ing. Alonso Trejo,Jubilado,10400.52,Bajo,2026-04-24
CLI-01154,Humberto Gabino Cadena,Jubilado,5750.58,Bajo,2023-08-13
CLI-01155,Rufino Gonzalo Pelayo Elizondo,Empresario / Comerciante,184553.54,Alto,2024-06-29
CLI-01156,Lic. Evelio de la Rosa,Profesionista Independiente,47547.6,Medio,2026-04-24
CLI-01157,Sessa Fabiola Llamas Osorio,Empresario / Comerciante,100891.44,Alto,2023-08-23
CLI-01158,Emiliano Jorge Luis Martínez Chavarría,Estudiante,6474.83,Bajo,2023-06-28
CLI-01159,Jonás Terrazas Acuña,Jubilado,5949.38,Bajo,2025-04-23
CLI-01160,Sra. Elvia Rentería,Empresario / Comerciante,118905.77,Alto,2023-12-15
CLI-01161,Salma Zaragoza,Estudiante,5246.98,Bajo,2024-12-18
CLI-01162,Abelardo David Regalado,Estudiante,7607.5,Bajo,2024-12-03
CLI-01163,Micaela María Quiroz,Estudiante,7916.82,Bajo,2026-04-24
CLI-01164,Ing. Juan Montaño,Empresario / Comerciante,56346.97,Alto,2025-03-17
CLI-01165,Srita. Elvira Moya,Empresario / Comerciante,85996.27,Alto,2024-02-13
CLI-01166,Tania Ruby Vergara Venegas,Empleado Sector Privado,37272.31,Medio,2025-08-04
CLI-01167,Yuridia Amanda Noriega Mejía,Desempleado,2583.52,Alto,2024-07-17
CLI-01168,Arturo Pedro Téllez Granados,Empresario / Comerciante,124892.18,Alto,2024-06-01
CLI-01169,Dra. Guadalupe Alonso,Empresario / Comerciante,139707.43,Alto,2024-09-28
CLI-01170,Gonzalo Loera,Empresario / Comerciante,125129.11,Alto,2024-06-25
CLI-01171,Gonzalo Sisneros,Desempleado,3856.58,Alto,2024-12-19
CLI-01172,Sandra Velázquez,Jubilado,6728.87,Bajo,2023-08-21
CLI-01173,Homero Patricio Gamez Muñiz,Profesionista Independiente,20338.49,Medio,2026-04-02
CLI-01174,Augusto Alcala,Jubilado,10109.76,Bajo,2023-06-28
CLI-01175,Carlota Serna Pacheco,Empleado Sector Privado,36019.32,Medio,2025-11-09
CLI-01176,Norma Rosa Bravo Duarte,Empleado Sector Privado,39549.11,Medio,2025-12-04
CLI-01177,Armando Felix Fuentes Longoria,Estudiante,7870.94,Bajo,2024-06-18
CLI-01178,Sessa Marisol Sevilla Alcántar,Empresario / Comerciante,184699.97,Alto,2025-03-23
CLI-01179,Claudia Montenegro Serrato,Jubilado,10513.66,Bajo,2024-05-11
CLI-01180,Sr. Esteban Rivero,Empresario / Comerciante,214672.09,Alto,2026-03-02
CLI-01181,Verónica Zedillo,Empleado Sector Privado,27200.63,Medio,2023-06-30
CLI-01182,Amelia Citlali Heredia Magaña,Empleado Sector Privado,21096.44,Medio,2026-06-04
CLI-01183,Rodolfo Juan Carlos Tovar,Desempleado,3061.96,Alto,2024-04-14
CLI-01184,Ing. Frida Márquez,Estudiante,6856.87,Bajo,2024-04-12
CLI-01185,Renato Ramos,Empresario / Comerciante,172984.64,Alto,2024-03-09
CLI-01186,Judith Alarcón,Estudiante,3444.0,Bajo,2025-08-17
CLI-01187,Ruby Arias Bonilla,Estudiante,2605.38,Bajo,2025-02-26
CLI-01188,Luis Miguel Serafín Ornelas González,Estudiante,4678.65,Bajo,2025-09-17
CLI-01189,Rafaél Miguel Sosa,Desempleado,2813.15,Alto,2024-11-22
CLI-01190,Daniela Eloisa Carrera Riojas,Estudiante,3468.4,Bajo,2023-08-31
CLI-01191,Amelia Castro Cordero,Estudiante,4413.59,Bajo,2026-06-07
CLI-01192,Santiago Leonardo Espinoza,Empleado Sector Privado,29812.07,Medio,2024-06-05
CLI-01193,Trinidad Téllez,Estudiante,2840.81,Bajo,2023-10-14
CLI-01194,Rafaél Rolando Gurule,Profesionista Independiente,25537.27,Medio,2025-04-16
CLI-01195,Sr. Jaime Zaragoza,Desempleado,2304.44,Alto,2025-12-25
CLI-01196,Hugo Ernesto Jimínez Garay,Jubilado,12772.93,Bajo,2023-08-07
CLI-01197,Reynaldo Reynaldo Rubio Niño,Desempleado,3273.53,Alto,2026-02-24
CLI-01198,Carlos Burgos Zavala,Empleado Sector Privado,21958.23,Medio,2024-01-01
CLI-01199,Lucas Juan Carlos Orozco,Empleado Sector Privado,44527.95,Medio,2025-11-10
CLI-01200,Gerónimo Jaimes Alonzo,Jubilado,7873.56,Bajo,2023-08-01
CLI-01201,Ramiro González Benavides,Profesionista Independiente,27381.93,Medio,2024-07-04
CLI-01202,Luz Nava,Jubilado,17330.76,Bajo,2023-11-15
CLI-01203,Conchita Salgado Saiz,Desempleado,3646.31,Alto,2024-07-05
CLI-01204,Ruby Lilia Leal,Desempleado,2715.0,Alto,2023-12-09
CLI-01205,Sr. Luis Caballero,Jubilado,11443.07,Bajo,2025-05-27
CLI-01206,Silvia Dulce Duarte Salinas,Profesionista Independiente,57371.39,Medio,2025-01-31
CLI-01207,Eduardo Serrano,Desempleado,1524.62,Alto,2023-12-07
CLI-01208,Hernán Raya Alfaro,Jubilado,9143.55,Bajo,2025-11-21
CLI-01209,Lucía Aragón,Empresario / Comerciante,131651.84,Alto,2025-07-30
CLI-01210,Georgina Juárez,Profesionista Independiente,31940.71,Medio,2025-03-16
CLI-01211,Lic. Andrés Sierra,Jubilado,11155.74,Bajo,2024-02-17
CLI-01212,Antonio Toledo,Empleado Sector Privado,21924.3,Medio,2023-12-26
CLI-01213,Martha Vázquez,Desempleado,577.41,Alto,2025-01-17
CLI-01214,Anel Baeza,Empresario / Comerciante,232948.23,Alto,2026-01-24
CLI-01215,Ing. Estela Bueno,Jubilado,10364.81,Bajo,2025-06-06
CLI-01216,Manuel Elias Archuleta,Empresario / Comerciante,161457.35,Alto,2024-05-07
CLI-01217,Sra. Hilda Mireles,Empleado Sector Privado,24817.83,Medio,2025-11-18
CLI-01218,Raúl Sergio Pantoja Vallejo,Profesionista Independiente,24150.15,Medio,2024-11-16
CLI-01219,Dr. Jonás Guerrero,Desempleado,316.28,Alto,2023-11-29
CLI-01220,Josefina Salcido Madrigal,Empresario / Comerciante,219426.68,Alto,2024-04-19
CLI-01221,Carlota Carlota Quintero Corona,Estudiante,5213.81,Bajo,2024-10-05
CLI-01222,Sr. Emiliano Rojo,Empleado Sector Privado,13700.71,Medio,2023-08-15
CLI-01223,Luis Manuel Gilberto Nazario Farías,Empresario / Comerciante,184734.38,Alto,2024-02-25
CLI-01224,Joaquín Delgado,Jubilado,5514.12,Bajo,2025-03-14
CLI-01225,Sara Montez Hernádez,Estudiante,3128.98,Bajo,2023-06-13
CLI-01226,Ing. Raúl Urrutia,Jubilado,14415.97,Bajo,2024-05-08
CLI-01227,Marisol Cintrón Hinojosa,Jubilado,7821.21,Bajo,2025-05-07
CLI-01228,Ing. Gerardo Salas,Empleado Sector Privado,40692.64,Medio,2025-02-26
CLI-01229,Víctor Arenas Madrid,Profesionista Independiente,28643.46,Medio,2025-11-18
CLI-01230,Jerónimo Jacinto Chacón Leal,Estudiante,3270.85,Bajo,2024-01-20
CLI-01231,Jacinto Carrillo Jaimes,Empleado Sector Privado,43748.56,Medio,2024-05-04
CLI-01232,Óliver Francisco Lira Rivera,Estudiante,6481.28,Bajo,2025-04-03
CLI-01233,Clemente Arreola Salas,Empresario / Comerciante,232888.26,Alto,2025-12-16
CLI-01234,Eugenio Adalberto Collazo Briseño,Desempleado,2417.61,Alto,2023-12-03
CLI-01235,Joaquín Cristobal Vanegas Lemus,Empleado Sector Privado,25088.86,Medio,2024-12-01
CLI-01236,Gilberto Candelaria Domínguez,Empleado Sector Privado,30218.62,Medio,2023-10-08
CLI-01237,Ing. José María Villagómez,Profesionista Independiente,32129.78,Medio,2024-10-14
CLI-01238,Miguel Luevano,Jubilado,13433.38,Bajo,2025-01-25
CLI-01239,Lic. Mauricio Arriaga,Profesionista Independiente,26770.27,Medio,2026-06-03
CLI-01240,Elias José Manuél Godoy Santacruz,Jubilado,16476.56,Bajo,2026-03-16
CLI-01241,Gerónimo Portillo,Empresario / Comerciante,69721.65,Alto,2023-07-15
CLI-01242,Dr. Vicente Casillas,Desempleado,1877.96,Alto,2025-12-11
CLI-01243,Timoteo Saiz,Profesionista Independiente,56144.87,Medio,2024-07-15
CLI-01244,Micaela Irma Botello,Profesionista Independiente,29081.49,Medio,2024-12-26
CLI-01245,Ramón Agustín Gallardo,Estudiante,5375.15,Bajo,2025-05-19
CLI-01246,Salvador David Anguiano,Empleado Sector Privado,36461.33,Medio,2023-06-24
CLI-01247,Pamela Almanza Soria,Estudiante,3564.64,Bajo,2025-12-17
CLI-01248,Catalina Prieto,Jubilado,12528.86,Bajo,2024-08-06
CLI-01249,Olga Esther Carreón,Empresario / Comerciante,109038.46,Alto,2024-04-12
CLI-01250,Germán Solano,Empleado Sector Privado,22885.55,Medio,2025-07-24
CLI-01251,Ariadna Paola Carrasco,Empresario / Comerciante,163957.9,Alto,2025-07-13
CLI-01252,Asunción Lucía Paz Zamora,Empleado Sector Privado,28476.95,Medio,2025-12-27
CLI-01253,Abel Enrique Loera,Desempleado,3773.86,Alto,2024-08-27
CLI-01254,Margarita Peralta Cepeda,Profesionista Independiente,26579.7,Medio,2025-08-23
CLI-01255,Dolores Karla Pacheco Ballesteros,Empresario / Comerciante,243301.65,Alto,2024-03-28
CLI-01256,Srita. Alma Olvera,Desempleado,2958.38,Alto,2025-09-17
CLI-01257,Tomás Reynaldo Rael,Empresario / Comerciante,83646.73,Alto,2025-06-03
CLI-01258,Jaqueline Susana Cordero Huerta,Profesionista Independiente,22616.96,Medio,2024-02-05
CLI-01259,Nicolás Jaime Arce Rael,Desempleado,2186.19,Alto,2026-03-21
CLI-01260,Mateo Ricardo Mojica Moreno,Empleado Sector Privado,42257.68,Medio,2024-05-18
CLI-01261,Srita. Fabiola Valdés,Jubilado,17874.21,Bajo,2024-02-16
CLI-01262,Dulce María Acuña Mota,Estudiante,5143.67,Bajo,2024-11-18
CLI-01263,Sra. Amelia Arredondo,Estudiante,7671.13,Bajo,2024-11-29
CLI-01264,Maximiliano Arenas Mojica,Desempleado,194.06,Alto,2025-08-26
CLI-01265,Rubén Miguel Armendáriz,Estudiante,4474.35,Bajo,2023-08-08
CLI-01266,Aldonza Susana Samaniego,Desempleado,925.73,Alto,2023-11-10
CLI-01267,Nayeli Sosa,Desempleado,604.12,Alto,2025-10-08
CLI-01268,Celia Fabiola Alcaraz Salgado,Empleado Sector Privado,28689.19,Medio,2025-08-16
CLI-01269,Ing. Jos Salinas,Profesionista Independiente,17720.26,Medio,2023-08-08
CLI-01270,Débora Zambrano Calvillo,Desempleado,2667.02,Alto,2025-08-08
CLI-01271,María José Rosa Peralta,Jubilado,16865.77,Bajo,2026-01-14
CLI-01272,Jerónimo Benito Villalobos,Desempleado,1951.42,Alto,2024-11-28
CLI-01273,Lic. Rolando Lozada,Estudiante,5193.27,Bajo,2023-06-18
CLI-01274,Carlos Zayas Hernandes,Empresario / Comerciante,52370.19,Alto,2023-09-10
CLI-01275,Wendolin Muro,Jubilado,14388.51,Bajo,2024-07-21
CLI-01276,Gilberto Alonzo Ulibarri,Jubilado,17707.23,Bajo,2025-11-25
CLI-01277,Ivonne Nayeli Colón,Estudiante,5013.3,Bajo,2023-12-29
CLI-01278,Magdalena Verónica Fernández,Desempleado,2696.13,Alto,2024-11-26
CLI-01279,Sr. Evelio Llamas,Empleado Sector Privado,15531.54,Medio,2023-08-15
CLI-01280,Salvador Reynaldo Carranza Valencia,Estudiante,5146.31,Bajo,2024-01-19
CLI-01281,Virginia Rascón Velasco,Empleado Sector Privado,18333.76,Medio,2024-12-14
CLI-01282,Rodrigo Marcos Samaniego,Jubilado,8281.44,Bajo,2025-07-06
CLI-01283,Alejandro Casas,Profesionista Independiente,27029.61,Medio,2024-09-03
CLI-01284,Bernardo Bernabé Gaitán Marín,Empresario / Comerciante,65803.85,Alto,2025-01-31
CLI-01285,Lic. Miguel Ángel Mota,Empresario / Comerciante,141799.55,Alto,2026-02-05
CLI-01286,Antonia Frida Romo Rodríguez,Empleado Sector Privado,44677.69,Medio,2024-09-21
CLI-01287,Sr. Felipe Mejía,Empleado Sector Privado,21899.16,Medio,2023-07-16
CLI-01288,Leticia de la Torre Vargas,Estudiante,5922.41,Bajo,2023-06-23
CLI-01289,Norma Berríos Montemayor,Desempleado,3038.34,Alto,2025-02-12
CLI-01290,Carla Cortez Palomo,Estudiante,4431.67,Bajo,2025-11-13
CLI-01291,Jaime Salvador Porras Matos,Empresario / Comerciante,160540.29,Alto,2023-09-23
CLI-01292,Marcela María Cristina Camarillo,Estudiante,5820.49,Bajo,2023-08-14
CLI-01293,Fernando Villa Carvajal,Desempleado,685.53,Alto,2023-08-16
CLI-01294,Ángel José Eduardo Cantú,Empresario / Comerciante,219065.96,Alto,2024-09-10
CLI-01295,Caridad Miriam Villanueva Esparza,Desempleado,3137.51,Alto,2023-11-05
CLI-01296,Alonso Bonilla Llamas,Jubilado,17705.28,Bajo,2025-01-05
CLI-01297,Eduardo Gamez,Estudiante,7368.75,Bajo,2025-08-29
CLI-01298,Uriel Mateo,Estudiante,3378.6,Bajo,2023-10-15
CLI-01299,Ing. Humberto Sotelo,Desempleado,3550.22,Alto,2023-11-27
CLI-01300,Mariana Abril Rosado Girón,Empresario / Comerciante,104219.01,Alto,2024-05-24
CLI-01301,Julio Yáñez,Estudiante,6106.57,Bajo,2024-02-24
CLI-01302,Raúl Rufino Centeno,Profesionista Independiente,55469.02,Medio,2023-06-13
CLI-01303,Cristobal Felix Becerra,Jubilado,13555.42,Bajo,2025-07-01
CLI-01304,Srita. Patricia Gómez,Empleado Sector Privado,42649.29,Medio,2025-07-28
CLI-01305,Mariano César Solorio Bueno,Profesionista Independiente,15704.61,Medio,2026-04-13
CLI-01306,Cornelio Terán,Empleado Sector Privado,31372.19,Medio,2023-12-06
CLI-01307,Minerva Aguayo,Desempleado,3283.61,Alto,2025-04-30
CLI-01308,Mercedes Regalado Jurado,Estudiante,3795.66,Bajo,2025-05-19
CLI-01309,Sergio Leal,Jubilado,8126.14,Bajo,2023-06-20
CLI-01310,Jerónimo Rolando Quiroz Cordero,Empresario / Comerciante,185406.99,Alto,2025-09-06
CLI-01311,Srita. Ivonne Ledesma,Jubilado,9312.49,Bajo,2025-05-23
CLI-01312,Lic. Alvaro Orta,Desempleado,559.8,Alto,2025-07-09
CLI-01313,Sra. Minerva Pérez,Desempleado,2896.65,Alto,2025-03-11
CLI-01314,Abelardo Rubén Salazar Razo,Jubilado,14690.94,Bajo,2025-07-06
CLI-01315,Ing. Lucas Delgado,Profesionista Independiente,17416.34,Medio,2023-12-28
CLI-01316,Ing. Violeta Toledo,Empresario / Comerciante,96428.8,Alto,2026-04-21
CLI-01317,Gregorio José Carlos Luevano,Estudiante,4043.56,Bajo,2024-05-22
CLI-01318,Lic. Paola Gaitán,Jubilado,17413.16,Bajo,2025-10-09
CLI-01319,Ing. Elias Garibay,Empresario / Comerciante,243784.11,Alto,2024-11-15
CLI-01320,Miguel Ángel Lorenzo Roybal Ledesma,Profesionista Independiente,16333.15,Medio,2025-06-14
CLI-01321,Espartaco Rentería,Profesionista Independiente,50259.67,Medio,2023-11-08
CLI-01322,Sofía Leticia Alfaro Terrazas,Empresario / Comerciante,148120.69,Alto,2024-05-14
CLI-01323,Sr. Reynaldo Vera,Profesionista Independiente,39886.7,Medio,2024-11-18
CLI-01324,Zacarías Juan Carlos Viera,Empresario / Comerciante,136369.59,Alto,2024-09-12
CLI-01325,Mitzy Bahena,Desempleado,2343.5,Alto,2026-04-15
CLI-01326,José Eduardo Vela,Empresario / Comerciante,67138.82,Alto,2024-08-05
CLI-01327,Estela Minerva Bermúdez,Jubilado,8839.93,Bajo,2024-04-07
CLI-01328,Horacio Maximiliano Balderas,Empleado Sector Privado,35532.58,Medio,2026-02-27
CLI-01329,María Cristina Paulina Sáenz Alonzo,Estudiante,3607.83,Bajo,2024-12-22
CLI-01330,Raquel Antonia Garrido,Empresario / Comerciante,192335.43,Alto,2023-07-08
CLI-01331,Evelio Adán Rosado Saucedo,Desempleado,617.11,Alto,2025-01-06
CLI-01332,Alvaro Almonte Benítez,Empresario / Comerciante,113335.65,Alto,2025-07-16
CLI-01333,Sr. Serafín Soria,Estudiante,2549.12,Bajo,2023-08-02
CLI-01334,Susana Guillermina Valenzuela,Profesionista Independiente,35013.11,Medio,2025-06-14
CLI-01335,Serafín Griego Cabán,Profesionista Independiente,19600.41,Medio,2025-05-07
CLI-01336,Felix Rufino Beltrán,Estudiante,3124.35,Bajo,2025-09-12
CLI-01337,Rolando Maximiliano Piña,Empresario / Comerciante,161397.01,Alto,2024-03-17
CLI-01338,Eric Enrique Zambrano Orosco,Jubilado,10304.57,Bajo,2025-01-13
CLI-01339,Sofía Rocío Santana Baeza,Estudiante,2537.71,Bajo,2024-11-29
CLI-01340,Ing. Trinidad Valdivia,Jubilado,6209.84,Bajo,2025-06-19
CLI-01341,Dra. Angélica Limón,Jubilado,15197.7,Bajo,2026-01-31
CLI-01342,Evelio Cardenas Casárez,Empresario / Comerciante,52468.12,Alto,2025-07-28
CLI-01343,Lucía Irizarry,Empresario / Comerciante,127559.91,Alto,2026-05-07
CLI-01344,Gregorio Bernardo Olivárez,Estudiante,6349.06,Bajo,2025-11-23
CLI-01345,Sr. Jacobo Nevárez,Jubilado,16767.7,Bajo,2024-11-05
CLI-01346,Patricio Wilfrido Venegas,Empleado Sector Privado,30874.69,Medio,2025-09-28
CLI-01347,Frida Salma Rivas,Empleado Sector Privado,34615.43,Medio,2025-08-19
CLI-01348,Leonor Rael,Empleado Sector Privado,16581.72,Medio,2025-09-17
CLI-01349,Rodrigo Osorio Molina,Profesionista Independiente,27078.31,Medio,2025-10-03
CLI-01350,Adela Zoé Lira,Empleado Sector Privado,14087.82,Medio,2025-03-14
CLI-01351,Margarita Galarza,Empresario / Comerciante,105192.37,Alto,2024-03-07
CLI-01352,Lucía Marisol Gaona Zedillo,Profesionista Independiente,36790.41,Medio,2024-11-03
CLI-01353,Emiliano Griego Quesada,Estudiante,4166.75,Bajo,2024-11-25
CLI-01354,Dr. Pedro Ocampo,Empleado Sector Privado,35789.68,Medio,2025-09-30
CLI-01355,Rocío María Teresa Partida León,Empresario / Comerciante,168761.28,Alto,2023-11-11
CLI-01356,Emilio José Luis Vélez Segura,Empleado Sector Privado,27109.43,Medio,2025-08-26
CLI-01357,Leonardo Zeferino Arreola Acosta,Empleado Sector Privado,22053.71,Medio,2025-03-22
CLI-01358,Srita. Elena Parra,Empresario / Comerciante,116443.44,Alto,2023-07-14
CLI-01359,Aurora Marcela Zarate,Jubilado,9938.57,Bajo,2023-07-18
CLI-01360,Angélica Treviño Garay,Profesionista Independiente,34810.03,Medio,2025-10-15
CLI-01361,Dra. Socorro Tijerina,Empresario / Comerciante,213095.09,Alto,2026-05-01
CLI-01362,Cornelio Moya Mora,Desempleado,3896.9,Alto,2024-04-23
CLI-01363,Delia Julia Lara Cruz,Empleado Sector Privado,21914.36,Medio,2026-02-04
CLI-01364,María Cristina Mitzy Ramón Montes,Jubilado,17314.63,Bajo,2025-09-26
CLI-01365,Patricio Alfonso Ordóñez,Empleado Sector Privado,27807.32,Medio,2023-11-18
CLI-01366,Sra. Angélica Briseño,Empleado Sector Privado,43830.96,Medio,2026-05-26
CLI-01367,Inés María José Tovar,Profesionista Independiente,28115.17,Medio,2025-10-15
CLI-01368,José María Ureña Varela,Desempleado,2531.61,Alto,2023-09-21
CLI-01369,Patricia Conchita Gil,Jubilado,15165.67,Bajo,2025-05-21
CLI-01370,Magdalena Reina de Jesús Valadez,Profesionista Independiente,31922.49,Medio,2023-12-12
CLI-01371,Srita. Débora Pacheco,Empresario / Comerciante,123003.11,Alto,2025-12-21
CLI-01372,Noelia Riojas,Jubilado,7597.4,Bajo,2026-02-17
CLI-01373,Asunción Mercedes Ruelas,Jubilado,7339.05,Bajo,2025-09-20
CLI-01374,Zacarías Niño,Jubilado,5349.91,Bajo,2024-10-21
CLI-01375,Tania Cadena Calvillo,Desempleado,1846.49,Alto,2026-05-04
CLI-01376,Amador Rubén Vigil Romero,Desempleado,838.59,Alto,2025-04-20
CLI-01377,Irene Daniela Pineda Armas,Profesionista Independiente,52407.68,Medio,2023-12-28
CLI-01378,Lic. Bernardo Acosta,Estudiante,6913.79,Bajo,2025-11-27
CLI-01379,Amanda Sánchez,Empresario / Comerciante,184595.53,Alto,2025-06-15
CLI-01380,José Manuél Marcos Fonseca Anaya,Empleado Sector Privado,32900.09,Medio,2025-12-02
CLI-01381,Gregorio Alonso Zaragoza,Empleado Sector Privado,20338.5,Medio,2025-04-19
CLI-01382,Ing. Gonzalo Gallegos,Empleado Sector Privado,35602.8,Medio,2025-12-18
CLI-01383,Luis Manuel Adalberto Sevilla,Empresario / Comerciante,64793.03,Alto,2025-05-08
CLI-01384,Octavio Arturo Quiñones,Jubilado,11230.05,Bajo,2025-07-29
CLI-01385,Isabel Magdalena Anguiano,Empresario / Comerciante,156873.48,Alto,2024-07-17
CLI-01386,Aida Huerta Muñoz,Desempleado,1673.2,Alto,2025-10-21
CLI-01387,Jacobo Ávalos,Estudiante,6744.33,Bajo,2024-02-25
CLI-01388,Alejandra Covarrubias Pantoja,Profesionista Independiente,46573.54,Medio,2025-06-14
CLI-01389,Micaela Isabela Mondragón,Jubilado,12719.66,Bajo,2025-06-27
CLI-01390,Paulina Nadia Cano,Estudiante,2656.22,Bajo,2024-10-19
CLI-01391,Gloria Teresa Archuleta,Empleado Sector Privado,33700.85,Medio,2024-10-09
CLI-01392,Iván César Rosado,Profesionista Independiente,22485.23,Medio,2023-07-06
CLI-01393,Alma Sisneros Valles,Jubilado,5575.86,Bajo,2024-02-19
CLI-01394,Ana María José Camarillo,Desempleado,2709.89,Alto,2023-07-23
CLI-01395,Cynthia Lemus Linares,Empresario / Comerciante,243362.23,Alto,2024-01-31
CLI-01396,Felipe Gerónimo Bermúdez,Profesionista Independiente,58457.25,Medio,2025-01-21
CLI-01397,Elena Elsa Bermúdez,Empresario / Comerciante,71188.91,Alto,2024-06-18
CLI-01398,Lic. Diego Partida,Estudiante,3552.43,Bajo,2026-03-16
CLI-01399,Rosalia Isabela Sisneros,Jubilado,14709.09,Bajo,2026-05-31
CLI-01400,Lorenzo León Mascareñas,Jubilado,12546.74,Bajo,2025-02-10
CLI-01401,Guadalupe Cantú,Jubilado,7873.41,Bajo,2024-10-16
CLI-01402,Lic. Fernando Tórrez,Profesionista Independiente,32601.04,Medio,2024-10-15
CLI-01403,Sergio Martínez Quiñónez,Desempleado,2354.36,Alto,2025-02-20
CLI-01404,Gabriela Elizondo,Jubilado,6959.68,Bajo,2023-06-28
CLI-01405,Santiago Wilfrido Rendón,Estudiante,4896.63,Bajo,2024-12-15
CLI-01406,Ing. Ivonne Girón,Profesionista Independiente,33718.89,Medio,2025-03-31
CLI-01407,Mitzy Itzel Armas Sarabia,Estudiante,2696.42,Bajo,2024-01-12
CLI-01408,Javier Sosa Prado,Desempleado,566.7,Alto,2026-03-10
CLI-01409,Yolanda Contreras,Profesionista Independiente,30438.0,Medio,2023-10-06
CLI-01410,Cristina Estrada,Empleado Sector Privado,29196.79,Medio,2025-08-07
CLI-01411,Aurora Arguello Benavides,Profesionista Independiente,36427.31,Medio,2026-04-13
CLI-01412,Cristian Reynoso Ruiz,Empresario / Comerciante,194398.79,Alto,2024-08-30
CLI-01413,Elvira Natalia Guerra Orellana,Empresario / Comerciante,113781.89,Alto,2024-05-22
CLI-01414,Evelio Marco Antonio Montez Vergara,Profesionista Independiente,17010.74,Medio,2024-05-14
CLI-01415,Alonso Daniel Mercado Véliz,Desempleado,460.34,Alto,2026-01-18
CLI-01416,Ing. María José Rivas,Profesionista Independiente,44158.65,Medio,2024-04-29
CLI-01417,Úrsula Marisol Almanza,Desempleado,3200.2,Alto,2025-01-26
CLI-01418,Natalia Anel Santiago,Desempleado,975.65,Alto,2026-05-02
CLI-01419,Lic. Esmeralda Olivo,Empleado Sector Privado,30213.04,Medio,2026-05-23
CLI-01420,Jorge Jacobo Rosado,Profesionista Independiente,40193.2,Medio,2025-06-12
CLI-01421,Sr. Juan Rascón,Empresario / Comerciante,96371.11,Alto,2024-04-02
CLI-01422,Olga Alarcón,Empresario / Comerciante,175952.06,Alto,2024-09-10
CLI-01423,Benito Ignacio Tórrez,Empleado Sector Privado,33135.8,Medio,2024-09-27
CLI-01424,Oswaldo Trejo Acuña,Empresario / Comerciante,129116.48,Alto,2024-04-06
CLI-01425,Alfredo Ricardo Montemayor Posada,Desempleado,2456.43,Alto,2024-07-23
CLI-01426,Zeferino Mariano Otero Jaime,Empleado Sector Privado,26835.98,Medio,2024-02-26
CLI-01427,Martín Luis Manuel Hernádez Vanegas,Empresario / Comerciante,127767.16,Alto,2024-12-26
CLI-01428,Dra. Sofía Leiva,Desempleado,859.18,Alto,2023-11-03
CLI-01429,Miguel Ángel Viera,Profesionista Independiente,48854.65,Medio,2023-12-11
CLI-01430,Ing. Tomás Benavides,Estudiante,5464.09,Bajo,2025-02-08
CLI-01431,Juan Llamas Mendoza,Jubilado,7430.48,Bajo,2023-11-18
CLI-01432,Jacinto Homero Tamez Collado,Profesionista Independiente,23868.34,Medio,2026-04-15
CLI-01433,Wilfrido Duarte,Estudiante,3574.12,Bajo,2024-10-04
CLI-01434,Pilar Armendáriz,Empresario / Comerciante,155543.0,Alto,2024-10-11
CLI-01435,Lucía Sandoval Amaya,Desempleado,1253.62,Alto,2025-10-25
CLI-01436,Luis Elias Carrera,Empresario / Comerciante,172261.68,Alto,2025-08-19
CLI-01437,Georgina Alonzo,Jubilado,6485.02,Bajo,2023-09-18
CLI-01438,Dr. Juan Lozada,Profesionista Independiente,53048.3,Medio,2025-07-14
CLI-01439,Graciela Marisol Aparicio Cano,Jubilado,7242.86,Bajo,2025-07-07
CLI-01440,Zacarías Oquendo,Desempleado,2823.95,Alto,2023-11-03
CLI-01441,Pablo Jonás Chávez,Profesionista Independiente,56340.72,Medio,2026-01-23
CLI-01442,Emilia Virginia Valdez Orozco,Jubilado,6101.78,Bajo,2024-03-19
CLI-01443,Natalia Raquel Núñez,Empleado Sector Privado,22335.13,Medio,2023-11-12
CLI-01444,Nancy Mares,Empleado Sector Privado,22077.54,Medio,2024-06-30
CLI-01445,Pascual Roybal,Empleado Sector Privado,24319.1,Medio,2024-02-25
CLI-01446,Fernando Oswaldo Estévez Cabán,Empleado Sector Privado,28857.22,Medio,2023-11-18
CLI-01447,Jesús Esteban Varela Niño,Empresario / Comerciante,169285.16,Alto,2025-01-20
CLI-01448,Srita. Arcelia Roque,Jubilado,9988.23,Bajo,2025-04-02
CLI-01449,Dr. Alonso Orta,Empleado Sector Privado,28060.12,Medio,2023-11-13
CLI-01450,Óliver Eric Cano Serna,Jubilado,14014.63,Bajo,2026-05-20
CLI-01451,Lic. Lorena Zayas,Desempleado,3722.78,Alto,2023-07-29
CLI-01452,Lic. Augusto Quintero,Empleado Sector Privado,30312.12,Medio,2026-02-08
CLI-01453,Alicia Jaimes Vigil,Empresario / Comerciante,107766.95,Alto,2024-11-05
CLI-01454,Gustavo Reynaldo Yáñez Samaniego,Empleado Sector Privado,22381.14,Medio,2026-01-24
CLI-01455,Lic. Esther Castellanos,Empresario / Comerciante,173882.0,Alto,2023-10-02
CLI-01456,Uriel Bernabé Cisneros Castellanos,Profesionista Independiente,57832.89,Medio,2025-08-24
CLI-01457,Teodoro Iván Quesada,Empresario / Comerciante,77306.94,Alto,2023-12-28
CLI-01458,Israel Saavedra,Empresario / Comerciante,242765.82,Alto,2024-03-16
CLI-01459,Arturo Montaño,Jubilado,13489.91,Bajo,2026-03-24
CLI-01460,Alonso Heredia Rodríquez,Empresario / Comerciante,186939.33,Alto,2026-01-23
CLI-01461,Sr. Octavio Cavazos,Empresario / Comerciante,192028.47,Alto,2024-10-07
CLI-01462,Julio César Jorge Luis Quintero,Empresario / Comerciante,147739.9,Alto,2024-05-06
CLI-01463,Lic. Ariadna Muñoz,Estudiante,5392.39,Bajo,2024-05-03
CLI-01464,Dra. Karla Villanueva,Empleado Sector Privado,21638.97,Medio,2025-07-05
CLI-01465,Elisa Olivárez Saavedra,Profesionista Independiente,25117.95,Medio,2026-03-12
CLI-01466,Sra. Marisol Zamudio,Profesionista Independiente,22569.4,Medio,2024-04-04
CLI-01467,Emiliano Vicente Archuleta Ulloa,Empresario / Comerciante,163130.09,Alto,2024-11-06
CLI-01468,Carla Olivares,Empresario / Comerciante,159945.24,Alto,2023-06-22
CLI-01469,Dalia Terrazas Jaramillo,Estudiante,5436.28,Bajo,2025-03-22
CLI-01470,José Verduzco Garrido,Profesionista Independiente,49880.09,Medio,2025-08-26
CLI-01471,Aurelio Montañez Moreno,Profesionista Independiente,39391.95,Medio,2025-05-04
CLI-01472,Pablo Leonardo Rosales,Estudiante,6560.02,Bajo,2026-05-23
CLI-01473,Luis Miguel Evelio Henríquez,Empresario / Comerciante,159270.65,Alto,2025-11-03
CLI-01474,Ana Luisa Loera Valverde,Empresario / Comerciante,70483.29,Alto,2024-04-11
CLI-01475,René Camarillo,Desempleado,3005.38,Alto,2024-06-12
CLI-01476,Marcela Pichardo,Profesionista Independiente,54366.44,Medio,2025-03-01
CLI-01477,Luis Miguel César Altamirano,Estudiante,4698.39,Bajo,2024-09-21
CLI-01478,Norma Reynoso Valverde,Profesionista Independiente,53798.98,Medio,2025-12-14
CLI-01479,Gabino Cazares,Estudiante,4634.42,Bajo,2025-12-20
CLI-01480,Judith Altamirano,Estudiante,6653.79,Bajo,2024-11-17
CLI-01481,Arturo Riojas,Empleado Sector Privado,18925.98,Medio,2023-08-18
CLI-01482,Emiliano Fernando Cervántez Mejía,Desempleado,2351.7,Alto,2026-05-20
CLI-01483,Yeni Maldonado Castillo,Profesionista Independiente,53747.19,Medio,2025-04-14
CLI-01484,Lic. Óscar Nazario,Jubilado,13226.02,Bajo,2025-04-01
CLI-01485,Luis Miguel Emilio Caldera,Empleado Sector Privado,32332.99,Medio,2024-12-27
CLI-01486,Felipe Darío Montalvo Olivo,Empleado Sector Privado,38846.49,Medio,2026-03-18
CLI-01487,Ing. Estela Enríquez,Estudiante,5420.45,Bajo,2025-10-23
CLI-01488,Lic. Mateo Arias,Jubilado,8654.11,Bajo,2024-01-27
CLI-01489,Jorge Luis Gilberto Medina Paz,Jubilado,7188.91,Bajo,2024-03-03
CLI-01490,Isaac Raúl Jáquez,Desempleado,1170.54,Alto,2025-08-05
CLI-01491,Diana Virginia Arellano Olivárez,Jubilado,8475.46,Bajo,2024-03-02
CLI-01492,Abelardo Mauro Guajardo,Jubilado,17811.35,Bajo,2023-12-05
CLI-01493,Sr. Amador Barajas,Desempleado,3260.72,Alto,2025-03-19
CLI-01494,Abel Gregorio Robles,Empleado Sector Privado,43771.48,Medio,2024-05-04
CLI-01495,Sra. Ofelia Pedroza,Empresario / Comerciante,233753.74,Alto,2026-06-09
CLI-01496,Georgina Silvia Hernandes Quezada,Profesionista Independiente,54017.14,Medio,2026-04-05
CLI-01497,Diana Sánchez Casas,Empleado Sector Privado,35147.08,Medio,2026-02-26
CLI-01498,Lilia Miranda,Empleado Sector Privado,20239.35,Medio,2024-12-07
CLI-01499,Jos Santiago Pichardo,Desempleado,1288.39,Alto,2023-10-28
CLI-01500,Ruby María Elena de Anda,Empleado Sector Privado,37128.63,Medio,2025-06-23
CLI-01501,Margarita Ofelia Alcántar Ibarra,Desempleado,1570.8,Alto,2025-11-03
CLI-01502,José Tamayo Burgos,Empleado Sector Privado,31055.04,Medio,2026-06-07
CLI-01503,Amelia Concepción Villaseñor,Profesionista Independiente,43251.58,Medio,2024-12-25
CLI-01504,Aurelio Tomás Hernández,Empresario / Comerciante,140398.34,Alto,2025-03-21
CLI-01505,Lic. Marisol Esquivel,Desempleado,3178.39,Alto,2024-05-11
CLI-01506,José Carlos Zavala Ávalos,Estudiante,4417.1,Bajo,2024-12-20
CLI-01507,Omar Puente,Desempleado,1112.9,Alto,2024-12-30
CLI-01508,Dr. David Martínez,Profesionista Independiente,35461.3,Medio,2025-06-06
CLI-01509,Barbara Cristal Fierro Granado,Empresario / Comerciante,115457.86,Alto,2025-03-26
CLI-01510,Guadalupe Ulloa Bahena,Estudiante,7213.45,Bajo,2026-01-29
CLI-01511,Mateo Burgos,Desempleado,372.57,Alto,2024-03-16
CLI-01512,Luisa Fonseca Curiel,Empresario / Comerciante,176968.11,Alto,2024-07-08
CLI-01513,Dra. Nayeli Trejo,Desempleado,1432.89,Alto,2024-07-23
CLI-01514,Camilo Rodrigo del Río Alcántar,Estudiante,6774.07,Bajo,2025-12-09
CLI-01515,Natalia Yuridia Zedillo Barreto,Empresario / Comerciante,93565.99,Alto,2024-07-09
CLI-01516,Salvador Esparza,Empresario / Comerciante,214969.53,Alto,2025-07-03
CLI-01517,Celia Patricia Henríquez,Empresario / Comerciante,103707.37,Alto,2025-09-27
CLI-01518,Abril Ana Galindo,Profesionista Independiente,30198.98,Medio,2025-10-25
CLI-01519,Salvador Peña,Jubilado,6697.73,Bajo,2024-12-05
CLI-01520,Srita. Mariana Lucero,Empresario / Comerciante,207660.73,Alto,2023-07-16
CLI-01521,Ing. Karina Ríos,Desempleado,3049.02,Alto,2023-08-22
CLI-01522,Laura Pilar Reynoso,Estudiante,2597.45,Bajo,2023-11-14
CLI-01523,Arturo Esteban Salazar,Empresario / Comerciante,53256.27,Alto,2024-04-13
CLI-01524,Salvador Villalpando Fuentes,Empleado Sector Privado,26562.44,Medio,2025-12-15
CLI-01525,Liliana Mireles,Estudiante,7951.03,Bajo,2025-01-01
CLI-01526,Norma Anel Lozada,Empresario / Comerciante,90463.64,Alto,2024-11-04
CLI-01527,Aida Gómez Briones,Desempleado,3637.63,Alto,2023-08-01
CLI-01528,Lic. Trinidad Ruelas,Desempleado,1207.46,Alto,2024-11-11
CLI-01529,Mateo Ocampo Barrios,Profesionista Independiente,19200.3,Medio,2026-03-19
CLI-01530,Jesús Baeza Ríos,Profesionista Independiente,26267.52,Medio,2025-11-15
CLI-01531,Violeta Valladares,Profesionista Independiente,44902.9,Medio,2024-10-27
CLI-01532,Silvano José Caraballo,Desempleado,662.1,Alto,2023-09-01
CLI-01533,René Pedro Porras,Empresario / Comerciante,175120.85,Alto,2024-07-30
CLI-01534,Lic. Pablo Partida,Desempleado,2797.77,Alto,2024-05-01
CLI-01535,Oswaldo Polanco Valladares,Empleado Sector Privado,26164.62,Medio,2025-12-15
CLI-01536,Sra. Graciela Ordóñez,Estudiante,6222.19,Bajo,2025-07-29
CLI-01537,Pamela Florencia Cervantes,Estudiante,3280.53,Bajo,2025-02-09
CLI-01538,Ing. Citlali Rojas,Estudiante,2796.2,Bajo,2024-07-25
CLI-01539,María Luisa Lebrón,Empleado Sector Privado,29141.66,Medio,2025-03-17
CLI-01540,Ing. Tania Espinoza,Empresario / Comerciante,51857.39,Alto,2025-03-25
CLI-01541,Isabela Verónica Mercado,Desempleado,1374.3,Alto,2024-05-23
CLI-01542,Uriel Feliciano,Estudiante,7928.93,Bajo,2026-02-23
CLI-01543,Mauricio Cornelio Flores Calderón,Empresario / Comerciante,188806.2,Alto,2023-09-05
CLI-01544,Diego Óliver Arredondo,Empresario / Comerciante,64165.66,Alto,2024-04-08
CLI-01545,Lic. Gerardo Zelaya,Empresario / Comerciante,67866.22,Alto,2025-10-10
CLI-01546,Emilia Pérez Bañuelos,Estudiante,2619.21,Bajo,2023-11-12
CLI-01547,Ángel Alcaraz Valdés,Profesionista Independiente,54644.5,Medio,2025-08-30
CLI-01548,Rocío Abigail Jurado Gutiérrez,Empleado Sector Privado,24629.79,Medio,2023-09-05
CLI-01549,Juana Ojeda,Empleado Sector Privado,33172.01,Medio,2023-12-11
CLI-01550,Eugenio Arturo Carrillo Lucio,Desempleado,571.41,Alto,2023-11-03
CLI-01551,Adela María Teresa Cadena,Jubilado,12322.79,Bajo,2025-04-09
CLI-01552,María Elena Varela Olivárez,Jubilado,13450.26,Bajo,2025-10-18
CLI-01553,Patricia Fabiola Morales de la Torre,Empresario / Comerciante,120237.54,Alto,2024-01-25
CLI-01554,Eugenio Humberto Jaimes,Empleado Sector Privado,32726.64,Medio,2025-09-28
CLI-01555,Dr. Rodrigo Matos,Empleado Sector Privado,42356.51,Medio,2024-05-15
CLI-01556,Estefanía Miramontes,Jubilado,13925.36,Bajo,2024-01-29
CLI-01557,Ing. Renato Portillo,Empleado Sector Privado,14860.71,Medio,2026-02-18
CLI-01558,Sr. Humberto Casares,Estudiante,2840.08,Bajo,2025-02-02
CLI-01559,Lic. Caridad Muro,Estudiante,5537.44,Bajo,2026-05-20
CLI-01560,Estela Escobar,Empresario / Comerciante,120307.13,Alto,2024-10-16
CLI-01561,Gerardo Leonardo Vásquez Valdivia,Empresario / Comerciante,112900.73,Alto,2024-05-16
CLI-01562,Natalia Antonia González Quintero,Empleado Sector Privado,20176.95,Medio,2024-07-14
CLI-01563,Ángela Ramos,Desempleado,336.99,Alto,2024-06-24
CLI-01564,Alvaro Jaramillo Ojeda,Jubilado,12812.99,Bajo,2023-12-14
CLI-01565,Dra. Carla Zelaya,Desempleado,2430.37,Alto,2024-04-27
CLI-01566,Srita. Natalia Dávila,Desempleado,107.3,Alto,2024-06-25
CLI-01567,Tomás Jacobo Vásquez Concepción,Desempleado,3503.31,Alto,2024-02-21
CLI-01568,Dra. Estela Ceballos,Empleado Sector Privado,29085.72,Medio,2025-08-29
CLI-01569,Ana Luisa Garibay,Jubilado,7452.4,Bajo,2026-04-26
CLI-01570,Ing. Jerónimo Ontiveros,Empresario / Comerciante,109108.41,Alto,2024-01-04
CLI-01571,Amalia Martha Olmos,Estudiante,6702.81,Bajo,2023-08-26
CLI-01572,Samuel Ochoa,Empleado Sector Privado,28331.29,Medio,2025-10-17
CLI-01573,Francisca Amelia Arenas Sandoval,Estudiante,3446.49,Bajo,2023-08-22
CLI-01574,Cynthia Susana Carvajal,Desempleado,2375.72,Alto,2023-07-20
CLI-01575,Dr. Cristobal Rico,Jubilado,16553.42,Bajo,2025-03-23
CLI-01576,Cecilia Minerva Márquez,Estudiante,7921.3,Bajo,2025-02-10
CLI-01577,María del Carmen Antonia Valdez Becerra,Profesionista Independiente,20939.23,Medio,2024-09-26
CLI-01578,Joaquín José María Yáñez Crespo,Jubilado,10471.23,Bajo,2024-01-27
CLI-01579,Dra. Barbara Romero,Jubilado,13878.25,Bajo,2025-01-30
CLI-01580,Sergio Botello Acosta,Empresario / Comerciante,240890.6,Alto,2023-12-29
CLI-01581,Virginia Mercedes Serrano Santana,Estudiante,2100.14,Bajo,2024-03-18
CLI-01582,Renato Hugo Villagómez,Estudiante,2082.76,Bajo,2026-02-01
CLI-01583,Marisol Rodríquez,Empleado Sector Privado,13314.29,Medio,2025-12-08
CLI-01584,Federico Flavio Tafoya Calderón,Estudiante,7692.08,Bajo,2025-11-23
CLI-01585,Reynaldo Reynaldo Tamayo Tórrez,Empresario / Comerciante,151322.12,Alto,2024-07-17
CLI-01586,Caridad Minerva Orozco,Desempleado,2850.52,Alto,2024-10-03
CLI-01587,Ivonne Meza Carrillo,Empresario / Comerciante,134715.05,Alto,2025-07-22
CLI-01588,Ing. Federico Cotto,Empresario / Comerciante,66485.56,Alto,2024-05-26
CLI-01589,Patricio Salinas,Jubilado,11989.52,Bajo,2023-12-20
CLI-01590,Ing. Elena Zapata,Empleado Sector Privado,21156.44,Medio,2023-10-16
CLI-01591,Mario Tamayo,Profesionista Independiente,18555.97,Medio,2026-02-21
CLI-01592,Lorenzo Mauro Marín,Empleado Sector Privado,44152.34,Medio,2024-07-24
CLI-01593,Esteban Miguel Ángel Alvarez,Empleado Sector Privado,29700.88,Medio,2023-08-04
CLI-01594,Srita. Nayeli Cavazos,Empresario / Comerciante,167287.43,Alto,2025-03-26
CLI-01595,Alicia Elsa Flores,Desempleado,2724.22,Alto,2025-03-29
CLI-01596,Sr. César Heredia,Estudiante,3861.02,Bajo,2023-10-10
CLI-01597,Hugo Mario Terrazas Collado,Empresario / Comerciante,195991.68,Alto,2025-07-04
CLI-01598,Ricardo Oswaldo Pedroza,Empleado Sector Privado,13910.9,Medio,2024-12-07
CLI-01599,Pilar Alta  Gracia Rentería Lira,Estudiante,7547.77,Bajo,2024-06-27
CLI-01600,Bianca Nazario Caldera,Estudiante,4720.23,Bajo,2025-07-12
CLI-01601,Elisa Marisol Serrato,Jubilado,5715.37,Bajo,2025-04-21
CLI-01602,Armando Mena Urías,Desempleado,2966.77,Alto,2024-04-16
CLI-01603,Bruno Jáquez,Desempleado,702.58,Alto,2023-11-16
CLI-01604,Víctor Peres,Estudiante,6247.4,Bajo,2024-05-28
CLI-01605,Sonia Escalante,Desempleado,45.4,Alto,2026-05-09
CLI-01606,Antonia Paola Arredondo Puga,Empresario / Comerciante,240603.24,Alto,2026-04-05
CLI-01607,Ana Pérez,Jubilado,11723.9,Bajo,2024-12-31
CLI-01608,Nicolás Eduardo Elizondo Roldán,Desempleado,1036.99,Alto,2024-09-03
CLI-01609,Horacio Bañuelos Gómez,Profesionista Independiente,20711.88,Medio,2025-10-03
CLI-01610,Wendolin Lilia Arteaga Chávez,Profesionista Independiente,47982.11,Medio,2023-11-06
CLI-01611,Samuel Reynaldo Nieves,Estudiante,6628.58,Bajo,2025-07-20
CLI-01612,Débora Carmona Páez,Estudiante,4010.07,Bajo,2025-09-25
CLI-01613,Ing. Sara Rubio,Empresario / Comerciante,104396.12,Alto,2024-09-01
CLI-01614,Dr. Vicente Concepción,Estudiante,3577.7,Bajo,2025-11-08
CLI-01615,Bianca Jaramillo,Jubilado,13157.93,Bajo,2023-10-10
CLI-01616,Georgina Ruby Ramírez Borrego,Empresario / Comerciante,141039.56,Alto,2024-01-18
CLI-01617,José Darío Rodarte,Profesionista Independiente,17494.76,Medio,2025-12-07
CLI-01618,Trinidad Susana Piña,Jubilado,7169.46,Bajo,2025-06-29
CLI-01619,Hernán Palomo Jáquez,Empleado Sector Privado,20418.83,Medio,2025-10-05
CLI-01620,Elena Badillo,Estudiante,7365.61,Bajo,2026-04-27
CLI-01621,Anel Escobar Brito,Desempleado,2891.11,Alto,2025-08-10
CLI-01622,Emilio Toro Rojas,Empleado Sector Privado,36445.74,Medio,2026-01-31
CLI-01623,Leonel Emilio Arredondo,Estudiante,2264.23,Bajo,2023-06-19
CLI-01624,Iván Salvador Almaraz Serrano,Estudiante,3467.31,Bajo,2024-10-17
CLI-01625,Antonia Nadia Verduzco,Empresario / Comerciante,122795.3,Alto,2025-09-21
CLI-01626,Fernando Rufino de la Fuente,Empleado Sector Privado,17905.71,Medio,2026-04-27
CLI-01627,Débora Acevedo,Estudiante,5317.19,Bajo,2024-08-26
CLI-01628,Bruno Víctor del Río,Desempleado,2962.66,Alto,2023-06-20
CLI-01629,Magdalena Mercedes Escobar,Empresario / Comerciante,94903.06,Alto,2024-02-09
CLI-01630,Rosa Munguía Serna,Empleado Sector Privado,25736.47,Medio,2024-06-05
CLI-01631,Verónica Arroyo Estrada,Desempleado,1279.74,Alto,2023-07-13
CLI-01632,Catalina Daniela Arenas Miramontes,Estudiante,5429.22,Bajo,2025-09-03
CLI-01633,Mariano Emiliano Flórez,Estudiante,5012.25,Bajo,2024-02-03
CLI-01634,Mitzy Domínguez,Estudiante,3076.07,Bajo,2025-01-23
CLI-01635,Angélica Indira Sauceda,Jubilado,17758.38,Bajo,2025-10-01
CLI-01636,Pablo José María Carmona,Empresario / Comerciante,63785.29,Alto,2025-10-25
CLI-01637,Lic. Lorenzo Ávalos,Empresario / Comerciante,223206.45,Alto,2024-01-09
CLI-01638,Ilse Vásquez Trujillo,Profesionista Independiente,29728.54,Medio,2024-12-02
CLI-01639,Ing. José María Benavídez,Jubilado,10937.7,Bajo,2024-09-30
CLI-01640,Estela Sandoval Zúñiga,Profesionista Independiente,24030.2,Medio,2026-04-17
CLI-01641,Germán Miramontes Gonzales,Jubilado,15198.59,Bajo,2025-07-17
CLI-01642,Mario Emilio Corrales,Desempleado,2490.87,Alto,2024-09-12
CLI-01643,Raquel Orosco,Empresario / Comerciante,123654.73,Alto,2025-09-27
CLI-01644,Dra. Paulina Montez,Empresario / Comerciante,249557.42,Alto,2024-01-17
CLI-01645,Lorena Saavedra Riojas,Empleado Sector Privado,36171.29,Medio,2026-02-13
CLI-01646,Dra. Mayte Centeno,Jubilado,14886.27,Bajo,2024-02-26
CLI-01647,Isabela Pabón Escalante,Empleado Sector Privado,16968.69,Medio,2023-11-24
CLI-01648,Emilio Gómez,Empresario / Comerciante,54782.05,Alto,2024-10-12
CLI-01649,Gilberto Vanegas,Jubilado,9503.51,Bajo,2026-02-03
CLI-01650,Javier Mora,Desempleado,3508.79,Alto,2026-05-27
CLI-01651,Patricio Zapata Alarcón,Profesionista Independiente,15065.79,Medio,2023-12-09
CLI-01652,Dulce María Esperanza Valladares,Desempleado,1505.1,Alto,2024-08-17
CLI-01653,Alejandra Judith Botello Campos,Desempleado,2908.86,Alto,2023-11-10
CLI-01654,Marisol Alta  Gracia Fonseca Bernal,Estudiante,3231.17,Bajo,2024-01-18
CLI-01655,Adela Irma Cortés,Empleado Sector Privado,25853.92,Medio,2024-03-28
CLI-01656,Sra. Noelia Barela,Estudiante,7835.36,Bajo,2023-11-04
CLI-01657,Agustín Meraz,Empleado Sector Privado,35484.53,Medio,2025-10-25
CLI-01658,Dra. Gabriela Orta,Estudiante,2263.4,Bajo,2023-10-04
CLI-01659,Lic. Cristian Mena,Empleado Sector Privado,41610.49,Medio,2025-12-10
CLI-01660,Jonás Humberto Covarrubias Acevedo,Jubilado,10369.74,Bajo,2024-03-08
CLI-01661,Reina Adriana Lara,Profesionista Independiente,35630.61,Medio,2023-07-17
CLI-01662,Omar Varela Baca,Desempleado,339.61,Alto,2026-04-24
CLI-01663,Silvia Tórrez,Estudiante,5032.57,Bajo,2025-10-15
CLI-01664,Pamela Armendáriz,Desempleado,3279.85,Alto,2026-05-29
CLI-01665,Lic. Mateo Barragán,Estudiante,5551.37,Bajo,2025-06-18
CLI-01666,David Omar Zedillo,Estudiante,4609.9,Bajo,2025-02-28
CLI-01667,Linda Quiñones,Empleado Sector Privado,19813.47,Medio,2024-04-18
CLI-01668,Dr. Gerónimo Macías,Profesionista Independiente,53291.12,Medio,2023-09-13
CLI-01669,Eloisa Campos,Empresario / Comerciante,190145.12,Alto,2025-05-01
CLI-01670,Conchita Bétancourt Treviño,Desempleado,1305.01,Alto,2024-04-06
CLI-01671,Srita. Dalia Patiño,Empresario / Comerciante,104391.17,Alto,2024-08-17
CLI-01672,José Eduardo Alcala,Estudiante,7661.33,Bajo,2025-09-24
CLI-01673,Anabel Leonor Mateo Tijerina,Empleado Sector Privado,37737.92,Medio,2025-01-01
CLI-01674,Mateo Nicolás de Jesús Elizondo,Jubilado,6416.65,Bajo,2026-02-18
CLI-01675,Olivia Ballesteros Gurule,Estudiante,2986.25,Bajo,2025-06-10
CLI-01676,Espartaco Juan Carlos Rubio,Empresario / Comerciante,112806.66,Alto,2024-10-21
CLI-01677,Raquel Noelia Alcaraz,Estudiante,5215.55,Bajo,2024-07-19
CLI-01678,Norma Tamayo Roybal,Empleado Sector Privado,26913.26,Medio,2025-06-04
CLI-01679,Dr. Luis Miguel Mercado,Empresario / Comerciante,103001.59,Alto,2023-06-14
CLI-01680,Dulce Esquibel Zedillo,Estudiante,2542.53,Bajo,2026-06-07
CLI-01681,Héctor Delgado,Desempleado,1216.86,Alto,2026-05-20
CLI-01682,Amanda Rebeca Guerrero,Desempleado,2787.51,Alto,2023-10-19
CLI-01683,Ing. Cristobal Negrón,Estudiante,3290.12,Bajo,2023-09-07
CLI-01684,Sandra Trujillo Rincón,Profesionista Independiente,21674.57,Medio,2026-05-29
CLI-01685,Patricio Zúñiga Serrano,Desempleado,992.88,Alto,2025-07-31
CLI-01686,Dra. Nelly Dávila,Profesionista Independiente,32831.0,Medio,2025-11-06
CLI-01687,Diana Porras,Estudiante,6063.1,Bajo,2026-03-31
CLI-01688,Bernabé Haro Palacios,Profesionista Independiente,51904.03,Medio,2025-03-05
CLI-01689,Esperanza Liliana Garza Ruiz,Empleado Sector Privado,13025.71,Medio,2026-02-07
CLI-01690,Flavio Rafaél Carmona Meraz,Empresario / Comerciante,220920.26,Alto,2025-04-22
CLI-01691,Arturo Alemán Estrada,Jubilado,14725.02,Bajo,2024-03-07
CLI-01692,Luis Miguel Lira Riojas,Empleado Sector Privado,15125.93,Medio,2024-12-07
CLI-01693,Genaro Riojas Flórez,Estudiante,6823.38,Bajo,2025-08-26
CLI-01694,Ing. Darío Magaña,Empleado Sector Privado,16007.96,Medio,2024-04-21
CLI-01695,Arturo Gustavo Cardenas Campos,Estudiante,6982.23,Bajo,2025-07-22
CLI-01696,Aurelio Genaro Tovar Aguayo,Empleado Sector Privado,16313.6,Medio,2025-10-01
CLI-01697,Sr. Jacobo Llamas,Empresario / Comerciante,124447.95,Alto,2025-05-04
CLI-01698,Rosalia María del Carmen Valverde Madera,Desempleado,3750.3,Alto,2025-01-08
CLI-01699,Liliana Alonzo,Estudiante,5493.94,Bajo,2023-06-22
CLI-01700,Darío Enrique Borrego,Profesionista Independiente,56284.29,Medio,2025-10-11
CLI-01701,Bianca Estefanía Hernandes Cantú,Estudiante,2130.8,Bajo,2026-04-07
CLI-01702,María Cristina Centeno,Estudiante,3186.5,Bajo,2024-07-03
CLI-01703,Rubén Chavarría,Desempleado,1773.73,Alto,2023-12-28
CLI-01704,Sra. María Luisa Collazo,Empleado Sector Privado,15035.3,Medio,2025-09-29
CLI-01705,César Vicente Gaitán,Profesionista Independiente,20513.74,Medio,2024-12-28
CLI-01706,Adriana Montaño,Empresario / Comerciante,60127.54,Alto,2023-08-09
CLI-01707,Elvia Vázquez,Jubilado,10631.03,Bajo,2025-12-09
CLI-01708,Vicente Arreola Bustos,Desempleado,1579.99,Alto,2023-12-07
CLI-01709,Sr. José Ponce,Estudiante,4296.38,Bajo,2025-04-24
CLI-01710,Yeni Ana Luisa Rodríquez,Empresario / Comerciante,84561.44,Alto,2023-12-27
CLI-01711,Sr. Fidel Reyna,Empleado Sector Privado,41974.04,Medio,2025-08-19
CLI-01712,Olivia Judith Crespo Olivo,Profesionista Independiente,27593.45,Medio,2024-12-19
CLI-01713,Ing. Flavio Rascón,Empleado Sector Privado,13143.43,Medio,2024-12-20
CLI-01714,Felipe Luis Manuel Coronado Alonzo,Jubilado,13020.7,Bajo,2025-04-26
CLI-01715,Ing. Fidel Almaraz,Desempleado,1180.42,Alto,2024-02-16
CLI-01716,Aurora Diana Nieves,Empresario / Comerciante,226555.71,Alto,2026-06-06
CLI-01717,Adalberto Nicolás Olmos Beltrán,Empresario / Comerciante,62195.81,Alto,2026-02-09
CLI-01718,Carolina Estefanía Quiñónez Aguilar,Profesionista Independiente,32235.69,Medio,2025-04-17
CLI-01719,Sr. Gabino Palomo,Empresario / Comerciante,89891.56,Alto,2024-06-14
CLI-01720,Lic. José Carlos Arroyo,Jubilado,8238.92,Bajo,2025-09-21
CLI-01721,Martín Ernesto Valdivia,Jubilado,15333.0,Bajo,2024-08-03
CLI-01722,Israel Víctor Tapia,Empresario / Comerciante,206383.15,Alto,2025-02-16
CLI-01723,Leonel Borrego Gil,Profesionista Independiente,36585.8,Medio,2025-03-30
CLI-01724,Timoteo Lucas Hernández Aragón,Empresario / Comerciante,118806.82,Alto,2024-08-01
CLI-01725,Lic. Luz Griego,Jubilado,11531.11,Bajo,2023-09-06
CLI-01726,Yeni Saavedra,Empresario / Comerciante,104087.14,Alto,2025-06-29
CLI-01727,Adela Sarabia,Estudiante,3913.27,Bajo,2025-09-04
CLI-01728,Modesto Villa Alarcón,Empleado Sector Privado,12967.01,Medio,2025-11-16
CLI-01729,Adán Leonel Ulibarri,Profesionista Independiente,17636.61,Medio,2023-08-23
CLI-01730,Alejandro Galindo,Empresario / Comerciante,155886.46,Alto,2026-04-26
CLI-01731,Augusto Timoteo Duarte,Jubilado,17994.87,Bajo,2025-10-24
CLI-01732,Srita. Anel Montaño,Empleado Sector Privado,15304.43,Medio,2023-10-30
CLI-01733,Lilia Ana María Granados Romo,Desempleado,964.61,Alto,2025-04-13
CLI-01734,Eloisa Regalado,Jubilado,15611.71,Bajo,2025-09-03
CLI-01735,Soledad Velázquez,Desempleado,223.63,Alto,2026-05-04
CLI-01736,Reynaldo Eric Vera Berríos,Empleado Sector Privado,30997.84,Medio,2024-04-18
CLI-01737,Hilda Báez,Empresario / Comerciante,120960.93,Alto,2025-12-06
CLI-01738,Georgina Norma Ramírez,Empleado Sector Privado,17811.31,Medio,2023-11-25
CLI-01739,Marcela Liliana Nieto,Jubilado,9134.06,Bajo,2024-01-15
CLI-01740,Elena Rosalia Vaca,Desempleado,2790.51,Alto,2023-12-16
CLI-01741,Ing. Gloria Jaramillo,Jubilado,5366.69,Bajo,2024-02-16
CLI-01742,Dr. Camilo Morales,Desempleado,1406.73,Alto,2025-05-18
CLI-01743,María José Macías,Jubilado,12326.88,Bajo,2026-04-09
CLI-01744,Óliver Beltrán,Jubilado,17328.79,Bajo,2025-01-17
CLI-01745,Homero Arellano Vanegas,Empresario / Comerciante,158424.92,Alto,2024-06-16
CLI-01746,Ing. Abel Haro,Empleado Sector Privado,28184.4,Medio,2024-07-10
CLI-01747,Aurelio Ramiro Colón,Estudiante,2337.01,Bajo,2025-04-20
CLI-01748,Alonso Bernabé Ramón,Jubilado,7844.52,Bajo,2025-07-20
CLI-01749,María Elena Moya,Jubilado,11213.86,Bajo,2024-12-22
CLI-01750,Octavio Figueroa,Profesionista Independiente,56305.33,Medio,2024-04-10
CLI-01751,Ángela Mitzy Madera Valverde,Empleado Sector Privado,38612.7,Medio,2024-10-25
CLI-01752,Verónica Lemus Navarro,Profesionista Independiente,47262.19,Medio,2023-12-26
CLI-01753,Aurora Zamudio Salcedo,Profesionista Independiente,17680.02,Medio,2025-04-16
CLI-01754,Agustín Francisco Collazo,Empleado Sector Privado,31358.1,Medio,2025-09-22
CLI-01755,Juan Roberto Bermúdez Serrano,Empleado Sector Privado,37554.09,Medio,2024-08-30
CLI-01756,Margarita Gracia Roldán,Jubilado,16188.7,Bajo,2024-05-12
CLI-01757,Srita. Barbara Sandoval,Estudiante,4241.54,Bajo,2024-04-25
CLI-01758,Rocío Alcaraz Gamez,Desempleado,1582.38,Alto,2023-08-13
CLI-01759,Federico Mercado Valle,Estudiante,4019.37,Bajo,2023-07-20
CLI-01760,Indira Partida Polanco,Profesionista Independiente,21140.33,Medio,2024-10-24
CLI-01761,Juana Mondragón,Empleado Sector Privado,36167.62,Medio,2025-08-30
CLI-01762,Lic. Victoria Lemus,Empresario / Comerciante,208368.5,Alto,2024-06-12
CLI-01763,Abigail Franco,Empresario / Comerciante,179836.05,Alto,2026-05-31
CLI-01764,Benito Navarrete,Empleado Sector Privado,35337.04,Medio,2025-06-29
CLI-01765,Ing. Iván Baeza,Jubilado,14016.29,Bajo,2025-01-09
CLI-01766,Sr. Aurelio Grijalva,Jubilado,15230.89,Bajo,2025-06-07
CLI-01767,Barbara Barrios,Empleado Sector Privado,33962.55,Medio,2025-09-19
CLI-01768,Amanda Clara Amador,Empleado Sector Privado,24486.68,Medio,2025-02-24
CLI-01769,Sessa Mayte Carrasco,Desempleado,2753.99,Alto,2025-03-07
CLI-01770,Emilia Gracia,Empleado Sector Privado,17864.37,Medio,2024-12-16
CLI-01771,Cristian Horacio de la Garza,Estudiante,7692.73,Bajo,2023-07-22
CLI-01772,Dr. Renato Quintana,Jubilado,10090.82,Bajo,2025-06-16
CLI-01773,Samuel Matos,Jubilado,5420.98,Bajo,2024-10-14
CLI-01774,Alvaro Zavala,Jubilado,9136.82,Bajo,2025-08-15
CLI-01775,Isaac Enrique Munguía,Jubilado,7871.64,Bajo,2025-04-06
CLI-01776,Hugo Octavio Concepción Olivo,Jubilado,6353.43,Bajo,2025-04-16
CLI-01777,Mariano Arenas Carvajal,Empresario / Comerciante,78128.67,Alto,2026-02-18
CLI-01778,Frida Isabela Zamudio,Desempleado,311.23,Alto,2025-06-24
CLI-01779,Conchita Diana Quezada,Profesionista Independiente,59207.08,Medio,2024-02-01
CLI-01780,David Guerra,Empleado Sector Privado,32994.16,Medio,2024-04-28
CLI-01781,Sra. Itzel Rivas,Estudiante,6929.97,Bajo,2023-10-08
CLI-01782,Sr. Bruno Guerrero,Desempleado,2556.41,Alto,2024-09-09
CLI-01783,Sra. Leticia Escobar,Profesionista Independiente,35098.35,Medio,2023-09-02
CLI-01784,Alfredo Arturo Gamez Aparicio,Profesionista Independiente,24435.79,Medio,2023-06-25
CLI-01785,Esperanza Pilar Santacruz,Desempleado,271.18,Alto,2025-06-08
CLI-01786,Dra. Estela Valverde,Profesionista Independiente,50415.9,Medio,2023-07-17
CLI-01787,Ricardo Isaac Olvera,Desempleado,5.12,Alto,2025-07-25
CLI-01788,María Ángela Castellanos,Empresario / Comerciante,137644.03,Alto,2024-12-09
CLI-01789,Arcelia Elvia Valdés,Empresario / Comerciante,243820.37,Alto,2026-04-02
CLI-01790,Horacio Emilio Uribe,Empresario / Comerciante,148616.4,Alto,2025-07-22
CLI-01791,Yeni Mariana Lovato Menéndez,Empresario / Comerciante,120246.23,Alto,2023-10-28
CLI-01792,Ing. Esperanza Prieto,Empresario / Comerciante,70285.71,Alto,2025-10-31
CLI-01793,José Manuél Gilberto Melgar Barela,Empresario / Comerciante,207746.0,Alto,2024-12-14
CLI-01794,Irene Aida Carvajal,Jubilado,13462.6,Bajo,2023-10-04
CLI-01795,Srita. Ruby Rubio,Desempleado,902.33,Alto,2025-03-01
CLI-01796,Sara Santacruz,Empresario / Comerciante,64741.88,Alto,2025-05-09
CLI-01797,Dr. Bruno Ontiveros,Estudiante,3769.45,Bajo,2024-01-11
CLI-01798,Bernardo Tomás Ríos,Profesionista Independiente,26750.75,Medio,2024-09-05
CLI-01799,Diego Vázquez Santana,Estudiante,2445.2,Bajo,2025-02-28
CLI-01800,Lic. Alejandra Lemus,Empleado Sector Privado,41301.73,Medio,2025-07-12
CLI-01801,Bernabé González Bonilla,Empleado Sector Privado,36155.51,Medio,2023-09-22
CLI-01802,Zacarías Figueroa,Jubilado,17243.84,Bajo,2025-12-19
CLI-01803,Alfonso Suárez,Estudiante,4027.7,Bajo,2024-09-19
CLI-01804,Delia Adriana Meraz,Jubilado,16611.94,Bajo,2024-12-06
CLI-01805,Israel Evelio Ávalos Tafoya,Desempleado,123.97,Alto,2025-05-17
CLI-01806,Liliana Narváez,Desempleado,659.99,Alto,2026-05-24
CLI-01807,Vanesa Montemayor,Empresario / Comerciante,81420.76,Alto,2025-07-18
CLI-01808,Sra. Norma Rael,Estudiante,3986.57,Bajo,2026-03-05
CLI-01809,David Olivera Patiño,Empleado Sector Privado,25506.24,Medio,2026-04-07
CLI-01810,Jacobo Negrón Zayas,Jubilado,14386.5,Bajo,2025-08-26
CLI-01811,Espartaco Benjamín Mateo,Desempleado,2160.5,Alto,2025-06-06
CLI-01812,Alma Silvia Zelaya,Desempleado,1126.09,Alto,2026-03-23
CLI-01813,Ing. Antonia Delgadillo,Empleado Sector Privado,15165.23,Medio,2024-10-27
CLI-01814,Abril Gurule,Empresario / Comerciante,164353.96,Alto,2023-06-24
CLI-01815,Hermelinda Zamudio,Empresario / Comerciante,80717.99,Alto,2026-06-01
CLI-01816,Lic. Florencia Macías,Profesionista Independiente,15171.7,Medio,2024-10-25
CLI-01817,Francisca Rosa Quintanilla Rocha,Estudiante,3767.3,Bajo,2025-08-25
CLI-01818,Santiago Abel Olivera,Desempleado,2500.36,Alto,2024-06-12
CLI-01819,Homero Navarrete Yáñez,Empresario / Comerciante,89934.96,Alto,2023-11-01
CLI-01820,Guillermina Zedillo,Estudiante,3241.72,Bajo,2024-05-29
CLI-01821,Patricio Gabino Tapia Espinal,Desempleado,1167.25,Alto,2026-04-10
CLI-01822,Guillermo Isaac Terán,Estudiante,4841.42,Bajo,2026-04-25
CLI-01823,Ivonne Raquel Mora,Estudiante,3850.12,Bajo,2024-09-22
CLI-01824,Paulina Montoya,Empresario / Comerciante,144188.89,Alto,2026-01-01
CLI-01825,Mauro Ramón Olmos Alva,Desempleado,1060.02,Alto,2024-09-04
CLI-01826,Lic. Teresa Becerra,Desempleado,2176.5,Alto,2026-01-21
CLI-01827,Gustavo Cornelio Munguía,Empleado Sector Privado,24243.68,Medio,2024-12-05
CLI-01828,José Carlos Alberto Loera,Empresario / Comerciante,123880.33,Alto,2025-07-28
CLI-01829,Sr. Ignacio Fierro,Empresario / Comerciante,58923.38,Alto,2025-06-15
CLI-01830,María del Carmen Karla Fernández,Empresario / Comerciante,143011.59,Alto,2025-10-27
CLI-01831,Ing. Rocío Terán,Empleado Sector Privado,39623.6,Medio,2024-08-11
CLI-01832,María José Aguayo Godínez,Jubilado,5801.31,Bajo,2025-08-25
CLI-01833,Nancy María Cristina Tafoya Marroquín,Desempleado,2669.87,Alto,2024-11-27
CLI-01834,Yolanda Norma Arias,Estudiante,6008.85,Bajo,2026-01-13
CLI-01835,Lic. Adela Enríquez,Jubilado,10381.83,Bajo,2023-10-05
CLI-01836,Alfredo Cavazos,Jubilado,7957.67,Bajo,2023-07-07
CLI-01837,Evelio Merino Avilés,Estudiante,7044.78,Bajo,2024-12-17
CLI-01838,Ing. Violeta Zamora,Jubilado,10442.22,Bajo,2024-10-11
CLI-01839,Lic. Conchita Robles,Jubilado,13931.88,Bajo,2024-07-18
CLI-01840,Dra. Bianca Peña,Empresario / Comerciante,164542.86,Alto,2023-11-10
CLI-01841,Mauro Gabriel Venegas Cedillo,Empleado Sector Privado,27716.66,Medio,2023-08-23
CLI-01842,Srita. Carla Cordero,Estudiante,4368.83,Bajo,2023-09-01
CLI-01843,Sr. Wilfrido Villegas,Desempleado,138.91,Alto,2023-06-20
CLI-01844,Nadia Guillermina Chavarría Carrera,Jubilado,16705.92,Bajo,2025-03-11
CLI-01845,Israel Diego Zapata,Jubilado,13807.95,Bajo,2025-07-12
CLI-01846,Emilia Estela Trejo,Jubilado,6916.82,Bajo,2026-03-28
CLI-01847,Héctor Hurtado Meléndez,Empresario / Comerciante,84575.79,Alto,2026-01-28
CLI-01848,Eric Salgado Cordero,Empleado Sector Privado,44081.44,Medio,2024-12-16
CLI-01849,Lic. Graciela Amador,Empleado Sector Privado,16164.14,Medio,2025-09-09
CLI-01850,Dra. Natividad Jimínez,Empresario / Comerciante,65673.7,Alto,2026-01-17
CLI-01851,Miriam Espino Gálvez,Desempleado,1741.57,Alto,2024-08-16
CLI-01852,Vicente Madera,Desempleado,591.51,Alto,2023-09-02
CLI-01853,Alonso Jaime,Jubilado,8352.52,Bajo,2024-04-18
CLI-01854,Omar Víctor Villanueva Báez,Desempleado,3656.7,Alto,2025-03-04
CLI-01855,Marcos Rodolfo Nájera Apodaca,Estudiante,2522.16,Bajo,2024-10-24
CLI-01856,José Manuél Pablo Santiago,Jubilado,10165.61,Bajo,2025-05-19
CLI-01857,Diana Zepeda Lucio,Profesionista Independiente,53548.09,Medio,2023-10-26
CLI-01858,Luisa Mariana Barragán Zepeda,Jubilado,10956.04,Bajo,2026-05-08
CLI-01859,Graciela Alejandra Casillas,Estudiante,6719.3,Bajo,2023-08-27
CLI-01860,Guillermo Mateo Lerma,Jubilado,12638.49,Bajo,2023-10-03
CLI-01861,Omar Quiñones Negrete,Empresario / Comerciante,72503.77,Alto,2024-08-30
CLI-01862,Adela Santillán,Empleado Sector Privado,16890.59,Medio,2023-10-15
CLI-01863,Sra. Luz Jurado,Jubilado,12574.8,Bajo,2024-05-07
CLI-01864,Raquel Virginia Mesa,Estudiante,7549.57,Bajo,2025-08-29
CLI-01865,Trinidad Esmeralda Maestas,Jubilado,15134.08,Bajo,2025-07-20
CLI-01866,Lucas Timoteo Archuleta Gamboa,Profesionista Independiente,54036.39,Medio,2024-01-09
CLI-01867,Irene Zedillo,Profesionista Independiente,54505.21,Medio,2024-03-08
CLI-01868,Liliana Dolores Lucio Cortez,Profesionista Independiente,32236.96,Medio,2024-12-20
CLI-01869,Reynaldo Jaime,Empresario / Comerciante,164404.65,Alto,2023-07-22
CLI-01870,Francisca Acuña,Empresario / Comerciante,57493.13,Alto,2025-02-23
CLI-01871,Gregorio Clemente Girón,Profesionista Independiente,33133.83,Medio,2025-01-04
CLI-01872,Elvia Reina Marrero,Jubilado,12912.52,Bajo,2024-11-09
CLI-01873,Lic. Horacio Muro,Desempleado,1606.88,Alto,2025-09-17
CLI-01874,Samuel Serafín Carrión Zamora,Empresario / Comerciante,227914.84,Alto,2025-07-29
CLI-01875,Andrea Inés Prado Mota,Profesionista Independiente,46073.12,Medio,2023-06-23
CLI-01876,Nicolás de Anda,Estudiante,6474.5,Bajo,2026-02-18
CLI-01877,Eva Socorro Zapata,Profesionista Independiente,55366.41,Medio,2024-03-22
CLI-01878,Serafín Toro,Estudiante,4027.2,Bajo,2026-04-04
CLI-01879,Alfonso Jaime Orozco Patiño,Profesionista Independiente,28992.72,Medio,2023-11-20
CLI-01880,Clara Citlali Solano Córdova,Empresario / Comerciante,221646.96,Alto,2025-05-21
CLI-01881,Dra. Nelly Ledesma,Desempleado,392.87,Alto,2024-01-17
CLI-01882,Andrea Olivas Barragán,Empleado Sector Privado,16434.72,Medio,2024-11-10
CLI-01883,Cristal Sandra Menchaca,Desempleado,1772.44,Alto,2025-03-12
CLI-01884,Dolores Blanca Figueroa,Profesionista Independiente,27123.9,Medio,2025-12-30
CLI-01885,Bernardo Hernán Escamilla Camacho,Empresario / Comerciante,170995.83,Alto,2024-09-08
CLI-01886,Srita. Elvia Camarillo,Estudiante,3127.61,Bajo,2026-05-27
CLI-01887,Mauricio Sisneros,Empleado Sector Privado,42143.28,Medio,2026-04-16
CLI-01888,Cornelio Aldo Melgar,Empresario / Comerciante,198188.96,Alto,2026-03-27
CLI-01889,Beatriz Ángela Ayala,Jubilado,16273.46,Bajo,2025-06-24
CLI-01890,Irene Nieto,Estudiante,5091.62,Bajo,2023-07-19
CLI-01891,Cynthia Sonia Villanueva,Empleado Sector Privado,14165.36,Medio,2024-09-04
CLI-01892,José Gerónimo Peña,Desempleado,2027.18,Alto,2023-09-24
CLI-01893,Ing. Nicolás Urrutia,Empleado Sector Privado,37757.04,Medio,2026-03-25
CLI-01894,Julio César Amador Tamayo,Jubilado,16431.32,Bajo,2026-03-08
CLI-01895,Lic. Citlali Lerma,Estudiante,3042.42,Bajo,2025-06-27
CLI-01896,Alta  Gracia Yolanda Valle Nájera,Empleado Sector Privado,39620.23,Medio,2024-09-15
CLI-01897,Abigail Mitzy Muro,Empleado Sector Privado,13091.34,Medio,2023-12-01
CLI-01898,Leonel Madera,Estudiante,7508.19,Bajo,2023-10-08
CLI-01899,Natividad Cristina Escamilla,Desempleado,796.44,Alto,2026-01-04
CLI-01900,Gonzalo Amador Maya,Profesionista Independiente,52057.78,Medio,2024-01-10
CLI-01901,Eugenio Valenzuela,Jubilado,10160.25,Bajo,2024-06-18
CLI-01902,Gonzalo Marco Antonio Navarrete,Estudiante,6087.05,Bajo,2024-08-04
CLI-01903,Irma Ana Luisa Olivárez Salgado,Empleado Sector Privado,24291.4,Medio,2025-08-08
CLI-01904,Martha Quesada de la Torre,Jubilado,10799.34,Bajo,2024-01-03
CLI-01905,Alejandra Ariadna Botello Lucio,Empresario / Comerciante,167376.05,Alto,2024-07-27
CLI-01906,Diana Saldaña Lara,Profesionista Independiente,30491.21,Medio,2026-04-16
CLI-01907,Sr. Isaac Rosario,Profesionista Independiente,48703.25,Medio,2023-11-04
CLI-01908,Dra. Juana Roybal,Desempleado,361.57,Alto,2025-06-09
CLI-01909,Úrsula Cornejo Chavarría,Estudiante,4319.39,Bajo,2026-05-04
CLI-01910,Sessa Loera Mireles,Empleado Sector Privado,40176.1,Medio,2025-05-16
CLI-01911,Ing. María Ávila,Empleado Sector Privado,40284.67,Medio,2024-09-05
CLI-01912,Sr. Héctor Núñez,Desempleado,900.45,Alto,2024-08-08
CLI-01913,Srita. María Villegas,Empleado Sector Privado,20879.76,Medio,2026-01-06
CLI-01914,Felix Almonte,Empresario / Comerciante,152656.25,Alto,2025-12-28
CLI-01915,Claudia Reina Rosas,Desempleado,35.59,Alto,2025-12-25
CLI-01916,René Nicolás Verdugo,Empleado Sector Privado,33363.26,Medio,2026-06-06
CLI-01917,Sessa Gaitán,Jubilado,15411.24,Bajo,2026-04-30
CLI-01918,Gregorio Juan Luna Ceja,Empleado Sector Privado,20328.88,Medio,2024-10-15
CLI-01919,Andrea Ontiveros de Jesús,Profesionista Independiente,47073.32,Medio,2023-11-13
CLI-01920,Dulce Ana Luisa Galindo,Desempleado,2570.96,Alto,2026-05-31
CLI-01921,Raúl Julio Serrano,Empresario / Comerciante,229096.6,Alto,2024-12-28
CLI-01922,Ing. Isaac Cuellar,Profesionista Independiente,35654.91,Medio,2023-08-26
CLI-01923,Srita. Esmeralda Solís,Empleado Sector Privado,27401.03,Medio,2024-10-16
CLI-01924,Georgina Reynoso Miramontes,Desempleado,2082.55,Alto,2026-04-01
CLI-01925,Francisco Javier Hidalgo Pichardo,Jubilado,10162.98,Bajo,2023-08-02
CLI-01926,Jaqueline Abigail Montalvo,Estudiante,2044.09,Bajo,2024-08-05
CLI-01927,Gabino Maximiliano Navarro Ulloa,Desempleado,3865.94,Alto,2026-03-12
CLI-01928,René David Barreto,Profesionista Independiente,40265.57,Medio,2025-06-08
CLI-01929,Dra. Dulce María Páez,Jubilado,12917.65,Bajo,2023-10-23
CLI-01930,Cristian Julio César Mota Toro,Profesionista Independiente,45798.59,Medio,2025-07-28
CLI-01931,Carlota Razo,Empresario / Comerciante,62767.41,Alto,2025-10-20
CLI-01932,Lic. Lourdes Colunga,Profesionista Independiente,43826.76,Medio,2024-09-17
CLI-01933,Catalina Caballero,Profesionista Independiente,26751.61,Medio,2026-02-20
CLI-01934,Claudia Delgadillo Ozuna,Desempleado,3808.75,Alto,2023-09-13
CLI-01935,Sr. Mauricio Bravo,Desempleado,1195.16,Alto,2024-03-04
CLI-01936,Uriel Guillermo Castañeda,Empleado Sector Privado,29070.69,Medio,2025-10-22
CLI-01937,Flavio José Manuél Serrano,Empleado Sector Privado,41689.67,Medio,2026-01-08
CLI-01938,Lic. Porfirio Cervántez,Jubilado,10253.28,Bajo,2025-05-28
CLI-01939,Luisa Daniela Jiménez,Profesionista Independiente,45634.01,Medio,2024-10-04
CLI-01940,Esmeralda Arenas Santiago,Desempleado,101.82,Alto,2025-11-04
CLI-01941,Flavio Soto,Empresario / Comerciante,249493.82,Alto,2023-07-11
CLI-01942,Mateo Medrano,Profesionista Independiente,55811.02,Medio,2024-01-22
CLI-01943,Eugenia Dulce Burgos Otero,Empresario / Comerciante,127654.98,Alto,2023-09-11
CLI-01944,José Eduardo Tejeda Limón,Estudiante,5498.14,Bajo,2026-05-17
CLI-01945,Rocío Asunción Espinal Sotelo,Jubilado,15608.19,Bajo,2024-06-26
CLI-01946,Srita. Magdalena Matos,Profesionista Independiente,47694.74,Medio,2023-07-22
CLI-01947,María Luisa de la Rosa Limón,Empleado Sector Privado,34648.5,Medio,2025-05-28
CLI-01948,Graciela Diana Valenzuela de León,Desempleado,3139.59,Alto,2024-01-19
CLI-01949,Lic. Rosalia Velasco,Desempleado,1433.99,Alto,2023-11-19
CLI-01950,Ofelia Noemí Vega Paredes,Profesionista Independiente,53043.87,Medio,2023-12-23
CLI-01951,Joaquín Amador Tapia,Desempleado,3505.98,Alto,2025-12-06
CLI-01952,Lic. Alberto Maestas,Empleado Sector Privado,21694.87,Medio,2024-02-24
CLI-01953,Jos Tejeda Gracia,Empresario / Comerciante,75588.83,Alto,2025-05-21
CLI-01954,María Eugenia Mata,Profesionista Independiente,47633.4,Medio,2024-08-29
CLI-01955,Israel Héctor Valladares Fuentes,Jubilado,14917.94,Bajo,2026-01-21
CLI-01956,Elias Pichardo,Empleado Sector Privado,43248.47,Medio,2025-06-10
CLI-01957,Francisca María Eugenia Galarza Carbajal,Profesionista Independiente,44449.56,Medio,2025-06-03
CLI-01958,Sr. Mauro Vaca,Empleado Sector Privado,23724.35,Medio,2023-07-31
CLI-01959,Cristina Gonzales,Desempleado,3485.73,Alto,2023-11-28
CLI-01960,Ing. Javier Caldera,Empresario / Comerciante,207618.09,Alto,2023-11-25
CLI-01961,Ing. Gustavo Vera,Profesionista Independiente,31725.71,Medio,2024-10-21
CLI-01962,Caridad Socorro Ortiz Pacheco,Jubilado,8822.66,Bajo,2023-06-14
CLI-01963,Ofelia Alma Adame Gamez,Estudiante,4823.22,Bajo,2025-07-18
CLI-01964,Eduardo Navarro Rascón,Desempleado,2334.3,Alto,2024-05-16
CLI-01965,Perla Mojica Solorio,Jubilado,5925.8,Bajo,2024-12-10
CLI-01966,Guadalupe Arenas,Empleado Sector Privado,28515.75,Medio,2024-09-18
CLI-01967,Enrique Espartaco Puga,Desempleado,1526.68,Alto,2026-05-15
CLI-01968,Dra. María Luisa Altamirano,Profesionista Independiente,33589.83,Medio,2025-09-18
CLI-01969,Marcela Trinidad Vela Chavarría,Empleado Sector Privado,16533.05,Medio,2025-06-18
CLI-01970,María Elena Cristina Alva Yáñez,Empleado Sector Privado,23308.11,Medio,2025-04-10
CLI-01971,Sra. Leonor Arce,Jubilado,16606.99,Bajo,2024-04-10
CLI-01972,Esperanza Norma Paredes,Empresario / Comerciante,78644.83,Alto,2023-07-11
CLI-01973,Lic. Ramón Escamilla,Desempleado,721.43,Alto,2025-11-13
CLI-01974,Mario Gaytán,Estudiante,4925.49,Bajo,2023-12-18
CLI-01975,Raquel Dulce Soliz,Desempleado,3946.56,Alto,2024-03-09
CLI-01976,Ramón Francisco Javier Villagómez,Profesionista Independiente,43552.45,Medio,2023-09-28
CLI-01977,Lorenzo Girón,Estudiante,4712.32,Bajo,2026-05-08
CLI-01978,Elena Leticia Abrego,Empleado Sector Privado,37119.38,Medio,2025-11-07
CLI-01979,Lic. Isabela Aranda,Empleado Sector Privado,31017.2,Medio,2024-03-10
CLI-01980,Amanda Silvia Padrón Domínguez,Empleado Sector Privado,28156.04,Medio,2025-10-06
CLI-01981,Lic. Evelio Gallardo,Estudiante,2776.44,Bajo,2026-01-13
CLI-01982,Guadalupe Bravo Barrera,Empresario / Comerciante,176697.51,Alto,2024-08-30
CLI-01983,Oswaldo Ojeda,Empresario / Comerciante,135805.09,Alto,2024-06-06
CLI-01984,Leonor Luz Olvera Rivera,Empresario / Comerciante,126663.28,Alto,2025-10-19
CLI-01985,Gregorio Cadena,Estudiante,5202.7,Bajo,2025-09-14
CLI-01986,Porfirio Munguía Mascareñas,Desempleado,1492.41,Alto,2025-10-09
CLI-01987,Norma Lemus Segovia,Estudiante,7352.04,Bajo,2023-09-12
CLI-01988,Sergio Tamez Bermúdez,Jubilado,7477.5,Bajo,2023-09-25
CLI-01989,Noemí Silvia Córdova de León,Desempleado,16.5,Alto,2023-11-23
CLI-01990,Marcos Jesús Irizarry Nevárez,Desempleado,995.29,Alto,2024-08-09
CLI-01991,Mónica Rosalia Franco,Desempleado,3507.94,Alto,2025-09-18
CLI-01992,Sr. Teodoro Fernández,Profesionista Independiente,20801.89,Medio,2025-03-24
CLI-01993,Gustavo Benjamín Perea,Empresario / Comerciante,150667.3,Alto,2024-06-30
CLI-01994,Modesto Partida,Profesionista Independiente,22515.91,Medio,2025-04-19
CLI-01995,Clara Mejía Mercado,Estudiante,3789.21,Bajo,2024-08-03
CLI-01996,Gregorio Narváez,Profesionista Independiente,35516.68,Medio,2023-09-04
CLI-01997,Alfonso Ponce Rico,Jubilado,12752.81,Bajo,2024-08-05
CLI-01998,Vicente Pérez Benavídez,Profesionista Independiente,34514.94,Medio,2025-02-20
CLI-01999,Rodolfo Noriega,Desempleado,3981.89,Alto,2025-07-16
CLI-02000,Claudia Lerma Collazo,Profesionista Independiente,59826.25,Medio,2024-09-08
CLI-02001,Gilberto Rufino González,Empresario / Comerciante,121850.18,Alto,2025-11-23
CLI-02002,Catalina Sara Sauceda Mateo,Empleado Sector Privado,17441.16,Medio,2024-05-08
CLI-02003,Dr. Gabriel Vigil,Empresario / Comerciante,53824.95,Alto,2026-05-03
CLI-02004,Celia Ontiveros Barrios,Empleado Sector Privado,35996.57,Medio,2025-10-09
CLI-02005,Ing. Luis Manuel Domínguez,Empleado Sector Privado,18969.28,Medio,2023-06-19
CLI-02006,Hilda Collado Heredia,Estudiante,5538.16,Bajo,2025-03-18
CLI-02007,Dr. Julio César Mascareñas,Empleado Sector Privado,16064.35,Medio,2024-10-11
CLI-02008,Dulce Gallardo Ortiz,Desempleado,2602.16,Alto,2023-12-13
CLI-02009,Wendolin Gurule,Estudiante,4251.15,Bajo,2025-03-04
CLI-02010,Nicolás Tijerina,Desempleado,1023.16,Alto,2025-12-26
CLI-02011,Ángela Gamboa,Jubilado,13100.75,Bajo,2024-10-30
CLI-02012,Maximiliano Alonso Espinal Colunga,Jubilado,17930.84,Bajo,2025-07-08
CLI-02013,Zeferino Israel Carreón,Desempleado,432.45,Alto,2025-07-27
CLI-02014,Lic. Eloy Salinas,Estudiante,2289.41,Bajo,2024-10-06
CLI-02015,Ignacio Escobar,Estudiante,4500.65,Bajo,2026-06-06
CLI-02016,Lic. Germán Herrera,Empresario / Comerciante,74719.01,Alto,2024-03-11
CLI-02017,Judith Arcelia Marroquín,Profesionista Independiente,36347.84,Medio,2025-10-28
CLI-02018,Sara Frida Regalado,Empleado Sector Privado,18781.33,Medio,2023-12-15
CLI-02019,Abigail Montoya Vélez,Desempleado,2521.25,Alto,2024-06-02
CLI-02020,Olga Nieto,Profesionista Independiente,33939.22,Medio,2025-12-30
CLI-02021,Antonio Orta Abrego,Estudiante,5974.9,Bajo,2025-06-06
CLI-02022,Ing. Pascual Ordóñez,Profesionista Independiente,43025.9,Medio,2023-11-16
CLI-02023,Lic. Flavio Alcala,Desempleado,548.65,Alto,2025-02-13
CLI-02024,Dra. Antonia Magaña,Estudiante,5069.51,Bajo,2024-08-18
CLI-02025,Rolando Valadez,Jubilado,6530.55,Bajo,2025-08-07
CLI-02026,Javier Jaime Hinojosa,Estudiante,6708.56,Bajo,2023-09-13
CLI-02027,Ing. Ruby Arreola,Empresario / Comerciante,89729.33,Alto,2023-12-05
CLI-02028,Dr. Francisco Javier Nájera,Empleado Sector Privado,37672.64,Medio,2026-05-21
CLI-02029,Cristobal José Luis Parra,Jubilado,17650.56,Bajo,2025-09-27
CLI-02030,Sra. Adriana Barrera,Profesionista Independiente,46654.65,Medio,2023-08-18
CLI-02031,Cornelio Santiago Acosta,Profesionista Independiente,22216.81,Medio,2024-02-01
CLI-02032,Lic. Luis Miguel Navarrete,Jubilado,11452.61,Bajo,2024-05-16
CLI-02033,Dra. Sessa Lucero,Empleado Sector Privado,34710.73,Medio,2026-03-09
CLI-02034,Marco Antonio Tejada Portillo,Empresario / Comerciante,116120.72,Alto,2025-04-29
CLI-02035,Paulina Amelia Preciado,Estudiante,2076.5,Bajo,2025-01-10
CLI-02036,Sr. Israel Guevara,Estudiante,7441.28,Bajo,2023-12-25
CLI-02037,Lic. Eduardo Estrada,Jubilado,13697.29,Bajo,2026-04-05
CLI-02038,Isabel Fonseca Ozuna,Empleado Sector Privado,43331.72,Medio,2026-04-19
CLI-02039,Soledad Madrigal,Jubilado,5975.63,Bajo,2025-01-04
CLI-02040,Roberto Gaona,Desempleado,405.16,Alto,2024-03-04
CLI-02041,Noelia Manzanares Rico,Profesionista Independiente,43995.16,Medio,2025-03-08
CLI-02042,Sara Solorio Adame,Empresario / Comerciante,247733.19,Alto,2026-05-03
CLI-02043,Alma Valles,Profesionista Independiente,26885.63,Medio,2024-04-04
CLI-02044,Emiliano Lozada,Estudiante,2598.85,Bajo,2024-08-01
CLI-02045,Rosalia Frida Almanza Bernal,Empleado Sector Privado,40846.63,Medio,2023-06-15
CLI-02046,Dolores Carmen Chavarría,Profesionista Independiente,31209.66,Medio,2024-04-16
CLI-02047,Ana Luisa Dalia Cortez,Desempleado,1250.83,Alto,2024-01-27
CLI-02048,Itzel Arce Escobar,Desempleado,463.6,Alto,2024-08-01
CLI-02049,Uriel Amaya,Estudiante,2058.03,Bajo,2024-03-13
CLI-02050,Alta  Gracia Marrero,Empleado Sector Privado,33890.72,Medio,2025-08-04
CLI-02051,José María Daniel Zelaya Aponte,Empleado Sector Privado,22845.81,Medio,2024-09-09
CLI-02052,Ariadna Salgado Mayorga,Empresario / Comerciante,241017.83,Alto,2024-10-18
CLI-02053,Amalia Sofía Lucio Carranza,Profesionista Independiente,54531.4,Medio,2025-08-19
CLI-02054,Lic. Karina Durán,Estudiante,4235.73,Bajo,2024-02-14
CLI-02055,Hilda Anaya,Profesionista Independiente,23229.12,Medio,2026-01-14
CLI-02056,Carlos Alvaro Sisneros de la Rosa,Empresario / Comerciante,130050.05,Alto,2023-12-13
CLI-02057,Aida Ofelia Guardado Madrid,Empresario / Comerciante,104366.62,Alto,2025-03-16
CLI-02058,Irma Karina Sáenz Lucero,Empresario / Comerciante,187980.49,Alto,2024-02-04
CLI-02059,Sra. Lilia Serrano,Empresario / Comerciante,209979.82,Alto,2023-11-07
CLI-02060,Adalberto Alva,Desempleado,3544.5,Alto,2026-05-07
CLI-02061,Araceli Vigil,Empleado Sector Privado,15730.87,Medio,2025-07-18
CLI-02062,Marco Antonio Pedro Vela Feliciano,Desempleado,2905.64,Alto,2024-10-04
CLI-02063,Rodolfo Jáquez,Empleado Sector Privado,15422.53,Medio,2024-02-14
CLI-02064,Ing. Alta  Gracia Treviño,Jubilado,11274.77,Bajo,2025-12-08
CLI-02065,Celia Adela Chapa Casares,Jubilado,13819.11,Bajo,2024-11-13
CLI-02066,Ing. Maximiliano Bustos,Empleado Sector Privado,32173.66,Medio,2024-09-23
CLI-02067,Ana Julia Zapata,Profesionista Independiente,42511.13,Medio,2023-07-18
CLI-02068,Joaquín Lerma Carrera,Desempleado,3519.8,Alto,2025-02-09
CLI-02069,Sonia Camila Rael,Desempleado,3893.78,Alto,2024-05-13
CLI-02070,Dr. Emiliano Corrales,Empleado Sector Privado,27941.63,Medio,2026-04-08
CLI-02071,Srita. Karina Parra,Empresario / Comerciante,72587.5,Alto,2025-12-04
CLI-02072,Dra. Pamela Maya,Empresario / Comerciante,138137.58,Alto,2025-05-12
CLI-02073,Uriel René Aranda,Estudiante,3569.68,Bajo,2025-08-25
CLI-02074,Natividad Tania Soliz Amador,Profesionista Independiente,15556.21,Medio,2025-04-02
CLI-02075,Tania Cynthia Acuña,Desempleado,2099.27,Alto,2023-07-15
CLI-02076,Cristian Espartaco Bétancourt,Desempleado,2306.6,Alto,2025-01-22
CLI-02077,Srita. María Elena Loya,Jubilado,7911.8,Bajo,2024-10-06
CLI-02078,Sr. José María Mireles,Desempleado,3492.57,Alto,2024-04-22
CLI-02079,Héctor Julio Ledesma Leal,Jubilado,11800.34,Bajo,2025-02-18
CLI-02080,Mariana Rosa Aragón,Desempleado,2472.96,Alto,2025-09-01
CLI-02081,Alma Esther Marroquín Mena,Empresario / Comerciante,182342.65,Alto,2026-05-21
CLI-02082,José María Romo,Empleado Sector Privado,27903.68,Medio,2026-05-25
CLI-02083,Daniela Amalia Barraza,Desempleado,2705.18,Alto,2026-05-30
CLI-02084,Mariana Meléndez,Empresario / Comerciante,79730.89,Alto,2023-12-14
CLI-02085,Eric Galindo Pedroza,Jubilado,16596.8,Bajo,2026-01-20
CLI-02086,María José Carlota Cornejo,Jubilado,5709.36,Bajo,2023-09-13
CLI-02087,Zeferino Arias Ocampo,Desempleado,3737.49,Alto,2023-12-05
CLI-02088,Lucas Bernardo Almonte Corrales,Jubilado,16034.99,Bajo,2024-10-08
CLI-02089,Daniela Susana Quiroz,Empresario / Comerciante,223883.13,Alto,2025-01-12
CLI-02090,Yeni Inés Olivera Rivera,Estudiante,6508.58,Bajo,2024-02-22
CLI-02091,Aurora Inés Carrera Burgos,Profesionista Independiente,25840.13,Medio,2023-12-05
CLI-02092,Jorge Porfirio Sandoval Tapia,Profesionista Independiente,17265.78,Medio,2024-03-21
CLI-02093,Lic. Joaquín Puga,Empleado Sector Privado,30166.35,Medio,2025-07-30
CLI-02094,Lic. Arturo Gutiérrez,Empresario / Comerciante,130655.4,Alto,2026-01-08
CLI-02095,Raúl López,Empleado Sector Privado,14601.41,Medio,2025-03-19
CLI-02096,María Elena Ana Carrera de la O,Empresario / Comerciante,210252.26,Alto,2025-01-25
CLI-02097,Sessa García Vélez,Empresario / Comerciante,67603.97,Alto,2023-08-24
CLI-02098,Hernán Sauceda,Empresario / Comerciante,139413.62,Alto,2024-05-18
CLI-02099,Dra. Wendolin Barela,Estudiante,7884.02,Bajo,2025-11-30
CLI-02100,Inés Polanco,Desempleado,2613.49,Alto,2024-09-12
CLI-02101,Gabino David Iglesias Pelayo,Estudiante,4420.64,Bajo,2025-02-04
CLI-02102,Alejandro Mena,Estudiante,5342.79,Bajo,2023-07-04
CLI-02103,Dr. Rodrigo Valdez,Estudiante,6955.45,Bajo,2026-04-02
CLI-02104,Emilio Iván Almaraz Pedroza,Jubilado,17521.23,Bajo,2025-02-16
CLI-02105,Dr. Claudio Delgado,Desempleado,1218.39,Alto,2023-06-21
CLI-02106,Sofía Minerva Abreu de la Rosa,Jubilado,12310.32,Bajo,2024-03-28
CLI-02107,Ernesto Cazares Velasco,Desempleado,2685.9,Alto,2023-11-28
CLI-02108,Gerónimo Guillermo Ortega Gaitán,Profesionista Independiente,31350.41,Medio,2025-05-30
CLI-02109,Lic. Ana Luisa Rosales,Estudiante,6899.53,Bajo,2024-01-14
CLI-02110,Wendolin Karina Alejandro,Empresario / Comerciante,116394.53,Alto,2024-07-17
CLI-02111,Alejandra Socorro Morales Salas,Jubilado,12799.36,Bajo,2026-04-12
CLI-02112,Isabela Ariadna Muro Nava,Desempleado,2628.67,Alto,2025-03-05
CLI-02113,Dr. Israel Jaime,Desempleado,1810.13,Alto,2025-11-20
CLI-02114,Nelly Serna Palomino,Estudiante,6555.92,Bajo,2024-03-15
CLI-02115,Lic. Úrsula Botello,Empleado Sector Privado,12072.5,Medio,2024-10-20
CLI-02116,Pedro Lara Márquez,Profesionista Independiente,52344.77,Medio,2023-11-07
CLI-02117,Minerva Peres,Profesionista Independiente,39646.08,Medio,2024-01-13
CLI-02118,Gilberto Casillas Aragón,Profesionista Independiente,46594.32,Medio,2025-09-12
CLI-02119,Ing. Adán Zarate,Estudiante,7381.26,Bajo,2024-02-04
CLI-02120,Socorro Irizarry,Empresario / Comerciante,78089.84,Alto,2026-01-15
CLI-02121,Fabiola Brito Botello,Desempleado,2970.04,Alto,2025-06-18
CLI-02122,Fabiola Pabón Casanova,Empresario / Comerciante,71392.3,Alto,2025-03-03
CLI-02123,Guadalupe Pilar Vergara Lozano,Jubilado,7546.98,Bajo,2026-03-12
CLI-02124,Sergio Vázquez Archuleta,Estudiante,7581.3,Bajo,2024-08-06
CLI-02125,Santiago Gonzalo Elizondo,Empresario / Comerciante,93117.9,Alto,2025-07-26
CLI-02126,Lic. Reynaldo Figueroa,Empleado Sector Privado,35654.0,Medio,2026-03-06
CLI-02127,Sr. Augusto Dueñas,Estudiante,6542.9,Bajo,2023-08-14
CLI-02128,Conchita Luisa Ávalos de la O,Estudiante,7559.76,Bajo,2024-01-03
CLI-02129,Salvador Barragán,Desempleado,2355.24,Alto,2023-07-07
CLI-02130,Alberto Héctor Jiménez,Empresario / Comerciante,141477.58,Alto,2025-06-07
CLI-02131,Felix Saavedra Elizondo,Jubilado,17430.47,Bajo,2024-01-24
CLI-02132,Roberto Abel Aparicio,Empleado Sector Privado,43807.21,Medio,2023-09-05
CLI-02133,Bernardo Gaitán Salinas,Estudiante,5182.19,Bajo,2023-12-07
CLI-02134,Dr. Mariano Espinosa,Estudiante,5319.36,Bajo,2025-02-11
CLI-02135,Esther Adriana Tirado,Empresario / Comerciante,217763.22,Alto,2023-11-24
CLI-02136,Reynaldo Altamirano,Empresario / Comerciante,234874.17,Alto,2024-04-03
CLI-02137,Srita. Marcela Miramontes,Empleado Sector Privado,34829.98,Medio,2023-07-25
CLI-02138,Agustín Velásquez Regalado,Empleado Sector Privado,36106.32,Medio,2025-08-23
CLI-02139,Jacinto Abraham Fajardo Jaime,Empleado Sector Privado,15417.28,Medio,2023-12-03
CLI-02140,Genaro Eugenio Vanegas,Desempleado,2402.18,Alto,2024-03-27
CLI-02141,Lic. José Emilio Puente,Profesionista Independiente,37684.96,Medio,2025-02-11
CLI-02142,Marisela Judith Sanches,Empresario / Comerciante,133732.95,Alto,2026-01-20
CLI-02143,Isabel Serrano,Jubilado,16906.83,Bajo,2025-12-12
CLI-02144,Aldonza Viera,Empleado Sector Privado,21028.66,Medio,2024-07-05
CLI-02145,Gloria Suárez Peres,Profesionista Independiente,58672.12,Medio,2024-08-02
CLI-02146,Felipe Gálvez,Empresario / Comerciante,210959.37,Alto,2023-11-30
CLI-02147,Oswaldo Alcaraz,Empleado Sector Privado,25620.6,Medio,2026-01-04
CLI-02148,Jaime Alvaro Ledesma Noriega,Desempleado,3545.75,Alto,2024-01-20
CLI-02149,Luis Miguel Patricio Gastélum Magaña,Jubilado,8885.87,Bajo,2024-05-11
CLI-02150,Dra. Rebeca Villanueva,Desempleado,2191.22,Alto,2025-03-11
CLI-02151,Espartaco Israel Sandoval Archuleta,Profesionista Independiente,47034.35,Medio,2025-02-21
CLI-02152,Fidel Barrientos Cotto,Jubilado,13223.58,Bajo,2023-09-20
CLI-02153,Porfirio Leal,Empleado Sector Privado,18920.52,Medio,2023-11-09
CLI-02154,Jacinto Javier Montez,Desempleado,1162.32,Alto,2024-07-03
CLI-02155,Ing. Hilda Arriaga,Profesionista Independiente,56453.63,Medio,2024-09-22
CLI-02156,Rosalia Trujillo,Empleado Sector Privado,44384.07,Medio,2023-11-20
CLI-02157,Lic. Natividad Guerra,Desempleado,3900.72,Alto,2024-09-07
CLI-02158,Sonia Fierro,Empleado Sector Privado,28628.48,Medio,2025-02-06
CLI-02159,Isabela Isabel Ramón Muro,Desempleado,2547.51,Alto,2024-11-16
CLI-02160,Cristal Marisol Escamilla Gaona,Desempleado,461.62,Alto,2025-02-06
CLI-02161,Leonor Citlali Ulibarri Heredia,Profesionista Independiente,40302.61,Medio,2025-01-22
CLI-02162,Mateo López,Jubilado,12418.3,Bajo,2026-04-05
CLI-02163,Darío Carbajal,Desempleado,2840.49,Alto,2023-07-10
CLI-02164,Leonel Ureña Saiz,Desempleado,2991.47,Alto,2025-03-11
CLI-02165,Ing. Rafaél Olivas,Jubilado,8717.06,Bajo,2025-10-19
CLI-02166,Leonor Estela Zayas Rivas,Empresario / Comerciante,211660.96,Alto,2026-05-03
CLI-02167,Jerónimo Eduardo Soliz Mena,Jubilado,6384.12,Bajo,2025-03-08
CLI-02168,Homero Vargas Valverde,Empresario / Comerciante,79065.34,Alto,2026-05-14
CLI-02169,Sr. Abel Mojica,Desempleado,226.42,Alto,2024-08-31
CLI-02170,Citlali Cuellar,Profesionista Independiente,48758.33,Medio,2024-08-26
CLI-02171,Araceli Carrera Godínez,Empleado Sector Privado,44456.57,Medio,2025-03-31
CLI-02172,Alberto Armando Almaraz Espinal,Desempleado,1002.24,Alto,2024-01-16
CLI-02173,Abel Orta,Estudiante,6143.57,Bajo,2024-09-30
CLI-02174,Lic. María Cristina Pineda,Profesionista Independiente,24180.04,Medio,2023-10-19
CLI-02175,Alfonso Calvillo Gaytán,Jubilado,5419.98,Bajo,2026-05-30
CLI-02176,Adalberto Linares Guevara,Empresario / Comerciante,70496.0,Alto,2024-01-10
CLI-02177,Modesto Gustavo Salazar Loera,Desempleado,2957.97,Alto,2026-05-30
CLI-02178,Ing. Mónica Corral,Empleado Sector Privado,36499.62,Medio,2024-03-02
CLI-02179,Tomás Claudio Quiñónez Chavarría,Jubilado,10055.53,Bajo,2024-07-26
CLI-02180,Genaro Cristobal Parra,Jubilado,15195.99,Bajo,2024-01-22
CLI-02181,Jacinto de la Rosa Perales,Desempleado,1150.55,Alto,2023-10-15
CLI-02182,Mauricio Claudio Fierro Carrero,Desempleado,187.92,Alto,2024-08-06
CLI-02183,Inés Bañuelos Zavala,Empresario / Comerciante,127510.93,Alto,2023-09-24
CLI-02184,Andrea Noemí Girón Roybal,Desempleado,1250.62,Alto,2024-03-31
CLI-02185,Vanesa Urrutia Baca,Jubilado,5699.43,Bajo,2024-08-07
CLI-02186,Dra. Norma Cordero,Desempleado,1005.36,Alto,2024-02-15
CLI-02187,Srita. Elvira Saldivar,Jubilado,16295.05,Bajo,2024-11-16
CLI-02188,Pascual Armando Hernádez Cruz,Empresario / Comerciante,215996.7,Alto,2024-05-10
CLI-02189,Amalia Véliz Gómez,Desempleado,2818.52,Alto,2024-07-15
CLI-02190,Mónica Esparta Rascón,Desempleado,1470.96,Alto,2025-05-20
CLI-02191,Aurelio Orosco Candelaria,Jubilado,12106.0,Bajo,2024-07-23
CLI-02192,Rolando Julio César Cavazos,Jubilado,7554.1,Bajo,2024-02-12
CLI-02193,María Eugenia Ruby Rangel Bermúdez,Desempleado,3857.16,Alto,2024-07-29
CLI-02194,Alma Anaya Alvarez,Profesionista Independiente,35196.67,Medio,2024-10-05
CLI-02195,Eloy Bonilla,Desempleado,297.88,Alto,2024-07-13
CLI-02196,Luis Miguel Soto,Empleado Sector Privado,36257.62,Medio,2026-01-17
CLI-02197,Zeferino Rincón Leyva,Estudiante,4263.19,Bajo,2025-06-23
CLI-02198,Ing. Gustavo Meléndez,Empresario / Comerciante,105822.45,Alto,2024-06-03
CLI-02199,Dr. René Briseño,Profesionista Independiente,20852.99,Medio,2024-05-24
CLI-02200,Lic. Perla Cano,Jubilado,15998.18,Bajo,2026-06-02
CLI-02201,Clara Robledo Estévez,Estudiante,3983.38,Bajo,2024-01-23
CLI-02202,Adalberto Porfirio Quiroz,Desempleado,3749.98,Alto,2025-03-27
CLI-02203,Ricardo Rafaél Arreola Villagómez,Estudiante,2922.22,Bajo,2025-03-01
CLI-02204,Ing. Violeta Vaca,Profesionista Independiente,41859.61,Medio,2024-02-10
CLI-02205,Diana Beltrán Olivares,Desempleado,2462.43,Alto,2023-08-02
CLI-02206,Sara Quezada Concepción,Desempleado,1204.62,Alto,2026-02-12
CLI-02207,Alonso Clemente Acevedo,Jubilado,12152.08,Bajo,2026-01-31
CLI-02208,José Emilio Padilla,Estudiante,6704.19,Bajo,2025-07-26
CLI-02209,Clara María José Gil Villalobos,Profesionista Independiente,38642.78,Medio,2024-04-28
CLI-02210,Israel Pascual Fuentes Naranjo,Empleado Sector Privado,29180.01,Medio,2024-09-12
CLI-02211,Zeferino Ignacio Sevilla Collado,Jubilado,7071.82,Bajo,2026-02-22
CLI-02212,Jacobo Aguilar de la Crúz,Jubilado,11981.47,Bajo,2025-11-07
CLI-02213,Jorge Zedillo,Estudiante,4096.42,Bajo,2026-03-05
CLI-02214,Abril Estefanía Romo Verduzco,Empleado Sector Privado,33890.04,Medio,2024-11-30
CLI-02215,Dr. Óliver Quiñones,Profesionista Independiente,31235.9,Medio,2024-04-09
CLI-02216,Zacarías Galván,Empleado Sector Privado,43360.17,Medio,2023-10-25
CLI-02217,Guadalupe Gallardo,Jubilado,11896.49,Bajo,2024-10-14
CLI-02218,Porfirio Isaac Saavedra Orta,Jubilado,15707.95,Bajo,2026-01-04
CLI-02219,Ramón José Eduardo Pacheco Aguilera,Desempleado,35.21,Alto,2024-03-22
CLI-02220,Lic. Abigail Garrido,Desempleado,1384.03,Alto,2025-05-26
CLI-02221,José Manuél Juan Carlos Zamudio,Empleado Sector Privado,41848.38,Medio,2026-05-22
CLI-02222,Jaime Teodoro Samaniego,Jubilado,16941.89,Bajo,2025-05-30
CLI-02223,Ramón Perea,Empleado Sector Privado,43643.59,Medio,2024-02-18
CLI-02224,Estela Victoria Duarte,Desempleado,3542.64,Alto,2023-08-10
CLI-02225,Ofelia Elsa Casas Vera,Empresario / Comerciante,233186.49,Alto,2024-03-03
CLI-02226,César Zarate,Estudiante,4315.26,Bajo,2023-08-24
CLI-02227,Santiago Pineda,Jubilado,14411.68,Bajo,2026-01-21
CLI-02228,Rubén Godínez,Estudiante,7468.02,Bajo,2024-06-27
CLI-02229,Lic. Martín Matos,Profesionista Independiente,38143.91,Medio,2023-08-04
CLI-02230,Leonel García,Jubilado,10792.24,Bajo,2024-11-19
CLI-02231,Ernesto Francisco Fajardo,Estudiante,3778.6,Bajo,2026-05-23
CLI-02232,Iván Alejandro Centeno,Desempleado,770.05,Alto,2024-08-12
CLI-02233,Abelardo José Eduardo Montes Pabón,Jubilado,6070.49,Bajo,2023-09-28
CLI-02234,Dr. Lucas Lugo,Estudiante,3004.37,Bajo,2024-03-23
CLI-02235,Norma Jaramillo,Jubilado,11931.68,Bajo,2025-07-23
CLI-02236,Esteban Gabino Lozano,Desempleado,261.89,Alto,2025-02-02
CLI-02237,Alma Débora Negrón,Desempleado,2518.06,Alto,2024-01-10
CLI-02238,Lic. René Serrato,Empleado Sector Privado,40543.38,Medio,2025-02-23
CLI-02239,Norma Zoé de la Garza,Empresario / Comerciante,217133.02,Alto,2025-07-01
CLI-02240,Gregorio Leiva,Empleado Sector Privado,29745.89,Medio,2025-12-01
CLI-02241,Abel Ulloa,Desempleado,3514.55,Alto,2025-03-06
CLI-02242,José Manuél de la Torre,Desempleado,3100.83,Alto,2025-11-12
CLI-02243,Sr. Cristobal Muñoz,Desempleado,3267.02,Alto,2023-12-13
CLI-02244,Margarita Soledad Urías,Estudiante,6481.34,Bajo,2025-10-18
CLI-02245,Miriam Herrera,Empleado Sector Privado,12783.85,Medio,2025-02-05
CLI-02246,Andrés Escamilla Nieves,Desempleado,1326.86,Alto,2025-06-05
CLI-02247,Amelia Patiño,Estudiante,2439.49,Bajo,2024-12-13
CLI-02248,Esmeralda Ybarra,Empleado Sector Privado,38209.09,Medio,2023-07-13
CLI-02249,Jorge Luis Villareal,Jubilado,5915.75,Bajo,2024-01-31
CLI-02250,Minerva Lozada,Empleado Sector Privado,42062.56,Medio,2025-12-09
CLI-02251,Pablo Rosas Ontiveros,Empresario / Comerciante,127606.52,Alto,2023-10-31
CLI-02252,Alejandro Patricio Otero,Desempleado,1617.79,Alto,2024-08-10
CLI-02253,Patricio Quiroz Piña,Profesionista Independiente,15760.09,Medio,2025-03-09
CLI-02254,Juan Raúl Loya Aragón,Desempleado,473.22,Alto,2024-12-09
CLI-02255,Salvador Loya,Estudiante,5848.54,Bajo,2024-05-12
CLI-02256,Esmeralda Marcela Ibarra Tirado,Jubilado,5822.09,Bajo,2023-12-03
CLI-02257,Araceli Anel Madrid Ybarra,Desempleado,2342.43,Alto,2023-08-03
CLI-02258,José María Barrios,Desempleado,3393.0,Alto,2024-05-20
CLI-02259,Ing. Julia Patiño,Profesionista Independiente,56762.15,Medio,2026-02-25
CLI-02260,Lic. Elias Esquivel,Estudiante,3739.02,Bajo,2023-08-24
CLI-02261,Aida Susana Reyes Garica,Desempleado,1205.4,Alto,2024-12-18
CLI-02262,Lic. Jaqueline Vanegas,Estudiante,3689.1,Bajo,2023-07-03
CLI-02263,Jerónimo Holguín,Empresario / Comerciante,126282.71,Alto,2023-11-19
CLI-02264,Victoria Cotto,Desempleado,123.28,Alto,2024-12-04
CLI-02265,Lorenzo Agustín Lemus,Empleado Sector Privado,29604.44,Medio,2024-03-07
CLI-02266,Esteban Clemente Mora Palacios,Empleado Sector Privado,36642.88,Medio,2025-01-07
CLI-02267,Patricia Natalia Armenta Cortés,Jubilado,8834.72,Bajo,2023-07-22
CLI-02268,Porfirio Garza de la O,Desempleado,576.3,Alto,2025-02-08
CLI-02269,Mayte Beatriz Becerra Zúñiga,Desempleado,3547.91,Alto,2023-12-28
CLI-02270,Paola Estefanía Bañuelos,Desempleado,2591.76,Alto,2024-10-13
CLI-02271,Sr. José Eduardo Garza,Estudiante,5321.15,Bajo,2026-02-04
CLI-02272,Antonia Natividad Henríquez,Jubilado,6837.86,Bajo,2026-03-28
CLI-02273,Julio César Julio Reyes,Estudiante,2030.18,Bajo,2025-10-06
CLI-02274,Germán Torres León,Jubilado,10123.06,Bajo,2024-09-24
CLI-02275,Vicente Martín Olivárez,Jubilado,17310.73,Bajo,2023-06-19
CLI-02276,Wilfrido Aurelio Menéndez Tafoya,Profesionista Independiente,24452.38,Medio,2025-10-15
CLI-02277,Ofelia Vallejo Casárez,Desempleado,3614.19,Alto,2025-09-22
CLI-02278,Lic. Abelardo Reynoso,Profesionista Independiente,24528.16,Medio,2026-01-08
CLI-02279,Vicente Bernardo Valencia,Desempleado,3405.84,Alto,2025-01-07
CLI-02280,Cristobal Camilo Prado Portillo,Empleado Sector Privado,17311.49,Medio,2024-01-17
CLI-02281,Ing. Andrea Coronado,Empleado Sector Privado,32357.2,Medio,2023-09-06
CLI-02282,Ana María Orellana Abreu,Profesionista Independiente,23744.68,Medio,2025-11-01
CLI-02283,Lilia Isabela Pérez,Empleado Sector Privado,34142.27,Medio,2024-02-29
CLI-02284,Reynaldo Octavio Valladares Leiva,Jubilado,16079.26,Bajo,2024-04-22
CLI-02285,Miguel Ángel Rosado,Jubilado,10996.45,Bajo,2025-03-02
CLI-02286,Paola Catalina Cortés Manzanares,Jubilado,5950.88,Bajo,2023-10-17
CLI-02287,René Iván Blanco Vásquez,Desempleado,269.45,Alto,2024-02-15
CLI-02288,Marisol Juana Montoya Holguín,Estudiante,3184.51,Bajo,2024-07-08
CLI-02289,Samuel Lomeli,Jubilado,11333.48,Bajo,2024-09-17
CLI-02290,Amador Camilo Abrego,Profesionista Independiente,31071.23,Medio,2025-05-16
CLI-02291,Dra. Sonia Romo,Desempleado,2621.89,Alto,2025-09-05
CLI-02292,Cecilia Vázquez,Estudiante,3710.82,Bajo,2023-12-18
CLI-02293,Armando Jos Collado,Estudiante,7400.71,Bajo,2025-04-06
CLI-02294,Nicolás Rivero Trujillo,Profesionista Independiente,36863.76,Medio,2023-08-14
CLI-02295,Rufino Segura Alvarez,Profesionista Independiente,42735.41,Medio,2024-06-06
CLI-02296,Ing. Leonardo Suárez,Profesionista Independiente,46205.62,Medio,2024-03-15
CLI-02297,Fernando Munguía,Empleado Sector Privado,30663.22,Medio,2024-05-04
CLI-02298,Mauricio Coronado,Profesionista Independiente,51346.49,Medio,2026-03-05
CLI-02299,Cornelio Evelio de la Torre González,Empresario / Comerciante,83727.9,Alto,2026-01-03
CLI-02300,Abraham Serafín Alonso,Profesionista Independiente,26077.88,Medio,2025-05-21
CLI-02301,Ing. Bernabé Valverde,Empleado Sector Privado,35502.57,Medio,2025-10-18
CLI-02302,Dr. Alvaro Esparza,Desempleado,1744.5,Alto,2026-01-06
CLI-02303,Reina Ceballos,Profesionista Independiente,21043.76,Medio,2023-07-31
CLI-02304,Úrsula Elvia Jaramillo,Desempleado,1326.25,Alto,2025-04-12
CLI-02305,Darío Lozada,Empresario / Comerciante,142569.68,Alto,2023-11-23
CLI-02306,Luisa Elsa Cardenas Terán,Profesionista Independiente,49864.51,Medio,2024-05-07
CLI-02307,Araceli Soliz Merino,Empresario / Comerciante,160334.37,Alto,2024-03-30
CLI-02308,Sra. Beatriz Ortiz,Empleado Sector Privado,33303.2,Medio,2025-07-30
CLI-02309,Natalia Cotto Esquivel,Estudiante,7050.76,Bajo,2024-10-31
CLI-02310,Dr. Oswaldo Soria,Empleado Sector Privado,41412.8,Medio,2025-06-03
CLI-02311,Luis Manuel Guillen,Empleado Sector Privado,20686.74,Medio,2024-11-17
CLI-02312,Mitzy Alvarado,Desempleado,305.85,Alto,2025-08-03
CLI-02313,Leonor Clara Domínguez Muñiz,Estudiante,7352.63,Bajo,2024-06-05
CLI-02314,Martha Briseño Arredondo,Jubilado,13211.14,Bajo,2023-06-13
CLI-02315,Francisco Javier Felipe Velásquez Cornejo,Jubilado,12525.71,Bajo,2025-03-28
CLI-02316,Dr. Alfonso Guerrero,Jubilado,7765.89,Bajo,2025-02-20
CLI-02317,Marco Antonio José Manuél Villareal,Estudiante,5309.56,Bajo,2024-01-05
CLI-02318,Lic. José Luis Hernádez,Jubilado,16621.82,Bajo,2023-08-14
CLI-02319,Sra. Carmen Merino,Jubilado,11137.35,Bajo,2025-06-17
CLI-02320,Alonso Valdés,Empleado Sector Privado,24072.01,Medio,2025-10-10
CLI-02321,Eloy Jerónimo Ortiz de la Fuente,Empleado Sector Privado,41417.44,Medio,2024-09-09
CLI-02322,Rodolfo Ernesto Linares,Jubilado,14531.95,Bajo,2024-03-02
CLI-02323,Frida Silvia Pulido Esquibel,Profesionista Independiente,21024.66,Medio,2024-01-13
CLI-02324,Estefanía Páez Caballero,Jubilado,11635.36,Bajo,2025-05-26
CLI-02325,Sr. Cristian Garza,Empresario / Comerciante,122773.11,Alto,2023-10-28
CLI-02326,Eduardo José María Carrera,Estudiante,5976.07,Bajo,2023-10-23
CLI-02327,Marco Antonio Marco Antonio Herrera Correa,Jubilado,13894.1,Bajo,2025-03-10
CLI-02328,María Amelia Cintrón,Jubilado,6824.82,Bajo,2024-08-10
CLI-02329,Jacobo Alfredo Nava Meléndez,Empleado Sector Privado,17911.79,Medio,2025-11-27
CLI-02330,Ing. Israel Bonilla,Jubilado,13572.37,Bajo,2024-05-29
CLI-02331,Citlali Gallardo Magaña,Empleado Sector Privado,36285.35,Medio,2024-02-18
CLI-02332,Uriel Flavio Rolón Tórrez,Empresario / Comerciante,237835.05,Alto,2025-11-24
CLI-02333,Ing. Esperanza Soto,Estudiante,3312.91,Bajo,2024-12-12
CLI-02334,Karina Noelia Cordero,Empresario / Comerciante,96349.98,Alto,2024-10-04
CLI-02335,Arcelia Aparicio Rojas,Profesionista Independiente,31624.58,Medio,2024-03-10
CLI-02336,Ariadna Noemí Hernádez Ramos,Estudiante,6011.51,Bajo,2026-02-08
CLI-02337,Ing. Asunción Barrientos,Jubilado,16800.44,Bajo,2024-03-28
CLI-02338,Espartaco Batista Cazares,Profesionista Independiente,32464.19,Medio,2024-01-24
CLI-02339,Beatriz Valdivia Feliciano,Empresario / Comerciante,226310.4,Alto,2024-10-01
CLI-02340,Teodoro Gerónimo Salcido Prado,Estudiante,7883.54,Bajo,2025-02-18
CLI-02341,Sr. Rufino Tamayo,Profesionista Independiente,19645.13,Medio,2025-10-20
CLI-02342,Israel Elias Aragón Pabón,Jubilado,13236.37,Bajo,2026-03-19
CLI-02343,Sandra Pabón,Profesionista Independiente,52569.25,Medio,2025-12-07
CLI-02344,Lic. Mauro Toledo,Profesionista Independiente,41038.41,Medio,2025-12-14
CLI-02345,Ángel Véliz,Jubilado,7260.05,Bajo,2023-11-25
CLI-02346,Sr. Abel Bermúdez,Desempleado,1514.07,Alto,2024-08-09
CLI-02347,Eugenio Jacinto Páez Brito,Jubilado,13493.38,Bajo,2026-05-26
CLI-02348,Genaro Berríos Castillo,Estudiante,5099.98,Bajo,2023-10-12
CLI-02349,Dalia María Cristina Lomeli,Empresario / Comerciante,244534.82,Alto,2026-02-20
CLI-02350,Beatriz Longoria,Empleado Sector Privado,29040.27,Medio,2024-06-20
CLI-02351,Dulce Eugenia Heredia,Profesionista Independiente,51775.65,Medio,2025-01-06
CLI-02352,Conchita Villa Macías,Profesionista Independiente,36908.77,Medio,2025-07-13
CLI-02353,Sra. Fabiola Yáñez,Empresario / Comerciante,227434.39,Alto,2026-05-23
CLI-02354,Adán Salcedo,Estudiante,5011.02,Bajo,2024-08-02
CLI-02355,Renato José Manuél Zaragoza Arevalo,Empleado Sector Privado,26516.66,Medio,2025-11-16
CLI-02356,Jesús Modesto Olivárez,Empleado Sector Privado,14543.91,Medio,2026-02-03
CLI-02357,Ing. Concepción Castillo,Desempleado,1123.24,Alto,2024-08-09
CLI-02358,Linda Daniela Vázquez,Empleado Sector Privado,18167.89,Medio,2026-05-19
CLI-02359,Sergio Omar Padilla,Profesionista Independiente,42090.91,Medio,2025-04-06
CLI-02360,Rafaél Longoria Reyes,Estudiante,5966.66,Bajo,2025-07-24
CLI-02361,Alberto Dueñas,Empresario / Comerciante,212234.53,Alto,2024-11-26
CLI-02362,Luis Manuel Eloy Valladares,Desempleado,453.35,Alto,2026-01-25
CLI-02363,Srita. Eva Peralta,Desempleado,1915.26,Alto,2025-04-28
CLI-02364,Sara Carolina Frías,Empleado Sector Privado,31496.1,Medio,2024-07-23
CLI-02365,Sandra Ríos,Desempleado,3333.46,Alto,2024-01-25
CLI-02366,Salma Becerra Amaya,Estudiante,3462.02,Bajo,2024-09-17
CLI-02367,Julio César de Anda Laboy,Empleado Sector Privado,30925.05,Medio,2026-03-20
CLI-02368,Raúl Campos Muñoz,Empleado Sector Privado,16445.89,Medio,2026-06-08
CLI-02369,Leonel Bernabé Arreola,Jubilado,5509.48,Bajo,2025-01-30
CLI-02370,Iván Zepeda Soria,Jubilado,6909.25,Bajo,2025-10-04
CLI-02371,Nadia Abigail Padilla Anaya,Empleado Sector Privado,20522.57,Medio,2024-02-14
CLI-02372,Srita. Francisca Gallegos,Empleado Sector Privado,29049.14,Medio,2025-08-09
CLI-02373,Andrea Salas Aparicio,Empresario / Comerciante,169871.5,Alto,2025-11-24
CLI-02374,Karina Elvira Toledo Becerra,Jubilado,13289.1,Bajo,2023-08-19
CLI-02375,Karina Olvera,Desempleado,2911.9,Alto,2023-06-30
CLI-02376,Concepción Sonia Villagómez,Profesionista Independiente,57626.42,Medio,2025-03-31
CLI-02377,Anel Zoé Coronado Tórrez,Empleado Sector Privado,26823.71,Medio,2023-09-10
CLI-02378,Carmen Patricia Tamez Lucero,Empresario / Comerciante,223460.48,Alto,2025-05-07
CLI-02379,Itzel Riojas,Empleado Sector Privado,19239.01,Medio,2023-07-07
CLI-02380,Luis Malave,Empresario / Comerciante,170167.74,Alto,2023-08-15
CLI-02381,Hernán Francisco Gamboa Rentería,Jubilado,15665.89,Bajo,2026-04-11
CLI-02382,Anabel Yeni Caldera Rodarte,Empleado Sector Privado,32565.99,Medio,2024-09-27
CLI-02383,Benito Gregorio Irizarry,Jubilado,8438.77,Bajo,2024-10-31
CLI-02384,Ana María Anel Cortés Sanabria,Desempleado,2742.36,Alto,2024-09-17
CLI-02385,Mauro Márquez,Empresario / Comerciante,169306.67,Alto,2025-09-21
CLI-02386,Alberto Rodríquez Preciado,Estudiante,3378.88,Bajo,2026-03-29
CLI-02387,Daniela Débora de la O Fierro,Empresario / Comerciante,76442.64,Alto,2025-10-11
CLI-02388,Elsa Roque,Estudiante,3214.09,Bajo,2026-04-24
CLI-02389,Carlota Rebeca Lira Armas,Jubilado,13896.78,Bajo,2023-08-12
CLI-02390,Gonzalo Zacarías Salazar Escalante,Empleado Sector Privado,31981.86,Medio,2024-05-06
CLI-02391,Yolanda Sara Cano Fuentes,Empleado Sector Privado,27703.68,Medio,2025-11-08
CLI-02392,Adalberto Manzanares Regalado,Jubilado,12797.58,Bajo,2023-08-24
CLI-02393,Ignacio Tórrez,Jubilado,11543.28,Bajo,2023-08-31
CLI-02394,Adriana Camila Cadena Márquez,Estudiante,2559.14,Bajo,2023-06-22
CLI-02395,Espartaco Esteban Estrada Garica,Desempleado,521.32,Alto,2023-10-25
CLI-02396,Adalberto Valdivia,Jubilado,12010.72,Bajo,2025-01-07
CLI-02397,Serafín Darío Solís,Estudiante,7381.81,Bajo,2025-05-26
CLI-02398,Sra. Paola Quiroz,Desempleado,2596.93,Alto,2023-12-25
CLI-02399,Sara Esther Ureña Sánchez,Jubilado,10468.89,Bajo,2025-05-14
CLI-02400,Zoé Luisa Paredes Ballesteros,Estudiante,6185.86,Bajo,2023-08-10
CLI-02401,Ofelia Avilés Palomo,Empresario / Comerciante,95897.25,Alto,2024-06-19
CLI-02402,Dra. Natividad Rivero,Empresario / Comerciante,207911.12,Alto,2023-10-20
CLI-02403,Miguel Ángel Delgado Bustamante,Empresario / Comerciante,120103.56,Alto,2026-04-12
CLI-02404,Dr. Luis Miguel Cazares,Desempleado,3631.44,Alto,2024-12-13
CLI-02405,Nayeli Alarcón Cardenas,Desempleado,2304.48,Alto,2025-01-23
CLI-02406,Rafaél Eugenio Gastélum Villareal,Empresario / Comerciante,76776.62,Alto,2024-09-05
CLI-02407,Diana Rosales,Empresario / Comerciante,203171.78,Alto,2025-06-11
CLI-02408,Raúl Abraham Beltrán,Estudiante,3699.6,Bajo,2026-04-03
CLI-02409,Elvira Elvira Jáquez Calderón,Jubilado,10312.41,Bajo,2026-04-04
CLI-02410,Ariadna Salma Páez Saucedo,Empleado Sector Privado,12180.49,Medio,2023-12-10
CLI-02411,Sr. Uriel Yáñez,Desempleado,3157.69,Alto,2024-09-10
CLI-02412,Andrés Melgar Sevilla,Jubilado,11793.03,Bajo,2025-09-03
CLI-02413,Adriana Collado,Jubilado,5093.52,Bajo,2023-10-03
CLI-02414,Jacobo Monroy,Desempleado,821.67,Alto,2026-01-21
CLI-02415,Claudio Vásquez Hurtado,Profesionista Independiente,33398.03,Medio,2025-03-09
CLI-02416,Emiliano Nicolás Maestas,Estudiante,2928.67,Bajo,2025-01-13
CLI-02417,Dolores Prado,Desempleado,2341.48,Alto,2023-08-14
CLI-02418,Dr. Eugenio Zarate,Profesionista Independiente,53473.96,Medio,2025-04-12
CLI-02419,Mercedes Sandoval Menéndez,Empresario / Comerciante,162934.05,Alto,2026-04-26
CLI-02420,Angélica Madera,Jubilado,8582.29,Bajo,2026-01-31
CLI-02421,Augusto Rodolfo Villalobos Fonseca,Desempleado,1589.82,Alto,2024-04-07
CLI-02422,Bruno Bruno Montañez,Empleado Sector Privado,25636.53,Medio,2025-12-11
CLI-02423,Abraham Brito Nava,Jubilado,11272.08,Bajo,2024-12-15
CLI-02424,Zacarías Tijerina Roque,Profesionista Independiente,40159.22,Medio,2025-09-08
CLI-02425,Ana Velasco,Empresario / Comerciante,100755.53,Alto,2023-10-22
CLI-02426,Gerónimo Jesús del Valle,Profesionista Independiente,40994.3,Medio,2024-08-07
CLI-02427,Julio Solís Leal,Desempleado,1592.52,Alto,2023-12-23
CLI-02428,Maximiliano Miguel Sosa,Empleado Sector Privado,40214.96,Medio,2023-09-05
CLI-02429,Rosalia Véliz Cabán,Desempleado,476.34,Alto,2025-12-18
CLI-02430,Flavio Angulo,Empleado Sector Privado,26737.63,Medio,2024-01-13
CLI-02431,Citlali Arredondo Zelaya,Desempleado,3796.98,Alto,2024-09-09
CLI-02432,Adriana Sonia Tapia,Estudiante,3286.75,Bajo,2023-11-09
CLI-02433,Josefina Linda Madera,Empresario / Comerciante,207216.22,Alto,2026-03-17
CLI-02434,Rosario Nancy Guardado Malave,Jubilado,12982.33,Bajo,2026-04-15
CLI-02435,Alonso Nicolás Peres,Desempleado,2827.16,Alto,2023-06-19
CLI-02436,Lic. Jaime Zavala,Empleado Sector Privado,24840.42,Medio,2025-10-22
CLI-02437,Rolando Gamboa,Desempleado,21.16,Alto,2023-09-09
CLI-02438,Raúl Roberto Bueno,Estudiante,6939.53,Bajo,2024-02-26
CLI-02439,Ing. Camila Casares,Empresario / Comerciante,235172.36,Alto,2025-04-09
CLI-02440,Vicente Montenegro,Empresario / Comerciante,67628.14,Alto,2024-08-18
CLI-02441,Iván Jorge Angulo,Profesionista Independiente,24979.66,Medio,2025-08-16
CLI-02442,Sra. Yolanda Saldaña,Estudiante,5654.17,Bajo,2023-07-15
CLI-02443,Eugenio Amador Aguayo,Desempleado,1537.3,Alto,2024-03-06
CLI-02444,Ing. Socorro Ordóñez,Empresario / Comerciante,172793.12,Alto,2025-11-17
CLI-02445,Sr. Luis Barrientos,Jubilado,8724.1,Bajo,2025-06-07
CLI-02446,Sr. Gilberto Salas,Jubilado,5747.02,Bajo,2026-04-24
CLI-02447,Mauro José María Bernal,Empleado Sector Privado,33129.61,Medio,2024-10-07
CLI-02448,Berta Natalia Oquendo Ozuna,Empresario / Comerciante,52142.08,Alto,2025-07-29
CLI-02449,Esteban Leiva,Desempleado,3723.03,Alto,2026-01-24
CLI-02450,Yeni Ángela Fajardo Perales,Jubilado,8718.08,Bajo,2023-07-16
CLI-02451,Lic. Frida Morales,Estudiante,6703.76,Bajo,2025-09-16
CLI-02452,Juan Uriel Godoy Porras,Jubilado,11705.58,Bajo,2024-12-19
CLI-02453,Lic. Diana Mares,Empleado Sector Privado,32301.27,Medio,2024-12-02
CLI-02454,Ing. Elvia Arellano,Desempleado,144.24,Alto,2024-12-31
CLI-02455,Reynaldo Darío Negrete Alvarado,Empleado Sector Privado,33615.63,Medio,2024-12-11
CLI-02456,Francisca Chapa Ornelas,Empleado Sector Privado,14865.81,Medio,2026-04-17
CLI-02457,Inés Mercado,Profesionista Independiente,50085.28,Medio,2024-01-16
CLI-02458,Lic. Noemí Valle,Profesionista Independiente,45134.79,Medio,2025-01-18
CLI-02459,Lucas Centeno Chávez,Empresario / Comerciante,167216.03,Alto,2025-05-22
CLI-02460,Juan Carlos Camilo Jaime,Jubilado,5199.76,Bajo,2024-04-24
CLI-02461,Tania Fabiola Sierra Santacruz,Desempleado,274.47,Alto,2025-07-09
CLI-02462,Rebeca Marcela Limón,Estudiante,5297.56,Bajo,2023-08-15
CLI-02463,Zoé Roque Trujillo,Desempleado,3319.06,Alto,2024-10-03
CLI-02464,Emilia Cervántez,Jubilado,9525.24,Bajo,2025-01-14
CLI-02465,Mónica Andrea Roybal Lozada,Profesionista Independiente,25183.3,Medio,2024-10-13
CLI-02466,Lic. Gabino Toledo,Empleado Sector Privado,27007.05,Medio,2024-06-17
CLI-02467,Aldo Valdez,Empresario / Comerciante,164981.34,Alto,2023-07-28
CLI-02468,Ariadna Nazario,Profesionista Independiente,22876.57,Medio,2023-09-18
CLI-02469,Frida Santiago,Jubilado,6384.04,Bajo,2026-06-06
CLI-02470,Daniela Sara Quiñones,Estudiante,5019.01,Bajo,2025-07-05
CLI-02471,Concepción Arreola,Profesionista Independiente,57615.7,Medio,2025-02-09
CLI-02472,Marisela Beatriz Noriega Olivas,Jubilado,17437.22,Bajo,2024-07-24
CLI-02473,Silvia Barraza,Jubilado,15570.92,Bajo,2025-09-16
CLI-02474,Ana Olivia Patiño,Jubilado,8251.84,Bajo,2024-09-23
CLI-02475,Adalberto Sarabia,Empresario / Comerciante,243211.09,Alto,2025-03-26
CLI-02476,Leticia Portillo,Jubilado,11287.19,Bajo,2023-08-30
CLI-02477,Ariadna Lara,Empleado Sector Privado,36996.62,Medio,2023-08-15
CLI-02478,Ana María Benavides Amador,Empresario / Comerciante,186318.93,Alto,2025-03-13
CLI-02479,Lic. Flavio Salcido,Jubilado,16206.3,Bajo,2024-10-24
CLI-02480,Ing. Hilda Villa,Empresario / Comerciante,73253.66,Alto,2023-12-19
CLI-02481,Ivonne Valladares,Estudiante,4296.04,Bajo,2024-02-08
CLI-02482,Sr. Diego Heredia,Empleado Sector Privado,34338.13,Medio,2025-08-30
CLI-02483,Eloisa Violeta Reséndez Mateo,Empleado Sector Privado,38405.33,Medio,2025-06-06
CLI-02484,Nelly Clara Escamilla,Empresario / Comerciante,241089.14,Alto,2025-04-06
CLI-02485,Emiliano Montez Garrido,Jubilado,11963.47,Bajo,2024-06-13
CLI-02486,Santiago Cotto Acevedo,Desempleado,3328.71,Alto,2023-11-12
CLI-02487,Jacobo Armando Garrido,Empleado Sector Privado,21480.56,Medio,2023-10-31
CLI-02488,Leticia Espinal Centeno,Empresario / Comerciante,184739.58,Alto,2025-01-15
CLI-02489,Rafaél Chavarría García,Profesionista Independiente,18421.3,Medio,2025-07-19
CLI-02490,Arcelia Barrientos,Empleado Sector Privado,27726.33,Medio,2025-11-24
CLI-02491,Daniel Diego Valverde Linares,Profesionista Independiente,24835.48,Medio,2023-12-04
CLI-02492,Cristina Laboy Jimínez,Jubilado,8497.99,Bajo,2024-07-13
CLI-02493,Emilia Noemí Orta Tejeda,Desempleado,2732.43,Alto,2024-11-03
CLI-02494,Miguel Ángel Lucio Escalante,Empleado Sector Privado,28466.98,Medio,2026-04-02
CLI-02495,Darío Antonio Luevano,Empleado Sector Privado,19750.43,Medio,2024-07-09
CLI-02496,Porfirio Orta,Empleado Sector Privado,40800.5,Medio,2024-01-29
CLI-02497,Araceli Carrero,Empleado Sector Privado,19563.85,Medio,2023-10-06
CLI-02498,Gregorio Alfredo Tórrez,Empleado Sector Privado,39599.05,Medio,2023-11-13
CLI-02499,Amador Mauro Varela Guardado,Profesionista Independiente,22019.8,Medio,2025-02-03
CLI-02500,José Manuél Sánchez,Estudiante,2719.27,Bajo,2024-02-05
CLI-02501,Tomás Alvarado,Estudiante,6054.87,Bajo,2024-10-15
CLI-02502,Cecilia Carmona,Desempleado,1970.66,Alto,2026-04-25
CLI-02503,Carolina Inés Sánchez,Estudiante,6585.47,Bajo,2026-02-21
CLI-02504,Andrea Figueroa,Jubilado,17453.91,Bajo,2026-01-16
CLI-02505,Pascual de Jesús Oquendo,Empresario / Comerciante,124239.31,Alto,2025-01-20
CLI-02506,Lic. Eric Godoy,Profesionista Independiente,37155.32,Medio,2025-02-02
CLI-02507,Ricardo Rufino Carrera Montañez,Jubilado,16293.99,Bajo,2026-03-28
CLI-02508,Beatriz Berta Puente,Empresario / Comerciante,86574.37,Alto,2024-11-25
CLI-02509,Jaime Salas Barraza,Jubilado,8643.47,Bajo,2024-07-18
CLI-02510,Gilberto Collazo Vázquez,Empleado Sector Privado,36755.59,Medio,2025-07-31
CLI-02511,Alfonso Jasso Espinal,Empleado Sector Privado,13786.89,Medio,2024-11-16
CLI-02512,Blanca Mireles,Empresario / Comerciante,145664.02,Alto,2024-08-28
CLI-02513,Rocío Ureña,Jubilado,5423.31,Bajo,2024-10-29
CLI-02514,Esparta Fierro,Profesionista Independiente,32717.26,Medio,2024-02-22
CLI-02515,Ángel Eloy Nava,Desempleado,3103.62,Alto,2026-04-12
CLI-02516,Angélica Garica Gómez,Empresario / Comerciante,245301.44,Alto,2025-03-15
CLI-02517,Helena Estévez Villalpando,Desempleado,2072.82,Alto,2024-06-22
CLI-02518,Wendolin Sonia Reynoso,Profesionista Independiente,46014.47,Medio,2025-01-17
CLI-02519,Ing. Óscar Rojo,Estudiante,6044.62,Bajo,2024-03-23
CLI-02520,Cristal Ariadna Osorio,Empresario / Comerciante,166201.64,Alto,2023-06-16
CLI-02521,Uriel Montalvo,Profesionista Independiente,31272.1,Medio,2023-07-20
CLI-02522,María Cristina Lovato Jáquez,Profesionista Independiente,23421.86,Medio,2026-05-20
CLI-02523,Dra. Anabel Cordero,Profesionista Independiente,25671.26,Medio,2024-03-09
CLI-02524,Zeferino Julio César Riojas Tejeda,Empresario / Comerciante,241705.36,Alto,2025-05-29
CLI-02525,María Luisa Natividad Cano,Profesionista Independiente,31466.59,Medio,2024-08-15
CLI-02526,Sr. Leonardo Casanova,Empresario / Comerciante,134788.58,Alto,2025-04-01
CLI-02527,Sra. Claudia Nieves,Empresario / Comerciante,190142.53,Alto,2023-09-28
CLI-02528,Aldo Isaac Loya Rodríguez,Profesionista Independiente,31428.51,Medio,2024-08-30
CLI-02529,Dr. Humberto Meza,Empresario / Comerciante,105925.91,Alto,2023-08-24
CLI-02530,Sonia Mercedes Vera Carranza,Empleado Sector Privado,30856.52,Medio,2024-05-11
CLI-02531,Ing. Andrés Camacho,Jubilado,13918.15,Bajo,2024-11-21
CLI-02532,Isabel Benavides Valenzuela,Estudiante,6324.89,Bajo,2025-12-03
CLI-02533,José Carlos Urías,Empleado Sector Privado,30326.22,Medio,2026-05-02
CLI-02534,Araceli Micaela Bernal,Empresario / Comerciante,89212.64,Alto,2025-12-12
CLI-02535,Cristal Linda Alejandro Pedroza,Desempleado,598.19,Alto,2025-11-07
CLI-02536,Noemí Mayte Cortés,Estudiante,3059.64,Bajo,2024-05-23
CLI-02537,Rocío Nelly Roybal Robles,Empresario / Comerciante,76894.34,Alto,2025-11-12
CLI-02538,Santiago Darío Huerta Galván,Desempleado,2068.03,Alto,2025-06-11
CLI-02539,Ing. César Aguayo,Desempleado,1262.91,Alto,2024-04-06
CLI-02540,Eloy Ángel Garrido,Empresario / Comerciante,110006.84,Alto,2026-05-24
CLI-02541,Jesús Esteban Salas Matías,Jubilado,16160.53,Bajo,2025-06-25
CLI-02542,Emilia Fabiola Santacruz,Estudiante,4390.41,Bajo,2026-02-22
CLI-02543,Pedro Aguirre,Desempleado,653.37,Alto,2026-03-08
CLI-02544,Lic. Mayte Badillo,Empleado Sector Privado,38856.0,Medio,2026-04-19
CLI-02545,Hilda Amanda Aponte Vélez,Empresario / Comerciante,217794.34,Alto,2025-02-02
CLI-02546,Martha Marisol Regalado,Estudiante,4699.13,Bajo,2024-01-12
CLI-02547,Elisa Mayte Rodarte,Profesionista Independiente,26689.61,Medio,2023-06-23
CLI-02548,Ramiro Ernesto Valentín,Profesionista Independiente,40215.75,Medio,2025-07-16
CLI-02549,Diana Monroy,Profesionista Independiente,30486.31,Medio,2024-09-20
CLI-02550,Luis Ríos,Empresario / Comerciante,74247.5,Alto,2023-09-23
CLI-02551,Inés Arcelia Tejeda Pineda,Desempleado,3852.47,Alto,2024-08-27
CLI-02552,Abril Rubio,Empleado Sector Privado,31036.17,Medio,2026-02-13
CLI-02553,Ramón José Montaño Correa,Desempleado,2596.52,Alto,2024-09-03
CLI-02554,Armando Patiño Girón,Empleado Sector Privado,44319.31,Medio,2023-09-03
CLI-02555,Rodrigo Romero,Profesionista Independiente,30979.91,Medio,2024-09-04
CLI-02556,Elias Iván Niño,Desempleado,2041.78,Alto,2025-10-13
CLI-02557,Alfredo Macías,Desempleado,1787.72,Alto,2024-04-30
CLI-02558,Modesto Claudio Fonseca Zúñiga,Estudiante,4286.43,Bajo,2024-11-28
CLI-02559,Gloria Holguín,Profesionista Independiente,35868.84,Medio,2024-01-05
CLI-02560,Pascual Sevilla Gallardo,Empleado Sector Privado,40652.5,Medio,2023-07-09
CLI-02561,Lic. Luisa Vega,Desempleado,3230.87,Alto,2025-07-29
CLI-02562,Carlos Badillo Carbajal,Profesionista Independiente,33981.74,Medio,2025-03-31
CLI-02563,Gregorio Juan Carlos Vera,Jubilado,12431.29,Bajo,2025-08-21
CLI-02564,Darío Jorge Ávila,Estudiante,2474.67,Bajo,2024-05-20
CLI-02565,Concepción Berta Marrero Ontiveros,Profesionista Independiente,25269.81,Medio,2024-06-08
CLI-02566,José Elizondo,Profesionista Independiente,44385.59,Medio,2024-05-12
CLI-02567,Karina Montes Carrillo,Desempleado,1069.89,Alto,2025-04-27
CLI-02568,Lucía Arteaga Caraballo,Desempleado,1581.82,Alto,2023-09-04
CLI-02569,Zoé Cynthia Armendáriz Rolón,Empresario / Comerciante,206194.81,Alto,2025-01-27
CLI-02570,Esmeralda Cedillo,Profesionista Independiente,48655.3,Medio,2025-08-27
CLI-02571,Abril Carlota Grijalva Briseño,Jubilado,17551.84,Bajo,2023-08-13
CLI-02572,Ana Luisa Gallegos Gallardo,Empresario / Comerciante,83463.62,Alto,2025-05-06
CLI-02573,Julia Jaime Lozada,Estudiante,2750.24,Bajo,2024-02-05
CLI-02574,Tania Inés Pichardo,Empleado Sector Privado,33846.74,Medio,2024-08-14
CLI-02575,Luis Leyva,Desempleado,2802.79,Alto,2024-06-04
CLI-02576,Ing. Héctor Villarreal,Estudiante,3263.43,Bajo,2025-08-10
CLI-02577,Gregorio Ledesma Nava,Empresario / Comerciante,70601.86,Alto,2025-10-24
CLI-02578,Conchita Mónica Barrios,Estudiante,7620.76,Bajo,2024-01-08
CLI-02579,Dr. Pablo Limón,Empresario / Comerciante,159686.75,Alto,2025-05-08
CLI-02580,Jorge Martín Valencia Ríos,Estudiante,6625.6,Bajo,2024-08-04
CLI-02581,Pascual Ricardo Acevedo de la Crúz,Jubilado,14944.95,Bajo,2024-01-22
CLI-02582,Rebeca Feliciano Paredes,Estudiante,2623.57,Bajo,2024-08-24
CLI-02583,María Eugenia Ruelas,Jubilado,7018.57,Bajo,2025-06-23
CLI-02584,Mario Gaitán Rivero,Desempleado,3726.36,Alto,2025-10-04
CLI-02585,Ofelia Nayeli Aranda Domínguez,Empresario / Comerciante,111874.13,Alto,2026-04-21
CLI-02586,Sr. Jaime Delgado,Empleado Sector Privado,36340.58,Medio,2023-11-03
CLI-02587,Vicente Madera,Empresario / Comerciante,175296.14,Alto,2026-05-10
CLI-02588,Gonzalo Aragón Mena,Empleado Sector Privado,29382.5,Medio,2024-07-03
CLI-02589,Fernando Leonel Arias,Empleado Sector Privado,12942.85,Medio,2024-08-26
CLI-02590,Soledad Valadez,Desempleado,1427.36,Alto,2024-01-09
CLI-02591,Anabel Cristal Regalado Esquibel,Profesionista Independiente,53890.85,Medio,2023-11-26
CLI-02592,Lic. Reynaldo Vigil,Empresario / Comerciante,244996.31,Alto,2024-02-12
CLI-02593,Sonia Natalia Ballesteros Zayas,Jubilado,17153.15,Bajo,2026-04-19
CLI-02594,Ángel José Carlos Verdugo,Jubilado,10782.98,Bajo,2024-11-11
CLI-02595,Sr. Joaquín Escalante,Desempleado,2157.15,Alto,2025-08-16
CLI-02596,Dr. Marcos Batista,Jubilado,12768.59,Bajo,2025-10-27
CLI-02597,Yuridia Marisol Reyna Morales,Desempleado,2995.65,Alto,2025-04-26
CLI-02598,Claudia Verónica Rivera Armas,Jubilado,10654.71,Bajo,2026-01-24
CLI-02599,Dulce María Dolores Rivera Arredondo,Desempleado,2558.11,Alto,2023-09-07
CLI-02600,Berta Verónica Negrón,Profesionista Independiente,55901.54,Medio,2026-03-29
CLI-02601,Eloisa Rosa Villaseñor Prado,Empresario / Comerciante,157933.62,Alto,2026-05-01
CLI-02602,Rosario Maestas Lucio,Estudiante,4651.16,Bajo,2025-03-11
CLI-02603,Alonso Gregorio Merino Irizarry,Profesionista Independiente,33549.17,Medio,2024-10-09
CLI-02604,Mauricio Mario Domínguez Bustamante,Empleado Sector Privado,22017.91,Medio,2026-03-29
CLI-02605,Antonio Rodríquez Samaniego,Estudiante,5139.9,Bajo,2024-11-22
CLI-02606,Ing. Sandra Piña,Empleado Sector Privado,23348.2,Medio,2024-07-09
CLI-02607,Rosario Gallardo,Empresario / Comerciante,157019.78,Alto,2026-04-26
CLI-02608,Wendolin Alonzo,Desempleado,3688.35,Alto,2025-01-17
CLI-02609,Ing. Carla Abrego,Empresario / Comerciante,109922.1,Alto,2024-01-02
CLI-02610,Wilfrido Amador Vigil,Empresario / Comerciante,209592.96,Alto,2023-12-15
CLI-02611,Asunción Cecilia Duarte Alvarado,Jubilado,8005.8,Bajo,2024-03-27
CLI-02612,Rosa Lourdes Gómez,Estudiante,5289.27,Bajo,2026-04-27
CLI-02613,Carlos Rubén Zarate,Empleado Sector Privado,25587.28,Medio,2024-11-11
CLI-02614,Rafaél Zedillo,Jubilado,10682.38,Bajo,2026-04-13
CLI-02615,Dra. Rosario Arenas,Empleado Sector Privado,17387.89,Medio,2024-12-13
CLI-02616,Carmen Pilar Samaniego Barajas,Desempleado,2583.96,Alto,2026-02-13
CLI-02617,Jonás Rodarte Gamboa,Empresario / Comerciante,94118.49,Alto,2025-04-20
CLI-02618,José Carlos Tórrez,Estudiante,4533.44,Bajo,2023-09-13
CLI-02619,Sr. Fernando Munguía,Empleado Sector Privado,29048.13,Medio,2024-07-04
CLI-02620,Zacarías Mireles,Jubilado,15498.47,Bajo,2026-06-02
CLI-02621,Miguel Vázquez Partida,Desempleado,1087.46,Alto,2025-05-29
CLI-02622,Noelia Pilar López,Desempleado,2971.71,Alto,2024-04-01
CLI-02623,Adán José Luis Tijerina,Profesionista Independiente,33580.67,Medio,2026-04-11
CLI-02624,Olivia Irma Cavazos,Estudiante,3094.44,Bajo,2023-06-17
CLI-02625,Violeta Margarita Madera,Profesionista Independiente,19966.04,Medio,2024-08-07
CLI-02626,Martín Roybal Pulido,Empresario / Comerciante,173545.88,Alto,2024-09-27
CLI-02627,Sra. Sandra Gurule,Profesionista Independiente,46521.27,Medio,2025-07-07
CLI-02628,Ing. Aurelio Gaitán,Empresario / Comerciante,87557.89,Alto,2025-07-18
CLI-02629,Ing. Cynthia Suárez,Estudiante,2912.9,Bajo,2025-11-13
CLI-02630,Genaro Campos Solorio,Jubilado,5287.7,Bajo,2026-02-02
CLI-02631,Ariadna de Anda Vallejo,Estudiante,3692.69,Bajo,2026-06-08
CLI-02632,Rodrigo Vallejo,Empleado Sector Privado,35601.47,Medio,2025-10-10
CLI-02633,Alfredo Zedillo Fernández,Desempleado,32.82,Alto,2024-05-20
CLI-02634,Aldonza Cecilia Amador,Estudiante,2904.1,Bajo,2025-09-10
CLI-02635,José Carlos Armando Valdés Meléndez,Empresario / Comerciante,93437.62,Alto,2024-08-23
CLI-02636,José Luis Fernando Feliciano Puga,Empresario / Comerciante,112315.34,Alto,2023-08-11
CLI-02637,Ing. Serafín Saldaña,Empresario / Comerciante,249592.69,Alto,2024-07-03
CLI-02638,Antonia María Elena Mateo Esquivel,Empresario / Comerciante,189386.96,Alto,2023-12-27
CLI-02639,Estela Sandoval Rubio,Estudiante,3981.49,Bajo,2025-07-05
CLI-02640,Dr. Francisco Javier Echeverría,Empleado Sector Privado,13849.27,Medio,2026-05-21
CLI-02641,Asunción Silvia Aguilar,Empresario / Comerciante,64276.94,Alto,2026-05-16
CLI-02642,Mateo Rosado,Empresario / Comerciante,86320.75,Alto,2023-09-15
CLI-02643,Srita. Catalina Piña,Profesionista Independiente,51776.28,Medio,2023-10-04
CLI-02644,Inés Porras,Estudiante,2731.77,Bajo,2024-11-22
CLI-02645,Hugo Benavídez,Desempleado,995.85,Alto,2025-08-29
CLI-02646,Francisco Javier Horacio Rentería,Empresario / Comerciante,99432.44,Alto,2024-05-29
CLI-02647,Ing. Caridad Barrios,Estudiante,3195.08,Bajo,2023-07-21
CLI-02648,Paulina Montez,Desempleado,3083.98,Alto,2024-08-01
CLI-02649,Bruno Jesús Canales,Jubilado,13658.1,Bajo,2024-06-04
CLI-02650,Alonso Patricio Lemus Ocampo,Empleado Sector Privado,27603.24,Medio,2025-08-27
CLI-02651,Concepción Salma Murillo,Desempleado,3844.86,Alto,2025-11-27
CLI-02652,Hernán Benavídez López,Profesionista Independiente,22137.51,Medio,2026-04-27
CLI-02653,Cristina Valladares Aguirre,Desempleado,168.74,Alto,2025-06-18
CLI-02654,Ofelia Echeverría,Jubilado,11772.04,Bajo,2026-02-16
CLI-02655,Ing. Irma Montes,Profesionista Independiente,36655.33,Medio,2025-11-22
CLI-02656,Pablo Barraza,Profesionista Independiente,23942.56,Medio,2026-03-29
CLI-02657,Agustín Adame,Estudiante,7181.95,Bajo,2025-09-26
CLI-02658,Lic. Jacinto Rivera,Empleado Sector Privado,44118.04,Medio,2024-02-15
CLI-02659,Dr. Salvador Guerrero,Empleado Sector Privado,32886.0,Medio,2024-05-26
CLI-02660,Felipe Serafín Rojas Ayala,Profesionista Independiente,15678.05,Medio,2023-11-03
CLI-02661,José María Candelaria Amaya,Profesionista Independiente,41311.36,Medio,2025-02-24
CLI-02662,Dra. Citlali Mascareñas,Empresario / Comerciante,207828.76,Alto,2023-07-19
CLI-02663,Adela Celia Nevárez,Estudiante,7813.01,Bajo,2024-01-03
CLI-02664,Sr. David Amador,Jubilado,15185.18,Bajo,2026-05-09
CLI-02665,Lic. José Emilio Uribe,Empresario / Comerciante,187681.31,Alto,2024-05-02
CLI-02666,Lic. Beatriz Matías,Empleado Sector Privado,24256.16,Medio,2024-05-10
CLI-02667,Mateo Reyes,Estudiante,3492.33,Bajo,2023-12-28
CLI-02668,Rolando Gamez,Empresario / Comerciante,68280.31,Alto,2025-01-21
CLI-02669,Tomás Armando Valladares Ayala,Jubilado,9399.49,Bajo,2023-07-26
CLI-02670,Juan Jiménez,Desempleado,240.21,Alto,2023-11-10
CLI-02671,Porfirio Casanova,Profesionista Independiente,44005.87,Medio,2023-08-30
CLI-02672,María Luisa Puga Salgado,Desempleado,2145.41,Alto,2026-02-25
CLI-02673,Raúl Enrique Sepúlveda Hernández,Estudiante,2754.96,Bajo,2024-02-28
CLI-02674,Dr. Óliver Salgado,Empleado Sector Privado,22452.41,Medio,2026-03-11
CLI-02675,Julio César Humberto Batista,Jubilado,15251.3,Bajo,2025-06-29
CLI-02676,Cornelio de la Garza Tello,Profesionista Independiente,51248.64,Medio,2024-11-27
CLI-02677,Sra. Laura Cervántez,Empresario / Comerciante,196637.77,Alto,2025-10-06
CLI-02678,Raquel Páez,Estudiante,6135.5,Bajo,2026-01-07
CLI-02679,Abril Daniela Lira,Profesionista Independiente,47597.96,Medio,2025-12-22
CLI-02680,Amalia Julia Mojica,Profesionista Independiente,55439.84,Medio,2025-12-22
CLI-02681,Dr. Agustín Dávila,Empresario / Comerciante,191325.2,Alto,2023-10-22
CLI-02682,Wendolin Sánchez,Jubilado,8831.29,Bajo,2024-10-14
CLI-02683,Reina Zambrano,Desempleado,1960.37,Alto,2023-09-27
CLI-02684,Srita. Georgina Maldonado,Jubilado,7426.15,Bajo,2024-07-29
CLI-02685,Gabriel Jos Lomeli,Profesionista Independiente,29565.64,Medio,2024-04-13
CLI-02686,Juan Carlos Timoteo Sanches,Empresario / Comerciante,105064.89,Alto,2025-12-26
CLI-02687,Timoteo Flavio Fierro Alfaro,Jubilado,16888.16,Bajo,2024-07-14
CLI-02688,Aldonza Carla Salazar,Jubilado,7084.46,Bajo,2026-01-01
CLI-02689,Liliana Frida Vélez,Jubilado,7015.33,Bajo,2023-12-08
CLI-02690,Oswaldo Gerardo Morales Sáenz,Profesionista Independiente,51873.83,Medio,2026-03-06
CLI-02691,Dr. Humberto Pelayo,Jubilado,9772.47,Bajo,2023-12-04
CLI-02692,Mariana Espinoza,Estudiante,6655.51,Bajo,2023-10-02
CLI-02693,Sra. Pilar Verdugo,Jubilado,9927.57,Bajo,2024-01-21
CLI-02694,Porfirio Bétancourt,Empleado Sector Privado,41136.77,Medio,2026-03-27
CLI-02695,Alonso Benavídez,Jubilado,16138.78,Bajo,2024-01-02
CLI-02696,Tania Daniela Saavedra Lomeli,Jubilado,8104.23,Bajo,2024-01-13
CLI-02697,María Teresa Curiel,Desempleado,253.37,Alto,2023-09-17
CLI-02698,Ing. Luisa Núñez,Jubilado,15647.65,Bajo,2026-04-27
CLI-02699,Dalia Ariadna Patiño,Empleado Sector Privado,29294.3,Medio,2025-09-07
CLI-02700,Luis Manuel Germán Feliciano,Empresario / Comerciante,203146.82,Alto,2025-02-07
CLI-02701,Eloisa Vigil Garza,Empleado Sector Privado,32230.29,Medio,2026-04-26
CLI-02702,Humberto Ricardo Madera Armenta,Profesionista Independiente,33441.2,Medio,2023-10-07
CLI-02703,Estefanía Carlota Muñoz Vergara,Profesionista Independiente,19970.89,Medio,2025-11-19
CLI-02704,María José Cordero Mercado,Jubilado,13565.58,Bajo,2024-08-02
CLI-02705,Alvaro Gurule,Estudiante,7011.16,Bajo,2024-01-28
CLI-02706,Martha Trejo,Empleado Sector Privado,17895.08,Medio,2024-11-22
CLI-02707,Sr. Alonso Curiel,Estudiante,3212.47,Bajo,2024-08-21
CLI-02708,Sra. Aurora Barreto,Empresario / Comerciante,88323.33,Alto,2025-11-22
CLI-02709,Dra. Cecilia Alvarado,Estudiante,5426.07,Bajo,2025-05-31
CLI-02710,Rubén Alvaro Arriaga,Empresario / Comerciante,181584.25,Alto,2023-08-25
CLI-02711,José Manuél Eric Estévez,Jubilado,13111.62,Bajo,2024-09-24
CLI-02712,Enrique Salvador Nava Rojo,Jubilado,8327.2,Bajo,2025-02-10
CLI-02713,Aldo Méndez Mora,Profesionista Independiente,24932.53,Medio,2025-02-03
CLI-02714,Eduardo Orozco,Desempleado,283.5,Alto,2024-02-10
CLI-02715,Ignacio Silvano Torres de la Fuente,Empleado Sector Privado,33639.73,Medio,2023-07-07
CLI-02716,Gilberto Arturo Almaraz,Estudiante,4808.35,Bajo,2025-04-13
CLI-02717,Gabino Pascual Rivero Rosario,Desempleado,242.8,Alto,2024-11-01
CLI-02718,María Luisa Alejandra Mares Calderón,Jubilado,14665.21,Bajo,2023-10-18
CLI-02719,Augusto Romero Rocha,Empresario / Comerciante,214405.3,Alto,2024-05-04
CLI-02720,Violeta Altamirano Guerrero,Desempleado,233.2,Alto,2024-05-14
CLI-02721,Homero Mercado,Jubilado,8455.6,Bajo,2024-06-01
CLI-02722,Patricio Ernesto Gamboa,Estudiante,6405.8,Bajo,2024-05-14
CLI-02723,Ruby Montaño Gálvez,Profesionista Independiente,18507.09,Medio,2026-02-21
CLI-02724,Jos Amador Torres,Empleado Sector Privado,43699.36,Medio,2025-11-29
CLI-02725,Modesto Javier Aguilar,Estudiante,2607.35,Bajo,2024-08-23
CLI-02726,Aldo Colunga Godoy,Empleado Sector Privado,29544.81,Medio,2026-06-11
CLI-02727,Wilfrido Sergio Prado Miranda,Empleado Sector Privado,18372.94,Medio,2025-01-02
CLI-02728,Ing. Fabiola Rivero,Desempleado,995.05,Alto,2026-04-15
CLI-02729,Isabela Armas Uribe,Desempleado,3790.01,Alto,2025-01-09
CLI-02730,Bruno de la Rosa,Jubilado,14739.53,Bajo,2024-06-10
CLI-02731,Teresa Jasso Soria,Empresario / Comerciante,199221.68,Alto,2025-07-27
CLI-02732,Dulce María Gloria Soria,Desempleado,2306.25,Alto,2024-06-17
CLI-02733,Renato Roberto Terrazas,Desempleado,1834.88,Alto,2025-09-02
CLI-02734,Elisa Pichardo,Desempleado,1708.3,Alto,2023-11-12
CLI-02735,Conchita Irma Otero,Estudiante,3000.86,Bajo,2024-04-02
CLI-02736,José María Romo Báez,Empleado Sector Privado,30148.86,Medio,2024-04-01
CLI-02737,Amador Gustavo Coronado Coronado,Jubilado,9387.67,Bajo,2025-10-10
CLI-02738,Sra. Rebeca Amador,Empleado Sector Privado,29618.72,Medio,2026-04-29
CLI-02739,Dra. Ana María Gil,Jubilado,10759.16,Bajo,2023-08-14
CLI-02740,José María Mario Loya,Profesionista Independiente,55611.82,Medio,2024-11-12
CLI-02741,Indira Garica,Jubilado,17889.02,Bajo,2026-04-21
CLI-02742,Srita. Bianca Alva,Profesionista Independiente,53018.43,Medio,2025-11-01
CLI-02743,Adalberto Marco Antonio Beltrán,Empresario / Comerciante,202836.87,Alto,2024-04-25
CLI-02744,José Manuél Diego Zayas Montes,Empresario / Comerciante,215231.0,Alto,2025-04-08
CLI-02745,Aurelio Arturo Zambrano Mejía,Profesionista Independiente,42378.6,Medio,2023-10-24
CLI-02746,Isaac Núñez Solís,Jubilado,12093.14,Bajo,2025-03-12
CLI-02747,Marcela Lorena Ocampo,Empresario / Comerciante,203141.64,Alto,2025-12-28
CLI-02748,Lic. Felix Ferrer,Desempleado,1016.36,Alto,2025-08-05
CLI-02749,Lic. Guillermo Frías,Empresario / Comerciante,139499.96,Alto,2026-03-31
CLI-02750,Elvia Cecilia Ureña,Empresario / Comerciante,50039.13,Alto,2025-11-01
CLI-02751,Aurelio Martín Feliciano Aguilar,Estudiante,7897.74,Bajo,2023-10-30
CLI-02752,Sr. Mateo Velásquez,Jubilado,5211.93,Bajo,2024-03-15
CLI-02753,Lic. Nancy Cisneros,Empleado Sector Privado,44782.6,Medio,2024-11-07
CLI-02754,Linda Sarabia,Profesionista Independiente,15295.6,Medio,2024-04-29
CLI-02755,Lic. Nelly Saldaña,Empleado Sector Privado,19089.15,Medio,2025-12-12
CLI-02756,Nayeli Gabriela Grijalva Alejandro,Profesionista Independiente,15976.56,Medio,2024-04-23
CLI-02757,Amanda Celia Aguilera Rangel,Desempleado,3289.35,Alto,2026-04-04
CLI-02758,Marco Antonio Riojas,Jubilado,11646.53,Bajo,2023-08-02
CLI-02759,Clemente Gollum Godoy,Jubilado,17036.99,Bajo,2024-07-11
CLI-02760,Srita. Natividad Lucio,Empleado Sector Privado,15111.48,Medio,2024-01-23
CLI-02761,Silvia Estrada Esquivel,Empresario / Comerciante,121131.15,Alto,2026-05-01
CLI-02762,Adriana Rosario Paredes,Empleado Sector Privado,20744.61,Medio,2024-06-18
CLI-02763,Asunción Citlali Huerta,Jubilado,8248.14,Bajo,2025-09-24
CLI-02764,Paola Gabriela Tamayo Benavides,Profesionista Independiente,51498.34,Medio,2026-04-29
CLI-02765,María Luisa Cardenas Ballesteros,Estudiante,5422.92,Bajo,2024-06-25
CLI-02766,Zeferino Sosa Montez,Jubilado,16932.46,Bajo,2023-09-12
CLI-02767,Berta Valadez Trejo,Desempleado,308.81,Alto,2024-01-04
CLI-02768,Diana Esparza,Profesionista Independiente,50680.69,Medio,2023-12-08
CLI-02769,Nelly Marcela Gutiérrez,Empleado Sector Privado,28113.12,Medio,2024-10-08
CLI-02770,Juana Lugo,Desempleado,2811.39,Alto,2025-10-27
CLI-02771,José Manuél Peres,Estudiante,5571.39,Bajo,2026-01-26
CLI-02772,Isabela Tania Arteaga,Profesionista Independiente,16681.72,Medio,2025-10-26
CLI-02773,Ángel Grijalva Villareal,Jubilado,9960.1,Bajo,2023-10-18
CLI-02774,Luisa Jaimes,Estudiante,7531.23,Bajo,2024-02-03
CLI-02775,Rubén Maya,Profesionista Independiente,30656.86,Medio,2025-10-21
CLI-02776,Ramón Sáenz,Empresario / Comerciante,133304.34,Alto,2025-12-20
CLI-02777,Miguel Ángel Lucas Montañez Guardado,Estudiante,7218.72,Bajo,2023-12-11
CLI-02778,Barbara Ledesma Esquibel,Empleado Sector Privado,36673.4,Medio,2024-12-16
CLI-02779,Salvador Espino,Jubilado,17072.49,Bajo,2023-12-12
CLI-02780,Juan Quiñónez Segovia,Desempleado,3109.67,Alto,2023-06-12
CLI-02781,Sara Garay,Empresario / Comerciante,60825.59,Alto,2026-06-06
CLI-02782,Arturo Joaquín Santiago,Jubilado,5535.37,Bajo,2023-11-04
CLI-02783,Iván Isaac Orosco Villareal,Jubilado,12343.87,Bajo,2025-06-07
CLI-02784,Itzel Barbara Solorzano Narváez,Profesionista Independiente,37608.07,Medio,2026-04-30
CLI-02785,Reynaldo Villalpando,Empleado Sector Privado,17055.52,Medio,2023-07-26
CLI-02786,Laura Carla Estrada,Desempleado,2926.31,Alto,2025-02-02
CLI-02787,Espartaco Serrano Pacheco,Empresario / Comerciante,244208.05,Alto,2023-12-02
CLI-02788,Itzel Puente Tamayo,Jubilado,12478.31,Bajo,2024-04-01
CLI-02789,Abraham Olivera,Estudiante,3332.51,Bajo,2024-06-09
CLI-02790,Adán Isaac Alonzo Almonte,Profesionista Independiente,50386.57,Medio,2026-02-20
CLI-02791,Horacio José Emilio Chávez Gamez,Empleado Sector Privado,16362.24,Medio,2025-01-28
CLI-02792,Ing. Angélica Cardona,Estudiante,4855.13,Bajo,2024-06-11
CLI-02793,María José Calderón Ballesteros,Desempleado,197.24,Alto,2024-02-09
CLI-02794,Arturo Gutiérrez Segovia,Empresario / Comerciante,102511.6,Alto,2023-10-05
CLI-02795,Mauro Jos Nava,Empresario / Comerciante,150364.62,Alto,2024-05-23
CLI-02796,Pablo Daniel Paz Paz,Desempleado,521.5,Alto,2023-11-20
CLI-02797,Martha Monroy,Empleado Sector Privado,27870.44,Medio,2023-07-27
CLI-02798,Lic. Maximiliano Gil,Empleado Sector Privado,28099.42,Medio,2025-12-17
CLI-02799,Elsa Porras Medrano,Desempleado,2285.32,Alto,2024-06-29
CLI-02800,Esperanza Araceli Adame Benavides,Jubilado,13007.96,Bajo,2025-11-15
CLI-02801,Barbara Helena Abreu Alcántar,Desempleado,2096.99,Alto,2024-03-02
CLI-02802,Graciela Ceja Reynoso,Empleado Sector Privado,14364.25,Medio,2023-08-08
CLI-02803,Virginia Varela,Empresario / Comerciante,114682.33,Alto,2025-02-28
CLI-02804,Alicia de la O Aguayo,Jubilado,6164.73,Bajo,2024-02-01
CLI-02805,Gregorio Luis Miguel Almanza,Desempleado,1654.33,Alto,2025-12-07
CLI-02806,Ruby Abigail Olivárez Salinas,Profesionista Independiente,30673.85,Medio,2024-07-23
CLI-02807,Estefanía María del Carmen Montero Tamez,Profesionista Independiente,30503.62,Medio,2024-03-14
CLI-02808,Yolanda Eugenia Soria,Desempleado,96.83,Alto,2026-05-02
CLI-02809,Karla Rodrígez Manzanares,Profesionista Independiente,22616.49,Medio,2026-03-11
CLI-02810,Sr. Espartaco Gaona,Profesionista Independiente,42729.94,Medio,2025-12-17
CLI-02811,Rubén Calderón Zelaya,Empresario / Comerciante,174636.43,Alto,2023-11-16
CLI-02812,Ángel Mata,Empresario / Comerciante,58975.51,Alto,2025-03-16
CLI-02813,Srita. Clara Vera,Empleado Sector Privado,18589.61,Medio,2025-10-19
CLI-02814,Martín Alonso Carrasco Caldera,Profesionista Independiente,22019.6,Medio,2024-10-13
CLI-02815,Iván Olvera,Desempleado,3411.06,Alto,2024-02-23
CLI-02816,Dra. Marisela Cortez,Estudiante,6437.49,Bajo,2024-12-16
CLI-02817,Juana Longoria Escobedo,Empleado Sector Privado,43315.05,Medio,2024-03-28
CLI-02818,David Aldo Cruz Navarro,Empleado Sector Privado,40668.83,Medio,2023-09-04
CLI-02819,Blanca Marroquín,Profesionista Independiente,15618.0,Medio,2025-12-27
CLI-02820,Inés Olivárez Padrón,Desempleado,3217.12,Alto,2025-01-13
CLI-02821,Ing. Alvaro Dávila,Profesionista Independiente,35252.77,Medio,2023-06-16
CLI-02822,Ruby León,Estudiante,3991.26,Bajo,2025-01-29
CLI-02823,Nicolás Patricio Garrido Bustamante,Desempleado,2152.02,Alto,2023-06-30
CLI-02824,Aida Teresa Mendoza,Empleado Sector Privado,30032.0,Medio,2025-08-19
CLI-02825,José María Felix Bermúdez,Profesionista Independiente,39696.0,Medio,2025-11-29
CLI-02826,Georgina Nancy Alcala Olvera,Jubilado,14489.01,Bajo,2024-10-17
CLI-02827,Samuel Ballesteros Centeno,Empleado Sector Privado,34937.35,Medio,2024-11-09
CLI-02828,Ramiro Meza,Desempleado,73.55,Alto,2023-10-10
CLI-02829,Samuel Olivera Salcedo,Jubilado,16778.52,Bajo,2026-05-19
CLI-02830,Elvira Mitzy Monroy,Jubilado,5565.27,Bajo,2026-04-18
CLI-02831,Ing. Abelardo Gaytán,Empleado Sector Privado,13983.63,Medio,2025-08-29
CLI-02832,Paulina Castillo Zarate,Empleado Sector Privado,38043.22,Medio,2024-01-02
CLI-02833,Enrique César Montalvo Perea,Jubilado,8526.66,Bajo,2025-01-05
CLI-02834,Amanda Campos Covarrubias,Empresario / Comerciante,180951.57,Alto,2023-09-23
CLI-02835,Inés Gabriela Martínez,Estudiante,2399.59,Bajo,2025-02-02
CLI-02836,Lucas Hurtado,Desempleado,1085.24,Alto,2024-09-08
CLI-02837,Jacobo Orellana Vargas,Desempleado,1440.88,Alto,2024-10-03
CLI-02838,Ing. Julio César Aponte,Estudiante,2114.47,Bajo,2024-11-17
CLI-02839,Rosa Regalado,Desempleado,1546.09,Alto,2026-02-19
CLI-02840,Olivia Lourdes Villanueva,Empresario / Comerciante,151708.07,Alto,2025-03-22
CLI-02841,Cristal Noelia Girón Preciado,Desempleado,398.41,Alto,2024-12-20
CLI-02842,Elisa Natividad Nieto,Profesionista Independiente,36809.8,Medio,2025-05-07
CLI-02843,Estela Bermúdez Gamboa,Jubilado,11910.29,Bajo,2024-05-09
CLI-02844,Ofelia Gloria Muñiz Olmos,Empleado Sector Privado,18562.88,Medio,2023-09-13
CLI-02845,Hilda Ortega,Empresario / Comerciante,162137.51,Alto,2025-04-08
CLI-02846,Gabriel Iván Toro Jaime,Desempleado,85.95,Alto,2025-12-24
CLI-02847,Lic. Wilfrido Candelaria,Empleado Sector Privado,42434.91,Medio,2023-11-29
CLI-02848,Lilia Concepción Pedraza Aguilera,Profesionista Independiente,30010.63,Medio,2024-09-24
CLI-02849,Cornelio Cristobal Marroquín Serrano,Empresario / Comerciante,198878.14,Alto,2024-02-05
CLI-02850,Dr. Zeferino Aparicio,Estudiante,4080.68,Bajo,2025-07-26
CLI-02851,Mónica Heredia,Profesionista Independiente,30992.02,Medio,2023-08-27
CLI-02852,Maximiliano Casares,Profesionista Independiente,25629.21,Medio,2024-08-31
CLI-02853,Dra. Aurora Sanabria,Jubilado,8586.42,Bajo,2024-07-25
CLI-02854,Adriana Armas Rolón,Estudiante,5754.75,Bajo,2026-05-03
CLI-02855,Gonzalo Pablo Granado,Empresario / Comerciante,228080.42,Alto,2024-08-01
CLI-02856,José Eduardo Pacheco,Estudiante,7664.82,Bajo,2025-03-16
CLI-02857,Eugenia Acosta,Profesionista Independiente,25151.22,Medio,2025-10-07
CLI-02858,Sonia Leal Muñiz,Profesionista Independiente,55372.89,Medio,2025-11-14
CLI-02859,Juana Minerva Salazar Hidalgo,Desempleado,549.04,Alto,2023-09-01
CLI-02860,Jorge Francisco Padilla Linares,Desempleado,1528.83,Alto,2024-12-29
CLI-02861,José Eduardo del Río,Desempleado,2449.79,Alto,2023-09-20
CLI-02862,Mariano Ramiro Hidalgo Olmos,Desempleado,2746.09,Alto,2024-06-06
CLI-02863,René Salgado Amaya,Empresario / Comerciante,98072.16,Alto,2025-08-10
CLI-02864,Clemente Salvador Pulido,Empleado Sector Privado,26073.34,Medio,2026-01-21
CLI-02865,Genaro Rufino Frías,Profesionista Independiente,55938.09,Medio,2024-05-16
CLI-02866,Dolores Montañez,Profesionista Independiente,35212.61,Medio,2024-06-16
CLI-02867,Perla Caballero Olvera,Empleado Sector Privado,18822.99,Medio,2024-11-07
CLI-02868,Lucía Ozuna,Empleado Sector Privado,31174.01,Medio,2025-12-25
CLI-02869,Elvia Guardado Saavedra,Desempleado,3200.42,Alto,2025-01-08
CLI-02870,Noemí Magdalena Serrano Meléndez,Empleado Sector Privado,22196.95,Medio,2023-07-16
CLI-02871,Tomás Flavio Chacón Frías,Desempleado,3594.57,Alto,2026-04-29
CLI-02872,Claudio Palomo Tello,Empleado Sector Privado,26192.12,Medio,2026-01-10
CLI-02873,Santiago Nicolás de Jesús Estévez,Empleado Sector Privado,33655.65,Medio,2025-03-01
CLI-02874,Paulina Amelia Moya,Jubilado,16922.46,Bajo,2025-01-04
CLI-02875,José Rodolfo Venegas,Profesionista Independiente,18051.63,Medio,2025-01-16
CLI-02876,Lic. Alvaro Uribe,Jubilado,17331.82,Bajo,2023-12-18
CLI-02877,Sra. Olga Vargas,Estudiante,3104.81,Bajo,2025-11-28
CLI-02878,Mónica Lilia Carrera,Empleado Sector Privado,35993.62,Medio,2023-10-04
CLI-02879,Rufino Acosta Méndez,Profesionista Independiente,54605.94,Medio,2024-12-30
CLI-02880,Ing. Nadia Alcala,Empresario / Comerciante,242239.24,Alto,2025-03-17
CLI-02881,Liliana Soledad Jurado,Profesionista Independiente,34935.2,Medio,2023-11-15
CLI-02882,Mateo Israel Ávila Rodríguez,Desempleado,3733.0,Alto,2023-08-04
CLI-02883,Paulina Irene de Jesús Valencia,Profesionista Independiente,21838.07,Medio,2025-01-07
CLI-02884,Teresa Amanda Villaseñor,Empleado Sector Privado,15523.46,Medio,2026-02-09
CLI-02885,Ilse Tijerina,Empleado Sector Privado,12864.54,Medio,2025-05-25
CLI-02886,Alicia Celia Cisneros Espino,Jubilado,13020.3,Bajo,2023-07-24
CLI-02887,Alicia Ontiveros Feliciano,Jubilado,12371.56,Bajo,2025-09-04
CLI-02888,Cristina Teresa Verduzco,Empleado Sector Privado,31679.9,Medio,2024-06-05
CLI-02889,Emiliano Grijalva Zarate,Empleado Sector Privado,34683.47,Medio,2024-03-27
CLI-02890,Iván Timoteo Cisneros Vaca,Profesionista Independiente,18576.39,Medio,2026-03-20
CLI-02891,Renato Maximiliano Olivárez,Empresario / Comerciante,76817.33,Alto,2023-11-06
CLI-02892,Daniela Trejo Aguirre,Jubilado,11093.93,Bajo,2023-08-08
CLI-02893,Eduardo Eduardo Delgadillo,Desempleado,1495.84,Alto,2025-10-09
CLI-02894,Rubén Casillas Uribe,Empresario / Comerciante,148289.12,Alto,2025-05-06
CLI-02895,Estefanía Amelia Flores,Empleado Sector Privado,17404.95,Medio,2025-05-15
CLI-02896,Soledad Posada,Empleado Sector Privado,13063.58,Medio,2025-11-05
CLI-02897,Gustavo Javier Cortés,Estudiante,7552.61,Bajo,2026-05-02
CLI-02898,Sr. Porfirio Fernández,Empresario / Comerciante,94510.84,Alto,2024-10-25
CLI-02899,Sandra Vanesa Robles Córdova,Desempleado,3952.97,Alto,2025-11-26
CLI-02900,Lucas Mauricio Gollum Jiménez,Empleado Sector Privado,14182.5,Medio,2025-05-31
CLI-02901,Antonio Bétancourt Granado,Empresario / Comerciante,223425.8,Alto,2024-09-07
CLI-02902,Ing. Fernando Cedillo,Empresario / Comerciante,187572.54,Alto,2025-03-27
CLI-02903,Porfirio Bañuelos Laureano,Empresario / Comerciante,227517.38,Alto,2024-12-13
CLI-02904,Dr. Jorge Guevara,Empresario / Comerciante,130973.35,Alto,2024-06-12
CLI-02905,Hilda Fernández Rubio,Estudiante,5647.58,Bajo,2025-06-21
CLI-02906,Ilse Sofía Salcedo,Empresario / Comerciante,194040.18,Alto,2023-09-13
CLI-02907,Ofelia Hinojosa,Empresario / Comerciante,172300.97,Alto,2024-02-17
CLI-02908,Rafaél Mateo Munguía Covarrubias,Desempleado,2287.74,Alto,2026-03-28
CLI-02909,Javier Samaniego,Jubilado,11828.0,Bajo,2024-07-04
CLI-02910,Guillermina Araceli Esquivel,Desempleado,3147.68,Alto,2023-08-23
CLI-02911,Rodrigo Garza,Jubilado,6421.11,Bajo,2024-08-05
CLI-02912,María Sepúlveda Saucedo,Empresario / Comerciante,215402.02,Alto,2023-10-12
CLI-02913,Marisol Zoé Ozuna Otero,Estudiante,7266.68,Bajo,2024-08-30
CLI-02914,Esparta Rodríguez,Empleado Sector Privado,29117.19,Medio,2025-04-17
CLI-02915,Ing. Carolina Nieves,Empresario / Comerciante,246766.13,Alto,2023-10-16
CLI-02916,Horacio Olivas Armendáriz,Estudiante,5346.21,Bajo,2025-05-20
CLI-02917,Lorena Irma Granado,Jubilado,14947.08,Bajo,2023-09-23
CLI-02918,Leonardo Saldivar Ávalos,Estudiante,3139.1,Bajo,2024-04-22
CLI-02919,Frida Cardona Fajardo,Empresario / Comerciante,129607.98,Alto,2026-03-25
CLI-02920,Natividad Virginia Caraballo,Profesionista Independiente,49815.47,Medio,2024-04-24
CLI-02921,Cecilia Florencia Quintero Negrete,Profesionista Independiente,35760.62,Medio,2025-06-09
CLI-02922,Martín Daniel Macías Hurtado,Empresario / Comerciante,108883.95,Alto,2025-11-04
CLI-02923,Jacinto Armas Olivas,Estudiante,6139.72,Bajo,2023-12-13
CLI-02924,Alberto Correa,Empleado Sector Privado,27298.11,Medio,2025-03-24
CLI-02925,Alonso Muro Yáñez,Desempleado,1806.79,Alto,2024-10-09
CLI-02926,Aldo Vega,Desempleado,2002.63,Alto,2025-08-22
CLI-02927,Alejandro Miguel Elizondo Collado,Empleado Sector Privado,37698.13,Medio,2024-09-10
CLI-02928,Abigail Caballero Sanches,Desempleado,2185.63,Alto,2025-08-30
CLI-02929,Rodolfo Esteban Lomeli,Empresario / Comerciante,132711.86,Alto,2024-07-28
CLI-02930,Lic. Sandra Salgado,Empresario / Comerciante,54982.42,Alto,2026-04-26
CLI-02931,Zeferino Mariano Estévez Trujillo,Empresario / Comerciante,168063.1,Alto,2024-10-23
CLI-02932,Alfredo de la Torre,Desempleado,3583.18,Alto,2025-11-02
CLI-02933,Abelardo José María Grijalva,Empresario / Comerciante,68035.93,Alto,2025-06-09
CLI-02934,Ofelia Ana Negrón Camacho,Profesionista Independiente,46127.28,Medio,2024-12-02
CLI-02935,Srita. Alicia Castillo,Desempleado,3185.94,Alto,2025-02-27
CLI-02936,Marco Antonio Luis Manuel Lugo Cortés,Desempleado,2933.05,Alto,2024-10-16
CLI-02937,Lourdes Salazar,Estudiante,2684.99,Bajo,2023-10-18
CLI-02938,Cynthia Micaela Márquez Ruelas,Empresario / Comerciante,176814.48,Alto,2025-06-02
CLI-02939,Sra. Eugenia Berríos,Estudiante,5142.9,Bajo,2026-02-28
CLI-02940,Oswaldo Darío Olivares Baca,Empresario / Comerciante,195374.77,Alto,2026-02-26
CLI-02941,Humberto Ríos Camacho,Jubilado,12956.94,Bajo,2026-03-13
CLI-02942,Dr. José Eduardo Rosas,Empleado Sector Privado,24496.39,Medio,2026-02-21
CLI-02943,Silvano Lorenzo Noriega,Empresario / Comerciante,58781.22,Alto,2024-04-19
CLI-02944,Dr. Eugenio Sarabia,Empleado Sector Privado,42104.34,Medio,2023-12-02
CLI-02945,Cristina Virginia Cardenas,Jubilado,16326.97,Bajo,2024-02-15
CLI-02946,Susana Yáñez,Empleado Sector Privado,17350.1,Medio,2023-10-25
CLI-02947,Emiliano Lucero,Empleado Sector Privado,17902.6,Medio,2025-10-09
CLI-02948,Oswaldo Salvador Arias Puente,Desempleado,205.24,Alto,2025-06-16
CLI-02949,Rocío Quiñones,Profesionista Independiente,28928.32,Medio,2024-03-30
CLI-02950,María Véliz Otero,Empresario / Comerciante,107756.11,Alto,2024-07-11
CLI-02951,Srita. Judith Escobedo,Empleado Sector Privado,15879.28,Medio,2025-09-04
CLI-02952,Ing. Elias Quintana,Empleado Sector Privado,43694.32,Medio,2025-09-25
CLI-02953,Marcos Serafín Bétancourt Samaniego,Estudiante,5735.36,Bajo,2024-12-06
CLI-02954,Lic. Gilberto Salcido,Profesionista Independiente,15549.35,Medio,2025-04-22
CLI-02955,Cecilia Florencia Montes,Empresario / Comerciante,221082.21,Alto,2024-09-24
CLI-02956,Ing. Blanca Villarreal,Jubilado,15496.91,Bajo,2023-11-06
CLI-02957,María Eugenia Anabel Murillo Mateo,Jubilado,16475.14,Bajo,2024-11-18
CLI-02958,Sr. Bruno Irizarry,Empleado Sector Privado,19156.84,Medio,2024-04-27
CLI-02959,Araceli Sanches Casárez,Desempleado,1902.85,Alto,2024-10-27
CLI-02960,Julio Viera,Empresario / Comerciante,138375.07,Alto,2026-01-09
CLI-02961,Barbara Carreón,Jubilado,12801.33,Bajo,2024-04-26
CLI-02962,Víctor Patricio Osorio,Empleado Sector Privado,41111.54,Medio,2023-07-15
CLI-02963,Isabela Vela Pacheco,Profesionista Independiente,42889.47,Medio,2025-12-17
CLI-02964,Ing. Nayeli Samaniego,Jubilado,15661.58,Bajo,2024-09-06
CLI-02965,Eloy Arteaga,Empleado Sector Privado,13614.32,Medio,2026-05-18
CLI-02966,Guadalupe Juana Cervántez Alejandro,Empleado Sector Privado,13817.11,Medio,2025-05-20
CLI-02967,José Emilio Luis Miguel Malave,Profesionista Independiente,16652.45,Medio,2023-10-26
CLI-02968,Roberto Reséndez,Estudiante,6001.98,Bajo,2023-11-24
CLI-02969,Anel Araceli Bahena Valle,Jubilado,8879.74,Bajo,2025-01-06
CLI-02970,Ing. Gerónimo Fernández,Estudiante,2294.19,Bajo,2023-09-13
CLI-02971,Linda Cecilia Olvera,Empresario / Comerciante,248747.04,Alto,2023-08-28
CLI-02972,Bianca Escobedo,Empleado Sector Privado,34178.99,Medio,2024-02-03
CLI-02973,Alicia Castellanos,Jubilado,13592.02,Bajo,2025-02-20
CLI-02974,Daniela Luz Chacón,Desempleado,2379.88,Alto,2024-03-23
CLI-02975,Emiliano Calvillo,Jubilado,7306.45,Bajo,2025-09-19
CLI-02976,Angélica Caldera,Empresario / Comerciante,199866.96,Alto,2023-08-30
CLI-02977,Alonso Valle,Profesionista Independiente,56916.59,Medio,2025-06-29
CLI-02978,Mateo Jorge Luis Tejada Cuellar,Estudiante,6611.07,Bajo,2023-09-29
CLI-02979,Luis Miguel José Nieto,Profesionista Independiente,31585.62,Medio,2023-10-15
CLI-02980,Estela Eugenia Uribe Trejo,Empresario / Comerciante,214052.95,Alto,2025-07-29
CLI-02981,Héctor Lerma de Jesús,Empresario / Comerciante,218661.93,Alto,2026-02-13
CLI-02982,Adalberto Perea Arroyo,Estudiante,3757.0,Bajo,2026-05-02
CLI-02983,Marisela Estévez Saiz,Empleado Sector Privado,16026.77,Medio,2023-11-20
CLI-02984,Mateo Soliz Riojas,Profesionista Independiente,29814.38,Medio,2025-01-27
CLI-02985,Manuel Ocasio Pedraza,Empresario / Comerciante,154929.24,Alto,2024-09-24
CLI-02986,Sr. Felix Aguirre,Desempleado,836.2,Alto,2024-03-11
CLI-02987,José Manuél Claudio Perea,Estudiante,2655.81,Bajo,2023-08-25
CLI-02988,Dra. Caridad Ontiveros,Desempleado,3917.4,Alto,2026-03-19
CLI-02989,Julio Luis Manuel Piña Valencia,Jubilado,17833.46,Bajo,2024-07-23
CLI-02990,Genaro Esteban Hernádez,Empresario / Comerciante,194814.83,Alto,2023-11-11
CLI-02991,José Luis Enrique Zambrano,Jubilado,17140.59,Bajo,2025-05-17
CLI-02992,Marcos Pascual Corrales,Desempleado,1148.75,Alto,2025-07-17
CLI-02993,Cornelio Ulibarri Noriega,Jubilado,16021.37,Bajo,2024-07-09
CLI-02994,Miguel Ángel Zamudio Ojeda,Profesionista Independiente,38642.61,Medio,2025-04-25
CLI-02995,Mitzy Irma Roldán,Jubilado,9600.09,Bajo,2024-02-13
CLI-02996,Elvia Ozuna,Empleado Sector Privado,32271.57,Medio,2025-03-19
CLI-02997,Elena Castellanos Bañuelos,Empresario / Comerciante,153941.16,Alto,2026-02-10
CLI-02998,Ernesto Ignacio Zamora,Desempleado,1990.96,Alto,2026-02-07
CLI-02999,Octavio Darío Rivera,Empleado Sector Privado,41160.9,Medio,2025-10-20
CLI-03000,Marisela Amalia Sanabria Marroquín,Empleado Sector Privado,35383.37,Medio,2026-01-03
CLI-03001,Dr. Pascual Vallejo,Empleado Sector Privado,12052.17,Medio,2023-11-03
CLI-03002,Francisca Marcela Ortega,Estudiante,4789.31,Bajo,2023-10-13
CLI-03003,Amalia Abigail Garibay,Estudiante,6424.81,Bajo,2025-01-08
CLI-03004,Genaro Martín Laureano,Empleado Sector Privado,38385.62,Medio,2023-06-16
CLI-03005,Dra. Elvia Aranda,Empresario / Comerciante,132808.23,Alto,2026-05-23
CLI-03006,Trinidad Rosa Morales,Profesionista Independiente,30734.25,Medio,2026-02-12
CLI-03007,Jacinto Aldo Cisneros Tijerina,Desempleado,849.35,Alto,2025-05-19
CLI-03008,Sessa Abigail Fierro Corral,Desempleado,804.75,Alto,2024-12-10
CLI-03009,Lic. Adela Urrutia,Profesionista Independiente,26448.79,Medio,2024-05-09
CLI-03010,Mario Ordóñez,Estudiante,3846.64,Bajo,2025-08-21
CLI-03011,Débora Mateo,Jubilado,12149.92,Bajo,2024-12-20
CLI-03012,Juan Blanco,Estudiante,2683.02,Bajo,2025-07-30
CLI-03013,Helena Sevilla Nevárez,Profesionista Independiente,30361.27,Medio,2024-05-26
CLI-03014,Gonzalo Alvaro Palomino,Desempleado,2275.69,Alto,2026-03-06
CLI-03015,Daniel Calvillo Ponce,Estudiante,6992.26,Bajo,2025-07-12
CLI-03016,Ángel Óliver Cruz,Empleado Sector Privado,22906.99,Medio,2023-07-28
CLI-03017,Ing. Zeferino Leiva,Profesionista Independiente,56502.59,Medio,2025-10-21
CLI-03018,Elvira Dolores Ramón,Empresario / Comerciante,233232.61,Alto,2024-11-09
CLI-03019,Luz Granado Barela,Estudiante,5873.91,Bajo,2026-05-04
CLI-03020,María Cristina Cristal Saldivar Flórez,Empresario / Comerciante,81077.26,Alto,2025-12-05
CLI-03021,Dr. Hernán Laureano,Empresario / Comerciante,228411.67,Alto,2023-12-28
CLI-03022,Lic. Pablo Molina,Jubilado,16647.07,Bajo,2024-11-22
CLI-03023,Camila Bernal Tello,Empresario / Comerciante,206797.81,Alto,2023-08-31
CLI-03024,Abel Guillermo Cabrera Vigil,Empresario / Comerciante,235558.0,Alto,2023-07-25
CLI-03025,Violeta Valdivia Rojo,Estudiante,7010.63,Bajo,2023-11-09
CLI-03026,Lic. Helena Urrutia,Profesionista Independiente,40422.42,Medio,2024-01-17
CLI-03027,Pedro Villegas Villegas,Desempleado,1262.01,Alto,2025-06-28
CLI-03028,José Manuél José Manuél Lara,Jubilado,5243.34,Bajo,2026-05-06
CLI-03029,Evelio Esteban Aguayo Mojica,Jubilado,13911.41,Bajo,2023-11-01
CLI-03030,Fabiola Helena Moya Castillo,Profesionista Independiente,17979.59,Medio,2026-05-16
CLI-03031,Maximiliano Jerónimo Luevano,Empleado Sector Privado,21255.18,Medio,2024-08-23
CLI-03032,Cecilia Nadia Regalado,Estudiante,4034.91,Bajo,2026-02-15
CLI-03033,Adela Rosa Haro Fuentes,Empresario / Comerciante,175302.17,Alto,2026-02-02
CLI-03034,Ing. Hernán Griego,Empleado Sector Privado,30842.39,Medio,2026-01-07
CLI-03035,Ing. Paulina Soria,Empresario / Comerciante,87475.78,Alto,2024-05-15
CLI-03036,Dr. Luis Manuel Contreras,Estudiante,7187.56,Bajo,2026-01-22
CLI-03037,Jaqueline Linda Carrero Bahena,Profesionista Independiente,46736.98,Medio,2024-11-20
CLI-03038,Mariano Espartaco Bustos,Profesionista Independiente,46942.8,Medio,2024-08-11
CLI-03039,Eloy Corrales,Profesionista Independiente,33624.13,Medio,2023-12-23
CLI-03040,Cristal Olivas,Empresario / Comerciante,225409.75,Alto,2025-07-16
CLI-03041,Javier Jorge Luis Corona Portillo,Profesionista Independiente,35335.78,Medio,2025-04-28
CLI-03042,Fabiola Teresa Limón Barreto,Profesionista Independiente,24726.29,Medio,2026-04-01
CLI-03043,Lic. Reina Marín,Profesionista Independiente,22875.57,Medio,2025-08-05
CLI-03044,Fabiola Zoé Espinosa,Profesionista Independiente,50322.48,Medio,2025-08-20
CLI-03045,Alfredo Noriega Rojo,Empleado Sector Privado,42140.68,Medio,2025-06-15
CLI-03046,Cristal Celia Armendáriz Gil,Empresario / Comerciante,151198.94,Alto,2024-10-01
CLI-03047,Leonel Flavio Valdez,Empresario / Comerciante,230991.16,Alto,2024-08-22
CLI-03048,Armando Emilio Valdés,Empleado Sector Privado,18276.99,Medio,2024-02-23
CLI-03049,Zeferino Hernán Alfaro Zepeda,Empresario / Comerciante,196488.21,Alto,2024-02-28
CLI-03050,Nelly Hernandes Zayas,Jubilado,9034.66,Bajo,2025-05-13
CLI-03051,Ing. Conchita Jaime,Profesionista Independiente,21448.28,Medio,2024-07-26
CLI-03052,Arcelia Laboy Soria,Estudiante,6932.83,Bajo,2024-03-30
CLI-03053,Óliver Urías Campos,Jubilado,13797.32,Bajo,2023-06-14
CLI-03054,Sra. Delia Alcala,Empleado Sector Privado,18771.17,Medio,2023-07-09
CLI-03055,Cristal Paredes Menéndez,Estudiante,4756.21,Bajo,2024-04-29
CLI-03056,Frida Otero Almanza,Desempleado,3459.24,Alto,2025-03-16
CLI-03057,Francisca Pelayo,Estudiante,2024.66,Bajo,2024-12-12
CLI-03058,Gerónimo Abelardo Echeverría Arguello,Estudiante,6122.31,Bajo,2025-05-31
CLI-03059,Alfredo Vega Sáenz,Jubilado,16334.38,Bajo,2024-05-10
CLI-03060,Lic. Miguel Ángel Caraballo,Profesionista Independiente,36009.42,Medio,2025-07-16
CLI-03061,Daniel Teodoro Valenzuela,Estudiante,2618.62,Bajo,2025-07-07
CLI-03062,Socorro Carreón,Desempleado,2982.22,Alto,2025-01-10
CLI-03063,Gerónimo Berríos Arreola,Estudiante,5465.36,Bajo,2024-05-03
CLI-03064,Amalia Ortiz,Profesionista Independiente,43748.29,Medio,2026-05-14
CLI-03065,Eugenia Emilia de la Fuente Quintanilla,Empleado Sector Privado,22589.05,Medio,2023-09-10
CLI-03066,Ana Luisa Adriana Delgado,Empleado Sector Privado,21456.72,Medio,2025-07-08
CLI-03067,Caridad Delia Santana,Jubilado,9148.95,Bajo,2024-07-19
CLI-03068,Sra. Fabiola Rendón,Empresario / Comerciante,184224.81,Alto,2024-10-13
CLI-03069,Laura Rivera,Profesionista Independiente,21719.43,Medio,2023-06-19
CLI-03070,Samuel Pablo Bustos Zarate,Profesionista Independiente,20150.72,Medio,2025-03-01
CLI-03071,Hugo Piña,Jubilado,12275.13,Bajo,2025-12-15
CLI-03072,Pamela Linda Ramírez,Estudiante,3239.46,Bajo,2026-01-28
CLI-03073,Mónica Abril Escamilla Jaramillo,Profesionista Independiente,39721.45,Medio,2024-09-22
CLI-03074,Srita. Itzel Cintrón,Profesionista Independiente,21370.06,Medio,2024-09-21
CLI-03075,María Cristina Antonia Saucedo Rivas,Desempleado,3216.01,Alto,2024-12-04
CLI-03076,Cristian Lomeli Castillo,Jubilado,8182.73,Bajo,2025-12-23
CLI-03077,Dr. Jacobo Godínez,Estudiante,3868.27,Bajo,2023-10-27
CLI-03078,Victoria Valencia,Profesionista Independiente,39325.97,Medio,2024-10-25
CLI-03079,Asunción Nevárez,Estudiante,2780.44,Bajo,2026-05-31
CLI-03080,Hugo Salazar Reyna,Empresario / Comerciante,230658.48,Alto,2025-03-04
CLI-03081,Lorenzo Fernando Abreu Anaya,Estudiante,2635.56,Bajo,2024-07-17
CLI-03082,Lic. Zacarías Valladares,Estudiante,2516.72,Bajo,2025-04-14
CLI-03083,Alvaro Octavio Quesada Valdez,Empresario / Comerciante,85796.6,Alto,2025-08-09
CLI-03084,Gilberto Rentería,Jubilado,16586.59,Bajo,2025-04-05
CLI-03085,Alejandra Eva Laboy Vanegas,Desempleado,3344.7,Alto,2025-07-19
CLI-03086,Srita. Nayeli Preciado,Desempleado,1783.35,Alto,2024-01-27
CLI-03087,Benito Julio César Acosta Duarte,Profesionista Independiente,29059.83,Medio,2026-02-01
CLI-03088,Bianca Cristal Galindo Orellana,Empleado Sector Privado,35525.66,Medio,2026-02-21
CLI-03089,Lic. Magdalena Verduzco,Desempleado,3237.2,Alto,2025-01-16
CLI-03090,Ing. Bernardo Urías,Estudiante,7842.09,Bajo,2024-01-27
CLI-03091,Lic. Salvador Tamez,Empresario / Comerciante,163557.86,Alto,2026-05-19
CLI-03092,Carlota Puente,Estudiante,6877.11,Bajo,2025-04-23
CLI-03093,Camilo de la Torre Rentería,Desempleado,1873.1,Alto,2023-10-13
CLI-03094,Juan Rascón,Empresario / Comerciante,112078.34,Alto,2025-07-29
CLI-03095,Adán Farías,Desempleado,2840.86,Alto,2023-08-26
CLI-03096,Srita. Abril Peres,Empresario / Comerciante,144109.17,Alto,2025-05-30
CLI-03097,Guillermina Velázquez,Empleado Sector Privado,16742.82,Medio,2024-07-18
CLI-03098,Marco Antonio Gabino Elizondo,Jubilado,8354.69,Bajo,2024-01-28
CLI-03099,Leticia Guajardo,Profesionista Independiente,32643.46,Medio,2023-09-25
CLI-03100,Javier Nicolás Arreola,Desempleado,3669.06,Alto,2023-07-23
CLI-03101,Rafaél José Manuél Santiago Peralta,Profesionista Independiente,50495.04,Medio,2024-09-13
CLI-03102,Ricardo Alemán Almaraz,Profesionista Independiente,35397.74,Medio,2024-08-24
CLI-03103,Olivia Villaseñor Escobar,Estudiante,2392.19,Bajo,2024-12-01
CLI-03104,Cristal Sandra Salcedo,Estudiante,4108.64,Bajo,2024-11-28
CLI-03105,Evelio Pascual Sandoval Trejo,Empresario / Comerciante,219153.25,Alto,2025-08-04
CLI-03106,Jacobo Esteban Orta Rael,Profesionista Independiente,49557.37,Medio,2026-05-22
CLI-03107,José Luis Pascual Arenas Sierra,Jubilado,12470.82,Bajo,2025-12-25
CLI-03108,José Emilio Jerónimo Cantú,Jubilado,6338.12,Bajo,2025-07-01
CLI-03109,Dolores Montalvo,Desempleado,3187.03,Alto,2023-10-13
CLI-03110,Blanca Valentín Aguilera,Profesionista Independiente,40026.74,Medio,2025-03-31
CLI-03111,Karina Lilia Velasco Vega,Estudiante,6754.59,Bajo,2024-06-15
CLI-03112,Dr. Rodolfo de Jesús,Jubilado,10992.67,Bajo,2026-01-07
CLI-03113,Raquel Zelaya Enríquez,Jubilado,10374.74,Bajo,2023-08-19
CLI-03114,Bernardo Rodolfo Jáquez Rosario,Jubilado,8167.98,Bajo,2026-02-25
CLI-03115,José Carlos Avilés Jimínez,Empleado Sector Privado,44138.43,Medio,2024-06-04
CLI-03116,Lic. Benjamín Aguayo,Empresario / Comerciante,63211.99,Alto,2024-02-09
CLI-03117,Cecilia Rebeca Martínez Armas,Empleado Sector Privado,38859.22,Medio,2024-07-03
CLI-03118,Eduardo Pablo Rivero,Jubilado,10604.93,Bajo,2026-01-09
CLI-03119,Lic. Camila Alarcón,Empresario / Comerciante,163442.24,Alto,2025-12-30
CLI-03120,Lic. Jacobo Gaitán,Profesionista Independiente,39503.71,Medio,2024-08-16
CLI-03121,Dr. José Carlos Barreto,Empleado Sector Privado,17711.82,Medio,2025-08-07
CLI-03122,Perla Miranda,Desempleado,311.58,Alto,2024-02-04
CLI-03123,Sr. Jonás Valle,Desempleado,2296.75,Alto,2025-07-15
CLI-03124,Emilio Razo Escobar,Empresario / Comerciante,72864.57,Alto,2025-01-19
CLI-03125,Srita. Carla Jurado,Jubilado,11017.81,Bajo,2025-11-27
CLI-03126,Ana Ramírez,Jubilado,6269.5,Bajo,2026-02-27
CLI-03127,Dr. Martín Sanabria,Empresario / Comerciante,85234.8,Alto,2026-05-02
CLI-03128,Rebeca Nancy Caraballo,Empresario / Comerciante,63921.53,Alto,2026-01-19
CLI-03129,Eloy Benito Zedillo Sevilla,Estudiante,6113.05,Bajo,2026-01-09
CLI-03130,Modesto Vanegas,Jubilado,15027.46,Bajo,2023-12-28
CLI-03131,Alta  Gracia Laura Garibay Abreu,Empresario / Comerciante,115481.65,Alto,2026-02-04
CLI-03132,Claudio Juan Carlos Caballero del Río,Desempleado,2640.66,Alto,2023-10-04
CLI-03133,Srita. Dulce María Baca,Estudiante,3305.67,Bajo,2026-01-14
CLI-03134,Angélica Úrsula Sauceda Guardado,Empleado Sector Privado,41279.63,Medio,2024-08-25
CLI-03135,Víctor Madrigal,Desempleado,3239.36,Alto,2025-08-08
CLI-03136,Iván Terrazas Ulibarri,Empleado Sector Privado,33809.09,Medio,2025-11-21
CLI-03137,Luz Sofía Cintrón Gracia,Empresario / Comerciante,156251.16,Alto,2024-10-28
CLI-03138,José Carlos Martín Quesada Díaz,Empresario / Comerciante,173114.43,Alto,2024-01-29
CLI-03139,Abraham Bueno,Empresario / Comerciante,89133.32,Alto,2025-01-26
CLI-03140,Gloria Yuridia Jaime,Desempleado,3509.7,Alto,2023-11-09
CLI-03141,María del Carmen Lorena Cruz,Profesionista Independiente,40662.44,Medio,2024-11-05
CLI-03142,Soledad Zoé Solorzano Castañeda,Desempleado,1218.2,Alto,2026-05-23
CLI-03143,Ing. Soledad Merino,Empresario / Comerciante,193558.24,Alto,2026-02-01
CLI-03144,Josefina Benítez Valle,Profesionista Independiente,59563.02,Medio,2025-05-31
CLI-03145,Elisa Florencia Santiago,Jubilado,5105.55,Bajo,2024-07-04
CLI-03146,Srita. Abril Carmona,Jubilado,10254.57,Bajo,2026-04-17
CLI-03147,Ana María Sevilla Naranjo,Empleado Sector Privado,40132.67,Medio,2023-12-13
CLI-03148,Ing. Liliana Colunga,Estudiante,4215.34,Bajo,2023-10-12
CLI-03149,Daniela Paulina Altamirano Bravo,Jubilado,17582.69,Bajo,2024-08-21
CLI-03150,Dra. Cynthia Peres,Estudiante,6220.12,Bajo,2023-11-09
CLI-03151,Ing. Martha Santana,Profesionista Independiente,19936.42,Medio,2024-09-30
CLI-03152,Dr. Timoteo Medina,Profesionista Independiente,53955.58,Medio,2026-04-15
CLI-03153,Bianca Catalina Núñez Rolón,Empleado Sector Privado,26246.61,Medio,2024-01-14
CLI-03154,Esparta Frida Ramos,Jubilado,10125.49,Bajo,2024-01-01
CLI-03155,Paola Ángela Alba,Profesionista Independiente,47029.81,Medio,2024-11-07
CLI-03156,Daniel Gustavo Montez Ramón,Empresario / Comerciante,126313.01,Alto,2025-01-13
CLI-03157,Celia Salazar Peralta,Jubilado,7745.81,Bajo,2023-06-26
CLI-03158,Laura Zamora,Empleado Sector Privado,27670.76,Medio,2025-09-23
CLI-03159,Armando Gregorio García,Empleado Sector Privado,30328.91,Medio,2025-02-09
CLI-03160,Guillermina Jimínez,Profesionista Independiente,52798.32,Medio,2025-05-26
CLI-03161,Esperanza Dalia Mireles,Empleado Sector Privado,21519.54,Medio,2024-10-09
CLI-03162,Eugenio Alonzo Benavides,Desempleado,502.2,Alto,2023-06-24
CLI-03163,Dr. Abel Lovato,Estudiante,2430.48,Bajo,2025-06-18
CLI-03164,Judith Graciela Macías Navarrete,Estudiante,2863.98,Bajo,2026-03-18
CLI-03165,Ing. Samuel Peralta,Empresario / Comerciante,181585.34,Alto,2024-08-10
CLI-03166,Úrsula Segura,Empleado Sector Privado,14793.89,Medio,2026-02-07
CLI-03167,Sr. Julio César Uribe,Desempleado,3223.77,Alto,2026-05-16
CLI-03168,Lorenzo Arias de la Rosa,Empresario / Comerciante,228716.49,Alto,2026-05-12
CLI-03169,Lourdes Ofelia Paz Iglesias,Desempleado,2417.72,Alto,2026-01-30
CLI-03170,Marisela Sonia Trujillo Guerrero,Empresario / Comerciante,174649.7,Alto,2024-08-15
CLI-03171,Verónica Ponce Hinojosa,Empresario / Comerciante,151882.98,Alto,2025-08-24
CLI-03172,Mariano Alejandro Alcaraz Escobedo,Jubilado,15660.93,Bajo,2024-08-25
CLI-03173,Guadalupe Carolina Granado Perea,Empresario / Comerciante,121061.45,Alto,2024-06-06
CLI-03174,Humberto José Carlos Pacheco Ramírez,Empleado Sector Privado,26017.47,Medio,2023-07-16
CLI-03175,Ing. Julio Zambrano,Estudiante,5467.63,Bajo,2025-03-07
CLI-03176,Pamela Caridad Mondragón Candelaria,Desempleado,947.0,Alto,2025-03-29
CLI-03177,Sra. Rocío Arevalo,Jubilado,8500.26,Bajo,2024-11-17
CLI-03178,Gloria Ozuna,Jubilado,12492.58,Bajo,2023-12-12
CLI-03179,Alicia Arredondo,Estudiante,7869.4,Bajo,2025-07-30
CLI-03180,Tomás Zarate,Jubilado,11282.49,Bajo,2025-02-25
CLI-03181,José Emilio Óliver Corona Delgadillo,Profesionista Independiente,20092.4,Medio,2024-08-13
CLI-03182,Abel Eduardo Báez Peralta,Empresario / Comerciante,242347.55,Alto,2026-04-19
CLI-03183,Miguel Ángel Borrego Robledo,Estudiante,2852.52,Bajo,2026-05-11
CLI-03184,Leonor Violeta Farías,Desempleado,2105.63,Alto,2023-10-02
CLI-03185,Lucía Araceli Perea,Profesionista Independiente,35922.13,Medio,2024-09-05
CLI-03186,Rodolfo Cadena,Estudiante,5140.14,Bajo,2024-06-02
CLI-03187,Lic. Graciela Garay,Jubilado,6149.8,Bajo,2025-08-28
CLI-03188,Bernardo Arriaga Sáenz,Empresario / Comerciante,176132.57,Alto,2025-09-09
CLI-03189,Alma Estévez,Desempleado,3841.64,Alto,2026-03-09
CLI-03190,Rebeca Teresa Ayala,Estudiante,6104.44,Bajo,2026-02-10
CLI-03191,Barbara Verónica Casares Ortega,Jubilado,15375.28,Bajo,2024-01-17
CLI-03192,Mónica Rivera,Profesionista Independiente,42586.76,Medio,2024-12-18
CLI-03193,Ricardo Rodolfo Jiménez Batista,Profesionista Independiente,39076.5,Medio,2024-04-04
CLI-03194,Raquel Rebeca de la Garza,Estudiante,4813.21,Bajo,2024-01-04
CLI-03195,Pamela Chacón,Jubilado,16778.72,Bajo,2024-11-21
CLI-03196,Lic. Evelio Villareal,Jubilado,14539.59,Bajo,2025-06-20
CLI-03197,Lic. Ana Mondragón,Empresario / Comerciante,120582.91,Alto,2025-09-18
CLI-03198,Natividad Barela Soria,Profesionista Independiente,28014.38,Medio,2024-05-05
CLI-03199,Maximiliano Omar Loya Cornejo,Estudiante,6170.31,Bajo,2026-05-08
CLI-03200,Berta Rodrígez,Jubilado,14742.53,Bajo,2024-06-13
CLI-03201,Verónica Esparta Beltrán,Desempleado,3140.09,Alto,2024-03-15
CLI-03202,Sr. Bernardo Cabán,Profesionista Independiente,17763.8,Medio,2024-08-13
CLI-03203,Pascual Quintana Noriega,Empresario / Comerciante,165628.22,Alto,2026-02-21
CLI-03204,Sr. Aldo Polanco,Jubilado,5671.06,Bajo,2024-04-02
CLI-03205,Gabino Israel Cortés,Profesionista Independiente,51400.31,Medio,2025-02-25
CLI-03206,Raquel Rosario Mota Castellanos,Jubilado,5354.88,Bajo,2024-06-20
CLI-03207,Angélica Araceli Bueno,Empresario / Comerciante,66502.03,Alto,2023-10-18
CLI-03208,Nancy María del Carmen Urías Leiva,Jubilado,5999.21,Bajo,2024-11-23
CLI-03209,Sergio Genaro Benavides Zarate,Profesionista Independiente,26342.29,Medio,2024-09-06
CLI-03210,Abel Ferrer,Jubilado,8652.64,Bajo,2024-03-01
CLI-03211,Benito Lerma,Profesionista Independiente,15639.14,Medio,2024-01-09
CLI-03212,Paulina Arce Córdova,Estudiante,5622.93,Bajo,2025-09-03
CLI-03213,Ing. Aurelio Ornelas,Jubilado,14606.57,Bajo,2024-09-18
CLI-03214,Sr. Benjamín Magaña,Desempleado,1786.61,Alto,2026-01-29
CLI-03215,Porfirio Bonilla,Empleado Sector Privado,20621.34,Medio,2025-08-30
CLI-03216,Amador Aguirre,Desempleado,944.78,Alto,2024-07-08
CLI-03217,Dra. Rosario Santana,Empleado Sector Privado,38379.28,Medio,2024-10-06
CLI-03218,Elsa Florencia Gamez Toro,Estudiante,4057.09,Bajo,2025-10-21
CLI-03219,Dr. Rolando Cadena,Estudiante,7804.07,Bajo,2024-09-03
CLI-03220,Linda Cruz,Jubilado,17141.24,Bajo,2024-07-17
CLI-03221,Verónica Zarate,Empleado Sector Privado,39641.27,Medio,2024-04-20
CLI-03222,Tomás Ángel Ramos,Empresario / Comerciante,204073.56,Alto,2024-09-08
CLI-03223,Carolina Cecilia Anguiano Prieto,Empleado Sector Privado,33802.02,Medio,2024-08-19
CLI-03224,Modesto Pablo Velázquez de la Rosa,Desempleado,2550.3,Alto,2023-08-15
CLI-03225,José Carlos Martín Niño Urbina,Empleado Sector Privado,31065.99,Medio,2026-06-10
CLI-03226,Ignacio René Miranda,Profesionista Independiente,17444.66,Medio,2024-05-08
CLI-03227,Srita. Elsa Báez,Profesionista Independiente,48996.78,Medio,2024-03-07
CLI-03228,Dra. Soledad Almanza,Estudiante,2315.14,Bajo,2025-05-03
CLI-03229,Isabel Merino Pulido,Empresario / Comerciante,129748.96,Alto,2025-03-11
CLI-03230,Verónica Bianca Nieves,Profesionista Independiente,36431.98,Medio,2024-09-02
CLI-03231,Ramiro José Emilio Casárez Amaya,Jubilado,8037.6,Bajo,2025-06-03
CLI-03232,Dr. Luis Miguel Riojas,Desempleado,2822.43,Alto,2024-04-22
CLI-03233,Trinidad Luna Angulo,Empresario / Comerciante,102525.03,Alto,2025-07-12
CLI-03234,Trinidad Ocampo,Jubilado,16313.61,Bajo,2023-08-06
CLI-03235,Lic. Hernán Ocasio,Estudiante,3732.75,Bajo,2025-02-02
CLI-03236,Ana María Aguayo,Empresario / Comerciante,126400.82,Alto,2023-12-20
CLI-03237,Elisa Nancy Véliz Bétancourt,Profesionista Independiente,58279.32,Medio,2026-04-12
CLI-03238,Sra. Abigail Téllez,Desempleado,3823.48,Alto,2025-04-02
CLI-03239,Dr. Rodrigo Laboy,Estudiante,7506.27,Bajo,2025-09-03
CLI-03240,Isabela Arias Luna,Desempleado,1415.31,Alto,2024-07-09
CLI-03241,Caridad Leonor Sepúlveda,Empresario / Comerciante,172097.11,Alto,2025-06-20
CLI-03242,Agustín Eugenio Villarreal,Desempleado,3433.42,Alto,2024-02-07
CLI-03243,Rodrigo Lorenzo Magaña Ordóñez,Profesionista Independiente,27164.68,Medio,2025-04-24
CLI-03244,Irma Munguía,Estudiante,3532.06,Bajo,2023-08-27
CLI-03245,Cristina Carmen Navarrete,Jubilado,10085.0,Bajo,2024-12-01
CLI-03246,Israel Nicolás Quezada Castañeda,Desempleado,2996.36,Alto,2025-07-10
CLI-03247,Serafín Gabino Brito Alonso,Desempleado,2687.56,Alto,2025-01-20
CLI-03248,Serafín Soria,Empleado Sector Privado,29158.43,Medio,2023-12-04
CLI-03249,Mateo Hugo Serrano,Desempleado,2761.11,Alto,2023-07-24
CLI-03250,Olga Sandoval Ortiz,Empleado Sector Privado,22337.9,Medio,2026-04-01
CLI-03251,María Teresa Colón Cabrera,Estudiante,6036.81,Bajo,2025-07-05
CLI-03252,Reynaldo Tello Uribe,Estudiante,2071.77,Bajo,2025-04-25
CLI-03253,Esteban Tafoya Caldera,Estudiante,5151.59,Bajo,2023-10-14
CLI-03254,María José Carreón Navarro,Desempleado,1783.77,Alto,2023-10-16
CLI-03255,Felix Cortés,Empleado Sector Privado,35933.27,Medio,2024-01-15
CLI-03256,Mónica Gloria Robledo,Profesionista Independiente,23688.58,Medio,2024-04-03
CLI-03257,Alta  Gracia Bernal Nava,Estudiante,5716.38,Bajo,2025-03-05
CLI-03258,José María Gabriel Armendáriz Sisneros,Estudiante,7631.03,Bajo,2026-05-28
CLI-03259,Dr. Flavio Zayas,Desempleado,3575.87,Alto,2023-08-05
CLI-03260,Dra. María del Carmen Montañez,Empleado Sector Privado,43366.14,Medio,2025-07-15
CLI-03261,Gonzalo Ornelas Pacheco,Desempleado,487.16,Alto,2024-01-25
CLI-03262,Miguel Roberto Rascón,Estudiante,2518.32,Bajo,2023-10-08
CLI-03263,Georgina Sofía Esquibel Aranda,Jubilado,6688.79,Bajo,2023-07-09
CLI-03264,Olivia Irma de la Crúz,Desempleado,3055.43,Alto,2024-07-31
CLI-03265,Dr. Luis Miguel Fierro,Desempleado,2264.28,Alto,2024-08-05
CLI-03266,Enrique Adalberto Lemus,Empleado Sector Privado,41568.05,Medio,2025-02-03
CLI-03267,Luis Manuel Ramón,Desempleado,737.05,Alto,2024-12-31
CLI-03268,Jacobo Guerra,Profesionista Independiente,36013.0,Medio,2024-01-01
CLI-03269,Diana Sonia Badillo Tamayo,Estudiante,5832.68,Bajo,2025-01-22
CLI-03270,Wilfrido Hernán Valentín Portillo,Profesionista Independiente,49621.16,Medio,2024-06-26
CLI-03271,Esperanza Zaragoza Puga,Desempleado,3613.57,Alto,2024-07-12
CLI-03272,Georgina Lilia Treviño Garza,Profesionista Independiente,26580.15,Medio,2025-10-17
CLI-03273,Luis Manuel Trujillo Baca,Estudiante,3663.72,Bajo,2025-04-02
CLI-03274,Porfirio Calderón,Estudiante,4296.79,Bajo,2025-04-24
CLI-03275,Renato Francisco Henríquez Castillo,Profesionista Independiente,59818.14,Medio,2026-03-15
CLI-03276,Jerónimo Luis Manuel Loera Lara,Profesionista Independiente,58002.26,Medio,2023-07-12
CLI-03277,Srita. Isabela Luevano,Profesionista Independiente,23006.83,Medio,2023-07-28
CLI-03278,Estela Casárez Cruz,Estudiante,4950.33,Bajo,2025-10-10
CLI-03279,Jaime Holguín Rosas,Empleado Sector Privado,32139.96,Medio,2025-12-30
CLI-03280,Trinidad Guerrero Arellano,Empleado Sector Privado,33300.94,Medio,2025-02-02
CLI-03281,Dra. Ruby Bermúdez,Estudiante,2863.24,Bajo,2025-06-17
CLI-03282,Estela Lomeli Leyva,Empresario / Comerciante,93677.3,Alto,2025-03-07
CLI-03283,Ernesto Lucas Cazares,Desempleado,425.0,Alto,2024-08-09
CLI-03284,Lic. Enrique de Jesús,Empresario / Comerciante,193080.06,Alto,2025-04-03
CLI-03285,Ramiro Fernández Patiño,Estudiante,2209.17,Bajo,2025-01-24
CLI-03286,Adalberto Montenegro Aguirre,Estudiante,5428.07,Bajo,2025-12-30
CLI-03287,Esteban Lorenzo Flórez,Profesionista Independiente,49975.67,Medio,2025-11-10
CLI-03288,Renato Cristobal Otero Aguirre,Estudiante,7379.07,Bajo,2024-11-21
CLI-03289,Wilfrido Homero Gaona Granados,Empleado Sector Privado,33544.56,Medio,2023-09-03
CLI-03290,Ing. Marcos Fajardo,Estudiante,7597.36,Bajo,2025-07-29
CLI-03291,Pilar Ochoa,Desempleado,1561.94,Alto,2025-08-30
CLI-03292,Darío Camacho Cepeda,Empleado Sector Privado,35101.82,Medio,2025-07-19
CLI-03293,Pascual José Eduardo Vega Treviño,Empresario / Comerciante,164928.05,Alto,2026-04-23
CLI-03294,Francisco Javier Barreto Munguía,Jubilado,14198.87,Bajo,2024-12-22
CLI-03295,Vicente Gerardo Rojas Pabón,Empresario / Comerciante,145627.89,Alto,2024-04-23
CLI-03296,Rosario Solorio,Empresario / Comerciante,218809.83,Alto,2024-01-24
CLI-03297,Rebeca Vela Villa,Estudiante,5240.77,Bajo,2024-03-08
CLI-03298,Clemente Varela,Estudiante,4306.54,Bajo,2024-10-19
CLI-03299,Pascual Tovar,Desempleado,3271.91,Alto,2024-03-01
CLI-03300,Indira Oquendo,Empresario / Comerciante,74240.73,Alto,2024-09-24
CLI-03301,Gregorio Zelaya,Jubilado,17155.55,Bajo,2026-02-14
CLI-03302,Amalia Berríos Pabón,Profesionista Independiente,30004.79,Medio,2025-12-21
CLI-03303,Srita. Concepción Tamayo,Profesionista Independiente,33027.67,Medio,2024-06-05
CLI-03304,Miriam Oquendo,Desempleado,3988.06,Alto,2025-09-05
CLI-03305,Angélica Ángela Saavedra Valle,Desempleado,362.67,Alto,2023-07-29
CLI-03306,Rodrigo Nieto Jurado,Jubilado,16093.45,Bajo,2025-08-05
CLI-03307,Miguel Ángel Marcos Moya,Profesionista Independiente,18620.56,Medio,2024-08-12
CLI-03308,Alberto Federico Carrero Marrero,Empresario / Comerciante,202090.62,Alto,2023-09-29
CLI-03309,Mercedes Noelia Tafoya,Profesionista Independiente,44150.67,Medio,2023-10-01
CLI-03310,Sr. Mauricio Barrios,Empleado Sector Privado,30297.69,Medio,2024-02-03
CLI-03311,Karla Burgos Llamas,Empresario / Comerciante,182146.82,Alto,2025-11-07
CLI-03312,Nayeli Trinidad Domínguez Anguiano,Profesionista Independiente,46314.7,Medio,2025-07-30
CLI-03313,Jorge Luis Portillo,Estudiante,5783.7,Bajo,2024-08-02
CLI-03314,Carla Luz Palomo Ordóñez,Profesionista Independiente,36892.66,Medio,2025-11-18
CLI-03315,Estela Figueroa Arriaga,Desempleado,1751.93,Alto,2026-05-31
CLI-03316,Fabiola Casillas Meléndez,Empleado Sector Privado,16618.12,Medio,2024-03-23
CLI-03317,Lic. Óliver Lerma,Empleado Sector Privado,12837.03,Medio,2023-11-05
CLI-03318,Santiago Ignacio Niño,Jubilado,8100.31,Bajo,2024-05-27
CLI-03319,Octavio Raúl Ceballos,Empresario / Comerciante,62598.53,Alto,2025-01-12
CLI-03320,Yuridia Padrón Mora,Jubilado,13364.3,Bajo,2026-05-26
CLI-03321,Enrique Luis Manuel Molina,Empresario / Comerciante,156788.01,Alto,2024-03-18
CLI-03322,Ricardo Castro,Empresario / Comerciante,243314.83,Alto,2025-07-27
CLI-03323,Marcos Jaime,Estudiante,2222.26,Bajo,2025-12-29
CLI-03324,Gabriel Aranda Valdés,Estudiante,4026.31,Bajo,2025-09-30
CLI-03325,Andrés de la Fuente Muñoz,Desempleado,171.26,Alto,2024-05-25
CLI-03326,Diana Rocío Espino,Estudiante,3270.07,Bajo,2023-08-24
CLI-03327,Diana Abrego Ocasio,Desempleado,2669.27,Alto,2024-09-28
CLI-03328,Cristobal Jorge Quezada,Empresario / Comerciante,238017.96,Alto,2023-11-30
CLI-03329,Estefanía María Elena Abreu,Jubilado,6936.4,Bajo,2023-07-29
CLI-03330,Lic. Cristal Cortés,Jubilado,8028.81,Bajo,2025-08-29
CLI-03331,Sr. Martín Garza,Estudiante,2221.27,Bajo,2024-07-16
CLI-03332,Jos Segovia,Empleado Sector Privado,28133.53,Medio,2026-04-29
CLI-03333,Eloy Pelayo,Estudiante,4827.32,Bajo,2024-08-14
CLI-03334,Leticia Vélez,Jubilado,5595.42,Bajo,2023-06-22
CLI-03335,Rubén Julio Godoy,Desempleado,2595.15,Alto,2024-02-24
CLI-03336,Angélica Perea Alvarez,Estudiante,3033.49,Bajo,2023-07-19
CLI-03337,Dr. Ignacio Ocampo,Estudiante,7427.97,Bajo,2026-01-14
CLI-03338,Pedro Luis Amador Salas,Estudiante,4737.11,Bajo,2023-06-23
CLI-03339,Karina Nayeli Malave,Empleado Sector Privado,39566.62,Medio,2024-07-09
CLI-03340,Elisa Ybarra,Estudiante,6906.8,Bajo,2024-04-11
CLI-03341,Lic. Eduardo Barragán,Estudiante,2685.08,Bajo,2026-03-03
CLI-03342,Abelardo Solís,Jubilado,15389.28,Bajo,2025-12-24
CLI-03343,Sr. César Saiz,Empleado Sector Privado,14082.63,Medio,2026-02-20
CLI-03344,Juana Carla Estévez,Empleado Sector Privado,26064.98,Medio,2026-02-01
CLI-03345,Alfredo Arevalo,Desempleado,2713.59,Alto,2023-10-11
CLI-03346,Víctor Alonso Cotto,Profesionista Independiente,20436.11,Medio,2024-01-05
CLI-03347,Esther Cortés Merino,Desempleado,2303.87,Alto,2024-03-16
CLI-03348,Hernán Joaquín Gaitán,Empleado Sector Privado,22612.47,Medio,2024-05-05
CLI-03349,Lic. Germán Casárez,Empleado Sector Privado,37219.52,Medio,2023-10-21
CLI-03350,Mauro Gutiérrez,Jubilado,7254.82,Bajo,2024-01-01
CLI-03351,Estela Caridad Pacheco Suárez,Estudiante,2724.47,Bajo,2025-03-22
CLI-03352,Rubén Ordóñez,Empleado Sector Privado,36999.15,Medio,2024-09-26
CLI-03353,Lic. Juana Valdés,Empleado Sector Privado,34977.76,Medio,2025-09-09
CLI-03354,Úrsula Almaraz,Jubilado,7145.08,Bajo,2023-06-27
CLI-03355,Ricardo Felipe Caballero,Empleado Sector Privado,42547.29,Medio,2025-03-07
CLI-03356,Guadalupe Marcela Ferrer Alcala,Estudiante,2800.23,Bajo,2025-09-07
CLI-03357,Sandra Eugenia Macías Crespo,Desempleado,2449.77,Alto,2025-07-10
CLI-03358,Lic. Alfredo Cervantes,Empleado Sector Privado,12515.8,Medio,2024-04-22
CLI-03359,Mitzy Sosa,Empresario / Comerciante,66144.52,Alto,2025-05-14
CLI-03360,Emiliano Evelio Almonte Aguayo,Estudiante,3076.48,Bajo,2025-08-14
CLI-03361,Ing. Sergio Pedroza,Estudiante,6240.45,Bajo,2025-03-07
CLI-03362,Clara Arenas Alba,Jubilado,16529.9,Bajo,2024-02-14
CLI-03363,Estela Montenegro,Empresario / Comerciante,188700.71,Alto,2025-01-31
CLI-03364,Blanca Olga Zavala Casares,Empresario / Comerciante,188471.67,Alto,2024-08-14
CLI-03365,Emiliano Alonso Niño,Empleado Sector Privado,16721.9,Medio,2025-03-05
CLI-03366,Socorro Montes,Profesionista Independiente,38538.91,Medio,2025-12-07
CLI-03367,Celia Benavides,Empresario / Comerciante,97850.75,Alto,2023-10-04
CLI-03368,Federico Echeverría,Empleado Sector Privado,32147.75,Medio,2024-01-30
CLI-03369,Modesto Felipe Colunga Aragón,Estudiante,5577.63,Bajo,2024-09-30
CLI-03370,Rodolfo Abraham Sánchez,Desempleado,1999.55,Alto,2024-05-23
CLI-03371,Dra. Marisol Escobar,Estudiante,5763.15,Bajo,2023-07-18
CLI-03372,Carmen Eva Garica,Profesionista Independiente,30653.41,Medio,2025-09-02
CLI-03373,Sr. Agustín Tello,Estudiante,5346.26,Bajo,2026-02-02
CLI-03374,Agustín Palacios,Empleado Sector Privado,15877.76,Medio,2023-09-17
CLI-03375,Rodolfo Omar Segovia,Jubilado,17698.29,Bajo,2024-07-21
CLI-03376,Guillermo Zeferino Aguayo,Jubilado,9704.72,Bajo,2026-04-07
CLI-03377,Ing. Elena Suárez,Jubilado,11598.03,Bajo,2026-04-30
CLI-03378,Marcos Guillermo Urías Arreola,Empresario / Comerciante,204066.26,Alto,2026-03-31
CLI-03379,Luis Genaro Gaitán,Desempleado,832.43,Alto,2025-04-21
CLI-03380,Wilfrido Velázquez Blanco,Estudiante,3162.31,Bajo,2023-07-01
CLI-03381,Sandra Caridad Fernández Valladares,Empleado Sector Privado,34613.04,Medio,2026-04-01
CLI-03382,Micaela Elisa Lozada Aguilar,Empresario / Comerciante,149502.97,Alto,2023-11-01
CLI-03383,Cynthia Sepúlveda,Empleado Sector Privado,34114.71,Medio,2025-11-11
CLI-03384,Silvano Samuel Benítez Meza,Estudiante,2324.17,Bajo,2025-07-24
CLI-03385,Ing. Iván Briseño,Profesionista Independiente,27827.9,Medio,2026-06-02
CLI-03386,Amelia Yolanda Paredes Tapia,Empresario / Comerciante,100276.36,Alto,2024-03-09
CLI-03387,Aldonza Sofía Tello,Jubilado,15467.0,Bajo,2025-05-24
CLI-03388,Ernesto Gustavo Chavarría,Empresario / Comerciante,58663.5,Alto,2024-04-06
CLI-03389,Sessa Quiñónez Véliz,Desempleado,209.83,Alto,2026-02-28
CLI-03390,Lorena Elisa Montez Olivas,Jubilado,7286.54,Bajo,2026-01-19
CLI-03391,Pablo Badillo Ortega,Estudiante,4910.37,Bajo,2024-12-09
CLI-03392,Dr. Porfirio Alba,Estudiante,2425.16,Bajo,2023-07-28
CLI-03393,Teodoro Leonel Lara de Anda,Empleado Sector Privado,35806.3,Medio,2025-07-17
CLI-03394,Cristobal Madrid Trejo,Jubilado,12536.9,Bajo,2024-03-17
CLI-03395,Eduardo Samuel Orozco,Empresario / Comerciante,89750.28,Alto,2024-10-03
CLI-03396,Cornelio Armenta,Desempleado,3593.49,Alto,2024-01-23
CLI-03397,Alvaro Rolando Cortez,Empleado Sector Privado,37706.18,Medio,2023-06-29
CLI-03398,Ing. Maximiliano Jaimes,Profesionista Independiente,25250.19,Medio,2025-08-21
CLI-03399,Homero Carrasco Coronado,Empleado Sector Privado,36345.68,Medio,2024-08-17
CLI-03400,Elias Óscar Polanco Gómez,Empleado Sector Privado,24392.57,Medio,2025-06-19
CLI-03401,Reina Amelia Quiroz Anguiano,Empleado Sector Privado,14426.48,Medio,2024-12-05
CLI-03402,Ing. Margarita Pizarro,Jubilado,11297.3,Bajo,2025-01-31
CLI-03403,Ing. Luis Manuel Tejada,Empresario / Comerciante,78988.25,Alto,2025-11-02
CLI-03404,Ilse Hermelinda Lara Fernández,Jubilado,10914.88,Bajo,2026-04-07
CLI-03405,Julia Emilia Pérez,Empresario / Comerciante,124697.02,Alto,2024-05-21
CLI-03406,Jerónimo Felix Almaraz,Empresario / Comerciante,193964.24,Alto,2023-10-26
CLI-03407,Leonardo Samaniego,Desempleado,1434.36,Alto,2023-08-11
CLI-03408,Jerónimo Roberto Vallejo,Profesionista Independiente,24099.49,Medio,2026-02-10
CLI-03409,Carla Lourdes Durán Estrada,Empleado Sector Privado,13059.12,Medio,2025-04-02
CLI-03410,Óscar Quintana Aragón,Jubilado,5775.47,Bajo,2023-08-10
CLI-03411,Lorenzo Blanco Aragón,Empleado Sector Privado,15666.61,Medio,2024-10-12
CLI-03412,Raquel Henríquez Adame,Empresario / Comerciante,141715.78,Alto,2023-10-31
CLI-03413,Beatriz Lourdes Bonilla,Empleado Sector Privado,37091.21,Medio,2025-09-19
CLI-03414,Esteban Aparicio Olmos,Empleado Sector Privado,41251.5,Medio,2024-04-25
CLI-03415,Francisca Isabela Ramírez,Jubilado,7038.25,Bajo,2026-04-12
CLI-03416,Dr. Eloy del Valle,Desempleado,3811.04,Alto,2024-07-21
CLI-03417,Ing. Vicente Matías,Empleado Sector Privado,31078.01,Medio,2024-09-14
CLI-03418,Rolando Romero,Jubilado,16115.05,Bajo,2023-12-16
CLI-03419,Ing. Nancy Tórrez,Estudiante,4470.18,Bajo,2025-04-11
CLI-03420,Wilfrido Mateo Hidalgo,Jubilado,11359.77,Bajo,2025-07-08
CLI-03421,Pedro Víctor Salas,Empleado Sector Privado,31522.17,Medio,2024-02-12
CLI-03422,Silvano Israel Muñoz Nava,Empresario / Comerciante,105834.18,Alto,2025-11-01
CLI-03423,Sofía Frida Vanegas,Desempleado,1712.44,Alto,2023-12-21
CLI-03424,Silvia Elisa Aguilera Leal,Empleado Sector Privado,20178.44,Medio,2025-03-04
CLI-03425,Ing. Luis Perales,Empresario / Comerciante,165893.41,Alto,2023-07-14
CLI-03426,Dra. Caridad Palomo,Jubilado,17301.28,Bajo,2024-10-14
CLI-03427,Gerónimo Murillo,Jubilado,16677.27,Bajo,2025-01-17
CLI-03428,Adela Terrazas,Empresario / Comerciante,246036.81,Alto,2025-05-01
CLI-03429,Sofía María del Carmen Villa Espino,Estudiante,7947.64,Bajo,2024-08-04
CLI-03430,Sra. Olivia Villaseñor,Desempleado,3074.43,Alto,2025-11-11
CLI-03431,Alfonso Julio Colunga,Estudiante,4554.19,Bajo,2024-12-04
CLI-03432,José María Alfredo Peres Guzmán,Empresario / Comerciante,145853.87,Alto,2026-02-11
CLI-03433,Raúl Isaac Ybarra Aguilera,Desempleado,3285.17,Alto,2026-01-22
CLI-03434,Lic. Mauricio Esparza,Empresario / Comerciante,149057.01,Alto,2023-12-08
CLI-03435,Alejandra María Elena Barrios Sandoval,Estudiante,5350.92,Bajo,2024-06-18
CLI-03436,Leonardo Tello Luna,Estudiante,6158.96,Bajo,2024-10-27
CLI-03437,Elias Ricardo Sanches,Empresario / Comerciante,239986.78,Alto,2024-05-05
CLI-03438,Conchita Flores,Empleado Sector Privado,23827.39,Medio,2024-08-30
CLI-03439,Dra. Martha Lucero,Empleado Sector Privado,33372.13,Medio,2023-08-08
CLI-03440,Angélica Tania Almanza,Estudiante,2095.58,Bajo,2025-09-05
CLI-03441,Lic. Abril Tamez,Desempleado,1219.35,Alto,2026-04-20
CLI-03442,Esperanza Malave Rosales,Desempleado,1837.13,Alto,2025-11-21
CLI-03443,Carlota Elsa Soria Robledo,Jubilado,14714.73,Bajo,2024-04-02
CLI-03444,María Eugenia Itzel Martínez Brito,Estudiante,7858.52,Bajo,2023-10-22
CLI-03445,Sara Palacios,Empresario / Comerciante,204367.0,Alto,2023-12-21
CLI-03446,Lourdes Serna,Desempleado,1621.44,Alto,2023-09-10
CLI-03447,Antonio Oquendo,Profesionista Independiente,43206.49,Medio,2023-09-29
CLI-03448,Iván Luis Miguel Salcido Nazario,Desempleado,2533.61,Alto,2025-01-10
CLI-03449,Hugo Modesto Castillo Gollum,Desempleado,282.79,Alto,2023-11-28
CLI-03450,Zacarías Echeverría,Desempleado,1331.62,Alto,2024-01-01
CLI-03451,Itzel Pizarro Reséndez,Estudiante,3779.54,Bajo,2025-02-15
CLI-03452,Eloy del Río Corrales,Profesionista Independiente,46412.47,Medio,2025-03-18
CLI-03453,Alonso José Manuél de la O,Jubilado,12051.66,Bajo,2025-11-19
CLI-03454,Srita. Asunción Guerra,Empleado Sector Privado,37993.83,Medio,2024-09-05
CLI-03455,René Teodoro Cantú Dávila,Estudiante,5722.73,Bajo,2024-05-16
CLI-03456,Dulce Minerva Muñiz Gaytán,Profesionista Independiente,48109.24,Medio,2025-11-12
CLI-03457,Silvia Rosa Sisneros Chapa,Estudiante,5088.42,Bajo,2023-11-20
CLI-03458,Concepción Mayte Viera,Desempleado,1455.96,Alto,2025-10-30
CLI-03459,Amanda Ivonne Bañuelos Saucedo,Estudiante,2665.8,Bajo,2025-02-14
CLI-03460,Adriana Alba,Profesionista Independiente,35940.88,Medio,2025-01-25
CLI-03461,Lic. Jerónimo Segovia,Estudiante,4193.43,Bajo,2024-01-03
CLI-03462,Verónica Noemí Zavala,Empleado Sector Privado,33389.7,Medio,2023-12-15
CLI-03463,Emiliano Javier Valdés Jáquez,Desempleado,268.02,Alto,2025-06-12
CLI-03464,Ernesto Alejandro Llamas,Desempleado,3094.3,Alto,2024-08-05
CLI-03465,Celia Romero,Empleado Sector Privado,44381.3,Medio,2023-08-25
CLI-03466,Amalia Micaela Acosta Pedraza,Empleado Sector Privado,29807.92,Medio,2025-05-05
CLI-03467,Arturo Gilberto Montes,Desempleado,1913.97,Alto,2024-12-13
CLI-03468,Serafín Gerónimo Solís,Jubilado,16324.71,Bajo,2023-08-07
CLI-03469,Jacinto Roque,Desempleado,839.18,Alto,2024-02-28
CLI-03470,Fidel José Manuél Tórrez,Desempleado,3043.54,Alto,2024-11-04
CLI-03471,Srita. Adela Cabán,Profesionista Independiente,30872.03,Medio,2025-10-31
CLI-03472,Abel Tomás Angulo,Profesionista Independiente,37660.47,Medio,2025-11-01
CLI-03473,Rodrigo Montemayor Centeno,Empresario / Comerciante,105429.07,Alto,2023-08-28
CLI-03474,Ing. Antonio Caldera,Estudiante,4236.88,Bajo,2025-09-03
CLI-03475,Lucía Navarro,Empresario / Comerciante,147245.38,Alto,2024-03-22
CLI-03476,Zeferino Caballero Cardona,Jubilado,15784.28,Bajo,2023-07-17
CLI-03477,Esperanza Zaragoza Mayorga,Empresario / Comerciante,191965.06,Alto,2024-05-18
CLI-03478,Ángela Mónica Caldera,Desempleado,3301.52,Alto,2023-06-30
CLI-03479,Lic. Eric Maestas,Profesionista Independiente,35339.03,Medio,2026-05-13
CLI-03480,Alvaro Raúl Granados Quiroz,Profesionista Independiente,50995.67,Medio,2024-07-12
CLI-03481,Genaro Modesto Zúñiga,Desempleado,3235.18,Alto,2023-10-29
CLI-03482,Alejandro Espinoza Santana,Estudiante,3130.12,Bajo,2024-03-24
CLI-03483,Amelia Abril Fonseca,Empresario / Comerciante,67461.75,Alto,2026-01-12
CLI-03484,Esmeralda Tania Espinal,Empresario / Comerciante,229589.17,Alto,2024-09-13
CLI-03485,Ángel Leonardo Mayorga,Profesionista Independiente,58121.54,Medio,2025-05-31
CLI-03486,Gloria Gallardo,Estudiante,2656.19,Bajo,2025-07-15
CLI-03487,Abelardo Solano,Profesionista Independiente,20041.11,Medio,2025-09-13
CLI-03488,Jonás Barajas,Empleado Sector Privado,28378.85,Medio,2024-02-13
CLI-03489,Olivia Ana María Lebrón Rendón,Empleado Sector Privado,29182.69,Medio,2025-02-01
CLI-03490,Omar Nicolás Bermúdez Nevárez,Desempleado,90.76,Alto,2023-06-19
CLI-03491,María Rubio Suárez,Empresario / Comerciante,243914.92,Alto,2025-06-28
CLI-03492,Patricio Duarte,Jubilado,17112.38,Bajo,2023-11-10
CLI-03493,Gilberto Rafaél Lira Alfaro,Empresario / Comerciante,119340.05,Alto,2026-03-19
CLI-03494,Aldo Arroyo Menchaca,Empresario / Comerciante,197541.85,Alto,2023-11-26
CLI-03495,Lorenzo Oswaldo Alba,Estudiante,3749.1,Bajo,2026-02-26
CLI-03496,Helena Jaimes Zaragoza,Estudiante,2132.22,Bajo,2026-03-18
CLI-03497,Vicente Óscar Carmona,Empleado Sector Privado,39553.27,Medio,2024-03-29
CLI-03498,Isaac Miguel Brito,Jubilado,13380.74,Bajo,2026-03-26
CLI-03499,Enrique Isaac de Jesús,Empresario / Comerciante,165740.92,Alto,2023-10-07
CLI-03500,Salvador Luis Manuel Correa Santillán,Desempleado,2584.2,Alto,2024-06-12
CLI-03501,Micaela Segovia,Profesionista Independiente,36876.68,Medio,2024-10-15
CLI-03502,Héctor Héctor Rael,Desempleado,2787.45,Alto,2024-11-07
CLI-03503,Luis Manuel Quintana Aranda,Jubilado,10788.33,Bajo,2025-08-04
CLI-03504,Lic. Rolando Elizondo,Profesionista Independiente,40526.32,Medio,2026-03-19
CLI-03505,Rosalia Elsa Hernádez Duarte,Profesionista Independiente,22728.17,Medio,2024-12-14
CLI-03506,Zacarías Barraza Navarrete,Profesionista Independiente,25205.19,Medio,2024-01-15
CLI-03507,María Cristina Reynoso,Profesionista Independiente,58682.58,Medio,2026-05-11
CLI-03508,Sara Sessa Concepción Sandoval,Estudiante,2890.03,Bajo,2026-02-05
CLI-03509,Srita. Karina Zedillo,Profesionista Independiente,35516.69,Medio,2024-07-01
CLI-03510,Nancy Cervántez Santiago,Empleado Sector Privado,32414.8,Medio,2026-05-05
CLI-03511,Jos Cristobal Vela Mares,Empleado Sector Privado,35489.8,Medio,2025-12-22
CLI-03512,Lic. Tania Lira,Profesionista Independiente,23202.62,Medio,2026-04-17
CLI-03513,Gabriela María Villanueva Soliz,Empleado Sector Privado,39697.95,Medio,2024-02-04
CLI-03514,María del Carmen Valdés,Desempleado,3618.84,Alto,2023-11-15
CLI-03515,Hermelinda Ocasio,Empleado Sector Privado,17321.41,Medio,2025-03-01
CLI-03516,José Luis Bernardo Laureano Alva,Estudiante,2246.91,Bajo,2025-12-10
CLI-03517,Aldo Orellana,Profesionista Independiente,40853.63,Medio,2026-06-06
CLI-03518,Ana María Mónica Cuellar,Empresario / Comerciante,102081.44,Alto,2023-06-26
CLI-03519,José Mercado Borrego,Empleado Sector Privado,18770.13,Medio,2024-04-27
CLI-03520,Ana María Elvia Hernandes Sánchez,Desempleado,138.76,Alto,2023-12-15
CLI-03521,Víctor Ángel Verdugo Ibarra,Profesionista Independiente,59011.02,Medio,2023-10-13
CLI-03522,Ana Luisa Gallegos Haro,Empleado Sector Privado,24306.19,Medio,2025-12-18
CLI-03523,Micaela Bermúdez Gurule,Jubilado,17681.05,Bajo,2023-12-12
CLI-03524,Samuel Javier Quiroz Cervántez,Jubilado,8920.28,Bajo,2025-03-03
CLI-03525,Juana Indira Matos,Estudiante,4427.37,Bajo,2024-09-25
CLI-03526,Georgina Cabrera,Empresario / Comerciante,203703.63,Alto,2024-11-25
CLI-03527,Agustín Sisneros Quintero,Empresario / Comerciante,235562.26,Alto,2023-07-07
CLI-03528,Jorge Luis Antonio Vaca Cabrera,Empleado Sector Privado,12141.71,Medio,2025-01-13
CLI-03529,Miguel Meléndez,Desempleado,2184.58,Alto,2023-12-12
CLI-03530,Darío Naranjo,Jubilado,9306.65,Bajo,2024-03-06
CLI-03531,Sr. Jorge Quiroz,Desempleado,1182.23,Alto,2024-09-19
CLI-03532,Karina Francisca Burgos,Profesionista Independiente,58632.25,Medio,2023-11-07
CLI-03533,Lic. Benito Armenta,Jubilado,13669.54,Bajo,2025-11-04
CLI-03534,Cynthia Tejada Patiño,Jubilado,14471.07,Bajo,2026-01-07
CLI-03535,Ángela Leonor Hurtado,Empresario / Comerciante,117736.89,Alto,2023-08-31
CLI-03536,Esperanza Margarita Lozada Jaimes,Estudiante,6389.84,Bajo,2025-08-24
CLI-03537,Sr. Serafín Narváez,Estudiante,2836.54,Bajo,2025-09-09
CLI-03538,Angélica Treviño Urrutia,Jubilado,6519.39,Bajo,2025-07-08
CLI-03539,Srita. Dulce Cardenas,Estudiante,4409.78,Bajo,2025-03-31
CLI-03540,Ing. Lorena Irizarry,Empleado Sector Privado,26717.1,Medio,2025-06-06
CLI-03541,Irene Aragón Vásquez,Estudiante,3958.2,Bajo,2025-03-21
CLI-03542,Pedro Nicolás Ocasio Corral,Jubilado,13337.06,Bajo,2025-05-01
CLI-03543,Silvia Rosas,Jubilado,11843.64,Bajo,2025-01-30
CLI-03544,Aurelio Jorge Luis Saiz Sosa,Profesionista Independiente,23807.21,Medio,2024-10-21
CLI-03545,Ing. Sandra Casanova,Estudiante,5230.47,Bajo,2024-06-30
CLI-03546,Bernardo Javier Serrano Miramontes,Empresario / Comerciante,185412.68,Alto,2025-02-17
CLI-03547,Maximiliano Bruno Madrid Rico,Estudiante,7855.04,Bajo,2025-09-12
CLI-03548,Helena Mena Meraz,Empresario / Comerciante,88890.01,Alto,2023-10-11
CLI-03549,Rodolfo Óliver Lugo,Profesionista Independiente,42142.73,Medio,2025-01-18
CLI-03550,Vanesa Lourdes Hernandes,Jubilado,17264.23,Bajo,2025-07-22
CLI-03551,Víctor Omar Noriega,Desempleado,1444.26,Alto,2024-03-23
CLI-03552,Isabela Guadalupe Calderón Armas,Empleado Sector Privado,35626.8,Medio,2025-06-21
CLI-03553,Ing. Leonardo Guajardo,Empresario / Comerciante,123925.99,Alto,2024-09-26
CLI-03554,Sra. Arcelia Guerra,Profesionista Independiente,15548.59,Medio,2026-01-21
CLI-03555,Karla Barbara Vega,Profesionista Independiente,30810.98,Medio,2026-06-03
CLI-03556,Amanda Porras Rocha,Empresario / Comerciante,224860.35,Alto,2024-03-08
CLI-03557,Renato Casillas,Estudiante,3294.17,Bajo,2025-04-11
CLI-03558,José Manuél Romo,Empresario / Comerciante,198305.54,Alto,2025-09-10
CLI-03559,Abigail Pabón Luevano,Empresario / Comerciante,210737.1,Alto,2023-12-30
CLI-03560,Luis Miguel Concepción,Profesionista Independiente,22370.57,Medio,2026-04-22
CLI-03561,María Teresa Collado Valentín,Desempleado,3881.44,Alto,2023-07-18
CLI-03562,Natividad del Valle,Empresario / Comerciante,195721.1,Alto,2024-08-13
CLI-03563,Reynaldo Claudio Montero Vargas,Empresario / Comerciante,77913.54,Alto,2025-11-22
CLI-03564,Ana María Linda Quintero,Jubilado,12773.16,Bajo,2024-01-28
CLI-03565,Julio César Llamas,Empleado Sector Privado,18856.87,Medio,2024-10-19
CLI-03566,Sra. Clara Bueno,Empresario / Comerciante,247676.49,Alto,2026-02-08
CLI-03567,Violeta Escobar,Jubilado,17826.3,Bajo,2023-12-30
CLI-03568,Rebeca Cristal Esquibel,Estudiante,7598.92,Bajo,2023-07-10
CLI-03569,Sr. Óliver Velásquez,Jubilado,14829.48,Bajo,2024-03-16
CLI-03570,Anel Diana Tovar Santillán,Estudiante,2039.71,Bajo,2026-03-21
CLI-03571,Alejandra Samaniego,Desempleado,3657.64,Alto,2023-12-09
CLI-03572,Verónica Tórrez Irizarry,Empresario / Comerciante,84978.6,Alto,2023-08-10
CLI-03573,Graciela Sandra Ayala Núñez,Empresario / Comerciante,192049.4,Alto,2026-01-25
CLI-03574,Nayeli Judith Salcedo,Empleado Sector Privado,18575.5,Medio,2025-07-06
CLI-03575,Pascual Eduardo Monroy Moreno,Empresario / Comerciante,107892.63,Alto,2025-04-18
CLI-03576,Rebeca Guzmán Tamayo,Empresario / Comerciante,58446.58,Alto,2026-05-26
CLI-03577,Lic. Mauro Valdés,Profesionista Independiente,52556.33,Medio,2024-08-04
CLI-03578,Pedro Benítez,Profesionista Independiente,37234.52,Medio,2024-02-05
CLI-03579,Horacio Israel Valles Becerra,Desempleado,1853.81,Alto,2025-05-23
CLI-03580,Lic. Guillermo Ramón,Estudiante,6747.32,Bajo,2024-02-24
CLI-03581,Natividad Sandra Romo Ozuna,Empleado Sector Privado,20668.34,Medio,2023-09-25
CLI-03582,Margarita Pelayo Delgado,Desempleado,3336.97,Alto,2024-03-10
CLI-03583,Joaquín Martín Escalante Barraza,Empresario / Comerciante,74835.38,Alto,2025-07-25
CLI-03584,Ing. Esparta Aranda,Desempleado,3570.75,Alto,2025-11-08
CLI-03585,Victoria Nelly Sevilla,Empresario / Comerciante,85874.46,Alto,2025-06-12
CLI-03586,Horacio Gaytán Rubio,Desempleado,2579.14,Alto,2026-01-08
CLI-03587,Dra. Mariana Frías,Estudiante,2716.13,Bajo,2025-07-31
CLI-03588,Leonardo Romo,Profesionista Independiente,37187.26,Medio,2024-10-17
CLI-03589,Gilberto Rincón Acosta,Estudiante,5593.35,Bajo,2026-02-03
CLI-03590,Ing. Liliana Cardona,Profesionista Independiente,41147.96,Medio,2025-01-15
CLI-03591,Paola Judith Leal Valadez,Jubilado,10668.89,Bajo,2024-07-30
CLI-03592,Héctor Godoy Olvera,Profesionista Independiente,43259.82,Medio,2025-11-15
CLI-03593,Mitzy Laura Nájera,Empresario / Comerciante,244851.75,Alto,2026-02-03
CLI-03594,Ing. Francisca Velásquez,Estudiante,4239.21,Bajo,2026-02-11
CLI-03595,Lic. Silvia Olivares,Desempleado,2301.05,Alto,2026-02-20
CLI-03596,María José Sierra,Profesionista Independiente,22328.13,Medio,2023-08-17
CLI-03597,Humberto Zedillo Terán,Estudiante,2876.82,Bajo,2023-11-30
CLI-03598,Zoé Casas Covarrubias,Empresario / Comerciante,225663.45,Alto,2024-03-09
CLI-03599,Mauro Eduardo Jaramillo Barragán,Empleado Sector Privado,23793.72,Medio,2023-12-03
CLI-03600,Ricardo Bruno Bahena Cordero,Estudiante,3636.02,Bajo,2025-11-13
CLI-03601,Itzel Peralta Verdugo,Empresario / Comerciante,177249.43,Alto,2024-09-22
CLI-03602,Felipe René Solorio Soria,Profesionista Independiente,17192.17,Medio,2026-05-14
CLI-03603,Violeta Indira Mora,Profesionista Independiente,38832.55,Medio,2023-12-29
CLI-03604,Lic. Augusto Cisneros,Estudiante,5083.2,Bajo,2025-10-03
CLI-03605,Espartaco Emilio Rivera Luna,Desempleado,732.99,Alto,2024-08-08
CLI-03606,Benito Carlos Concepción Serrato,Estudiante,5592.57,Bajo,2026-05-02
CLI-03607,Bianca Paola Soto Córdova,Empleado Sector Privado,29942.51,Medio,2026-04-25
CLI-03608,Ing. Cornelio Nieves,Profesionista Independiente,52206.99,Medio,2025-12-30
CLI-03609,Lic. Jerónimo Marroquín,Desempleado,3199.51,Alto,2023-10-01
CLI-03610,Antonia Hernádez Mascareñas,Profesionista Independiente,45844.97,Medio,2025-12-16
CLI-03611,Carmen Carrero Salinas,Desempleado,1450.09,Alto,2024-02-19
CLI-03612,Dra. Carla Nevárez,Jubilado,12540.61,Bajo,2025-07-14
CLI-03613,Ofelia Martínez Lira,Empleado Sector Privado,12425.62,Medio,2026-04-02
CLI-03614,Dolores Navarrete Adame,Jubilado,8658.43,Bajo,2026-02-12
CLI-03615,Graciela Castillo,Empresario / Comerciante,132398.9,Alto,2025-06-14
CLI-03616,Mario Guillermo Espinoza,Empleado Sector Privado,15379.79,Medio,2025-01-22
CLI-03617,Rosalia Perla Gollum Gaitán,Empleado Sector Privado,28611.64,Medio,2025-10-08
CLI-03618,Ing. Delia Figueroa,Empleado Sector Privado,38238.52,Medio,2023-07-18
CLI-03619,Ing. Manuel Gamez,Jubilado,12974.57,Bajo,2023-11-26
CLI-03620,Israel Daniel Carrión,Jubilado,15998.91,Bajo,2024-03-09
CLI-03621,Angélica Nazario,Desempleado,2204.45,Alto,2025-06-16
CLI-03622,Darío Negrón,Estudiante,4504.08,Bajo,2026-04-05
CLI-03623,Cynthia Citlali Osorio,Estudiante,2699.39,Bajo,2025-03-15
CLI-03624,Óliver Hugo Urías,Empleado Sector Privado,42472.52,Medio,2024-12-04
CLI-03625,Lucía Ofelia Feliciano Baca,Empresario / Comerciante,119641.98,Alto,2024-07-28
CLI-03626,Fernando Vicente Calderón Carreón,Desempleado,1450.27,Alto,2025-01-16
CLI-03627,Jos Darío Adame Nazario,Empresario / Comerciante,227945.28,Alto,2023-06-30
CLI-03628,Mariana Miramontes,Jubilado,11800.57,Bajo,2026-03-21
CLI-03629,Srita. María Elena Amador,Profesionista Independiente,22749.32,Medio,2025-02-06
CLI-03630,Wendolin Nancy Pedraza Zambrano,Profesionista Independiente,16294.18,Medio,2023-12-25
CLI-03631,Flavio Venegas,Estudiante,3334.15,Bajo,2024-02-14
CLI-03632,Nancy Linda Guajardo Rosario,Desempleado,569.44,Alto,2025-02-07
CLI-03633,José Emilio Ernesto Sisneros Cabán,Empleado Sector Privado,22145.13,Medio,2025-07-31
CLI-03634,Miguel Muñiz Tamayo,Empleado Sector Privado,16297.2,Medio,2026-03-13
CLI-03635,Andrés Jaramillo,Estudiante,4548.83,Bajo,2024-06-05
CLI-03636,Norma Carla Muro Candelaria,Estudiante,2466.41,Bajo,2025-02-13
CLI-03637,Gonzalo Amaya,Empresario / Comerciante,201466.81,Alto,2026-04-17
CLI-03638,Carlos Gollum Montalvo,Estudiante,3178.11,Bajo,2025-04-07
CLI-03639,Arturo Gonzalo Amaya,Estudiante,6758.33,Bajo,2024-10-26
CLI-03640,René Vaca Carvajal,Jubilado,12711.29,Bajo,2025-02-28
CLI-03641,Augusto Eugenio Lomeli,Empresario / Comerciante,73784.44,Alto,2026-04-25
CLI-03642,Augusto Cristian Zapata,Profesionista Independiente,16947.67,Medio,2025-08-10
CLI-03643,Raquel Otero Trujillo,Profesionista Independiente,45041.39,Medio,2025-02-14
CLI-03644,Miguel Mauro Alvarez,Estudiante,6694.22,Bajo,2026-04-01
CLI-03645,Marcos Raúl Tejeda Hernandes,Jubilado,7670.22,Bajo,2024-04-26
CLI-03646,Teodoro Rico Cortez,Empleado Sector Privado,18097.8,Medio,2024-11-15
CLI-03647,Jacobo Mario Ibarra Vanegas,Profesionista Independiente,16316.66,Medio,2024-01-10
CLI-03648,Gabriela María Elena Nevárez Quesada,Empleado Sector Privado,39913.43,Medio,2024-01-26
CLI-03649,Dra. Delia Urbina,Profesionista Independiente,57695.62,Medio,2024-02-10
CLI-03650,Elvira Susana González,Profesionista Independiente,30849.15,Medio,2025-03-17
CLI-03651,Alejandra Cadena Abrego,Jubilado,15150.43,Bajo,2023-11-23
CLI-03652,Lic. Manuel Pedroza,Jubilado,8143.69,Bajo,2026-06-06
CLI-03653,Sessa Indira Carvajal Zarate,Jubilado,5888.38,Bajo,2025-07-31
CLI-03654,Salvador Prieto,Jubilado,14922.17,Bajo,2026-02-25
CLI-03655,Leonor Elena Zarate,Jubilado,7820.97,Bajo,2024-05-26
CLI-03656,Lic. Jaime Arenas,Empleado Sector Privado,43820.71,Medio,2025-11-02
CLI-03657,Óliver Alfredo Villaseñor,Empleado Sector Privado,41754.79,Medio,2024-01-27
CLI-03658,Jaqueline Bonilla,Jubilado,5056.28,Bajo,2026-03-25
CLI-03659,Angélica Castellanos Esparza,Desempleado,394.74,Alto,2026-05-29
CLI-03660,Dulce María Rincón,Empleado Sector Privado,42375.75,Medio,2025-12-05
CLI-03661,Ángel Romero,Desempleado,1898.86,Alto,2025-03-01
CLI-03662,Luis Miguel Narváez Regalado,Desempleado,2357.52,Alto,2024-01-11
CLI-03663,Natividad Nayeli Haro,Empresario / Comerciante,184705.14,Alto,2025-03-17
CLI-03664,Sofía Carrión,Estudiante,3085.09,Bajo,2025-01-19
CLI-03665,Silvia Barrios,Profesionista Independiente,59158.55,Medio,2024-08-02
CLI-03666,Iván Palomo Gamez,Empresario / Comerciante,92854.8,Alto,2024-12-22
CLI-03667,Claudia Flórez Carrión,Empleado Sector Privado,25450.07,Medio,2026-01-04
CLI-03668,José Carlos Israel Raya Vaca,Profesionista Independiente,20562.69,Medio,2024-08-22
CLI-03669,Octavio Collazo,Estudiante,5118.37,Bajo,2024-06-06
CLI-03670,José Manuél Brito,Empresario / Comerciante,202454.74,Alto,2024-08-03
CLI-03671,Susana Vaca,Desempleado,1153.09,Alto,2026-03-10
CLI-03672,Evelio Quintanilla Caldera,Desempleado,162.43,Alto,2024-11-25
CLI-03673,Cristian David Luevano,Profesionista Independiente,37217.08,Medio,2026-03-20
CLI-03674,Nancy Sierra Hernández,Empresario / Comerciante,106722.29,Alto,2025-08-13
CLI-03675,Lic. Inés Mondragón,Jubilado,14570.27,Bajo,2024-04-20
CLI-03676,Sr. Fidel Melgar,Desempleado,3904.72,Alto,2023-08-21
CLI-03677,Mateo Alonso,Empresario / Comerciante,95174.69,Alto,2025-05-29
CLI-03678,Leonor Asunción Caraballo,Empresario / Comerciante,108117.87,Alto,2024-11-05
CLI-03679,Serafín Raúl Loera,Empresario / Comerciante,87757.0,Alto,2024-05-06
CLI-03680,Isaac Tejeda Verdugo,Estudiante,7368.53,Bajo,2026-05-24
CLI-03681,Gloria Muñoz Alba,Empresario / Comerciante,237816.4,Alto,2024-09-02
CLI-03682,Carlota Villalpando,Profesionista Independiente,23068.38,Medio,2025-03-23
CLI-03683,Lic. Diego Reséndez,Desempleado,1966.59,Alto,2023-09-01
CLI-03684,Dr. Rubén Martínez,Estudiante,4378.22,Bajo,2025-05-24
CLI-03685,Alma Sandra Escobedo,Jubilado,13561.13,Bajo,2025-10-29
CLI-03686,Anel Aguilar Perales,Estudiante,2715.31,Bajo,2025-05-13
CLI-03687,Omar Modesto Badillo León,Empresario / Comerciante,130124.86,Alto,2026-06-05
CLI-03688,Ignacio Caldera,Jubilado,17708.42,Bajo,2024-12-07
CLI-03689,Lorenzo Felix Rivero,Desempleado,3701.16,Alto,2025-04-04
CLI-03690,Gilberto Ochoa Espinosa,Empleado Sector Privado,14135.44,Medio,2026-02-21
CLI-03691,Mercedes Hilda Briseño,Empleado Sector Privado,23174.84,Medio,2024-07-18
CLI-03692,Israel Villanueva Melgar,Jubilado,15972.38,Bajo,2023-09-09
CLI-03693,Mitzy Rocha,Empresario / Comerciante,74552.43,Alto,2023-08-28
CLI-03694,Berta Yuridia Escamilla,Empresario / Comerciante,195040.1,Alto,2023-10-21
CLI-03695,Dr. Gustavo Borrego,Profesionista Independiente,49416.77,Medio,2023-08-23
CLI-03696,Aurelio Daniel Matías Alva,Jubilado,12717.45,Bajo,2025-05-28
CLI-03697,Socorro Marisol Roldán Rodarte,Desempleado,3772.9,Alto,2026-05-31
CLI-03698,Eva Tania Sandoval Parra,Profesionista Independiente,36412.18,Medio,2024-11-01
CLI-03699,Srita. María del Carmen Méndez,Jubilado,17351.8,Bajo,2025-02-28
CLI-03700,Dr. Cornelio Rosado,Empresario / Comerciante,152282.9,Alto,2025-02-26
CLI-03701,Lic. Conchita Muñoz,Empleado Sector Privado,37343.99,Medio,2023-08-14
CLI-03702,Julia Nevárez Montoya,Estudiante,2733.14,Bajo,2023-10-24
CLI-03703,Lic. Modesto Lira,Empresario / Comerciante,149454.76,Alto,2026-03-26
CLI-03704,Ing. Camilo Casas,Desempleado,3769.61,Alto,2025-04-01
CLI-03705,Ignacio Jesús Campos,Estudiante,2597.62,Bajo,2024-09-26
CLI-03706,Ana Luisa Sofía Samaniego Sevilla,Estudiante,6981.87,Bajo,2023-11-19
CLI-03707,Sandra Eloisa García,Empresario / Comerciante,185621.49,Alto,2025-12-14
CLI-03708,Juana Acevedo,Empleado Sector Privado,24626.89,Medio,2026-04-06
CLI-03709,Emilio Cervantes,Desempleado,1307.82,Alto,2024-11-07
CLI-03710,Joaquín Martín Lira,Profesionista Independiente,42988.5,Medio,2025-07-14
CLI-03711,Sra. Amelia Tello,Estudiante,6561.03,Bajo,2025-10-16
CLI-03712,Sr. Humberto Ávila,Desempleado,3006.44,Alto,2026-04-03
CLI-03713,Manuel Pascual Garrido Colunga,Empresario / Comerciante,208546.28,Alto,2025-08-03
CLI-03714,Amador Chávez Girón,Empleado Sector Privado,21687.58,Medio,2024-08-19
CLI-03715,María Cristina Llamas Gallegos,Empresario / Comerciante,148050.07,Alto,2024-12-28
CLI-03716,Amador Ignacio Cotto Fierro,Profesionista Independiente,39409.72,Medio,2025-05-15
CLI-03717,Indira Ana María Casas,Jubilado,12106.06,Bajo,2024-03-11
CLI-03718,José Francisco Javier Hernádez,Estudiante,7944.27,Bajo,2025-08-30
CLI-03719,Flavio Omar Galarza Sepúlveda,Estudiante,4301.78,Bajo,2026-01-11
CLI-03720,Josefina Marín Murillo,Profesionista Independiente,53379.34,Medio,2025-05-08
CLI-03721,Abraham Marco Antonio Uribe,Empresario / Comerciante,141931.25,Alto,2025-06-02
CLI-03722,Srita. Débora Rodríquez,Estudiante,3061.22,Bajo,2024-01-08
CLI-03723,Úrsula Andrea Portillo,Desempleado,3441.44,Alto,2023-11-10
CLI-03724,Francisca Garay,Profesionista Independiente,54811.51,Medio,2025-04-28
CLI-03725,Mónica Quiñones Nieves,Empleado Sector Privado,28218.83,Medio,2025-11-13
CLI-03726,Esperanza Clara Sisneros,Empleado Sector Privado,22311.17,Medio,2024-05-23
CLI-03727,Elena Arriaga,Empresario / Comerciante,147490.99,Alto,2024-06-28
CLI-03728,Flavio Rosales Reyes,Estudiante,5413.13,Bajo,2025-07-14
CLI-03729,José Eduardo José Carlos Vega,Empresario / Comerciante,182015.72,Alto,2025-06-18
CLI-03730,Federico Nazario,Desempleado,2157.57,Alto,2025-04-28
CLI-03731,Clemente Alfaro Cazares,Empresario / Comerciante,145182.21,Alto,2026-04-28
CLI-03732,Lic. Rubén Cardona,Empleado Sector Privado,28720.61,Medio,2025-04-28
CLI-03733,Ángel Sanches,Empresario / Comerciante,102678.2,Alto,2023-06-23
CLI-03734,Rocío Frida Piña Barajas,Jubilado,17621.32,Bajo,2023-07-05
CLI-03735,Ruby Gastélum,Jubilado,13794.34,Bajo,2025-06-23
CLI-03736,Alfonso Claudio Maestas,Profesionista Independiente,29421.73,Medio,2024-12-19
CLI-03737,Flavio Roque,Estudiante,5542.78,Bajo,2024-03-12
CLI-03738,Rosario Dalia Fajardo Tijerina,Empleado Sector Privado,39618.83,Medio,2024-10-28
CLI-03739,Dra. Itzel Lomeli,Profesionista Independiente,51429.9,Medio,2023-07-03
CLI-03740,Celia Espino Blanco,Jubilado,5349.7,Bajo,2026-06-05
CLI-03741,Eduardo Laureano Lebrón,Desempleado,1365.03,Alto,2025-12-12
CLI-03742,Ángel Rodrigo Pichardo,Estudiante,4568.89,Bajo,2025-03-29
CLI-03743,Ing. Augusto Santacruz,Profesionista Independiente,33536.83,Medio,2025-08-30
CLI-03744,Noelia Gaytán Guerrero,Estudiante,5967.44,Bajo,2024-12-13
CLI-03745,Sr. José Luis Vela,Empleado Sector Privado,19742.53,Medio,2024-08-06
CLI-03746,Frida Berta Colón Vanegas,Profesionista Independiente,41663.93,Medio,2024-02-29
CLI-03747,Raúl Claudio Bernal Orta,Desempleado,262.0,Alto,2026-01-18
CLI-03748,Luis Manuel Espino,Profesionista Independiente,20151.21,Medio,2026-02-07
CLI-03749,Ing. Cristian Elizondo,Empleado Sector Privado,12650.5,Medio,2025-11-28
CLI-03750,Héctor José Olivera Palomino,Profesionista Independiente,16681.99,Medio,2025-04-28
CLI-03751,Amanda Amador,Desempleado,3453.47,Alto,2025-10-16
CLI-03752,Natalia Caldera,Jubilado,11691.88,Bajo,2025-12-05
CLI-03753,Verónica Georgina Escobedo,Empresario / Comerciante,103323.78,Alto,2023-12-25
CLI-03754,Lorena Guadalupe Mondragón,Desempleado,1878.8,Alto,2026-02-18
CLI-03755,Ana Heredia Pichardo,Estudiante,7914.59,Bajo,2024-06-08
CLI-03756,Daniela Ornelas Ontiveros,Empresario / Comerciante,164070.71,Alto,2023-12-05
CLI-03757,Aurora Garrido Torres,Profesionista Independiente,40764.24,Medio,2025-01-15
CLI-03758,Elvia Sandra Palomino Venegas,Empresario / Comerciante,70011.34,Alto,2025-05-01
CLI-03759,Francisca Carla Aponte Laboy,Desempleado,823.63,Alto,2025-10-10
CLI-03760,Claudio Sergio Granado Sosa,Empresario / Comerciante,150553.7,Alto,2024-03-02
CLI-03761,Guillermina Galván,Desempleado,1358.16,Alto,2026-05-29
CLI-03762,Estela Armas Chavarría,Jubilado,8893.77,Bajo,2024-01-22
CLI-03763,Mariano Munguía Valle,Empresario / Comerciante,90351.73,Alto,2024-11-19
CLI-03764,Lic. Jacinto Rosales,Desempleado,3389.34,Alto,2025-09-26
CLI-03765,Yolanda Venegas,Estudiante,7042.28,Bajo,2025-03-31
CLI-03766,Soledad Isabel Marín Chacón,Jubilado,7783.04,Bajo,2025-07-18
CLI-03767,Dr. Pedro Carrasco,Profesionista Independiente,17138.91,Medio,2023-08-29
CLI-03768,Ofelia Elisa Puente Enríquez,Jubilado,10226.36,Bajo,2023-07-06
CLI-03769,Amanda Colunga,Empleado Sector Privado,32610.89,Medio,2026-03-20
CLI-03770,Lic. Isabel Caraballo,Estudiante,6306.24,Bajo,2024-06-12
CLI-03771,Genaro Quezada,Jubilado,6231.54,Bajo,2025-06-19
CLI-03772,Ing. Horacio Valencia,Profesionista Independiente,27301.42,Medio,2023-12-13
CLI-03773,Paola Roldán,Jubilado,15415.41,Bajo,2023-12-04
CLI-03774,Concepción Posada,Empresario / Comerciante,135421.18,Alto,2026-01-14
CLI-03775,Antonia Zoé Tamez,Profesionista Independiente,50804.33,Medio,2023-09-11
CLI-03776,José Omar Alarcón Godoy,Desempleado,3294.96,Alto,2023-08-15
CLI-03777,Virginia de Anda,Jubilado,15453.65,Bajo,2026-02-07
CLI-03778,Gloria Verdugo,Empresario / Comerciante,182691.34,Alto,2026-02-03
CLI-03779,Carolina Cisneros,Profesionista Independiente,24003.46,Medio,2024-07-31
CLI-03780,Lic. Timoteo Benítez,Empresario / Comerciante,100252.96,Alto,2026-01-04
CLI-03781,Paulina Violeta Botello,Jubilado,10891.97,Bajo,2024-06-20
CLI-03782,Pedro Aldo Lemus,Jubilado,7347.81,Bajo,2024-03-09
CLI-03783,Humberto César Barela Ferrer,Estudiante,5767.06,Bajo,2024-06-24
CLI-03784,Daniel Alfredo Bustos Zamora,Jubilado,16215.23,Bajo,2023-09-21
CLI-03785,Ing. Silvano Jaramillo,Jubilado,11489.65,Bajo,2024-02-14
CLI-03786,Bernardo Velasco,Desempleado,3848.47,Alto,2025-02-08
CLI-03787,Esmeralda Haro Narváez,Desempleado,3752.41,Alto,2025-09-20
CLI-03788,Ofelia Prieto,Profesionista Independiente,57172.33,Medio,2026-02-04
CLI-03789,Cristobal Sierra Ortega,Jubilado,15516.14,Bajo,2026-03-04
CLI-03790,Zacarías Nicolás Osorio,Empresario / Comerciante,236927.19,Alto,2026-02-05
CLI-03791,Juan Carlos Córdova Villegas,Desempleado,2507.03,Alto,2023-08-16
CLI-03792,Lilia Andrea Altamirano,Jubilado,7608.42,Bajo,2025-04-09
CLI-03793,Daniela Piña Ulloa,Empresario / Comerciante,79548.74,Alto,2024-05-16
CLI-03794,Rafaél Méndez Anguiano,Empleado Sector Privado,36632.31,Medio,2023-09-19
CLI-03795,Citlali Macías,Profesionista Independiente,52985.49,Medio,2025-12-06
CLI-03796,Carlota Trujillo Ulloa,Empresario / Comerciante,113730.64,Alto,2026-06-09
CLI-03797,Esperanza Montenegro Rodríguez,Estudiante,5803.56,Bajo,2026-04-14
CLI-03798,Serafín Aranda,Empresario / Comerciante,103386.95,Alto,2023-10-17
CLI-03799,Cristian Lara,Profesionista Independiente,44071.92,Medio,2025-12-24
CLI-03800,Cornelio Gerardo Delgadillo,Profesionista Independiente,45908.47,Medio,2023-08-02
CLI-03801,Homero Mondragón,Empleado Sector Privado,25393.58,Medio,2024-11-11
CLI-03802,Delia Leiva Segovia,Estudiante,2899.77,Bajo,2023-09-20
CLI-03803,Isaac Serafín Iglesias,Estudiante,3473.52,Bajo,2025-07-02
CLI-03804,Ing. Vanesa Cepeda,Profesionista Independiente,35887.19,Medio,2026-04-17
CLI-03805,Indira Margarita Mireles Pabón,Jubilado,17886.81,Bajo,2026-04-26
CLI-03806,Germán Silvano Muñoz,Empresario / Comerciante,179384.41,Alto,2024-02-24
CLI-03807,Ing. Gregorio Riojas,Estudiante,3211.94,Bajo,2025-08-08
CLI-03808,Esteban Gurule,Profesionista Independiente,21139.38,Medio,2024-06-20
CLI-03809,Ing. María Elena Villegas,Profesionista Independiente,50535.14,Medio,2025-06-08
CLI-03810,Octavio Padilla,Profesionista Independiente,44640.18,Medio,2025-07-15
CLI-03811,Tomás Eloy Roque,Empleado Sector Privado,33261.7,Medio,2024-05-15
CLI-03812,Dr. Zeferino Escalante,Estudiante,7782.72,Bajo,2024-05-22
CLI-03813,Pablo Hernández Caraballo,Empresario / Comerciante,206446.75,Alto,2024-09-06
CLI-03814,Miriam Domínguez,Estudiante,7157.5,Bajo,2024-02-04
CLI-03815,Omar Leal,Estudiante,3883.43,Bajo,2026-04-06
CLI-03816,Dra. Alta  Gracia Aguilera,Profesionista Independiente,54022.73,Medio,2024-05-20
CLI-03817,Dulce María Elvia Estévez,Empresario / Comerciante,229354.65,Alto,2024-11-17
CLI-03818,Enrique Augusto Salcido Jaime,Desempleado,2629.72,Alto,2025-09-14
CLI-03819,Vanesa Eva Valverde,Estudiante,4381.37,Bajo,2024-06-14
CLI-03820,Carla Olivia Salazar,Desempleado,3371.0,Alto,2026-05-03
CLI-03821,Dalia Nava,Empleado Sector Privado,15693.77,Medio,2025-05-10
CLI-03822,Marisol Eva Archuleta,Desempleado,2000.99,Alto,2025-04-27
CLI-03823,Ángel Ulibarri Peralta,Estudiante,5131.75,Bajo,2026-06-08
CLI-03824,Timoteo Peralta,Jubilado,17345.77,Bajo,2024-08-07
CLI-03825,Maximiliano Salinas,Jubilado,8273.5,Bajo,2023-12-25
CLI-03826,Sra. Olivia Ferrer,Estudiante,3428.46,Bajo,2025-11-05
CLI-03827,Augusto Matías,Estudiante,6639.15,Bajo,2024-03-24
CLI-03828,Trinidad Aguirre,Profesionista Independiente,29817.87,Medio,2024-10-23
CLI-03829,Celia Adriana Almonte,Jubilado,14584.07,Bajo,2024-04-17
CLI-03830,Evelio René Leiva Rivero,Desempleado,2975.84,Alto,2023-10-23
CLI-03831,Sr. Leonardo Pedroza,Empresario / Comerciante,93601.68,Alto,2026-06-06
CLI-03832,Luis Manuel Julio César Lozada,Estudiante,3050.93,Bajo,2024-02-24
CLI-03833,Cristina de la Torre Rolón,Profesionista Independiente,34776.39,Medio,2024-02-18
CLI-03834,Sra. Ana Luisa Escobar,Profesionista Independiente,53830.5,Medio,2024-04-09
CLI-03835,Zeferino Luis Saiz,Estudiante,4942.15,Bajo,2024-09-06
CLI-03836,Delia Romero,Profesionista Independiente,46482.8,Medio,2025-08-10
CLI-03837,Dra. Aida Valdivia,Estudiante,3898.94,Bajo,2025-04-15
CLI-03838,Mitzy Acevedo Salcedo,Empresario / Comerciante,144970.82,Alto,2024-01-15
CLI-03839,Carlos Angulo,Empleado Sector Privado,43789.41,Medio,2024-07-14
CLI-03840,Horacio Briones Rodríquez,Empleado Sector Privado,23978.93,Medio,2024-10-23
CLI-03841,Dra. Yeni Malave,Desempleado,1470.96,Alto,2025-09-12
CLI-03842,Modesto Gustavo Zamudio Palomo,Profesionista Independiente,15948.34,Medio,2024-06-11
CLI-03843,Dr. Luis Manuel Mora,Jubilado,5452.52,Bajo,2024-07-21
CLI-03844,Rolando Claudio Tirado,Desempleado,2648.89,Alto,2026-04-06
CLI-03845,Beatriz Arredondo,Estudiante,6144.09,Bajo,2025-07-16
CLI-03846,Roberto Guerra Palacios,Desempleado,958.7,Alto,2024-08-24
CLI-03847,Dra. Rosalia Alfaro,Jubilado,10000.97,Bajo,2026-03-18
CLI-03848,Mateo Mejía Alcaraz,Desempleado,3833.93,Alto,2024-04-23
CLI-03849,Sr. Iván Zaragoza,Profesionista Independiente,55642.07,Medio,2024-01-22
CLI-03850,Graciela Niño Véliz,Desempleado,488.22,Alto,2023-08-08
CLI-03851,Verónica Abril Almonte Galindo,Empleado Sector Privado,40302.36,Medio,2024-08-02
CLI-03852,Sr. Miguel Ángel Valentín,Empresario / Comerciante,51573.22,Alto,2025-10-02
CLI-03853,María Eugenia Martha Delgado,Empresario / Comerciante,235501.48,Alto,2023-07-04
CLI-03854,Lic. Luisa Olvera,Profesionista Independiente,28539.97,Medio,2026-05-16
CLI-03855,Marco Antonio Reynoso,Empleado Sector Privado,21814.96,Medio,2025-07-06
CLI-03856,Ruby Judith Griego Barrera,Empleado Sector Privado,42224.4,Medio,2023-08-11
CLI-03857,Sra. Francisca Rivas,Desempleado,1268.74,Alto,2023-07-25
CLI-03858,Sra. María Holguín,Desempleado,1625.16,Alto,2023-11-08
CLI-03859,Óscar Mariano Gaona Olivera,Estudiante,3644.22,Bajo,2025-04-25
CLI-03860,Emiliano Bahena,Estudiante,6939.19,Bajo,2026-02-28
CLI-03861,Darío Sepúlveda Ulloa,Empresario / Comerciante,144218.26,Alto,2024-12-04
CLI-03862,Felipe Antonio Gracia,Empresario / Comerciante,235299.44,Alto,2026-04-09
CLI-03863,Joaquín Canales,Profesionista Independiente,47282.37,Medio,2023-10-14
CLI-03864,Julio César Samaniego Aguayo,Estudiante,6946.41,Bajo,2024-08-17
CLI-03865,Amador Alberto Salas,Desempleado,1043.88,Alto,2025-04-25
CLI-03866,Ing. Ana María Villanueva,Estudiante,4111.14,Bajo,2023-08-02
CLI-03867,Sandra Benavídez Sotelo,Jubilado,14480.01,Bajo,2024-04-12
CLI-03868,Sr. Ramón Camarillo,Jubilado,14591.21,Bajo,2026-04-20
CLI-03869,Luis Miguel Rolando Venegas Badillo,Empresario / Comerciante,189042.02,Alto,2024-08-28
CLI-03870,Dr. José Villagómez,Estudiante,5848.24,Bajo,2023-11-16
CLI-03871,Lic. Augusto de la Torre,Empleado Sector Privado,32795.16,Medio,2023-10-20
CLI-03872,Dolores Mesa,Desempleado,544.37,Alto,2025-11-22
CLI-03873,Gerardo Arenas,Empresario / Comerciante,90015.06,Alto,2024-08-07
CLI-03874,Bernardo Homero Saiz,Profesionista Independiente,29117.48,Medio,2023-12-26
CLI-03875,Laura Dolores Cordero,Estudiante,2664.97,Bajo,2023-09-18
CLI-03876,Aida Anel de la Rosa,Empleado Sector Privado,29040.07,Medio,2024-11-28
CLI-03877,Cristal Tirado,Desempleado,3052.65,Alto,2023-10-29
CLI-03878,Mauricio Aparicio,Jubilado,13914.79,Bajo,2025-02-25
CLI-03879,Sessa Ana Luisa Sepúlveda Verduzco,Profesionista Independiente,35317.05,Medio,2023-09-05
CLI-03880,Estela Posada,Desempleado,534.04,Alto,2026-02-02
CLI-03881,Sandra Gallegos Ocampo,Empleado Sector Privado,34686.41,Medio,2025-09-13
CLI-03882,Jos Octavio Jurado,Profesionista Independiente,50978.79,Medio,2026-05-08
CLI-03883,Soledad Rosales,Empleado Sector Privado,14785.17,Medio,2025-02-17
CLI-03884,Silvano Lovato,Profesionista Independiente,23185.02,Medio,2026-02-04
CLI-03885,Esmeralda Leticia Polanco,Empresario / Comerciante,238951.43,Alto,2024-10-03
CLI-03886,Sra. Yeni Roldán,Jubilado,7918.33,Bajo,2026-04-22
CLI-03887,Dr. Claudio Pabón,Estudiante,7538.67,Bajo,2025-07-27
CLI-03888,Víctor Mauro Ruelas,Desempleado,2448.01,Alto,2023-11-01
CLI-03889,Lic. Felipe Ponce,Empleado Sector Privado,41925.88,Medio,2023-10-21
CLI-03890,Sra. Cristal Reyes,Empresario / Comerciante,89653.24,Alto,2024-10-28
CLI-03891,Claudio Rincón,Desempleado,3407.32,Alto,2026-02-22
CLI-03892,Sra. Isabela Salas,Estudiante,4406.21,Bajo,2025-03-06
CLI-03893,Lorenzo Urías Escamilla,Empresario / Comerciante,170078.55,Alto,2023-07-20
CLI-03894,Violeta Yáñez Rosas,Empleado Sector Privado,14939.02,Medio,2024-06-07
CLI-03895,Agustín Cazares Vélez,Profesionista Independiente,22655.53,Medio,2023-12-31
CLI-03896,Luis Miguel Tomás Rincón Trejo,Jubilado,6525.56,Bajo,2024-02-16
CLI-03897,Elvia Elsa Gaytán,Desempleado,2103.35,Alto,2023-11-30
CLI-03898,Ing. Gabriel Zavala,Empresario / Comerciante,215451.49,Alto,2024-08-31
CLI-03899,Sr. Patricio Vásquez,Empresario / Comerciante,73702.47,Alto,2024-01-22
CLI-03900,Genaro Niño Patiño,Desempleado,812.58,Alto,2023-11-29
CLI-03901,Marcela Pamela Esquibel,Profesionista Independiente,27958.29,Medio,2023-09-14
CLI-03902,Antonia Débora Zayas Ríos,Empresario / Comerciante,126414.7,Alto,2026-06-04
CLI-03903,Karina Eugenia Piña,Empresario / Comerciante,221267.55,Alto,2025-12-19
CLI-03904,Margarita Leonor Negrete,Jubilado,7802.37,Bajo,2023-07-09
CLI-03905,Arcelia Josefina Elizondo,Profesionista Independiente,47701.86,Medio,2025-03-02
CLI-03906,Dr. Rafaél Saldaña,Empleado Sector Privado,25804.92,Medio,2026-03-11
CLI-03907,José María Vásquez Gallardo,Empresario / Comerciante,208492.71,Alto,2023-10-09
CLI-03908,Alejandra María Cristina Nava,Estudiante,3741.16,Bajo,2024-03-13
CLI-03909,Cristian Pantoja Bahena,Profesionista Independiente,25596.85,Medio,2025-12-12
CLI-03910,Gustavo Oswaldo Flores Nava,Empresario / Comerciante,231465.65,Alto,2026-05-14
CLI-03911,Eva Rosa Villaseñor Casares,Profesionista Independiente,41230.64,Medio,2026-01-24
CLI-03912,Sra. Esparta Vergara,Desempleado,1832.66,Alto,2025-02-12
CLI-03913,Claudia Colunga Rodrígez,Estudiante,4813.29,Bajo,2023-10-17
CLI-03914,Roberto Báez,Profesionista Independiente,58847.96,Medio,2025-03-08
CLI-03915,Ing. Luz Ulibarri,Empresario / Comerciante,187370.49,Alto,2025-04-30
CLI-03916,Jaime Cristian Cabrera Venegas,Desempleado,1533.98,Alto,2026-03-14
CLI-03917,Emiliano Augusto Marrero Abrego,Empresario / Comerciante,197220.82,Alto,2025-06-03
CLI-03918,Ignacio Velasco,Profesionista Independiente,18287.5,Medio,2024-09-27
CLI-03919,Teodoro Héctor Zambrano Rolón,Jubilado,5763.78,Bajo,2023-11-15
CLI-03920,Antonio Santiago Calderón Calderón,Profesionista Independiente,56897.91,Medio,2024-05-16
CLI-03921,Arcelia Carranza,Empresario / Comerciante,231645.31,Alto,2024-04-22
CLI-03922,Jerónimo Ocasio Delgadillo,Jubilado,17211.19,Bajo,2023-09-20
CLI-03923,Claudio Roberto Hernádez,Jubilado,14224.36,Bajo,2024-08-02
CLI-03924,Eric Zapata Quintana,Estudiante,2032.17,Bajo,2025-04-08
CLI-03925,Genaro Barragán Terán,Jubilado,13055.55,Bajo,2026-02-16
CLI-03926,Asunción Yeni Garibay Jaime,Profesionista Independiente,58988.57,Medio,2024-09-19
CLI-03927,Adán Salgado Henríquez,Desempleado,1483.6,Alto,2026-02-19
CLI-03928,Ofelia Karla Cintrón Márquez,Jubilado,5534.62,Bajo,2025-11-07
CLI-03929,Luis Villagómez,Empleado Sector Privado,20589.62,Medio,2024-10-26
CLI-03930,Elisa Delia Montenegro,Jubilado,11406.92,Bajo,2024-11-08
CLI-03931,Benito Julio Ulloa,Profesionista Independiente,54505.35,Medio,2023-11-26
CLI-03932,Dr. Gabriel Luna,Empleado Sector Privado,14958.38,Medio,2024-08-07
CLI-03933,Berta Paredes Almanza,Desempleado,2121.7,Alto,2023-08-25
CLI-03934,Srita. Elisa del Valle,Empleado Sector Privado,20593.4,Medio,2025-12-06
CLI-03935,Ramiro Garrido Bernal,Profesionista Independiente,16987.3,Medio,2023-06-25
CLI-03936,Lic. Jerónimo Arce,Empleado Sector Privado,28473.95,Medio,2025-09-04
CLI-03937,Miriam Barbara Quintana Tamez,Profesionista Independiente,48652.05,Medio,2026-04-02
CLI-03938,Srita. Ivonne Berríos,Empresario / Comerciante,106585.1,Alto,2024-09-06
CLI-03939,Sra. Ana Luisa Santana,Profesionista Independiente,42581.92,Medio,2023-07-06
CLI-03940,Sr. Marco Antonio Rodarte,Profesionista Independiente,38263.77,Medio,2024-03-03
CLI-03941,Ana Paulina Escobar Carmona,Empresario / Comerciante,228534.36,Alto,2026-04-29
CLI-03942,Estefanía Soledad Camacho Montez,Profesionista Independiente,48159.12,Medio,2024-08-25
CLI-03943,Salma Fuentes,Empresario / Comerciante,202735.08,Alto,2023-08-14
CLI-03944,Juan Carlos Salas Dávila,Empleado Sector Privado,30337.27,Medio,2026-02-06
CLI-03945,María Teresa Beatriz Jaimes Carrasco,Desempleado,2546.61,Alto,2024-06-09
CLI-03946,Karla Francisca Saavedra,Empresario / Comerciante,60644.44,Alto,2024-10-31
CLI-03947,Ana María Villagómez,Empleado Sector Privado,13800.72,Medio,2024-06-23
CLI-03948,Pedro Ojeda Arredondo,Empleado Sector Privado,13183.45,Medio,2024-08-15
CLI-03949,Anel Cepeda,Profesionista Independiente,22359.97,Medio,2024-02-03
CLI-03950,Fabiola Carolina Treviño Esquibel,Empresario / Comerciante,137285.97,Alto,2025-11-09
CLI-03951,Omar Jacobo Tirado Avilés,Empresario / Comerciante,58158.34,Alto,2025-05-06
CLI-03952,Benjamín Emilio Calderón Macías,Profesionista Independiente,59496.84,Medio,2026-03-01
CLI-03953,Esther Rebeca Balderas,Jubilado,11307.59,Bajo,2023-12-05
CLI-03954,Leonor Valdés Munguía,Empresario / Comerciante,72498.18,Alto,2025-12-07
CLI-03955,Evelio Bruno Contreras,Desempleado,3467.52,Alto,2024-04-22
CLI-03956,Tomás Palomo Villanueva,Estudiante,4097.63,Bajo,2023-08-19
CLI-03957,Dra. Elena Moreno,Empleado Sector Privado,40649.71,Medio,2026-01-01
CLI-03958,Julio César Romero,Empleado Sector Privado,39553.47,Medio,2025-11-18
CLI-03959,Lic. Susana Batista,Desempleado,2034.95,Alto,2023-07-26
CLI-03960,Ramón Claudio Muñoz,Profesionista Independiente,40346.13,Medio,2026-02-05
CLI-03961,Flavio Palomino,Desempleado,2342.71,Alto,2023-07-07
CLI-03962,Abelardo Isaac Porras,Jubilado,17974.06,Bajo,2024-07-21
CLI-03963,Dra. Alma Almanza,Estudiante,5156.09,Bajo,2025-08-27
CLI-03964,Aida Frida Villalpando,Jubilado,7347.4,Bajo,2026-02-06
CLI-03965,Bernardo Magaña,Estudiante,3476.94,Bajo,2025-06-19
CLI-03966,Lic. Ricardo Márquez,Empresario / Comerciante,185381.7,Alto,2024-07-08
CLI-03967,Raúl Genaro Tirado,Profesionista Independiente,16168.3,Medio,2024-08-22
CLI-03968,Antonio Jorge Loera Montoya,Desempleado,3925.34,Alto,2025-12-13
CLI-03969,Srita. Amalia Prieto,Estudiante,4365.02,Bajo,2025-09-27
CLI-03970,Oswaldo Héctor Rosales,Jubilado,17078.93,Bajo,2025-09-16
CLI-03971,Aurora Lourdes Vallejo,Estudiante,7021.86,Bajo,2024-01-09
CLI-03972,Magdalena Saldivar Morales,Empleado Sector Privado,12952.86,Medio,2023-12-17
CLI-03973,Sr. Abelardo Rivas,Empresario / Comerciante,216139.85,Alto,2026-04-06
CLI-03974,Yeni María Luisa Serrato Nava,Desempleado,1919.42,Alto,2025-12-18
CLI-03975,Felix Granados Arellano,Desempleado,3820.81,Alto,2024-04-07
CLI-03976,Dra. Linda Lozada,Jubilado,13554.08,Bajo,2023-11-08
CLI-03977,Rocío Calderón Montoya,Profesionista Independiente,58639.67,Medio,2025-02-09
CLI-03978,Luis Miguel Adalberto Farías Lebrón,Desempleado,2489.46,Alto,2025-02-23
CLI-03979,Miguel Tafoya,Empresario / Comerciante,114983.09,Alto,2025-07-22
CLI-03980,Srita. Frida Avilés,Desempleado,3999.28,Alto,2025-06-26
CLI-03981,Felipe Leonel Molina del Valle,Jubilado,6681.16,Bajo,2025-07-29
CLI-03982,Lic. José Eduardo Galindo,Estudiante,6809.35,Bajo,2024-10-03
CLI-03983,Eric Ricardo Becerra,Profesionista Independiente,29542.69,Medio,2025-02-17
CLI-03984,Uriel Horacio Mateo,Estudiante,6462.8,Bajo,2025-04-01
CLI-03985,José Manuél Méndez,Jubilado,17374.7,Bajo,2023-06-15
CLI-03986,Noelia Micaela Rosario,Empresario / Comerciante,68510.2,Alto,2024-08-09
CLI-03987,Mónica Márquez,Profesionista Independiente,23010.49,Medio,2025-01-30
CLI-03988,Óliver Sanches,Empresario / Comerciante,67837.66,Alto,2024-04-17
CLI-03989,Patricia Aldonza Roldán Briseño,Empleado Sector Privado,17377.04,Medio,2024-12-18
CLI-03990,Patricia Calvillo Acevedo,Empresario / Comerciante,106987.18,Alto,2023-09-01
CLI-03991,Lucas Carrasco,Desempleado,616.54,Alto,2023-11-09
CLI-03992,Paulina Noemí Casanova Velásquez,Profesionista Independiente,37088.03,Medio,2025-02-05
CLI-03993,Mauro Mata Ramírez,Empresario / Comerciante,197177.86,Alto,2023-11-23
CLI-03994,Linda Minerva Tejeda Collazo,Profesionista Independiente,55668.04,Medio,2024-07-02
CLI-03995,Anabel Sara Cuellar Vera,Jubilado,6706.73,Bajo,2025-07-10
CLI-03996,Srita. Cynthia Nieves,Desempleado,384.45,Alto,2025-01-14
CLI-03997,Lucas Ramón Villegas,Profesionista Independiente,38069.4,Medio,2024-12-22
CLI-03998,Ing. Rocío Gallardo,Empresario / Comerciante,139088.48,Alto,2025-09-02
CLI-03999,Benito Nieves Jáquez,Empresario / Comerciante,145287.94,Alto,2026-04-10
CLI-04000,Mauricio Hernandes Rivas,Jubilado,12804.43,Bajo,2025-12-24
CLI-04001,Violeta Raquel Urbina Oquendo,Estudiante,6538.94,Bajo,2025-07-01
CLI-04002,Teresa Tórrez Páez,Profesionista Independiente,42624.05,Medio,2024-12-22
CLI-04003,Graciela Arredondo Meraz,Empresario / Comerciante,176137.25,Alto,2026-05-20
CLI-04004,Lic. Abigail Carvajal,Estudiante,2242.63,Bajo,2026-03-22
CLI-04005,Gregorio Diego Alonzo Montemayor,Profesionista Independiente,58797.23,Medio,2025-05-11
CLI-04006,Dra. Marisela Villaseñor,Desempleado,896.92,Alto,2024-10-20
CLI-04007,Darío Alva,Desempleado,2854.54,Alto,2024-03-07
CLI-04008,Patricia Miramontes Espinal,Empresario / Comerciante,155455.74,Alto,2024-01-06
CLI-04009,Francisco Javier Vanegas Esquibel,Desempleado,2098.71,Alto,2024-05-15
CLI-04010,Sofía Rael Solorio,Profesionista Independiente,36069.86,Medio,2023-09-09
CLI-04011,Sessa Elizondo Valverde,Estudiante,7443.25,Bajo,2026-04-01
CLI-04012,Gabino Munguía Ortiz,Empresario / Comerciante,110078.65,Alto,2024-10-26
CLI-04013,Pamela Vallejo,Empleado Sector Privado,34582.36,Medio,2025-05-29
CLI-04014,Martín Roberto Casanova,Profesionista Independiente,52869.21,Medio,2023-10-17
CLI-04015,Aurelio Mario Venegas,Jubilado,10560.51,Bajo,2024-01-31
CLI-04016,Ing. Luis Miranda,Jubilado,5620.47,Bajo,2024-06-28
CLI-04017,Wendolin Quintanilla Peralta,Estudiante,7503.81,Bajo,2025-01-19
CLI-04018,Bernardo Barrios Sevilla,Jubilado,6399.22,Bajo,2023-12-19
CLI-04019,Gabino Zamora Aguayo,Empresario / Comerciante,132603.88,Alto,2024-03-17
CLI-04020,Santiago Gregorio Guardado Valle,Empresario / Comerciante,182171.05,Alto,2025-11-28
CLI-04021,Eric Saucedo,Jubilado,15566.72,Bajo,2025-06-22
CLI-04022,Luz Madrigal,Profesionista Independiente,26468.71,Medio,2025-05-24
CLI-04023,Araceli Trinidad Rubio Prieto,Estudiante,6611.88,Bajo,2024-05-15
CLI-04024,Noelia Alarcón Samaniego,Estudiante,2683.61,Bajo,2025-10-20
CLI-04025,Rafaél Villagómez Fajardo,Desempleado,1851.52,Alto,2024-03-12
CLI-04026,Sergio Ruelas,Empleado Sector Privado,39816.02,Medio,2025-09-07
CLI-04027,Caridad Andrea Ruelas,Estudiante,2499.74,Bajo,2025-05-08
CLI-04028,Abraham Urías Vásquez,Desempleado,1190.59,Alto,2023-09-15
CLI-04029,Ricardo Serafín Tafoya Lerma,Jubilado,14413.23,Bajo,2024-05-16
CLI-04030,Dra. Cynthia Delgadillo,Desempleado,1799.79,Alto,2025-05-10
CLI-04031,Lic. Estefanía Sevilla,Profesionista Independiente,30360.05,Medio,2023-11-15
CLI-04032,Carla Solano,Empleado Sector Privado,18965.26,Medio,2025-01-24
CLI-04033,Srita. Wendolin Estrada,Estudiante,6482.18,Bajo,2024-08-10
CLI-04034,Victoria Pedraza Nieto,Jubilado,8371.13,Bajo,2025-04-06
CLI-04035,Benito Federico Mena,Desempleado,425.32,Alto,2024-07-20
CLI-04036,Natividad Correa Ordóñez,Jubilado,5232.9,Bajo,2025-11-07
CLI-04037,Flavio Mascareñas Burgos,Empresario / Comerciante,73335.65,Alto,2024-07-03
CLI-04038,Ramiro Rafaél Fernández Espino,Empleado Sector Privado,33641.43,Medio,2023-10-16
CLI-04039,Adán Núñez Tovar,Empresario / Comerciante,188361.25,Alto,2026-01-25
CLI-04040,Lic. María Elena del Valle,Desempleado,3863.22,Alto,2025-12-06
CLI-04041,Hugo Ramón Rael Cedillo,Jubilado,14436.85,Bajo,2026-03-07
CLI-04042,Dra. Esperanza Santillán,Profesionista Independiente,42832.47,Medio,2023-06-29
CLI-04043,Asunción Enríquez Olvera,Jubilado,9689.47,Bajo,2024-05-29
CLI-04044,Soledad Estela Santillán,Desempleado,3852.57,Alto,2023-12-25
CLI-04045,Pedro Olivas,Desempleado,1579.99,Alto,2026-05-12
CLI-04046,Marco Antonio Mariano Tamez Pedraza,Profesionista Independiente,18943.58,Medio,2026-03-19
CLI-04047,Jonás Abelardo Lovato Menchaca,Empleado Sector Privado,12457.91,Medio,2024-01-26
CLI-04048,Ing. Andrés Sarabia,Estudiante,6895.81,Bajo,2026-03-03
CLI-04049,Mariana Alonso,Desempleado,3882.08,Alto,2023-09-29
CLI-04050,Lic. Humberto Crespo,Estudiante,3255.38,Bajo,2026-05-26
CLI-04051,Leonor Alma Téllez,Desempleado,580.62,Alto,2024-10-14
CLI-04052,Camila Hinojosa Quintero,Empleado Sector Privado,26381.02,Medio,2025-09-01
CLI-04053,Sra. Fabiola Maldonado,Desempleado,3432.76,Alto,2025-01-25
CLI-04054,Lic. Aida Arredondo,Jubilado,7481.89,Bajo,2023-08-03
CLI-04055,Barbara Delia Ramírez,Profesionista Independiente,49637.45,Medio,2025-03-29
CLI-04056,Ing. Natalia Valadez,Empleado Sector Privado,27641.64,Medio,2025-03-13
CLI-04057,Gustavo Limón Feliciano,Estudiante,2698.75,Bajo,2023-11-28
CLI-04058,Adalberto Cristobal Montez,Empleado Sector Privado,36379.78,Medio,2023-07-24
CLI-04059,Francisco Javier Elias Ornelas Chapa,Empresario / Comerciante,242773.37,Alto,2025-05-05
CLI-04060,Lic. Miguel Valdés,Empresario / Comerciante,53925.56,Alto,2023-10-19
CLI-04061,Hugo Viera,Empresario / Comerciante,167045.25,Alto,2024-08-06
CLI-04062,Ing. Ana María Orozco,Empleado Sector Privado,21729.44,Medio,2023-10-08
CLI-04063,Mario Germán Lucio Sepúlveda,Empresario / Comerciante,60184.44,Alto,2023-09-10
CLI-04064,Francisco Héctor Cisneros Mireles,Estudiante,2615.98,Bajo,2025-01-12
CLI-04065,Marisela Carrera Abrego,Desempleado,1727.15,Alto,2024-06-28
CLI-04066,Carmen Sánchez Guillen,Empresario / Comerciante,219723.25,Alto,2025-03-09
CLI-04067,Mario Valles,Desempleado,2314.65,Alto,2024-01-22
CLI-04068,Ángela Elsa Roque Adame,Desempleado,2217.22,Alto,2023-09-28
CLI-04069,José Manuél Bernardo Rodríguez,Profesionista Independiente,16665.77,Medio,2025-02-07
CLI-04070,Cecilia Débora Cepeda Lucio,Empresario / Comerciante,147220.19,Alto,2024-12-09
CLI-04071,Hermelinda Graciela Robles,Jubilado,14419.98,Bajo,2023-07-09
CLI-04072,Augusto Patiño,Desempleado,3620.29,Alto,2026-01-15
CLI-04073,María Elena Hidalgo Guerrero,Empresario / Comerciante,96381.16,Alto,2024-06-08
CLI-04074,Alejandro Espinosa,Estudiante,5169.85,Bajo,2023-07-12
CLI-04075,Emiliano Cisneros Parra,Empresario / Comerciante,165280.67,Alto,2026-05-03
CLI-04076,Dra. Abigail Barragán,Jubilado,5825.64,Bajo,2025-05-15
CLI-04077,Dra. Amanda de la Torre,Desempleado,1668.55,Alto,2024-04-13
CLI-04078,Abel Villarreal Zarate,Empresario / Comerciante,73388.15,Alto,2025-11-12
CLI-04079,Rolando Andrés Carmona Medina,Jubilado,17206.54,Bajo,2026-03-28
CLI-04080,Sr. David Carrero,Profesionista Independiente,35174.64,Medio,2025-11-28
CLI-04081,José Eduardo Maya Santacruz,Empresario / Comerciante,54161.38,Alto,2024-05-13
CLI-04082,Germán Juan Espino,Profesionista Independiente,47679.41,Medio,2024-07-20
CLI-04083,Sr. Humberto Carmona,Empresario / Comerciante,118769.48,Alto,2023-11-26
CLI-04084,Alberto Bétancourt Espinoza,Empleado Sector Privado,28751.99,Medio,2023-10-19
CLI-04085,Sra. Irene Valencia,Jubilado,16817.91,Bajo,2025-06-14
CLI-04086,Srita. Elisa Mercado,Profesionista Independiente,56478.1,Medio,2024-02-04
CLI-04087,Teodoro Matos,Desempleado,2627.83,Alto,2025-12-18
CLI-04088,Alvaro César Jaimes,Empleado Sector Privado,41144.72,Medio,2023-11-02
CLI-04089,Hugo Rivas Camacho,Desempleado,2845.54,Alto,2026-03-25
CLI-04090,Jaqueline Miriam Zelaya Trejo,Empresario / Comerciante,216616.15,Alto,2023-10-05
CLI-04091,Carmen Perla León Carreón,Desempleado,2610.0,Alto,2025-12-02
CLI-04092,Gabriel Ballesteros,Profesionista Independiente,50818.77,Medio,2025-10-15
CLI-04093,Homero Lorenzo Naranjo,Empleado Sector Privado,32520.8,Medio,2023-06-21
CLI-04094,Carmen Débora Robledo Gutiérrez,Profesionista Independiente,46081.39,Medio,2023-11-10
CLI-04095,Bianca Karina Pérez,Estudiante,6002.34,Bajo,2025-03-10
CLI-04096,Srita. Olivia Valles,Empleado Sector Privado,17718.61,Medio,2025-01-16
CLI-04097,Sra. Florencia Palacios,Empleado Sector Privado,31989.72,Medio,2025-12-18
CLI-04098,Sr. Horacio Cotto,Estudiante,6760.89,Bajo,2023-10-19
CLI-04099,Alonso Juan Carlos Guerra Olivo,Empresario / Comerciante,110730.38,Alto,2025-02-27
CLI-04100,Dra. Isabela Casas,Empleado Sector Privado,30375.41,Medio,2025-06-15
CLI-04101,Dra. Josefina Olivares,Estudiante,4152.72,Bajo,2024-02-21
CLI-04102,Amanda Bianca Mena,Profesionista Independiente,31066.97,Medio,2026-04-30
CLI-04103,Lic. Marco Antonio Anguiano,Empleado Sector Privado,17765.59,Medio,2025-08-04
CLI-04104,Perla Amalia Zepeda Urbina,Jubilado,5415.61,Bajo,2025-11-24
CLI-04105,Itzel Llamas,Estudiante,4026.41,Bajo,2025-10-29
CLI-04106,Leonardo Colunga,Estudiante,5705.38,Bajo,2024-01-05
CLI-04107,Olivia Montañez,Estudiante,5371.89,Bajo,2024-05-23
CLI-04108,Sra. Marisela Mares,Empresario / Comerciante,101564.43,Alto,2024-03-22
CLI-04109,Javier Marrero,Profesionista Independiente,50319.86,Medio,2023-10-19
CLI-04110,Porfirio Medrano Ramos,Estudiante,6620.57,Bajo,2023-08-22
CLI-04111,Florencia Esmeralda Ulibarri Cortés,Jubilado,8477.39,Bajo,2026-02-07
CLI-04112,Daniela Ángela Guajardo,Empleado Sector Privado,40162.47,Medio,2025-01-12
CLI-04113,Darío Enrique Puga Rangel,Jubilado,12855.76,Bajo,2024-02-22
CLI-04114,Esparta Dalia Benítez,Estudiante,6238.43,Bajo,2025-07-03
CLI-04115,Pilar Marisol Ontiveros Carbajal,Empresario / Comerciante,209797.38,Alto,2025-11-02
CLI-04116,Sr. Pascual Amaya,Estudiante,7847.96,Bajo,2025-04-01
CLI-04117,José Luis Patricio Bañuelos Toro,Jubilado,12925.53,Bajo,2023-10-06
CLI-04118,Carlota Pedroza Briseño,Estudiante,6941.66,Bajo,2023-11-17
CLI-04119,Sra. Asunción Pineda,Estudiante,5043.83,Bajo,2023-12-09
CLI-04120,Antonia Bétancourt,Empleado Sector Privado,32787.56,Medio,2024-08-16
CLI-04121,Rosa Nevárez Alva,Empleado Sector Privado,42062.53,Medio,2024-03-15
CLI-04122,Esperanza Eugenia Jaramillo,Empleado Sector Privado,36035.53,Medio,2025-05-24
CLI-04123,Pedro Garica Reynoso,Desempleado,1766.07,Alto,2026-04-27
CLI-04124,Dra. Aurora Melgar,Jubilado,11479.08,Bajo,2023-11-25
CLI-04125,Emilio Cabrera,Estudiante,2925.77,Bajo,2026-03-31
CLI-04126,Claudia Carolina Padrón,Profesionista Independiente,30057.34,Medio,2025-04-30
CLI-04127,Citlali Socorro Villareal,Empleado Sector Privado,16058.45,Medio,2025-10-04
CLI-04128,José María Nájera Caldera,Empleado Sector Privado,26490.58,Medio,2023-08-04
CLI-04129,Laura Vega,Empresario / Comerciante,203843.86,Alto,2024-12-01
CLI-04130,Jaqueline Olivera,Estudiante,3471.9,Bajo,2025-08-10
CLI-04131,Pablo Luis Miguel Mena,Empresario / Comerciante,118264.01,Alto,2025-03-12
CLI-04132,Felix Suárez Gonzales,Jubilado,7226.4,Bajo,2024-09-01
CLI-04133,Humberto Mauro Alva,Profesionista Independiente,31759.64,Medio,2025-03-10
CLI-04134,Fabiola Nieves Bermúdez,Empresario / Comerciante,122128.68,Alto,2024-08-13
CLI-04135,Luis Miguel Suárez Casanova,Desempleado,981.81,Alto,2026-05-29
CLI-04136,Mauro Fernández Mares,Jubilado,10482.39,Bajo,2026-03-13
CLI-04137,Timoteo Federico Toledo,Empleado Sector Privado,16553.81,Medio,2025-06-08
CLI-04138,Elvira Tania Leyva,Empresario / Comerciante,132681.88,Alto,2024-04-27
CLI-04139,Ing. Gerardo Alejandro,Empresario / Comerciante,229613.05,Alto,2024-09-26
CLI-04140,Ing. Mariana Ávalos,Jubilado,15329.9,Bajo,2023-06-22
CLI-04141,Teresa Anabel Olivares Guzmán,Profesionista Independiente,57468.31,Medio,2025-09-24
CLI-04142,Lic. Rodrigo Ceja,Empresario / Comerciante,79116.86,Alto,2026-01-02
CLI-04143,César Esteban Villareal,Estudiante,6305.75,Bajo,2025-03-22
CLI-04144,Lic. José Briseño,Jubilado,17267.36,Bajo,2025-12-07
CLI-04145,Lic. Victoria Aponte,Estudiante,4029.82,Bajo,2025-07-04
CLI-04146,Dr. José Luis Cantú,Empresario / Comerciante,246388.98,Alto,2026-05-24
CLI-04147,Ing. Anel Ayala,Empleado Sector Privado,26324.39,Medio,2025-04-19
CLI-04148,Ing. Francisco Samaniego,Empresario / Comerciante,201838.48,Alto,2024-02-23
CLI-04149,Isabela Vaca Gamez,Desempleado,3690.08,Alto,2024-04-19
CLI-04150,Omar Germán Gómez Hernádez,Empleado Sector Privado,41782.87,Medio,2024-03-09
CLI-04151,Ignacio Echeverría Badillo,Estudiante,7866.4,Bajo,2024-09-15
CLI-04152,Irma Nancy Figueroa,Desempleado,3196.28,Alto,2026-04-30
CLI-04153,Dulce Villa,Jubilado,17644.59,Bajo,2024-09-03
CLI-04154,Esteban Mariano Díaz,Empresario / Comerciante,130400.56,Alto,2023-12-29
CLI-04155,Jaime Ricardo Zamora Palomo,Desempleado,2803.16,Alto,2025-07-06
CLI-04156,Ing. Paola Solís,Profesionista Independiente,47469.8,Medio,2023-10-09
CLI-04157,Sessa Arredondo Páez,Profesionista Independiente,55915.39,Medio,2026-01-12
CLI-04158,Pascual Cintrón Leal,Estudiante,6962.02,Bajo,2023-12-23
CLI-04159,Genaro Jerónimo Villaseñor,Jubilado,12935.21,Bajo,2024-07-31
CLI-04160,Julio Emiliano Crespo,Empleado Sector Privado,35109.74,Medio,2024-03-27
CLI-04161,Leonor Mota,Empresario / Comerciante,178775.87,Alto,2024-08-24
CLI-04162,Fernando Herrera Beltrán,Jubilado,13116.68,Bajo,2024-09-16
CLI-04163,Lic. Flavio Alejandro,Jubilado,13476.48,Bajo,2024-05-13
CLI-04164,Nayeli Zoé Montaño Perales,Desempleado,1381.0,Alto,2023-06-15
CLI-04165,Alfonso Gilberto Salazar Vallejo,Desempleado,1618.02,Alto,2025-06-10
CLI-04166,Ivonne Zúñiga,Empleado Sector Privado,41072.16,Medio,2025-11-07
CLI-04167,Juan Carlos Eloy Alarcón Lemus,Estudiante,2221.82,Bajo,2026-01-11
CLI-04168,Sofía Inés Torres Gamboa,Profesionista Independiente,32549.71,Medio,2026-04-22
CLI-04169,Homero Gilberto Terrazas,Desempleado,2960.21,Alto,2024-04-21
CLI-04170,Silvano Casanova Cornejo,Empleado Sector Privado,29175.5,Medio,2026-01-08
CLI-04171,Helena Sonia Irizarry,Jubilado,8691.06,Bajo,2024-11-28
CLI-04172,Eloy Terán,Estudiante,5070.03,Bajo,2025-07-01
CLI-04173,Esmeralda Ivonne Saavedra Reyna,Profesionista Independiente,38460.11,Medio,2024-06-23
CLI-04174,Dra. Úrsula Figueroa,Desempleado,640.11,Alto,2023-08-21
CLI-04175,Eduardo Pablo Carrera,Estudiante,7341.92,Bajo,2024-11-02
CLI-04176,Jaime Reynoso,Jubilado,12702.55,Bajo,2025-07-16
CLI-04177,Micaela Helena Rubio Valdés,Empleado Sector Privado,39463.56,Medio,2025-06-04
CLI-04178,Esther Dávila Pichardo,Profesionista Independiente,47692.92,Medio,2023-12-14
CLI-04179,Mario Rodríguez Carbajal,Jubilado,6435.74,Bajo,2026-04-24
CLI-04180,Rebeca Ocampo,Estudiante,7049.5,Bajo,2026-05-20
CLI-04181,Abril Reina Arguello Nájera,Profesionista Independiente,43214.53,Medio,2024-12-06
CLI-04182,Manuel Aguirre Tórrez,Profesionista Independiente,20571.59,Medio,2025-07-29
CLI-04183,Ilse Medina,Desempleado,3765.37,Alto,2024-12-17
CLI-04184,David José Eduardo Tamayo,Empresario / Comerciante,109592.22,Alto,2024-05-19
CLI-04185,Gerónimo Sandoval,Desempleado,20.85,Alto,2025-11-28
CLI-04186,Helena Magdalena Reyna,Profesionista Independiente,59232.78,Medio,2025-04-07
CLI-04187,Bernardo Israel Escalante Gollum,Desempleado,3956.0,Alto,2025-05-06
CLI-04188,Pascual Lugo Páez,Jubilado,14290.41,Bajo,2025-11-03
CLI-04189,Martín Humberto Quiroz Pelayo,Desempleado,2662.08,Alto,2025-12-29
CLI-04190,Ing. Alta  Gracia Salinas,Jubilado,8039.89,Bajo,2024-01-23
CLI-04191,Gonzalo Ramiro Macías Magaña,Profesionista Independiente,27804.1,Medio,2023-08-17
CLI-04192,Francisco Javier Maximiliano Carvajal,Desempleado,2291.06,Alto,2025-11-17
CLI-04193,Luisa Indira Serrato Malave,Empleado Sector Privado,35573.58,Medio,2023-08-30
CLI-04194,Dra. Adriana Elizondo,Jubilado,14587.66,Bajo,2025-10-30
CLI-04195,Alvaro Alarcón Macías,Estudiante,3967.08,Bajo,2025-06-23
CLI-04196,Mariano Jaramillo,Jubilado,7503.22,Bajo,2024-12-08
CLI-04197,Lic. Mario Miranda,Profesionista Independiente,35443.93,Medio,2025-12-14
CLI-04198,Lorena Lilia Espinoza Ozuna,Empleado Sector Privado,35484.13,Medio,2026-01-20
CLI-04199,Timoteo Leonardo Rascón,Empresario / Comerciante,66389.43,Alto,2025-05-30
CLI-04200,Rufino Ernesto Barreto Malave,Estudiante,4549.32,Bajo,2025-01-02
CLI-04201,Dulce Margarita Chapa Benítez,Empleado Sector Privado,27716.35,Medio,2025-07-27
CLI-04202,Micaela Eugenia Arteaga Vaca,Empresario / Comerciante,65614.54,Alto,2024-03-04
CLI-04203,Alejandra Gaona,Desempleado,2105.02,Alto,2025-02-22
CLI-04204,Eugenia Hidalgo Dávila,Jubilado,12266.59,Bajo,2024-12-24
CLI-04205,Hilda Lourdes Farías,Empresario / Comerciante,224402.96,Alto,2025-07-25
CLI-04206,Jacinto Velasco,Jubilado,11484.75,Bajo,2026-01-17
CLI-04207,Dr. José Carlos Polanco,Empresario / Comerciante,249302.36,Alto,2024-07-11
CLI-04208,Santiago Roberto Ruiz,Desempleado,3724.14,Alto,2025-07-04
CLI-04209,Luis Manuel Ortega Barreto,Empresario / Comerciante,196343.39,Alto,2024-11-16
CLI-04210,Lic. Claudio Salas,Empresario / Comerciante,214762.37,Alto,2025-07-17
CLI-04211,Antonio Martínez Serna,Empleado Sector Privado,28690.93,Medio,2025-09-02
CLI-04212,Lic. Rufino Páez,Empresario / Comerciante,192230.11,Alto,2023-12-16
CLI-04213,José Mateo Serna,Empleado Sector Privado,43945.05,Medio,2024-05-03
CLI-04214,Itzel Elsa Juárez,Jubilado,16222.53,Bajo,2024-06-01
CLI-04215,Fidel Vela Otero,Estudiante,6166.82,Bajo,2026-04-25
CLI-04216,Jacobo Francisco Valles,Empresario / Comerciante,144671.11,Alto,2023-11-19
CLI-04217,Alfonso Venegas Briones,Desempleado,627.36,Alto,2026-05-14
CLI-04218,Sergio Jos Aguayo,Jubilado,9801.32,Bajo,2023-08-15
CLI-04219,Srita. Yuridia Bueno,Estudiante,5609.6,Bajo,2025-03-19
CLI-04220,Juana Collado Lugo,Empresario / Comerciante,72067.23,Alto,2023-07-14
CLI-04221,Dra. Laura Palacios,Profesionista Independiente,40729.41,Medio,2025-11-28
CLI-04222,David Sotelo,Estudiante,5136.66,Bajo,2024-12-27
CLI-04223,Isaac Fidel Ulloa,Estudiante,4228.8,Bajo,2024-04-18
CLI-04224,Karla Cornejo Tamayo,Profesionista Independiente,28646.7,Medio,2025-09-02
CLI-04225,Dr. Evelio Cuellar,Empresario / Comerciante,55595.56,Alto,2023-12-30
CLI-04226,Rubén Tamez,Empleado Sector Privado,16690.61,Medio,2025-12-18
CLI-04227,Elvira Cornejo Aparicio,Jubilado,10482.84,Bajo,2023-10-03
CLI-04228,Rosario Wendolin Valenzuela Mojica,Profesionista Independiente,55007.57,Medio,2025-03-05
CLI-04229,Elsa Segovia Olivares,Empleado Sector Privado,18041.55,Medio,2026-01-29
CLI-04230,Sra. Marcela Montenegro,Desempleado,1955.17,Alto,2025-03-26
CLI-04231,Dolores Ariadna Mendoza,Estudiante,5285.22,Bajo,2025-04-23
CLI-04232,Sra. Patricia Quezada,Estudiante,7222.56,Bajo,2025-01-16
CLI-04233,Leonel Naranjo,Empresario / Comerciante,146235.29,Alto,2026-06-01
CLI-04234,Sr. Jorge Cornejo,Profesionista Independiente,40459.38,Medio,2024-07-02
CLI-04235,Raúl Francisco Verduzco,Profesionista Independiente,50160.72,Medio,2026-01-28
CLI-04236,Itzel Camacho,Empresario / Comerciante,216892.0,Alto,2026-04-17
CLI-04237,Mariana Clara Gaitán,Jubilado,6726.52,Bajo,2025-06-14
CLI-04238,Óliver Tomás Verduzco,Empleado Sector Privado,28657.21,Medio,2024-05-27
CLI-04239,Wilfrido Nicolás Ornelas Rolón,Empresario / Comerciante,202335.76,Alto,2025-06-22
CLI-04240,Diego Jesús Lozano,Desempleado,1796.3,Alto,2024-03-02
CLI-04241,Lic. María Eugenia Caballero,Desempleado,1300.87,Alto,2026-04-18
CLI-04242,Carla Hurtado Briones,Jubilado,13638.53,Bajo,2024-12-27
CLI-04243,Emiliano Abraham Pelayo,Empresario / Comerciante,127447.02,Alto,2023-12-22
CLI-04244,Dr. Agustín Mejía,Empresario / Comerciante,117799.58,Alto,2025-08-28
CLI-04245,Jacinto Urrutia Miramontes,Estudiante,7748.48,Bajo,2024-01-17
CLI-04246,Aldo Luis Manuel Ontiveros,Empresario / Comerciante,197182.56,Alto,2024-08-17
CLI-04247,Lic. Oswaldo Granados,Desempleado,354.12,Alto,2026-01-21
CLI-04248,Julio César Camilo Aranda Zaragoza,Empleado Sector Privado,35337.88,Medio,2024-11-01
CLI-04249,Aldo Bernabé Lerma,Jubilado,13191.42,Bajo,2025-04-19
CLI-04250,Sra. Alta  Gracia Aguilera,Desempleado,1235.39,Alto,2024-12-31
CLI-04251,Clemente Antonio Ramón,Desempleado,495.13,Alto,2023-10-16
CLI-04252,Elena Yeni Zaragoza Carrión,Jubilado,6106.98,Bajo,2024-03-17
CLI-04253,Gloria Carolina Herrera Guillen,Jubilado,12043.85,Bajo,2026-04-20
CLI-04254,Cristobal Felix García Reyna,Estudiante,7743.76,Bajo,2023-06-30
CLI-04255,Irma Villaseñor Rodríquez,Jubilado,7462.15,Bajo,2026-04-22
CLI-04256,Ana Leiva Mesa,Empresario / Comerciante,150527.76,Alto,2023-06-15
CLI-04257,Dr. Claudio Bustamante,Estudiante,2721.7,Bajo,2026-03-27
CLI-04258,Sr. Elias Botello,Jubilado,7336.66,Bajo,2025-05-15
CLI-04259,Ana Luisa Caldera Chavarría,Estudiante,3649.78,Bajo,2025-07-17
CLI-04260,Sr. Rolando Meza,Empleado Sector Privado,20094.46,Medio,2024-04-13
CLI-04261,Amador Patricio Núñez,Desempleado,3355.67,Alto,2024-12-14
CLI-04262,Armando Peres Arias,Jubilado,10774.98,Bajo,2024-09-01
CLI-04263,Julio Robles Angulo,Jubilado,12889.11,Bajo,2025-01-12
CLI-04264,Soledad Longoria Ruelas,Empresario / Comerciante,167778.61,Alto,2023-10-20
CLI-04265,Citlali Esther Vanegas del Río,Empresario / Comerciante,222394.87,Alto,2025-10-21
CLI-04266,Pilar Yáñez,Estudiante,4039.74,Bajo,2024-12-20
CLI-04267,Araceli Alicia Arevalo Aguirre,Empleado Sector Privado,25692.9,Medio,2023-10-24
CLI-04268,Gonzalo Octavio Haro,Jubilado,9125.97,Bajo,2024-06-24
CLI-04269,Srita. Hermelinda Gaytán,Profesionista Independiente,19096.13,Medio,2025-08-28
CLI-04270,Marisol Báez Sanches,Estudiante,5250.68,Bajo,2023-12-23
CLI-04271,Samuel Jerónimo Cervantes,Profesionista Independiente,21481.54,Medio,2024-01-23
CLI-04272,Olga Gallegos Tafoya,Profesionista Independiente,49573.71,Medio,2023-06-19
CLI-04273,Octavio Quintero,Empleado Sector Privado,22124.21,Medio,2026-05-25
CLI-04274,Lic. Diego Véliz,Empresario / Comerciante,185721.71,Alto,2023-10-06
CLI-04275,Eloy Figueroa Córdova,Estudiante,5686.85,Bajo,2023-09-28
CLI-04276,Iván Rufino de la Rosa,Profesionista Independiente,23165.6,Medio,2024-01-01
CLI-04277,Octavio Miguel Molina,Desempleado,234.01,Alto,2024-08-08
CLI-04278,Sr. Daniel Armas,Empresario / Comerciante,69748.84,Alto,2024-07-19
CLI-04279,Flavio Andrés Sierra Lira,Empleado Sector Privado,25623.15,Medio,2026-02-21
CLI-04280,Andrés Aldo Ceballos Fuentes,Profesionista Independiente,26607.04,Medio,2025-02-01
CLI-04281,Gilberto Agustín Saucedo,Estudiante,2311.27,Bajo,2024-10-29
CLI-04282,Blanca Mónica Acosta,Empleado Sector Privado,36820.41,Medio,2025-09-26
CLI-04283,Vicente Rangel Alva,Jubilado,8074.38,Bajo,2025-07-01
CLI-04284,Ing. Julia Carvajal,Jubilado,14781.07,Bajo,2026-05-07
CLI-04285,Javier Varela,Empresario / Comerciante,239871.41,Alto,2025-11-20
CLI-04286,Aldo Felix Zamora,Profesionista Independiente,17728.44,Medio,2023-12-28
CLI-04287,Emiliano David Briseño Badillo,Empresario / Comerciante,160624.22,Alto,2024-02-26
CLI-04288,Salvador Cadena Piña,Estudiante,4905.03,Bajo,2025-05-13
CLI-04289,Armando Luna Zarate,Empresario / Comerciante,176708.26,Alto,2026-03-23
CLI-04290,Dra. Isabela Munguía,Estudiante,3614.96,Bajo,2023-10-09
CLI-04291,Mercedes Guajardo Concepción,Jubilado,13776.27,Bajo,2023-11-16
CLI-04292,Adán Israel Valencia Batista,Empleado Sector Privado,37178.28,Medio,2025-03-03
CLI-04293,Sr. Carlos Ramos,Desempleado,3140.86,Alto,2024-04-16
CLI-04294,Wendolin Anabel Saucedo,Profesionista Independiente,40571.05,Medio,2023-10-20
CLI-04295,Joaquín Genaro Mireles Muro,Empresario / Comerciante,66781.67,Alto,2023-08-26
CLI-04296,Norma Yeni Montes,Desempleado,2001.73,Alto,2024-05-03
CLI-04297,Bernabé Genaro Cordero Olivas,Empleado Sector Privado,24319.07,Medio,2023-06-26
CLI-04298,Dr. Camilo Arce,Empleado Sector Privado,37806.78,Medio,2026-04-15
CLI-04299,Virginia Saldivar Abreu,Jubilado,17383.96,Bajo,2023-11-20
CLI-04300,Augusto Víctor Vásquez,Jubilado,10872.65,Bajo,2025-09-14
CLI-04301,Elisa Paz Rodríguez,Estudiante,6875.86,Bajo,2023-09-26
CLI-04302,Silvia Magdalena Chacón,Jubilado,8760.24,Bajo,2024-08-07
CLI-04303,José Carlos Leonardo Contreras Mireles,Empleado Sector Privado,12017.92,Medio,2023-12-13
CLI-04304,Ing. Abril Armendáriz,Empresario / Comerciante,104660.59,Alto,2024-05-26
CLI-04305,Isaac Aurelio Márquez Patiño,Profesionista Independiente,52776.95,Medio,2024-06-21
CLI-04306,Óscar Eloy Ochoa,Empresario / Comerciante,249848.37,Alto,2025-06-17
CLI-04307,Adriana Lucio Madrigal,Desempleado,851.02,Alto,2024-06-17
CLI-04308,Aurora Almonte,Jubilado,8657.05,Bajo,2025-09-11
CLI-04309,Julia Alma Granado Guillen,Empleado Sector Privado,36393.04,Medio,2026-02-12
CLI-04310,Srita. Jaqueline Leyva,Jubilado,5909.16,Bajo,2024-11-24
CLI-04311,Karina Heredia Cortés,Estudiante,4371.83,Bajo,2025-08-20
CLI-04312,Hermelinda Franco,Estudiante,6982.99,Bajo,2024-12-05
CLI-04313,Bruno Hugo Negrete Padilla,Desempleado,2225.92,Alto,2026-05-20
CLI-04314,Alfonso Montaño,Profesionista Independiente,54522.57,Medio,2025-04-28
CLI-04315,Sra. Carmen Miranda,Empleado Sector Privado,32144.7,Medio,2025-11-17
CLI-04316,Mario Quesada,Profesionista Independiente,54776.92,Medio,2024-08-02
CLI-04317,Lic. Adalberto Sarabia,Profesionista Independiente,43582.64,Medio,2024-03-22
CLI-04318,Evelio Valdés Ornelas,Desempleado,1810.87,Alto,2025-03-28
CLI-04319,Lic. Gabriel Escobedo,Empleado Sector Privado,33855.14,Medio,2023-12-16
CLI-04320,Estela Conchita Torres,Profesionista Independiente,30373.34,Medio,2024-10-06
CLI-04321,José Carlos Pedro Alcala,Empresario / Comerciante,241798.54,Alto,2026-04-15
CLI-04322,Pedro Emilio Medina Lugo,Profesionista Independiente,15714.36,Medio,2024-04-15
CLI-04323,Martha Collado,Desempleado,534.9,Alto,2025-11-22
CLI-04324,Isabela Leonor Meraz Zúñiga,Estudiante,5652.72,Bajo,2025-05-29
CLI-04325,Gabino Angulo Espinosa,Estudiante,7408.67,Bajo,2024-01-04
CLI-04326,Nicolás Rodolfo Rosario Córdova,Desempleado,694.14,Alto,2024-12-10
CLI-04327,Miguel Ángel Campos Sosa,Jubilado,16638.49,Bajo,2023-12-16
CLI-04328,Isaac Alonzo Arce,Desempleado,1955.91,Alto,2026-04-24
CLI-04329,Camilo Rodrigo Miranda Sarabia,Empresario / Comerciante,157626.29,Alto,2024-02-09
CLI-04330,Martha Gloria Téllez,Desempleado,2605.07,Alto,2025-07-15
CLI-04331,José Eduardo Alfonso Concepción,Jubilado,5402.32,Bajo,2023-08-11
CLI-04332,Miguel Héctor Rojas,Desempleado,1780.71,Alto,2025-07-30
CLI-04333,Inés Guadalupe Ferrer,Estudiante,4117.97,Bajo,2026-02-09
CLI-04334,René Acuña,Empresario / Comerciante,215493.37,Alto,2025-09-21
CLI-04335,Trinidad Esmeralda Tirado,Profesionista Independiente,32403.8,Medio,2024-06-17
CLI-04336,Arcelia Rivero,Desempleado,3935.18,Alto,2025-07-04
CLI-04337,Ignacio Pablo Lozada,Estudiante,4776.16,Bajo,2023-07-23
CLI-04338,Ing. Alberto Armas,Empleado Sector Privado,26671.06,Medio,2023-12-16
CLI-04339,Pedro Emilio Lomeli,Empleado Sector Privado,36523.77,Medio,2024-09-26
CLI-04340,Esparta Carla Corral Romero,Profesionista Independiente,45624.95,Medio,2024-02-19
CLI-04341,Paola Mónica Echeverría,Desempleado,1431.28,Alto,2026-06-09
CLI-04342,Itzel Escalante,Estudiante,6897.68,Bajo,2026-01-26
CLI-04343,Cristina Amador,Desempleado,1212.71,Alto,2025-02-24
CLI-04344,Rubén Feliciano,Desempleado,884.59,Alto,2024-11-19
CLI-04345,Sr. Arturo Osorio,Empresario / Comerciante,243459.3,Alto,2024-05-17
CLI-04346,Dra. Eloisa Pulido,Estudiante,3684.54,Bajo,2025-04-29
CLI-04347,Lic. Esperanza Maldonado,Desempleado,2827.87,Alto,2025-10-16
CLI-04348,Rodrigo Franco,Empleado Sector Privado,12235.47,Medio,2024-05-27
CLI-04349,Jos Limón Maya,Desempleado,1584.34,Alto,2024-10-26
CLI-04350,Estela Cadena Nieves,Profesionista Independiente,40609.6,Medio,2026-01-02
CLI-04351,Luis Manuel Oswaldo Pelayo Barrientos,Empresario / Comerciante,84095.42,Alto,2024-09-09
CLI-04352,Alma María del Carmen Salinas,Empleado Sector Privado,33774.67,Medio,2024-03-11
CLI-04353,Eugenia Linares Nazario,Jubilado,13738.28,Bajo,2026-06-04
CLI-04354,Vicente Lucas Olivo,Jubilado,12346.82,Bajo,2024-06-14
CLI-04355,Roberto Juan Zayas,Estudiante,5528.99,Bajo,2023-07-15
CLI-04356,Nelly Conchita Núñez Verdugo,Desempleado,260.2,Alto,2024-01-25
CLI-04357,Dra. Elvira Jasso,Profesionista Independiente,57010.35,Medio,2024-04-22
CLI-04358,Dr. Eloy Jiménez,Empleado Sector Privado,41073.1,Medio,2024-04-20
CLI-04359,Dr. Jos Solorzano,Desempleado,3129.01,Alto,2024-02-09
CLI-04360,Hugo Julio César Tapia,Empleado Sector Privado,39973.02,Medio,2025-05-01
CLI-04361,Abraham Portillo,Estudiante,7951.71,Bajo,2025-11-11
CLI-04362,Ing. José Luis Peralta,Desempleado,2710.94,Alto,2024-10-31
CLI-04363,Timoteo Maximiliano Cordero Ontiveros,Jubilado,8287.97,Bajo,2025-08-18
CLI-04364,Sra. Cristal Soria,Jubilado,16480.33,Bajo,2025-05-20
CLI-04365,Lorenzo Rafaél Loya Calvillo,Estudiante,7627.34,Bajo,2025-03-12
CLI-04366,Octavio Jerónimo Garrido,Desempleado,2692.4,Alto,2025-03-21
CLI-04367,Abril Claudia Castillo,Desempleado,207.45,Alto,2024-12-09
CLI-04368,Ofelia Elvira Iglesias,Profesionista Independiente,34464.67,Medio,2023-12-24
CLI-04369,Dr. Abelardo Leyva,Empresario / Comerciante,104807.12,Alto,2024-06-22
CLI-04370,Silvano Francisco Serrano Jáquez,Desempleado,2073.18,Alto,2025-01-30
CLI-04371,María Eugenia Rolón Arias,Empresario / Comerciante,122294.37,Alto,2024-02-07
CLI-04372,Martha Sandra Gil Munguía,Estudiante,7302.81,Bajo,2024-12-15
CLI-04373,Genaro Jesús Zavala,Empleado Sector Privado,13549.83,Medio,2025-08-07
CLI-04374,Víctor Toledo,Empresario / Comerciante,156482.06,Alto,2025-11-23
CLI-04375,Dr. Mario Negrete,Profesionista Independiente,15232.17,Medio,2024-11-09
CLI-04376,Felix Villanueva,Empleado Sector Privado,23045.29,Medio,2023-11-02
CLI-04377,Lic. Celia Zaragoza,Jubilado,15499.75,Bajo,2023-07-25
CLI-04378,Dra. Irma Mares,Desempleado,902.51,Alto,2023-12-01
CLI-04379,Leonardo Vigil,Desempleado,1695.28,Alto,2026-04-30
CLI-04380,Elsa Valdez,Estudiante,7501.97,Bajo,2023-10-08
CLI-04381,Débora Alemán Molina,Empleado Sector Privado,17427.89,Medio,2023-12-21
CLI-04382,Humberto de la Fuente Patiño,Profesionista Independiente,17827.99,Medio,2023-12-30
CLI-04383,Rubén del Valle,Desempleado,386.9,Alto,2024-05-07
CLI-04384,Elias Toledo Gollum,Empresario / Comerciante,136389.79,Alto,2023-10-02
CLI-04385,Arturo Ávila,Estudiante,5555.18,Bajo,2023-06-17
CLI-04386,Anel Zambrano Alcaraz,Desempleado,3740.24,Alto,2024-12-25
CLI-04387,Dr. Leonardo Salgado,Profesionista Independiente,26121.91,Medio,2026-01-14
CLI-04388,Cristina Sara Ramos Hernádez,Empresario / Comerciante,97671.84,Alto,2023-07-18
CLI-04389,Beatriz Chávez Tórrez,Profesionista Independiente,52463.29,Medio,2024-04-01
CLI-04390,Jacinto Trujillo,Profesionista Independiente,38385.38,Medio,2024-07-29
CLI-04391,Soledad Nelly Toro Figueroa,Empleado Sector Privado,43137.07,Medio,2025-10-27
CLI-04392,Alberto Paredes,Jubilado,13054.37,Bajo,2025-03-07
CLI-04393,Abigail Casas,Estudiante,5752.09,Bajo,2024-03-13
CLI-04394,Srita. Helena Ferrer,Jubilado,6622.74,Bajo,2023-10-15
CLI-04395,Alonso Alberto Almaraz,Estudiante,7500.29,Bajo,2023-12-10
CLI-04396,Augusto Armando Quezada Mercado,Empresario / Comerciante,112655.89,Alto,2026-03-06
CLI-04397,Mariano Joaquín Cervantes Barreto,Desempleado,260.11,Alto,2023-08-21
CLI-04398,Eugenia Ana Negrón,Empleado Sector Privado,14046.07,Medio,2025-10-19
CLI-04399,Alfonso Benavídez,Empresario / Comerciante,60957.77,Alto,2024-04-03
CLI-04400,Genaro Martín Cordero Solorzano,Jubilado,13140.41,Bajo,2023-06-13
CLI-04401,Bruno Solorzano Tafoya,Estudiante,2610.97,Bajo,2025-08-14
CLI-04402,Araceli Irene Acevedo,Estudiante,5355.55,Bajo,2024-12-11
CLI-04403,María Elena Mayorga Arellano,Profesionista Independiente,53246.82,Medio,2024-03-08
CLI-04404,Jacobo Palomino,Empresario / Comerciante,69166.05,Alto,2024-08-13
CLI-04405,Wendolin Camila Calvillo Muñoz,Empresario / Comerciante,96622.4,Alto,2025-04-08
CLI-04406,Amanda Villaseñor,Jubilado,15237.17,Bajo,2025-06-06
CLI-04407,Gilberto Abel Cardona,Jubilado,5137.89,Bajo,2024-08-01
CLI-04408,Israel Mondragón,Empresario / Comerciante,142841.82,Alto,2025-04-20
CLI-04409,Ing. Ana Sotelo,Empresario / Comerciante,225987.63,Alto,2025-01-09
CLI-04410,Octavio Homero Muñiz,Jubilado,6316.61,Bajo,2025-02-03
CLI-04411,Juan Bruno Soria,Desempleado,3750.34,Alto,2025-10-26
CLI-04412,Eugenia Orosco,Estudiante,4724.46,Bajo,2024-07-15
CLI-04413,Abel Olivo,Profesionista Independiente,41451.6,Medio,2025-08-25
CLI-04414,Sra. Rosa Casares,Estudiante,2616.14,Bajo,2025-12-16
CLI-04415,Emilio Parra Lucio,Jubilado,14272.89,Bajo,2024-11-02
CLI-04416,Rodrigo Marcos Montaño,Jubilado,15262.41,Bajo,2024-03-19
CLI-04417,Camilo Augusto Noriega Murillo,Empleado Sector Privado,41844.21,Medio,2023-07-20
CLI-04418,Salma Urbina,Empleado Sector Privado,33033.0,Medio,2023-08-02
CLI-04419,Roberto de la Fuente Linares,Profesionista Independiente,30992.6,Medio,2023-06-28
CLI-04420,Leonor Susana Ríos Casares,Empresario / Comerciante,194924.61,Alto,2024-12-18
CLI-04421,Gabriela Elisa de la O,Empresario / Comerciante,87184.68,Alto,2023-07-01
CLI-04422,Zacarías Terán,Empleado Sector Privado,38301.84,Medio,2023-08-15
CLI-04423,Julio Eugenio Alba,Estudiante,2766.08,Bajo,2026-01-23
CLI-04424,Ricardo Ordóñez Segovia,Jubilado,10666.03,Bajo,2025-12-30
CLI-04425,Adriana Beatriz Barragán,Desempleado,3017.49,Alto,2026-03-02
CLI-04426,Sr. Adán de Jesús,Profesionista Independiente,41264.97,Medio,2024-01-16
CLI-04427,Lic. Nadia Serna,Jubilado,15081.44,Bajo,2024-04-26
CLI-04428,Lic. José Manuél Cedillo,Empleado Sector Privado,27494.28,Medio,2025-11-07
CLI-04429,Rodrigo Vargas Arriaga,Jubilado,9457.7,Bajo,2024-06-03
CLI-04430,Lucía Macías Perea,Profesionista Independiente,58662.2,Medio,2024-02-24
CLI-04431,Enrique Wilfrido Barreto,Jubilado,12623.72,Bajo,2025-12-25
CLI-04432,María Elena Hidalgo Granado,Desempleado,578.4,Alto,2025-03-11
CLI-04433,Sr. Santiago Alva,Empleado Sector Privado,28734.56,Medio,2023-12-29
CLI-04434,Joaquín Oswaldo Vanegas de la O,Jubilado,16163.13,Bajo,2023-11-07
CLI-04435,Guillermo Benavídez Cortés,Empresario / Comerciante,118763.22,Alto,2025-05-12
CLI-04436,Francisco Diego Puga,Empleado Sector Privado,33138.31,Medio,2025-04-25
CLI-04437,Lic. Vicente Loera,Empleado Sector Privado,37913.71,Medio,2024-01-18
CLI-04438,Margarita Camila Villareal,Profesionista Independiente,23521.0,Medio,2023-12-23
CLI-04439,Beatriz Marisol Rangel,Empresario / Comerciante,188956.32,Alto,2024-11-10
CLI-04440,Sr. Roberto Cabrera,Empresario / Comerciante,169952.46,Alto,2025-12-07
CLI-04441,Norma Limón,Profesionista Independiente,53340.39,Medio,2026-05-19
CLI-04442,Darío Cornejo Vázquez,Jubilado,17519.84,Bajo,2025-10-13
CLI-04443,Ofelia Escobedo,Jubilado,8895.21,Bajo,2023-06-27
CLI-04444,Eugenio Gregorio Sandoval Pichardo,Profesionista Independiente,22302.6,Medio,2023-09-08
CLI-04445,Gustavo Jerónimo Olivares,Empresario / Comerciante,225221.1,Alto,2023-11-07
CLI-04446,José Emilio Domínguez,Estudiante,4975.58,Bajo,2024-05-29
CLI-04447,Ing. José Luis Mojica,Estudiante,5832.6,Bajo,2026-04-14
CLI-04448,Eva Meza,Desempleado,921.1,Alto,2023-11-28
CLI-04449,Homero Mesa Carrero,Jubilado,7770.8,Bajo,2023-10-04
CLI-04450,Tomás Julio César Balderas Padilla,Empresario / Comerciante,196917.24,Alto,2026-03-01
CLI-04451,Elvia Oquendo Camarillo,Profesionista Independiente,51327.21,Medio,2023-12-05
CLI-04452,María Cristina Verdugo Rico,Empresario / Comerciante,91063.27,Alto,2025-02-24
CLI-04453,Aurelio Horacio Benavides,Empleado Sector Privado,39260.78,Medio,2026-05-24
CLI-04454,Francisca Raquel Lozano,Estudiante,4176.9,Bajo,2025-10-30
CLI-04455,Emilio Bermúdez,Estudiante,4147.32,Bajo,2024-02-07
CLI-04456,Modesto Rodríguez Baeza,Jubilado,6497.46,Bajo,2023-08-02
CLI-04457,Rebeca Fernández,Profesionista Independiente,34818.37,Medio,2025-01-01
CLI-04458,Alfonso René Verduzco Galarza,Desempleado,2342.75,Alto,2025-08-11
CLI-04459,Sr. Adán Mendoza,Profesionista Independiente,16975.72,Medio,2025-03-05
CLI-04460,Ariadna Rebeca Bañuelos,Estudiante,3194.74,Bajo,2025-04-18
CLI-04461,Martín Corona Bermúdez,Profesionista Independiente,22836.6,Medio,2025-09-06
CLI-04462,Dalia Karina Rael Zayas,Profesionista Independiente,47347.65,Medio,2025-01-30
CLI-04463,Espartaco Holguín Zayas,Profesionista Independiente,53139.04,Medio,2024-12-25
CLI-04464,Silvano Óscar Garza,Empleado Sector Privado,17891.87,Medio,2023-09-15
CLI-04465,Ana Vásquez,Estudiante,3056.46,Bajo,2025-04-13
CLI-04466,Georgina Serna Nájera,Profesionista Independiente,55979.2,Medio,2024-10-30
CLI-04467,Cornelio Gustavo Ríos,Estudiante,6988.67,Bajo,2024-01-17
CLI-04468,Magdalena Vásquez Gollum,Empleado Sector Privado,24504.45,Medio,2024-09-07
CLI-04469,Srita. Elisa Rael,Estudiante,4030.3,Bajo,2024-08-13
CLI-04470,Ignacio Fernández,Empleado Sector Privado,22067.39,Medio,2024-02-03
CLI-04471,Óscar Muñiz,Empleado Sector Privado,24198.14,Medio,2024-04-09
CLI-04472,Gabriel Silvano Velásquez Girón,Profesionista Independiente,44740.89,Medio,2025-04-13
CLI-04473,Dr. Clemente Mata,Jubilado,17702.32,Bajo,2025-02-04
CLI-04474,Reina Sauceda Montez,Jubilado,16461.63,Bajo,2024-08-10
CLI-04475,Nayeli Uribe Ponce,Desempleado,261.51,Alto,2025-09-09
CLI-04476,Claudio Franco,Empleado Sector Privado,41129.86,Medio,2023-09-15
CLI-04477,Bianca Concepción Bueno Colunga,Empleado Sector Privado,38231.64,Medio,2025-07-09
CLI-04478,Serafín Emilio Cantú Blanco,Empleado Sector Privado,29574.31,Medio,2025-08-14
CLI-04479,Humberto Israel Archuleta,Desempleado,1497.02,Alto,2026-04-22
CLI-04480,Patricio Barragán Alfaro,Jubilado,10584.02,Bajo,2023-11-24
CLI-04481,Pascual Gerónimo Trujillo Ybarra,Desempleado,978.2,Alto,2024-07-23
CLI-04482,Roberto Nazario,Estudiante,6578.49,Bajo,2024-05-29
CLI-04483,Uriel Pulido,Jubilado,7458.33,Bajo,2024-08-24
CLI-04484,Dolores Bustos Altamirano,Jubilado,8824.38,Bajo,2025-05-14
CLI-04485,María del Carmen Aldonza Jaimes Barrera,Empleado Sector Privado,22813.46,Medio,2025-12-17
CLI-04486,Zeferino Santiago Salazar Acuña,Estudiante,5776.75,Bajo,2026-04-01
CLI-04487,Arcelia Lebrón de León,Profesionista Independiente,54278.32,Medio,2023-10-23
CLI-04488,Jorge Luis Durán,Jubilado,17589.0,Bajo,2024-10-01
CLI-04489,Francisco Ureña,Empresario / Comerciante,91847.51,Alto,2024-08-24
CLI-04490,Yeni del Río Ruelas,Estudiante,6707.99,Bajo,2025-10-18
CLI-04491,Abraham Almaraz Montalvo,Desempleado,2459.55,Alto,2025-03-28
CLI-04492,Uriel Jaime Sisneros,Empleado Sector Privado,28784.26,Medio,2024-12-26
CLI-04493,Luisa Muñiz,Desempleado,3004.55,Alto,2025-09-11
CLI-04494,Camilo Sotelo,Profesionista Independiente,37436.45,Medio,2026-01-21
CLI-04495,Esther Pulido Hernandes,Empresario / Comerciante,85799.7,Alto,2024-11-08
CLI-04496,Dr. Óliver Salinas,Desempleado,1495.51,Alto,2025-12-21
CLI-04497,Genaro Frías Cintrón,Desempleado,1933.19,Alto,2024-05-19
CLI-04498,Margarita Navarro,Empresario / Comerciante,144751.63,Alto,2026-04-10
CLI-04499,Fabiola Catalina Mondragón,Jubilado,10212.3,Bajo,2023-08-15
CLI-04500,Ernesto Esquivel de la Crúz,Jubilado,13446.58,Bajo,2025-05-04
CLI-04501,Ángel Uriel Arredondo Candelaria,Empleado Sector Privado,19244.37,Medio,2026-02-03
CLI-04502,Cynthia Diana Caraballo Prieto,Empleado Sector Privado,26918.64,Medio,2026-01-31
CLI-04503,Eugenio Silvano Ozuna Cano,Empleado Sector Privado,25064.7,Medio,2026-04-16
CLI-04504,Ing. Carlos Maldonado,Profesionista Independiente,34126.03,Medio,2024-10-12
CLI-04505,Sra. Margarita Curiel,Empresario / Comerciante,164274.08,Alto,2025-08-12
CLI-04506,Sr. Octavio Rosales,Profesionista Independiente,26453.82,Medio,2024-05-13
CLI-04507,Mariano Quesada,Estudiante,2805.98,Bajo,2024-05-09
CLI-04508,Jacobo Zacarías Tello,Estudiante,3770.29,Bajo,2023-10-23
CLI-04509,Camilo Mora Correa,Jubilado,9570.47,Bajo,2024-12-31
CLI-04510,Sra. Conchita Orozco,Jubilado,5534.86,Bajo,2025-02-20
CLI-04511,Luis Manuel Godínez Reynoso,Jubilado,13074.64,Bajo,2023-11-15
CLI-04512,Lucía Hermelinda Dávila,Empresario / Comerciante,140230.24,Alto,2024-06-23
CLI-04513,Cristal Girón Arevalo,Empresario / Comerciante,131790.56,Alto,2024-04-15
CLI-04514,Ing. Noelia Toledo,Empresario / Comerciante,113404.09,Alto,2024-01-19
CLI-04515,Adela Judith Ruiz Paredes,Empresario / Comerciante,54943.64,Alto,2023-12-20
CLI-04516,Luisa Soledad Salazar de la Fuente,Empresario / Comerciante,96758.08,Alto,2025-03-10
CLI-04517,Roberto Jaime Abreu Peralta,Desempleado,303.55,Alto,2023-07-08
CLI-04518,María del Carmen María José Castañeda Cervántez,Estudiante,3767.11,Bajo,2024-05-18
CLI-04519,Ramón Godoy Saiz,Jubilado,11666.28,Bajo,2025-04-22
CLI-04520,Ing. Raúl Barrios,Desempleado,312.64,Alto,2023-12-25
CLI-04521,Antonio Gonzalo Gaitán,Profesionista Independiente,56697.27,Medio,2025-06-27
CLI-04522,Dra. Emilia Riojas,Estudiante,2711.53,Bajo,2023-08-25
CLI-04523,Laura Sandra Marroquín,Profesionista Independiente,16722.66,Medio,2025-08-08
CLI-04524,Maximiliano Santiago Orellana,Empleado Sector Privado,23014.01,Medio,2024-03-22
CLI-04525,Antonia Cornejo Castañeda,Desempleado,1316.97,Alto,2025-10-11
CLI-04526,Gregorio Coronado,Profesionista Independiente,48534.51,Medio,2024-05-16
CLI-04527,Wilfrido Francisco Javier Cordero Sánchez,Desempleado,3381.79,Alto,2024-06-19
CLI-04528,Lilia Elsa Perea Nájera,Empleado Sector Privado,35286.21,Medio,2025-01-09
CLI-04529,Cristobal Espartaco Alarcón,Empleado Sector Privado,44947.37,Medio,2023-07-28
CLI-04530,Lilia Griego,Desempleado,2959.28,Alto,2025-03-01
CLI-04531,Salma Noemí Orta,Profesionista Independiente,15384.02,Medio,2025-04-13
CLI-04532,Ing. Joaquín Guevara,Profesionista Independiente,27683.04,Medio,2023-10-04
CLI-04533,Mauro Lomeli Trujillo,Profesionista Independiente,50240.77,Medio,2024-07-04
CLI-04534,Lic. Dulce Pantoja,Empresario / Comerciante,239163.0,Alto,2025-04-05
CLI-04535,Israel Serrano,Jubilado,14851.48,Bajo,2024-11-30
CLI-04536,Esteban Oswaldo Anguiano,Estudiante,4832.02,Bajo,2023-10-10
CLI-04537,José Eduardo Lozada de la Fuente,Jubilado,17860.57,Bajo,2024-03-19
CLI-04538,Noemí Roybal Rincón,Empleado Sector Privado,40560.38,Medio,2024-09-09
CLI-04539,Ana María Carolina Otero,Empleado Sector Privado,19488.57,Medio,2024-06-24
CLI-04540,Renato Adalberto Tafoya Rosado,Desempleado,839.5,Alto,2023-09-01
CLI-04541,Wilfrido Olivas,Empleado Sector Privado,29022.24,Medio,2023-11-15
CLI-04542,Olivia Paulina Pedraza Botello,Jubilado,14849.08,Bajo,2024-04-01
CLI-04543,Enrique Alonso,Desempleado,3257.59,Alto,2025-02-18
CLI-04544,Blanca Matos,Profesionista Independiente,50636.17,Medio,2025-10-22
CLI-04545,Lic. Daniel Salinas,Profesionista Independiente,53061.08,Medio,2026-02-12
CLI-04546,Karina Guerrero Almonte,Empresario / Comerciante,204026.21,Alto,2023-09-12
CLI-04547,Srita. Berta Lovato,Desempleado,1670.75,Alto,2024-06-05
CLI-04548,Lic. Ana María Téllez,Empresario / Comerciante,139994.39,Alto,2024-06-23
CLI-04549,Trinidad Diana Alcántar,Jubilado,5391.35,Bajo,2024-09-27
CLI-04550,Adela Preciado Méndez,Empleado Sector Privado,31057.78,Medio,2024-01-08
CLI-04551,María Cristina Yolanda Valdivia,Empleado Sector Privado,22083.87,Medio,2025-06-30
CLI-04552,Gloria Rendón,Desempleado,38.72,Alto,2025-04-22
CLI-04553,Lic. Blanca Olvera,Desempleado,3337.2,Alto,2024-01-24
CLI-04554,Espartaco Rufino Olivera,Profesionista Independiente,25147.08,Medio,2026-04-18
CLI-04555,Jaqueline Violeta Luevano,Empresario / Comerciante,187152.56,Alto,2026-06-08
CLI-04556,Ing. Alejandro Romero,Empresario / Comerciante,202568.32,Alto,2024-07-02
CLI-04557,Margarita Elvira Cortés López,Desempleado,2150.42,Alto,2024-06-22
CLI-04558,Sr. Bernardo Arteaga,Profesionista Independiente,41412.98,Medio,2024-09-01
CLI-04559,Antonio Monroy,Jubilado,15209.65,Bajo,2026-01-07
CLI-04560,Camila Valadez,Empleado Sector Privado,17071.81,Medio,2025-12-13
CLI-04561,Violeta Lilia Cortés Santana,Profesionista Independiente,40568.59,Medio,2023-11-02
CLI-04562,Elvira Solorio,Jubilado,16878.78,Bajo,2023-12-05
CLI-04563,Ing. Ignacio Hernández,Jubilado,16270.28,Bajo,2025-02-23
CLI-04564,Francisca Garibay,Empresario / Comerciante,90840.92,Alto,2024-12-14
CLI-04565,Dr. Vicente Armenta,Empresario / Comerciante,62741.85,Alto,2024-02-26
CLI-04566,Pablo Fuentes,Empresario / Comerciante,87667.74,Alto,2023-08-11
CLI-04567,Gerardo Abraham Barajas,Estudiante,3973.05,Bajo,2025-10-12
CLI-04568,Judith Toro Correa,Empresario / Comerciante,177800.66,Alto,2024-09-20
CLI-04569,Guadalupe Porras Zúñiga,Profesionista Independiente,19195.87,Medio,2023-08-02
CLI-04570,Elsa Torres de la Garza,Estudiante,6049.31,Bajo,2025-12-09
CLI-04571,Alberto Tirado Gaitán,Empleado Sector Privado,13057.95,Medio,2023-08-26
CLI-04572,Cornelio Alejandro,Desempleado,2413.46,Alto,2024-04-17
CLI-04573,Jesús Reynoso,Estudiante,3120.15,Bajo,2026-03-31
CLI-04574,Diana Garibay Granado,Estudiante,7468.07,Bajo,2025-02-20
CLI-04575,Dra. Esperanza Hernandes,Empresario / Comerciante,106763.52,Alto,2024-07-17
CLI-04576,Rolando Benito Valdez,Empleado Sector Privado,21606.48,Medio,2026-03-16
CLI-04577,Israel Ruelas Angulo,Jubilado,5909.73,Bajo,2025-06-13
CLI-04578,Cristian Valdés Guardado,Estudiante,4211.91,Bajo,2023-06-21
CLI-04579,Ana Alejandra Barragán,Estudiante,3030.95,Bajo,2024-04-07
CLI-04580,Víctor Márquez,Empresario / Comerciante,128221.05,Alto,2025-05-04
CLI-04581,Rosalia Vázquez Paz,Estudiante,2774.83,Bajo,2024-04-25
CLI-04582,Sergio Guerra Orellana,Empresario / Comerciante,145650.23,Alto,2025-11-11
CLI-04583,Carlos Ocasio,Estudiante,4333.96,Bajo,2024-07-07
CLI-04584,Julio Mendoza,Empleado Sector Privado,16287.77,Medio,2023-08-07
CLI-04585,Dra. Fabiola Valadez,Empleado Sector Privado,22221.99,Medio,2024-10-13
CLI-04586,José Luis Montenegro Almonte,Desempleado,2659.17,Alto,2024-04-29
CLI-04587,Jaqueline Jiménez,Empleado Sector Privado,31922.41,Medio,2023-10-31
CLI-04588,Bernardo Becerra Vázquez,Profesionista Independiente,41437.14,Medio,2026-04-16
CLI-04589,Óscar Agustín Haro,Jubilado,14318.04,Bajo,2025-05-19
CLI-04590,Citlali Rosalia Ojeda Romo,Empresario / Comerciante,105088.2,Alto,2026-01-25
CLI-04591,Estefanía Valdez Malave,Estudiante,7946.51,Bajo,2023-08-02
CLI-04592,Sessa Fierro,Empresario / Comerciante,62794.01,Alto,2025-07-26
CLI-04593,Dr. Eugenio Orosco,Empresario / Comerciante,170969.72,Alto,2026-03-29
CLI-04594,Emilio Mesa,Empleado Sector Privado,29353.26,Medio,2026-02-01
CLI-04595,Magdalena Briones,Jubilado,16430.11,Bajo,2024-02-13
CLI-04596,Estela Collazo Mascareñas,Empresario / Comerciante,142539.09,Alto,2023-06-13
CLI-04597,Liliana Ana Arreola,Estudiante,6423.74,Bajo,2024-09-13
CLI-04598,Ing. Jesús Armenta,Profesionista Independiente,44083.46,Medio,2024-06-12
CLI-04599,Srita. Arcelia Barrientos,Empresario / Comerciante,119356.37,Alto,2025-08-21
CLI-04600,Esther Ángela Vergara Velásquez,Desempleado,3169.39,Alto,2026-01-26
CLI-04601,Leonel Carrasco,Empresario / Comerciante,172605.5,Alto,2026-06-10
CLI-04602,Ernesto Camilo Madera Coronado,Empleado Sector Privado,25696.74,Medio,2024-11-21
CLI-04603,Gustavo Suárez,Empleado Sector Privado,41698.83,Medio,2024-08-05
CLI-04604,Sr. Clemente Robles,Desempleado,1728.31,Alto,2024-06-09
CLI-04605,Sra. Nelly Zamora,Empresario / Comerciante,232166.62,Alto,2024-04-09
CLI-04606,Estefanía Ana Mayorga,Empleado Sector Privado,35051.23,Medio,2025-12-16
CLI-04607,Zacarías Marco Antonio Rodríguez de la Rosa,Estudiante,4361.31,Bajo,2024-03-02
CLI-04608,Gloria Guardado,Estudiante,3438.17,Bajo,2023-08-27
CLI-04609,Concepción Zoé Montañez,Empleado Sector Privado,21034.62,Medio,2023-08-31
CLI-04610,Jos Emiliano Tejeda,Desempleado,2150.95,Alto,2025-01-19
CLI-04611,Sra. Natalia Cintrón,Desempleado,3665.19,Alto,2024-03-26
CLI-04612,Florencia Orta,Desempleado,2906.15,Alto,2023-09-21
CLI-04613,Sr. Javier Viera,Empleado Sector Privado,41988.3,Medio,2024-06-11
CLI-04614,Felipe Juan Ureña Fuentes,Empresario / Comerciante,248477.94,Alto,2024-01-16
CLI-04615,Aldonza Zoé Páez,Jubilado,6576.0,Bajo,2023-11-27
CLI-04616,Elias Daniel Arreola,Profesionista Independiente,18444.01,Medio,2023-07-12
CLI-04617,Asunción Ilse Mejía,Estudiante,5026.37,Bajo,2025-05-16
CLI-04618,Mitzy Rael,Profesionista Independiente,33454.32,Medio,2024-06-04
CLI-04619,Adán Segovia,Empleado Sector Privado,20341.3,Medio,2025-05-03
CLI-04620,Lic. Nicolás Pérez,Jubilado,5580.26,Bajo,2026-06-07
CLI-04621,Úrsula Cadena,Estudiante,2439.17,Bajo,2025-08-22
CLI-04622,Lic. Josefina Fonseca,Desempleado,2702.49,Alto,2025-04-13
CLI-04623,Jaqueline Olivia Madrigal,Empresario / Comerciante,126231.11,Alto,2024-10-18
CLI-04624,Natalia Rivas,Desempleado,1597.37,Alto,2025-01-29
CLI-04625,Renato Felix Garibay Rodarte,Empleado Sector Privado,25090.25,Medio,2024-01-24
CLI-04626,Eloisa Alma Mata Brito,Estudiante,3503.63,Bajo,2025-09-02
CLI-04627,José Emilio Estrada Franco,Desempleado,3668.55,Alto,2024-01-02
CLI-04628,Enrique Germán Henríquez Garibay,Profesionista Independiente,45163.3,Medio,2025-11-19
CLI-04629,Eloy Uriel Sarabia Morales,Empresario / Comerciante,146951.85,Alto,2024-11-27
CLI-04630,Sara Rodríquez,Estudiante,2495.29,Bajo,2023-10-19
CLI-04631,Aida Sessa Saavedra Esparza,Desempleado,969.17,Alto,2026-04-06
CLI-04632,Antonia Madrigal,Empresario / Comerciante,78051.15,Alto,2024-01-22
CLI-04633,Marisol Berta Escobedo,Profesionista Independiente,52870.31,Medio,2025-12-01
CLI-04634,Oswaldo Escamilla,Empleado Sector Privado,39670.36,Medio,2025-01-24
CLI-04635,Ángel Genaro Pelayo,Jubilado,6306.7,Bajo,2025-10-17
CLI-04636,Benito Carmona,Profesionista Independiente,20586.81,Medio,2024-07-23
CLI-04637,Sr. Luis Manuel Velasco,Desempleado,1563.4,Alto,2026-01-07
CLI-04638,Rocío Zaragoza,Estudiante,6028.35,Bajo,2025-05-01
CLI-04639,Zeferino Collazo,Estudiante,6064.3,Bajo,2025-01-17
CLI-04640,Aldo Guillermo Sauceda Sanabria,Empleado Sector Privado,26541.71,Medio,2025-01-09
CLI-04641,Camila Angélica Fonseca,Empleado Sector Privado,19150.19,Medio,2024-10-30
CLI-04642,Linda Abigail Negrón Rocha,Estudiante,7356.13,Bajo,2026-03-01
CLI-04643,Elias Acosta Zapata,Jubilado,7810.16,Bajo,2025-10-30
CLI-04644,Irene Concepción Castillo,Desempleado,191.02,Alto,2024-02-08
CLI-04645,Héctor Mena Castro,Desempleado,3246.05,Alto,2024-11-08
CLI-04646,Frida Raya Olivárez,Desempleado,2650.16,Alto,2025-07-01
CLI-04647,Luis Manuel Tapia,Desempleado,3588.04,Alto,2024-09-20
CLI-04648,María Luisa Barbara Venegas Reséndez,Empresario / Comerciante,188069.34,Alto,2024-06-15
CLI-04649,Manuel Esquivel Laboy,Empresario / Comerciante,60483.05,Alto,2023-08-11
CLI-04650,Diana Laureano Sisneros,Estudiante,2291.99,Bajo,2025-04-20
CLI-04651,Lic. Socorro Alarcón,Empresario / Comerciante,203422.85,Alto,2025-06-26
CLI-04652,Fidel Reynaldo Pantoja Botello,Empleado Sector Privado,24363.28,Medio,2024-01-21
CLI-04653,Luis Miguel Abel Ballesteros,Empleado Sector Privado,18599.53,Medio,2025-04-13
CLI-04654,Olga Alma Lucio Collazo,Estudiante,4530.1,Bajo,2025-10-25
CLI-04655,Gerardo Batista,Estudiante,4022.7,Bajo,2026-05-12
CLI-04656,Alonso Lorenzo Uribe Vargas,Empleado Sector Privado,34438.66,Medio,2024-10-19
CLI-04657,Noemí Esparta Nevárez,Estudiante,3323.41,Bajo,2024-08-11
CLI-04658,David Romero Villarreal,Estudiante,6781.54,Bajo,2026-05-24
CLI-04659,Dr. Eloy de la O,Desempleado,671.53,Alto,2023-08-10
CLI-04660,Patricio Cano,Empleado Sector Privado,13452.41,Medio,2024-11-29
CLI-04661,Gabriela Wendolin Valle Sarabia,Jubilado,6399.89,Bajo,2024-08-24
CLI-04662,Carlos Julio Ríos Suárez,Profesionista Independiente,29520.58,Medio,2025-10-30
CLI-04663,Espartaco Bruno Carranza Bétancourt,Desempleado,758.19,Alto,2024-07-21
CLI-04664,Darío Cristobal Tirado Almaraz,Empleado Sector Privado,42832.8,Medio,2024-10-17
CLI-04665,Francisco Javier Ignacio de la Rosa,Empresario / Comerciante,237784.65,Alto,2023-12-09
CLI-04666,Benjamín Zelaya Figueroa,Estudiante,3394.45,Bajo,2026-05-15
CLI-04667,Horacio Llamas,Estudiante,4139.46,Bajo,2024-01-15
CLI-04668,Zacarías Aldo Ballesteros Rascón,Empleado Sector Privado,12494.82,Medio,2024-01-15
CLI-04669,Darío Leiva Mateo,Desempleado,1264.96,Alto,2026-06-03
CLI-04670,Francisco Javier José Luis Peralta,Empresario / Comerciante,92553.59,Alto,2024-12-19
CLI-04671,Ing. Leonardo Rodríguez,Empleado Sector Privado,14178.54,Medio,2025-06-20
CLI-04672,Manuel Espartaco Alcaraz Rojo,Profesionista Independiente,44247.52,Medio,2025-09-23
CLI-04673,Dr. Rubén Osorio,Profesionista Independiente,16977.25,Medio,2024-05-02
CLI-04674,Srita. Cristal Urrutia,Empleado Sector Privado,25566.2,Medio,2025-06-16
CLI-04675,Lourdes Salcedo Soria,Jubilado,11494.49,Bajo,2025-07-19
CLI-04676,Darío René Paredes,Estudiante,6275.19,Bajo,2026-03-25
CLI-04677,Angélica Amaya,Jubilado,7228.97,Bajo,2026-02-18
CLI-04678,Mauricio Velasco Rubio,Estudiante,5599.2,Bajo,2025-06-17
CLI-04679,Sra. Elvia Badillo,Desempleado,2785.26,Alto,2025-03-06
CLI-04680,Carmen Elizondo,Desempleado,3698.21,Alto,2023-12-31
CLI-04681,Cristina María Eugenia Aguirre,Desempleado,531.73,Alto,2025-11-20
CLI-04682,Mauro Caballero,Empleado Sector Privado,32966.66,Medio,2024-03-14
CLI-04683,Clemente Héctor Rentería,Desempleado,1271.87,Alto,2024-10-13
CLI-04684,Jerónimo Abel Ocampo Valdivia,Desempleado,1928.52,Alto,2024-02-05
CLI-04685,Soledad Silvia Fierro Patiño,Profesionista Independiente,15794.2,Medio,2025-02-03
CLI-04686,Ing. Rosalia Cadena,Jubilado,10835.85,Bajo,2026-01-12
CLI-04687,Jerónimo Montero Alvarado,Jubilado,13327.7,Bajo,2025-08-04
CLI-04688,Verónica Paulina Rolón Escobar,Empleado Sector Privado,28612.86,Medio,2024-09-07
CLI-04689,Carla Mónica Gómez,Desempleado,3953.52,Alto,2024-04-15
CLI-04690,Violeta Ana Luisa Toro,Empleado Sector Privado,12700.04,Medio,2023-07-22
CLI-04691,Luis Manuel Meléndez Matos,Estudiante,3853.09,Bajo,2025-07-19
CLI-04692,José Emilio Diego Fierro Caraballo,Desempleado,1713.99,Alto,2023-07-30
CLI-04693,Juan Carlos Gamez,Empleado Sector Privado,32452.29,Medio,2025-03-19
CLI-04694,Angélica Zúñiga Olivera,Estudiante,2825.33,Bajo,2024-12-29
CLI-04695,Isabel Osorio Villanueva,Empresario / Comerciante,109322.95,Alto,2025-01-14
CLI-04696,Laura Balderas,Empleado Sector Privado,24399.68,Medio,2025-11-25
CLI-04697,Hilda Toro,Desempleado,151.63,Alto,2025-04-06
CLI-04698,Rafaél Armando Segura Corrales,Desempleado,2392.3,Alto,2025-03-09
CLI-04699,Elias Héctor Lerma Orellana,Empresario / Comerciante,197851.13,Alto,2025-05-16
CLI-04700,Dra. Adela Bétancourt,Profesionista Independiente,21042.02,Medio,2023-08-12
CLI-04701,Lic. Rufino Terrazas,Profesionista Independiente,43962.09,Medio,2026-04-16
CLI-04702,Angélica Guajardo,Estudiante,5125.24,Bajo,2025-11-15
CLI-04703,Asunción Galván Piña,Empresario / Comerciante,179609.29,Alto,2025-09-21
CLI-04704,Yeni Luz Moya Guerra,Profesionista Independiente,48774.79,Medio,2024-03-22
CLI-04705,Ing. Jacinto Vela,Empleado Sector Privado,39948.85,Medio,2025-12-16
CLI-04706,Sr. Aurelio Valentín,Profesionista Independiente,30422.78,Medio,2023-08-25
CLI-04707,Lic. Ana Zapata,Empleado Sector Privado,29797.29,Medio,2025-03-21
CLI-04708,Eric Alonso,Desempleado,3953.51,Alto,2025-05-14
CLI-04709,Carlota Girón,Desempleado,2785.11,Alto,2023-10-04
CLI-04710,Iván Hernán Hernández,Empleado Sector Privado,32066.09,Medio,2025-03-06
CLI-04711,Elena Badillo,Empresario / Comerciante,154294.39,Alto,2025-01-22
CLI-04712,Lic. Elias Tafoya,Empleado Sector Privado,26597.91,Medio,2025-06-18
CLI-04713,Mario Santiago Montaño Gastélum,Estudiante,2387.7,Bajo,2026-04-12
CLI-04714,Yeni Lorena Montaño,Empresario / Comerciante,63996.98,Alto,2026-03-07
CLI-04715,Raúl Hinojosa Hurtado,Empleado Sector Privado,13719.53,Medio,2025-03-27
CLI-04716,Cristina Mondragón,Empleado Sector Privado,42963.06,Medio,2025-05-18
CLI-04717,Elvira Delia Gil Guajardo,Empleado Sector Privado,15028.06,Medio,2024-06-22
CLI-04718,Ing. Carolina Jaime,Jubilado,12135.01,Bajo,2025-11-24
CLI-04719,José Emilio Juan Alfaro Collado,Empleado Sector Privado,19798.23,Medio,2023-12-05
CLI-04720,Patricia Alejandra Borrego,Estudiante,4557.44,Bajo,2025-06-24
CLI-04721,Julio Juan Carlos Navarro del Valle,Empresario / Comerciante,112292.59,Alto,2024-07-08
CLI-04722,Aldonza del Río Oquendo,Desempleado,790.15,Alto,2024-07-17
CLI-04723,Sr. Isaac Manzanares,Empresario / Comerciante,85287.1,Alto,2025-08-02
CLI-04724,Helena Mitzy Trujillo,Empleado Sector Privado,22002.32,Medio,2024-05-20
CLI-04725,Ing. Ruby Soria,Jubilado,10827.53,Bajo,2025-09-07
CLI-04726,Israel Gallardo Armas,Desempleado,805.6,Alto,2023-11-30
CLI-04727,Elvia María Elena Arroyo,Empresario / Comerciante,66003.19,Alto,2023-07-10
CLI-04728,Esmeralda Barraza,Profesionista Independiente,32921.0,Medio,2024-04-02
CLI-04729,José Eduardo Miguel Ángel Bustamante Raya,Empleado Sector Privado,27533.54,Medio,2023-10-13
CLI-04730,Eloy Óliver Ontiveros,Empresario / Comerciante,151058.51,Alto,2023-08-12
CLI-04731,Catalina Alejandra Martínez Jurado,Desempleado,1733.72,Alto,2025-12-26
CLI-04732,Dr. Miguel Ángel Montenegro,Empleado Sector Privado,39046.93,Medio,2023-09-15
CLI-04733,Leonor Alejandro Báez,Empresario / Comerciante,53962.22,Alto,2026-06-10
CLI-04734,Roberto Jos Echeverría,Empresario / Comerciante,135479.46,Alto,2024-05-24
CLI-04735,Luz Georgina Patiño,Estudiante,6553.15,Bajo,2023-08-26
CLI-04736,Reina Sánchez,Profesionista Independiente,41783.25,Medio,2026-06-05
CLI-04737,Maximiliano Samuel Marín Badillo,Empleado Sector Privado,30244.12,Medio,2026-03-02
CLI-04738,Sr. Luis Miguel Anguiano,Empleado Sector Privado,20490.63,Medio,2024-05-06
CLI-04739,Omar Espartaco Borrego,Empresario / Comerciante,111169.46,Alto,2025-03-19
CLI-04740,Joaquín Vera,Profesionista Independiente,31881.61,Medio,2025-09-18
CLI-04741,Catalina Ángela Estévez Marrero,Jubilado,11250.98,Bajo,2026-02-12
CLI-04742,Alfonso Paz,Profesionista Independiente,21149.54,Medio,2025-07-11
CLI-04743,José María Maya Melgar,Empresario / Comerciante,89143.15,Alto,2024-03-19
CLI-04744,Alicia Anabel Salgado,Empleado Sector Privado,12137.96,Medio,2024-11-08
CLI-04745,David Cepeda,Jubilado,14494.79,Bajo,2025-11-25
CLI-04746,Teresa Casárez Leal,Profesionista Independiente,37115.42,Medio,2024-03-29
CLI-04747,Sr. Iván León,Empresario / Comerciante,238057.0,Alto,2025-07-07
CLI-04748,María del Carmen Minerva Bermúdez Zúñiga,Desempleado,1492.58,Alto,2025-02-06
CLI-04749,Margarita Peña,Empresario / Comerciante,111562.17,Alto,2025-12-08
CLI-04750,Estela María Eugenia Mota Valadez,Jubilado,5926.05,Bajo,2025-08-24
CLI-04751,Óscar Mateo Medina Lira,Estudiante,7954.83,Bajo,2024-12-02
CLI-04752,Zoé Lucio,Estudiante,4308.96,Bajo,2025-11-28
CLI-04753,Lucas Zavala,Jubilado,7110.71,Bajo,2023-07-29
CLI-04754,Ricardo Solorio,Empresario / Comerciante,241419.38,Alto,2026-01-16
CLI-04755,Srita. Andrea Soria,Desempleado,1394.31,Alto,2025-12-30
CLI-04756,Hilda Yeni Macías Vigil,Desempleado,1954.49,Alto,2026-03-30
CLI-04757,María José Lara,Desempleado,1472.72,Alto,2023-08-11
CLI-04758,Eugenia Chacón Arredondo,Estudiante,5905.44,Bajo,2024-01-05
CLI-04759,Srita. Soledad Crespo,Empresario / Comerciante,197132.84,Alto,2024-08-31
CLI-04760,Leonardo Juan Leal Navarrete,Empleado Sector Privado,27764.94,Medio,2023-10-02
CLI-04761,Olivia Vanesa Valenzuela,Profesionista Independiente,43392.87,Medio,2024-03-13
CLI-04762,Alejandra Salazar Razo,Desempleado,113.02,Alto,2024-06-30
CLI-04763,Bianca Sonia Longoria,Desempleado,2581.33,Alto,2024-10-28
CLI-04764,Luis Badillo Bahena,Profesionista Independiente,42244.6,Medio,2023-08-17
CLI-04765,Julia Esquibel Crespo,Desempleado,589.47,Alto,2025-08-27
CLI-04766,Abraham Vélez Serna,Empleado Sector Privado,31870.93,Medio,2025-02-09
CLI-04767,Francisco Raúl Valdez Gutiérrez,Desempleado,3366.06,Alto,2025-03-01
CLI-04768,Esther Raquel Páez Bernal,Estudiante,2700.38,Bajo,2024-04-03
CLI-04769,Lic. Guillermina Lozada,Estudiante,5866.38,Bajo,2025-09-23
CLI-04770,Mónica Narváez Montaño,Empresario / Comerciante,129533.38,Alto,2026-03-31
CLI-04771,Francisco Espartaco Zarate Figueroa,Jubilado,17663.89,Bajo,2023-10-23
CLI-04772,Rocío Pulido Ocampo,Estudiante,5111.22,Bajo,2026-03-09
CLI-04773,Alicia Marisela Casillas,Empleado Sector Privado,40908.2,Medio,2025-02-23
CLI-04774,Sra. Miriam Casárez,Empleado Sector Privado,39381.74,Medio,2025-09-05
CLI-04775,Carlos Alfonso Amaya,Profesionista Independiente,46132.66,Medio,2026-01-24
CLI-04776,Olga Llamas Chávez,Jubilado,17579.88,Bajo,2024-02-13
CLI-04777,Helena Candelaria Collazo,Desempleado,3546.6,Alto,2024-05-05
CLI-04778,Israel Amador Cotto,Jubilado,9003.73,Bajo,2023-09-25
CLI-04779,Pascual Santillán Valverde,Empresario / Comerciante,200492.45,Alto,2025-10-27
CLI-04780,Ernesto Óliver Saldivar Cornejo,Desempleado,3477.67,Alto,2025-06-13
CLI-04781,Lic. Leticia Salcido,Estudiante,5817.08,Bajo,2025-01-14
CLI-04782,Abel Miguel Ángel Garay Serrato,Profesionista Independiente,51640.26,Medio,2024-07-25
CLI-04783,Joaquín Pedroza,Profesionista Independiente,48692.85,Medio,2025-10-14
CLI-04784,Andrés Jorge Valles Malave,Desempleado,1591.88,Alto,2026-05-30
CLI-04785,Sra. Inés Sandoval,Profesionista Independiente,15288.91,Medio,2025-01-03
CLI-04786,Francisco Javier Aldo Cepeda,Empleado Sector Privado,38940.85,Medio,2025-03-21
CLI-04787,Leticia Caridad Pulido,Estudiante,2581.22,Bajo,2026-04-01
CLI-04788,Ing. Emiliano Reynoso,Desempleado,1671.36,Alto,2023-10-13
CLI-04789,Estela Mercado León,Empresario / Comerciante,180904.24,Alto,2024-01-13
CLI-04790,Amelia Eva Rubio Medrano,Desempleado,1723.8,Alto,2025-12-03
CLI-04791,Natalia Isabela Perales Sepúlveda,Empleado Sector Privado,24363.5,Medio,2025-10-09
CLI-04792,Emiliano Carreón,Desempleado,537.33,Alto,2026-03-26
CLI-04793,Cornelio Jaimes Rodríguez,Empresario / Comerciante,86396.87,Alto,2026-04-10
CLI-04794,Srita. Catalina Guzmán,Estudiante,4703.96,Bajo,2024-05-18
CLI-04795,Sandra Rebeca Arredondo de Anda,Empleado Sector Privado,18126.06,Medio,2024-09-09
CLI-04796,Srita. Vanesa Rocha,Estudiante,6499.49,Bajo,2025-06-17
CLI-04797,David Carranza,Empleado Sector Privado,20558.61,Medio,2024-04-15
CLI-04798,Ing. Diego Cortés,Empresario / Comerciante,138146.09,Alto,2024-09-21
CLI-04799,Jaime Vicente Moreno Solano,Jubilado,6419.54,Bajo,2023-11-18
CLI-04800,Ing. Jonás Alvarado,Desempleado,664.5,Alto,2026-04-04
CLI-04801,Alvaro Gabriel Casanova de la Garza,Profesionista Independiente,18856.82,Medio,2023-07-09
CLI-04802,Santiago Horacio Orta,Estudiante,3660.57,Bajo,2023-12-20
CLI-04803,Vanesa Margarita Gutiérrez de la Rosa,Profesionista Independiente,16335.0,Medio,2023-09-28
CLI-04804,Ing. Susana Luevano,Empleado Sector Privado,27770.6,Medio,2024-08-13
CLI-04805,Gabriel Lozano,Desempleado,3042.13,Alto,2024-10-23
CLI-04806,María Cristina Alarcón Chacón,Estudiante,2366.34,Bajo,2023-09-20
CLI-04807,Sr. Alonso Carrillo,Estudiante,5991.93,Bajo,2026-04-27
CLI-04808,Sra. Hermelinda Barrios,Estudiante,2581.05,Bajo,2025-01-19
CLI-04809,Olivia Raquel Menchaca,Jubilado,15293.22,Bajo,2024-05-10
CLI-04810,Uriel Ruelas,Empresario / Comerciante,170596.97,Alto,2024-06-17
CLI-04811,Alfredo Benito Huerta,Profesionista Independiente,56945.78,Medio,2023-08-02
CLI-04812,Armando Sanches,Empresario / Comerciante,201382.33,Alto,2023-10-30
CLI-04813,Lucas Brito,Jubilado,10582.9,Bajo,2024-03-06
CLI-04814,José Porfirio Espinoza Meléndez,Profesionista Independiente,45683.7,Medio,2024-10-09
CLI-04815,Elisa Gálvez Espino,Profesionista Independiente,59975.03,Medio,2024-03-16
CLI-04816,Cecilia Nadia Sosa,Empleado Sector Privado,43052.7,Medio,2025-10-25
CLI-04817,Angélica Pedroza,Desempleado,1593.89,Alto,2025-04-26
CLI-04818,Cristina Adela Saldaña,Jubilado,5744.14,Bajo,2026-03-31
CLI-04819,Carlota Berta Maestas Luevano,Profesionista Independiente,54288.48,Medio,2026-01-10
CLI-04820,Amelia Amelia Terán,Estudiante,2018.51,Bajo,2025-08-14
CLI-04821,Porfirio Amador Nava,Desempleado,1607.23,Alto,2024-06-11
CLI-04822,Teodoro Robles,Empleado Sector Privado,12847.45,Medio,2026-05-13
CLI-04823,Dr. Alberto Cortez,Estudiante,7214.03,Bajo,2025-03-09
CLI-04824,Héctor Gerardo Corral,Profesionista Independiente,57797.79,Medio,2025-09-03
CLI-04825,Lic. Violeta Galindo,Empleado Sector Privado,24158.19,Medio,2024-01-02
CLI-04826,Lic. Augusto Haro,Jubilado,13920.4,Bajo,2023-12-14
CLI-04827,Camila Paulina Peralta,Empresario / Comerciante,152982.8,Alto,2025-11-28
CLI-04828,Mateo Ponce,Desempleado,751.74,Alto,2025-06-19
CLI-04829,Cristian Rojo,Desempleado,3830.19,Alto,2024-09-07
CLI-04830,Dra. Arcelia Quiñones,Profesionista Independiente,15748.36,Medio,2025-09-22
CLI-04831,Reynaldo José Eduardo Guerra,Profesionista Independiente,54304.55,Medio,2026-04-06
CLI-04832,Natalia Yeni Magaña,Desempleado,1302.1,Alto,2026-02-10
CLI-04833,Cynthia Ana Casanova,Empresario / Comerciante,96711.73,Alto,2023-07-03
CLI-04834,Srita. Josefina Ferrer,Empresario / Comerciante,130033.04,Alto,2024-09-26
CLI-04835,Ing. Porfirio Tamayo,Jubilado,15321.48,Bajo,2024-07-13
CLI-04836,Humberto Maximiliano Trejo,Profesionista Independiente,34256.23,Medio,2023-12-02
CLI-04837,Pedro Vicente Benítez,Empresario / Comerciante,247374.29,Alto,2023-07-18
CLI-04838,Ruby Esperanza Manzanares Altamirano,Desempleado,3620.81,Alto,2025-05-15
CLI-04839,Sr. Alonso Vaca,Desempleado,1539.43,Alto,2025-02-03
CLI-04840,Abigail Ortiz Ybarra,Jubilado,7536.0,Bajo,2025-12-19
CLI-04841,Eva Meraz,Empleado Sector Privado,40705.34,Medio,2025-11-15
CLI-04842,Dra. Dalia Alvarado,Jubilado,15203.21,Bajo,2024-03-15
CLI-04843,Lic. Anabel Zepeda,Desempleado,2018.55,Alto,2025-11-07
CLI-04844,Camilo Segovia Palomino,Empleado Sector Privado,28431.53,Medio,2025-07-02
CLI-04845,Sr. Armando Jaime,Estudiante,3808.09,Bajo,2024-07-05
CLI-04846,Vanesa Díaz Menchaca,Desempleado,3985.22,Alto,2023-10-20
CLI-04847,Santiago Miguel Ángel Dávila,Empresario / Comerciante,83610.57,Alto,2025-10-23
CLI-04848,Sr. Ernesto Salgado,Empresario / Comerciante,241010.24,Alto,2023-12-30
CLI-04849,Elisa Minerva Elizondo Negrete,Empresario / Comerciante,182528.42,Alto,2023-11-02
CLI-04850,Zoé Yolanda Trujillo Padrón,Empleado Sector Privado,20030.75,Medio,2024-12-11
CLI-04851,Dulce Norma Madrid Téllez,Empleado Sector Privado,36857.33,Medio,2025-02-21
CLI-04852,Natividad Zepeda Vergara,Desempleado,2799.64,Alto,2025-12-19
CLI-04853,Iván Lovato,Estudiante,4609.36,Bajo,2024-01-17
CLI-04854,Ilse Lucía Medrano Arroyo,Desempleado,116.89,Alto,2024-05-24
CLI-04855,Sr. Gilberto Blanco,Profesionista Independiente,55619.18,Medio,2026-01-16
CLI-04856,Iván Diego Carreón,Profesionista Independiente,24916.92,Medio,2025-09-30
CLI-04857,Teodoro Benjamín Barrientos Hurtado,Profesionista Independiente,44966.97,Medio,2023-10-01
CLI-04858,Ivonne Georgina Valencia Ulloa,Desempleado,492.39,Alto,2026-02-26
CLI-04859,Sofía Hilda Terán Sanches,Empleado Sector Privado,42450.29,Medio,2025-05-05
CLI-04860,Vanesa Anel de la Fuente,Desempleado,2901.66,Alto,2024-01-12
CLI-04861,Socorro Mitzy Cano,Estudiante,6773.24,Bajo,2026-02-01
CLI-04862,Tomás Marco Antonio Escalante,Profesionista Independiente,54237.33,Medio,2024-01-05
CLI-04863,Sr. Joaquín Zavala,Jubilado,14962.39,Bajo,2023-11-10
CLI-04864,René Velasco,Jubilado,5840.67,Bajo,2024-10-15
CLI-04865,Rubén Terrazas,Profesionista Independiente,31965.46,Medio,2025-11-27
CLI-04866,Óscar Lucas Franco Marín,Desempleado,2971.87,Alto,2024-08-25
CLI-04867,Jaime Irizarry Sarabia,Desempleado,1526.6,Alto,2024-06-15
CLI-04868,Flavio Herrera Carrera,Desempleado,3140.33,Alto,2025-10-13
CLI-04869,Bruno Caraballo Naranjo,Empresario / Comerciante,211689.5,Alto,2024-04-14
CLI-04870,Beatriz Alcántar,Empleado Sector Privado,20550.1,Medio,2023-09-08
CLI-04871,Dr. Guillermo Rodríquez,Profesionista Independiente,18945.62,Medio,2023-06-20
CLI-04872,Eloisa Gloria Regalado Burgos,Estudiante,4041.43,Bajo,2026-05-25
CLI-04873,Amador Aurelio Estrada Perea,Jubilado,17183.74,Bajo,2024-07-12
CLI-04874,Pilar Wendolin Perea Urrutia,Desempleado,3768.03,Alto,2025-11-30
CLI-04875,Karla Caridad Velásquez Pedroza,Jubilado,9780.58,Bajo,2024-02-04
CLI-04876,Martha Núñez,Profesionista Independiente,57933.09,Medio,2025-08-13
CLI-04877,Patricia Alcántar Arriaga,Jubilado,14579.93,Bajo,2023-11-03
CLI-04878,Ofelia Nancy Moya Valles,Profesionista Independiente,17784.82,Medio,2025-05-27
CLI-04879,Ing. Cristobal Mora,Jubilado,7468.15,Bajo,2026-02-26
CLI-04880,Barbara Leonor Fonseca,Empresario / Comerciante,245969.9,Alto,2025-11-28
CLI-04881,Reina Martínez Barrera,Profesionista Independiente,49707.64,Medio,2025-02-08
CLI-04882,Sara Silvia Negrón,Desempleado,3735.7,Alto,2025-08-08
CLI-04883,Sandra Angélica Arredondo Matías,Empleado Sector Privado,29151.8,Medio,2024-03-13
CLI-04884,Marisol Zarate,Jubilado,12680.09,Bajo,2024-07-28
CLI-04885,José Eduardo Gollum,Estudiante,4371.87,Bajo,2024-07-13
CLI-04886,Adán Solorzano Salas,Jubilado,16080.71,Bajo,2025-02-26
CLI-04887,Gerardo Elias Torres Rascón,Profesionista Independiente,21511.54,Medio,2024-04-10
CLI-04888,Abel Abelardo Cruz,Profesionista Independiente,52674.75,Medio,2023-12-09
CLI-04889,Horacio Alonso Meza,Empresario / Comerciante,185996.18,Alto,2026-02-27
CLI-04890,José María Julio Matos García,Empleado Sector Privado,31848.36,Medio,2023-12-21
CLI-04891,Arturo Martín Gálvez Castro,Empleado Sector Privado,36652.98,Medio,2024-07-26
CLI-04892,Graciela Juana Lemus,Desempleado,137.38,Alto,2025-04-30
CLI-04893,Germán Centeno,Profesionista Independiente,28900.11,Medio,2025-11-17
CLI-04894,Lic. Leonardo Gollum,Desempleado,493.86,Alto,2026-04-23
CLI-04895,Horacio Ledesma,Desempleado,2295.89,Alto,2025-08-01
CLI-04896,José Manuél Eloy Muñiz Guillen,Desempleado,3314.75,Alto,2024-06-20
CLI-04897,Elvira Guzmán Pedroza,Empresario / Comerciante,108299.02,Alto,2025-01-26
CLI-04898,Aurora Sessa Alemán,Empresario / Comerciante,61762.52,Alto,2025-04-30
CLI-04899,Paola Dolores Altamirano,Profesionista Independiente,21871.6,Medio,2024-11-12
CLI-04900,Clara Antonia Cardona Espino,Desempleado,842.45,Alto,2026-02-25
CLI-04901,Tania Dueñas Verduzco,Desempleado,3737.73,Alto,2024-11-12
CLI-04902,Teresa Santiago,Empleado Sector Privado,35113.44,Medio,2024-06-15
CLI-04903,Reina Barrios de Jesús,Estudiante,7538.95,Bajo,2026-03-20
CLI-04904,Lorenzo Irizarry Vélez,Empleado Sector Privado,40273.7,Medio,2026-02-26
CLI-04905,María José Perla Baeza Contreras,Desempleado,1567.23,Alto,2024-10-27
CLI-04906,Hernán Rolón Peña,Desempleado,3649.51,Alto,2024-11-11
CLI-04907,Sr. Pascual Montoya,Empleado Sector Privado,44705.09,Medio,2026-02-14
CLI-04908,Sr. Julio Santiago,Jubilado,10099.71,Bajo,2025-09-13
CLI-04909,Laura Conchita Partida,Empresario / Comerciante,185579.74,Alto,2024-01-27
CLI-04910,Adán Marco Antonio Madera,Profesionista Independiente,49097.14,Medio,2025-06-24
CLI-04911,Mónica Alonzo Carrero,Empresario / Comerciante,64364.64,Alto,2026-02-04
CLI-04912,Lic. Dalia Ávalos,Desempleado,1132.16,Alto,2024-08-15
CLI-04913,Evelio Bétancourt Arreola,Desempleado,3692.26,Alto,2023-08-06
CLI-04914,Andrés Pineda Cedillo,Desempleado,3425.01,Alto,2024-04-04
CLI-04915,Alberto José Manuél Rosario,Empresario / Comerciante,69463.91,Alto,2024-09-02
CLI-04916,Esteban Israel Barrios,Profesionista Independiente,48851.99,Medio,2025-02-24
CLI-04917,Indira Zoé Ibarra,Jubilado,16256.12,Bajo,2025-03-24
CLI-04918,Jerónimo Molina,Estudiante,7098.86,Bajo,2025-07-31
CLI-04919,Aldonza Lovato,Desempleado,1216.3,Alto,2025-03-11
CLI-04920,Teresa María Eugenia de la Crúz,Desempleado,654.78,Alto,2024-06-26
CLI-04921,Miguel Maximiliano Alva,Empleado Sector Privado,26582.16,Medio,2024-07-09
CLI-04922,José Eduardo Olivas,Empresario / Comerciante,108216.31,Alto,2023-12-31
CLI-04923,Sr. Francisco Javier Ponce,Empleado Sector Privado,18922.29,Medio,2025-04-21
CLI-04924,Indira Ayala Fernández,Desempleado,782.62,Alto,2025-04-25
CLI-04925,Isabel Olivo Almanza,Desempleado,36.53,Alto,2023-10-20
CLI-04926,Jacinto Guevara,Desempleado,3424.57,Alto,2023-11-12
CLI-04927,Guadalupe Grijalva Carmona,Estudiante,6069.91,Bajo,2023-10-07
CLI-04928,Ing. Jacinto Holguín,Empleado Sector Privado,24426.34,Medio,2026-05-09
CLI-04929,Cecilia Mora Burgos,Empresario / Comerciante,185889.05,Alto,2026-05-23
CLI-04930,Cornelio José María Montemayor Malave,Empleado Sector Privado,42557.52,Medio,2026-03-27
CLI-04931,Sr. Martín Becerra,Estudiante,4133.5,Bajo,2026-02-23
CLI-04932,Catalina Fajardo,Empresario / Comerciante,85926.58,Alto,2026-03-19
CLI-04933,Sra. Carlota Palacios,Estudiante,2704.08,Bajo,2025-03-06
CLI-04934,Jaime Orosco Godínez,Jubilado,13451.27,Bajo,2025-09-10
CLI-04935,Mercedes Berta Rosas,Jubilado,10639.68,Bajo,2023-06-21
CLI-04936,Esparta Curiel Peres,Empleado Sector Privado,32690.09,Medio,2024-01-03
CLI-04937,Modesto Juan Gaona,Empresario / Comerciante,99000.2,Alto,2024-02-07
CLI-04938,Sr. Alfredo Miramontes,Estudiante,3445.13,Bajo,2024-07-31
CLI-04939,Noelia Florencia Bañuelos,Empresario / Comerciante,110537.92,Alto,2024-03-30
CLI-04940,Gregorio Curiel,Jubilado,17409.22,Bajo,2025-02-21
CLI-04941,Lic. Verónica Archuleta,Desempleado,2980.8,Alto,2025-05-07
CLI-04942,Sr. Manuel Contreras,Desempleado,3964.66,Alto,2025-08-13
CLI-04943,Trinidad Eugenia Gollum Rosario,Desempleado,2634.08,Alto,2023-09-26
CLI-04944,Ing. Estela Treviño,Empresario / Comerciante,222979.16,Alto,2024-08-04
CLI-04945,Adela María Arroyo,Desempleado,1528.4,Alto,2023-12-22
CLI-04946,Sr. Espartaco Peña,Desempleado,2612.78,Alto,2026-03-29
CLI-04947,Reynaldo Naranjo,Profesionista Independiente,15522.11,Medio,2024-04-14
CLI-04948,Héctor Prieto Ruiz,Estudiante,2495.82,Bajo,2025-07-08
CLI-04949,Sr. Gilberto Mascareñas,Empresario / Comerciante,178281.87,Alto,2024-07-05
CLI-04950,Natalia Cantú Lira,Jubilado,7924.16,Bajo,2025-06-02
CLI-04951,Rodrigo Esquibel,Jubilado,12448.76,Bajo,2023-11-20
CLI-04952,Ernesto Covarrubias,Jubilado,11233.48,Bajo,2026-04-03
CLI-04953,Sr. Cornelio Rolón,Desempleado,2981.44,Alto,2023-07-21
CLI-04954,Mayte Zamora Pacheco,Jubilado,7354.26,Bajo,2024-12-11
CLI-04955,Ana Saucedo,Empresario / Comerciante,249990.84,Alto,2023-08-29
CLI-04956,Anel Botello Leyva,Desempleado,1734.63,Alto,2026-03-05
CLI-04957,Pedro Tomás Casanova Lucio,Jubilado,6628.07,Bajo,2025-09-06
CLI-04958,Sergio Melgar,Profesionista Independiente,17857.42,Medio,2025-02-26
CLI-04959,Lic. Benjamín Barrera,Jubilado,7403.57,Bajo,2026-06-06
CLI-04960,Julia Lourdes Raya,Desempleado,78.99,Alto,2023-10-10
CLI-04961,Marisol María José Saldaña Almonte,Jubilado,15627.02,Bajo,2023-06-13
CLI-04962,Esteban Aurelio Mata Pedroza,Jubilado,11351.32,Bajo,2023-06-23
CLI-04963,Alejandro Abel Grijalva Preciado,Jubilado,15882.87,Bajo,2025-02-21
CLI-04964,Agustín Francisco Javier Nevárez Ferrer,Jubilado,14278.74,Bajo,2025-10-02
CLI-04965,Sr. Eric Peres,Desempleado,496.36,Alto,2025-02-09
CLI-04966,Elvia Natalia Palacios,Empleado Sector Privado,43867.47,Medio,2025-01-05
CLI-04967,Alicia Escobar,Estudiante,3083.99,Bajo,2024-12-27
CLI-04968,Bianca Sofía Véliz Lomeli,Jubilado,14037.81,Bajo,2024-01-04
CLI-04969,Mauro Hernán Alva Valles,Estudiante,5328.33,Bajo,2024-02-05
CLI-04970,Dra. Arcelia Munguía,Profesionista Independiente,20537.04,Medio,2023-06-24
CLI-04971,Diego Madrid Barela,Empleado Sector Privado,30977.67,Medio,2025-09-06
CLI-04972,Rufino Barrios Haro,Desempleado,644.84,Alto,2024-11-11
CLI-04973,Horacio Eduardo Paredes,Jubilado,8337.89,Bajo,2024-02-17
CLI-04974,Alfredo Mario Cadena López,Estudiante,2507.66,Bajo,2023-11-18
CLI-04975,Srita. Gabriela Garica,Estudiante,5036.89,Bajo,2025-12-22
CLI-04976,Dr. Darío Durán,Profesionista Independiente,58482.43,Medio,2023-11-23
CLI-04977,Juan José Aragón,Empleado Sector Privado,25960.69,Medio,2026-05-25
CLI-04978,Elsa Solís Casares,Desempleado,0.34,Alto,2026-04-26
CLI-04979,Berta Eloisa Fierro Alfaro,Profesionista Independiente,17077.48,Medio,2025-02-17
CLI-04980,Luis Almanza Batista,Jubilado,16760.05,Bajo,2024-09-08
CLI-04981,María Eugenia Abigail Aragón Carbajal,Profesionista Independiente,44662.09,Medio,2025-11-16
CLI-04982,Karina Salinas,Empresario / Comerciante,77971.01,Alto,2025-08-07
CLI-04983,Daniela Bianca Camacho Godínez,Empresario / Comerciante,189020.3,Alto,2024-06-15
CLI-04984,Lorenzo Guardado Nazario,Jubilado,16840.18,Bajo,2023-08-04
CLI-04985,Horacio Abel Brito López,Profesionista Independiente,42277.75,Medio,2024-12-02
CLI-04986,Camilo Mauricio Oquendo Carbajal,Jubilado,7727.91,Bajo,2024-11-01
CLI-04987,Wilfrido Rolando Lucero,Estudiante,5975.7,Bajo,2023-10-21
CLI-04988,Eva Luevano,Estudiante,3422.6,Bajo,2025-01-12
CLI-04989,Dolores Noelia Burgos,Empleado Sector Privado,16675.02,Medio,2024-06-14
CLI-04990,Juan Carlos Reynaldo Soria,Empleado Sector Privado,43594.96,Medio,2026-03-07
CLI-04991,Ing. Marisol Pizarro,Jubilado,12176.92,Bajo,2025-12-13
CLI-04992,Miguel Malave Villareal,Jubilado,9667.85,Bajo,2025-07-14
CLI-04993,Reina Sanabria,Empleado Sector Privado,36060.45,Medio,2023-08-29
CLI-04994,Dalia Armenta Barrios,Empresario / Comerciante,64871.93,Alto,2024-10-06
CLI-04995,Srita. Clara Jaramillo,Profesionista Independiente,26730.35,Medio,2023-11-10
CLI-04996,Sr. Espartaco Guerra,Desempleado,3614.64,Alto,2024-01-03
CLI-04997,Miguel Ángel Montañez Mascareñas,Empresario / Comerciante,141213.55,Alto,2026-02-20
CLI-04998,María Teresa Laura Galarza,Profesionista Independiente,45443.66,Medio,2026-04-21
CLI-04999,Lic. Violeta Fierro,Desempleado,572.98,Alto,2024-11-07
CLI-05000,Ángela Varela Solorio,Empleado Sector Privado,14328.42,Medio,2024-10-08
