id_cliente,nombre_cliente,ocupacion,ingreso_mensual_declarado,nivel_riesgo_kyc,fecha_alta_sistema,monto_enviado,ops_enviadas,monto_efectivo_recibido,ops_efectivo_recibidas,inconsistencia_efectivo,inconsistencia_salidas,cluster_comportamiento,sospechoso_ml
CLI-00001,Dra. Eloisa Huerta,Desempleado,445.32,Alto,2024-03-23,446.88,4,116982.06,8.0,262.103557985302,1.001254705144291,1,1
CLI-00002,Ing. Julio César Palomo,Desempleado,1100.12,Alto,2025-11-23,1723.95,9,116886.7,8.0,106.15255376344086,1.565633173496077,4,1
CLI-00003,Aurora Naranjo Henríquez,Empleado Sector Privado,16604.75,Medio,2025-07-04,24645.67,8,0.0,0.0,0.0,1.4841648224259667,0,0
CLI-00004,Dalia Huerta Cazares,Estudiante,6060.2,Bajo,2025-10-03,7742.64,6,116562.7,8.0,19.230960865835147,1.2774104137794497,4,1
CLI-00005,Rocío Irma Trujillo,Jubilado,6130.2,Bajo,2024-02-19,5076.37,4,0.0,0.0,0.0,0.8279570067849686,0,0
CLI-00006,Socorro Laboy Alcaraz,Empresario / Comerciante,56356.54,Alto,2025-07-11,58895.75,6,0.0,0.0,0.0,1.0450376293926242,0,0
CLI-00007,Yeni Ruby Fuentes,Estudiante,3311.83,Bajo,2025-06-10,4528.44,9,115397.03,8.0,34.83336905304528,1.3669400482367038,4,1
CLI-00008,Srita. Lourdes Alba,Jubilado,12826.24,Bajo,2024-08-08,14852.31,9,0.0,0.0,0.0,1.1578726210782677,0,0
CLI-00009,Sra. Virginia Padrón,Jubilado,7584.89,Bajo,2024-04-03,9361.1,9,0.0,0.0,0.0,1.2340147299789477,0,0
CLI-00010,Leticia Romo,Desempleado,2805.3,Alto,2025-09-20,3942.85,7,116382.12,8.0,41.47173146135481,1.4049994654883653,4,1
CLI-00011,Abigail Ruby del Valle,Empresario / Comerciante,94088.12,Alto,2026-04-08,70115.63,5,0.0,0.0,0.0,0.7452044402158295,0,0
CLI-00012,Carmen Reséndez Madrid,Jubilado,8616.48,Bajo,2023-10-16,5994.7,5,0.0,0.0,0.0,0.6956442022493815,0,0
CLI-00013,Benjamín Romo,Estudiante,6552.84,Bajo,2024-03-04,7221.47,6,0.0,0.0,0.0,1.1018685228812422,0,0
CLI-00014,Verónica Colunga,Empleado Sector Privado,35038.6,Medio,2023-10-20,36065.259999999995,6,0.0,0.0,0.0,1.0292714528704665,0,0
CLI-00015,Alta  Gracia Alta  Gracia Padilla,Profesionista Independiente,27504.21,Medio,2024-04-23,36300.11,9,0.0,0.0,0.0,1.3197539666121438,0,0
CLI-00016,Juan Carlos Ruelas,Empleado Sector Privado,43588.03,Medio,2025-11-03,69494.01,9,0.0,0.0,0.0,1.5943004466949597,0,0
CLI-00017,Ing. Bruno Bermúdez,Profesionista Independiente,19599.46,Medio,2025-12-25,17682.129999999997,5,0.0,0.0,0.0,0.9021283173966325,0,0
CLI-00018,Gerardo Jos Valle,Empresario / Comerciante,69343.28,Alto,2023-08-14,97234.79000000001,10,0.0,0.0,0.0,1.4022034694137715,0,0
CLI-00019,Srita. Ariadna Cadena,Profesionista Independiente,42167.67,Medio,2023-09-15,32175.25,6,0.0,0.0,0.0,0.7630131564500374,0,0
CLI-00020,Soledad Lucio Valdez,Estudiante,6378.39,Bajo,2023-08-08,6884.66,7,0.0,0.0,0.0,1.079203497513085,0,0
CLI-00021,Santiago Alejandro Ulloa Quesada,Jubilado,6622.74,Bajo,2024-10-24,5047.52,4,0.0,0.0,0.0,0.7620347417018181,0,0
CLI-00022,Sra. Natalia Navarro,Empresario / Comerciante,65760.04,Alto,2024-06-05,26667.6,3,0.0,0.0,0.0,0.40552278370293415,0,0
CLI-00023,Dr. Oswaldo García,Profesionista Independiente,52323.21,Medio,2025-04-05,68276.97,10,0.0,0.0,0.0,1.3048829595324993,0,0
CLI-00024,Noemí Llamas Cisneros,Jubilado,16510.87,Bajo,2024-12-11,26419.39,10,0.0,0.0,0.0,1.6000241038719418,0,0
CLI-00025,Fabiola Jiménez,Profesionista Independiente,40980.85,Medio,2026-04-11,16296.27,3,0.0,0.0,0.0,0.39764603110889335,0,0
CLI-00026,Lic. Ofelia Urías,Desempleado,278.22,Alto,2025-09-12,366.19,4,0.0,0.0,0.0,1.3114748227204354,0,0
CLI-00027,Rafaél Enrique Treviño,Desempleado,911.59,Alto,2025-12-19,1722.72,10,0.0,0.0,0.0,1.8877261420791374,0,1
CLI-00028,Noemí Dulce Villagómez,Profesionista Independiente,59334.97,Medio,2024-05-05,71363.97,7,0.0,0.0,0.0,1.202710093051483,0,0
CLI-00029,Dra. Susana Alcala,Empleado Sector Privado,40593.96,Medio,2024-07-25,37669.5,7,0.0,0.0,0.0,0.927935389023662,0,0
CLI-00030,Fabiola Graciela Ramón Mares,Empresario / Comerciante,105594.72,Alto,2024-07-15,88609.45,9,0.0,0.0,0.0,0.8391386506953122,2,0
CLI-00031,Dra. Olivia Sosa,Desempleado,3336.44,Alto,2025-12-17,3853.29,5,0.0,0.0,0.0,1.1545645764418238,0,0
CLI-00032,Lic. Pedro Reyes,Empleado Sector Privado,24215.97,Medio,2025-12-28,35956.270000000004,8,0.0,0.0,0.0,1.4847551118079596,0,0
CLI-00033,Teodoro Vicente Báez,Empleado Sector Privado,34115.78,Medio,2023-11-18,47543.33,9,0.0,0.0,0.0,1.3935468118620808,0,0
CLI-00034,Dra. Irma Castillo,Desempleado,3746.62,Alto,2024-09-12,7213.75,10,0.0,0.0,0.0,1.9248883291262189,0,1
CLI-00035,Felix Jaramillo,Desempleado,285.61,Alto,2025-10-21,459.51,5,0.0,0.0,0.0,1.6032587837130594,0,0
CLI-00036,Nayeli Feliciano,Desempleado,684.55,Alto,2024-06-13,1359.93,8,0.0,0.0,0.0,1.9837065130187443,0,1
CLI-00037,Amalia Núñez Rendón,Desempleado,979.24,Alto,2024-08-09,1452.49,7,0.0,0.0,0.0,1.4817697706684076,0,0
CLI-00038,Yeni Velázquez Leiva,Empresario / Comerciante,125891.09,Alto,2024-06-07,20655.11,3,0.0,0.0,0.0,0.16406995864474092,0,0
CLI-00039,Eric Sotelo Esparza,Desempleado,2752.65,Alto,2024-07-24,2087.7200000000003,6,0.0,0.0,0.0,0.758164617870826,0,0
CLI-00040,Sra. Daniela Pedraza,Empleado Sector Privado,34592.27,Medio,2023-09-16,17168.019999999997,4,0.0,0.0,0.0,0.49628208030059023,0,0
CLI-00041,Zacarías Contreras,Estudiante,3374.29,Bajo,2025-02-26,5645.01,10,0.0,0.0,0.0,1.6724518485818998,0,0
CLI-00042,Hermelinda Lerma,Estudiante,6830.27,Bajo,2025-11-01,6861.95,9,0.0,0.0,0.0,1.004491112194365,0,0
CLI-00043,Esparta Castellanos Reyna,Empresario / Comerciante,103548.18,Alto,2024-02-06,41104.94,3,0.0,0.0,0.0,0.3969605553612303,0,0
CLI-00044,Isaac Tomás Acosta,Empleado Sector Privado,42133.49,Medio,2024-05-09,25943.14,5,0.0,0.0,0.0,0.6157221791458731,0,0
CLI-00045,Lic. Oswaldo Ruelas,Jubilado,16392.78,Bajo,2024-07-22,20166.99,9,0.0,0.0,0.0,1.230161073285112,0,0
CLI-00046,Ing. Ramiro Tapia,Profesionista Independiente,24568.19,Medio,2025-02-16,18027.16,4,0.0,0.0,0.0,0.733730334618276,0,0
CLI-00047,Dulce Marisol Téllez,Empresario / Comerciante,129126.38,Alto,2025-03-12,58463.38,4,0.0,0.0,0.0,0.4527574244904527,2,0
CLI-00048,Jorge Gil Guillen,Desempleado,1835.41,Alto,2025-03-22,1588.18,6,0.0,0.0,0.0,0.8648286602664982,0,0
CLI-00049,Lilia del Río,Profesionista Independiente,21283.36,Medio,2025-03-24,6800.049999999999,3,0.0,0.0,0.0,0.31948576325527284,0,0
CLI-00050,Sr. Miguel Archuleta,Desempleado,2245.47,Alto,2025-03-21,3129.32,9,0.0,0.0,0.0,1.3929943422347062,0,0
CLI-00051,Genaro Espartaco Padilla,Profesionista Independiente,48615.62,Medio,2025-03-19,58147.25,9,0.0,0.0,0.0,1.1960364583140497,0,0
CLI-00052,Marcela Nájera,Empresario / Comerciante,229564.58,Alto,2024-01-10,106023.63,3,0.0,0.0,0.0,0.46184462844996194,2,0
CLI-00053,Beatriz Cornejo,Empresario / Comerciante,122399.29,Alto,2025-02-18,122559.46,6,0.0,0.0,0.0,1.0013004054157062,2,0
CLI-00054,Alejandro Manuel Acuña,Empleado Sector Privado,28814.37,Medio,2023-09-19,32780.18,8,0.0,0.0,0.0,1.1375935828691424,0,0
CLI-00055,Sandra Alvarado Jaime,Estudiante,6534.69,Bajo,2026-05-19,6100.23,5,0.0,0.0,0.0,0.9333719928576784,0,0
CLI-00056,Dulce Estefanía Aguirre,Estudiante,2917.05,Bajo,2024-02-24,4573.639999999999,10,0.0,0.0,0.0,1.5673617655626186,0,0
CLI-00057,Sonia León Angulo,Empleado Sector Privado,38138.62,Medio,2024-12-01,22910.83,5,0.0,0.0,0.0,0.6007094459776998,0,0
CLI-00058,Srita. Paulina Osorio,Empresario / Comerciante,169281.81,Alto,2023-09-05,195848.59,7,0.0,0.0,0.0,1.1569313505606387,2,0
CLI-00059,Leonor Helena Báez Valencia,Empresario / Comerciante,126323.86,Alto,2024-08-07,67295.23,3,0.0,0.0,0.0,0.5327156507436461,2,0
CLI-00060,Trinidad Díaz Laureano,Empresario / Comerciante,155822.87,Alto,2025-12-13,98723.65,5,0.0,0.0,0.0,0.6335592229868248,2,0
CLI-00061,Diego Granados,Jubilado,16190.14,Bajo,2024-06-07,18916.510000000002,7,0.0,0.0,0.0,1.1683247751548071,0,0
CLI-00062,Dra. Sessa Orozco,Estudiante,6081.7,Bajo,2025-09-01,9412.39,7,0.0,0.0,0.0,1.54740329130156,0,0
CLI-00063,Olga Lucía Razo Razo,Estudiante,6090.26,Bajo,2025-08-19,5370.88,4,0.0,0.0,0.0,0.8817354701654502,0,0
CLI-00064,Sofía Guerrero Cardona,Jubilado,14761.41,Bajo,2024-03-25,11772.73,5,0.0,0.0,0.0,0.7974802217253145,0,0
CLI-00065,Zoé Ivonne Fuentes,Desempleado,1360.7,Alto,2024-05-07,714.91,3,0.0,0.0,0.0,0.5250128515825806,0,0
CLI-00066,Andrea Marisol Chavarría,Profesionista Independiente,34564.44,Medio,2024-04-26,55784.83,10,0.0,0.0,0.0,1.6138903482785116,0,0
CLI-00067,Carmen Cantú Almonte,Empresario / Comerciante,50649.06,Alto,2025-10-22,12377.1,3,0.0,0.0,0.0,0.24436496225275944,0,0
CLI-00068,Dr. Daniel Grijalva,Desempleado,3503.41,Alto,2026-01-05,2095.05,4,0.0,0.0,0.0,0.5978324454045046,0,0
CLI-00069,Mónica Camila Esquivel Vallejo,Profesionista Independiente,58734.96,Medio,2024-08-09,23176.17,4,0.0,0.0,0.0,0.3945822967735608,0,0
CLI-00070,Timoteo Granado Roque,Empleado Sector Privado,28753.5,Medio,2025-11-01,52719.71,10,0.0,0.0,0.0,1.8334420699368794,0,1
CLI-00071,Rodolfo Anguiano,Estudiante,7223.11,Bajo,2026-02-07,3169.07,3,0.0,0.0,0.0,0.43867964358239286,0,0
CLI-00072,Germán Alcántar Quintero,Profesionista Independiente,52875.12,Medio,2023-12-21,42237.55,3,0.0,0.0,0.0,0.7988019922793125,0,0
CLI-00073,Wendolin Inés Bahena,Jubilado,12916.61,Bajo,2024-07-09,18582.35,8,0.0,0.0,0.0,1.4385284894032253,0,0
CLI-00074,Ing. Gilberto Jimínez,Empleado Sector Privado,24339.16,Medio,2024-06-22,41225.04,10,0.0,0.0,0.0,1.6937045606931096,0,0
CLI-00075,Clara Grijalva,Empleado Sector Privado,29799.51,Medio,2026-03-07,48784.45,10,0.0,0.0,0.0,1.637034064182123,0,0
CLI-00076,Josefina Hermelinda Quintanilla,Jubilado,16940.42,Bajo,2026-05-01,19772.649999999998,7,0.0,0.0,0.0,1.1671188129448418,0,0
CLI-00077,Serafín Enríquez Riojas,Jubilado,9214.03,Bajo,2025-10-21,9082.31,6,0.0,0.0,0.0,0.9855974424391455,0,0
CLI-00078,José Emilio Palomino,Estudiante,2671.21,Bajo,2024-08-27,1793.5100000000002,5,0.0,0.0,0.0,0.6711710531732162,0,0
CLI-00079,Agustín Valles,Profesionista Independiente,54542.48,Medio,2023-07-11,90089.16,10,0.0,0.0,0.0,1.6516943913369664,0,0
CLI-00080,Lic. Jonás Mejía,Profesionista Independiente,25775.35,Medio,2024-09-26,15264.400000000001,6,0.0,0.0,0.0,0.5921862482469397,0,0
CLI-00081,Indira Villagómez,Empleado Sector Privado,40974.32,Medio,2026-01-09,38594.09,6,0.0,0.0,0.0,0.9418862378622057,0,0
CLI-00082,Vanesa Leticia Bermúdez,Estudiante,2513.92,Bajo,2025-05-20,4104.53,10,0.0,0.0,0.0,1.6320717955243107,0,0
CLI-00083,Elena Aguirre Fajardo,Empresario / Comerciante,213204.65,Alto,2025-08-04,383613.94,10,0.0,0.0,0.0,1.7992672333026822,2,0
CLI-00084,Paola Gastélum Jaime,Jubilado,14955.85,Bajo,2023-11-26,9958.859999999999,5,0.0,0.0,0.0,0.6658393980015844,0,0
CLI-00085,Julio César Campos,Empleado Sector Privado,33771.78,Medio,2023-09-08,63525.48,10,0.0,0.0,0.0,1.880966861478386,0,1
CLI-00086,Teresa Teresa Batista,Jubilado,7146.65,Bajo,2026-02-18,5617.46,5,0.0,0.0,0.0,0.7859170496596783,0,0
CLI-00087,Raquel Galindo,Jubilado,16341.63,Bajo,2025-03-28,10431.220000000001,5,0.0,0.0,0.0,0.6382828222874777,0,0
CLI-00088,Gonzalo Octavio Nazario,Empresario / Comerciante,242872.58,Alto,2025-02-02,288437.86,6,0.0,0.0,0.0,1.1876049259865977,2,0
CLI-00089,Hilda Ramírez Segovia,Jubilado,14818.45,Bajo,2025-07-21,13318.17,9,0.0,0.0,0.0,0.8986952957093549,0,0
CLI-00090,Homero Gregorio Granados,Desempleado,804.6,Alto,2026-02-24,1150.19,7,0.0,0.0,0.0,1.427743296921549,0,0
CLI-00091,María Cristina Jaqueline Prado,Profesionista Independiente,32954.65,Medio,2026-02-20,26955.72,6,0.0,0.0,0.0,0.8179392607944314,0,0
CLI-00092,Homero Balderas Ibarra,Desempleado,2599.51,Alto,2024-09-19,4076.8,9,0.0,0.0,0.0,1.5676924910882866,0,0
CLI-00093,Srita. Lourdes Villalpando,Empresario / Comerciante,229922.82,Alto,2024-12-13,204452.46,6,0.0,0.0,0.0,0.8892182636840323,2,0
CLI-00094,Juan Carlos Vela Quesada,Empresario / Comerciante,74200.84,Alto,2025-08-11,43643.08,4,0.0,0.0,0.0,0.5881670858835846,0,0
CLI-00095,Elvia Magaña Armenta,Empleado Sector Privado,14112.85,Medio,2025-06-03,15436.08,9,0.0,0.0,0.0,1.093683155198617,0,0
CLI-00096,Raquel Pilar Ceja,Estudiante,5529.85,Bajo,2026-01-16,2109.73,4,0.0,0.0,0.0,0.3814476979126174,0,0
CLI-00097,Aldo Martín Apodaca Casanova,Empleado Sector Privado,31418.52,Medio,2024-04-19,19789.23,3,0.0,0.0,0.0,0.6298387117307966,0,0
CLI-00098,Sonia Mayte Sosa,Estudiante,2425.96,Bajo,2024-05-23,5136.29,10,0.0,0.0,0.0,2.1163471997890366,0,1
CLI-00099,Carla Hermelinda Aragón Pichardo,Desempleado,235.5,Alto,2023-09-07,401.87,5,0.0,0.0,0.0,1.6992389006342494,0,0
CLI-00100,Porfirio Antonio Urías García,Estudiante,7432.52,Bajo,2025-12-17,7047.21,5,0.0,0.0,0.0,0.948031349885384,0,0
CLI-00101,Rocío Quintero Apodaca,Profesionista Independiente,18188.58,Medio,2024-05-27,11374.59,3,0.0,0.0,0.0,0.6253354942774929,0,0
CLI-00102,Sr. Rubén Gurule,Empleado Sector Privado,21189.75,Medio,2024-09-10,28131.82,10,0.0,0.0,0.0,1.3275518799476187,0,0
CLI-00103,Benjamín Renato Carrasco,Empresario / Comerciante,92847.36,Alto,2025-06-29,54641.3,6,0.0,0.0,0.0,0.5885004323178137,0,0
CLI-00104,José Luis Palomino Ulibarri,Empleado Sector Privado,35870.63,Medio,2025-03-08,28019.42,5,0.0,0.0,0.0,0.7811025035661887,0,0
CLI-00105,Zeferino Reyna Ontiveros,Jubilado,12490.75,Bajo,2025-01-19,17442.56,7,0.0,0.0,0.0,1.3963263754077693,0,0
CLI-00106,Ing. Helena Nieves,Empleado Sector Privado,37892.44,Medio,2023-08-31,29807.22,5,0.0,0.0,0.0,0.7866063360835015,0,0
CLI-00107,Reina Sofía Zavala Ballesteros,Empresario / Comerciante,88081.98,Alto,2023-11-22,101216.06,6,0.0,0.0,0.0,1.1490989519201098,0,0
CLI-00108,Tomás Hugo Valencia,Estudiante,5953.9,Bajo,2024-01-16,5786.88,7,0.0,0.0,0.0,0.9717845807654202,0,0
CLI-00109,Ing. Dulce Carrasco,Profesionista Independiente,34061.04,Medio,2024-07-13,10927.66,3,0.0,0.0,0.0,0.3208163691898665,0,0
CLI-00110,Juan Carlos Alvaro Rascón Quiroz,Empresario / Comerciante,222767.35,Alto,2025-02-11,249870.27,7,0.0,0.0,0.0,1.1216596522800477,2,0
CLI-00111,Ing. Yeni Alfaro,Estudiante,6040.19,Bajo,2026-05-20,6499.5599999999995,6,0.0,0.0,0.0,1.075874124137794,0,0
CLI-00112,Socorro Villarreal,Desempleado,393.67,Alto,2025-08-26,849.51,8,0.0,0.0,0.0,2.1524564826310586,0,1
CLI-00113,Esther Lomeli,Empresario / Comerciante,195642.72,Alto,2023-08-29,122393.99,4,0.0,0.0,0.0,0.6255963135438235,2,0
CLI-00114,Elena Corral López,Estudiante,3491.94,Bajo,2025-06-18,5263.89,9,0.0,0.0,0.0,1.5070084227040832,0,0
CLI-00115,Esparta Juana Negrón,Empleado Sector Privado,29697.43,Medio,2024-04-15,19738.55,8,0.0,0.0,0.0,0.6646327768841652,0,0
CLI-00116,Benjamín Mariano Carmona,Empleado Sector Privado,25922.09,Medio,2023-10-12,15442.96,6,0.0,0.0,0.0,0.5957221920689239,0,0
CLI-00117,Srita. Ana Anaya,Profesionista Independiente,35818.26,Medio,2025-06-14,62303.8,8,0.0,0.0,0.0,1.7393938344901598,0,0
CLI-00118,Conchita Elena Mojica Valentín,Estudiante,4658.78,Bajo,2024-04-23,5955.35,9,0.0,0.0,0.0,1.2780324392997096,0,0
CLI-00119,Ing. Jorge Luis Urbina,Jubilado,6272.81,Bajo,2026-02-03,4643.83,5,0.0,0.0,0.0,0.7401929608961699,0,0
CLI-00120,Esmeralda Frida Vega Mata,Desempleado,3997.13,Alto,2026-04-02,5664.219999999999,8,0.0,0.0,0.0,1.4167173153449235,0,0
CLI-00121,Leonel Rosario Saiz,Estudiante,7813.98,Bajo,2023-12-28,8084.54,7,0.0,0.0,0.0,1.0344927306275897,0,0
CLI-00122,Paola Gálvez Preciado,Empleado Sector Privado,17488.27,Medio,2025-01-26,26073.55,9,0.0,0.0,0.0,1.4908312353803217,0,0
CLI-00123,Lic. María del Carmen Vanegas,Empresario / Comerciante,146271.68,Alto,2025-06-24,107275.26999999999,5,0.0,0.0,0.0,0.73339238742327,2,0
CLI-00124,Bruno Zacarías Camacho Alcaraz,Empresario / Comerciante,230488.57,Alto,2025-03-15,353093.28,10,0.0,0.0,0.0,1.5319273666049185,2,0
CLI-00125,Zeferino René Lebrón Tovar,Empleado Sector Privado,24506.11,Medio,2024-05-04,29890.22,7,0.0,0.0,0.0,1.2196550307237368,0,0
CLI-00126,Amalia Sandra Ortiz,Empresario / Comerciante,103040.61,Alto,2025-09-02,78599.06,5,0.0,0.0,0.0,0.7627895177491889,0,0
CLI-00127,Pascual Ávalos Cornejo,Empresario / Comerciante,107049.85,Alto,2025-10-27,101742.8,8,0.0,0.0,0.0,0.9504156202402877,2,0
CLI-00128,Miguel Granados Segura,Desempleado,3829.27,Alto,2025-02-17,4429.97,7,0.0,0.0,0.0,1.156568596991857,0,0
CLI-00129,Eloy Ramiro Guzmán,Jubilado,13604.33,Bajo,2024-02-24,17370.04,8,0.0,0.0,0.0,1.276708466461306,0,0
CLI-00130,Minerva Escobedo Arguello,Empresario / Comerciante,80959.37,Alto,2024-06-24,101282.44,8,0.0,0.0,0.0,1.2510125633072082,0,0
CLI-00131,Estela Caldera,Profesionista Independiente,24796.54,Medio,2026-03-10,12352.5,5,0.0,0.0,0.0,0.49813408910722595,0,0
CLI-00132,Miguel Ángel Vásquez Sierra,Estudiante,5475.08,Bajo,2026-05-13,7190.02,8,0.0,0.0,0.0,1.3129866619917898,0,0
CLI-00133,Jaqueline Yeni Acosta,Jubilado,5792.45,Bajo,2026-02-23,4077.38,5,0.0,0.0,0.0,0.7037913505769446,0,0
CLI-00134,Luis Miguel Zacarías Magaña,Profesionista Independiente,17572.44,Medio,2024-04-22,22219.06,10,0.0,0.0,0.0,1.2643546169674238,0,0
CLI-00135,Emiliano Santiago,Jubilado,11198.25,Bajo,2025-07-28,6881.93,6,0.0,0.0,0.0,0.6144991852132956,0,0
CLI-00136,Reynaldo Alejandro Caldera Villareal,Jubilado,7046.63,Bajo,2025-03-18,4025.16,4,0.0,0.0,0.0,0.5711366799902946,0,0
CLI-00137,Gabino Barraza Flórez,Jubilado,6041.45,Bajo,2023-08-15,8115.37,10,0.0,0.0,0.0,1.3430595205587137,0,0
CLI-00138,Benito Salinas,Empleado Sector Privado,14261.2,Medio,2024-08-19,13341.68,6,0.0,0.0,0.0,0.9354573628192003,0,0
CLI-00139,Lic. Claudia Mena,Estudiante,6051.28,Bajo,2024-10-04,6187.66,7,0.0,0.0,0.0,1.022368429748789,0,0
CLI-00140,Wilfrido Benito Villaseñor,Empleado Sector Privado,25324.59,Medio,2024-02-16,13840.11,3,0.0,0.0,0.0,0.5464871696967376,0,0
CLI-00141,Sonia Irizarry,Jubilado,8200.8,Bajo,2023-09-10,10031.32,6,0.0,0.0,0.0,1.223063230022678,0,0
CLI-00142,Sr. Gerónimo Flores,Jubilado,5516.64,Bajo,2025-07-24,7451.71,8,0.0,0.0,0.0,1.3505248620787147,0,0
CLI-00143,Helena Valenzuela Bravo,Estudiante,4515.35,Bajo,2025-02-04,6976.24,9,0.0,0.0,0.0,1.5446632789752786,0,0
CLI-00144,Nelly Olivia de la Fuente,Jubilado,12347.95,Bajo,2026-05-23,15600.81,9,0.0,0.0,0.0,1.2633308904805671,0,0
CLI-00145,Estela Sierra,Profesionista Independiente,57061.78,Medio,2023-09-03,54746.509999999995,5,0.0,0.0,0.0,0.9594083919500591,0,0
CLI-00146,Lorena Rebeca Solorzano Bahena,Empleado Sector Privado,34100.96,Medio,2023-08-26,42118.85,6,0.0,0.0,0.0,1.235085901220927,0,0
CLI-00147,Dra. Norma Sanches,Profesionista Independiente,25740.87,Medio,2023-08-23,17759.739999999998,8,0.0,0.0,0.0,0.6899164668301098,0,0
CLI-00148,Pamela Ulloa Yáñez,Empresario / Comerciante,76175.66,Alto,2026-02-21,57383.49,7,0.0,0.0,0.0,0.7532949068651736,0,0
CLI-00149,José Carlos Espinosa,Desempleado,1199.99,Alto,2025-09-03,1208.82,5,0.0,0.0,0.0,1.0065196213124172,0,0
CLI-00150,Dra. Minerva Enríquez,Profesionista Independiente,56805.82,Medio,2023-08-23,32555.28,5,0.0,0.0,0.0,0.5730875271666325,0,0
CLI-00151,Adela Georgina Curiel,Estudiante,2055.89,Bajo,2024-08-09,2009.9699999999998,5,0.0,0.0,0.0,0.9771888627977189,0,0
CLI-00152,Jesús Renato Alonso Casillas,Jubilado,17979.91,Bajo,2024-10-07,28683.66,9,0.0,0.0,0.0,1.5952284951095357,0,0
CLI-00153,Marcela Fabiola Huerta,Estudiante,2439.56,Bajo,2026-05-05,4661.85,10,0.0,0.0,0.0,1.9101558658668505,0,1
CLI-00154,Lic. Eduardo Griego,Empleado Sector Privado,28694.19,Medio,2025-09-15,23546.989999999998,4,0.0,0.0,0.0,0.8205901407169633,0,0
CLI-00155,Leonel José Carlos Ríos,Empleado Sector Privado,42797.56,Medio,2026-01-29,31606.899999999998,6,0.0,0.0,0.0,0.7385038188200724,0,0
CLI-00156,Rosario Pilar Saldaña,Estudiante,7275.62,Bajo,2023-11-25,5047.89,5,0.0,0.0,0.0,0.6937135648144331,0,0
CLI-00157,Perla Luevano Becerra,Profesionista Independiente,27824.43,Medio,2025-09-21,43549.53,10,0.0,0.0,0.0,1.5650981853649701,0,0
CLI-00158,Srita. Camila Pedraza,Empresario / Comerciante,216748.99,Alto,2025-03-25,325064.62,9,0.0,0.0,0.0,1.4997214994104497,2,0
CLI-00159,Serafín Luis Manuel Terán,Desempleado,1210.07,Alto,2025-01-28,2562.79,9,0.0,0.0,0.0,2.116136969787048,0,1
CLI-00160,Wilfrido Víctor Bravo Saiz,Desempleado,2115.76,Alto,2025-08-06,1239.21,4,0.0,0.0,0.0,0.5854277291709972,0,0
CLI-00161,Natividad Solorio Noriega,Desempleado,3268.42,Alto,2024-09-24,2975.52,7,0.0,0.0,0.0,0.9101063797248441,0,0
CLI-00162,Jerónimo Ramón Chavarría Rentería,Profesionista Independiente,56929.02,Medio,2025-06-26,95750.59999999999,10,0.0,0.0,0.0,1.6818999887932589,0,0
CLI-00163,Ruby Socorro Contreras,Estudiante,7633.58,Bajo,2024-12-19,11239.8,9,0.0,0.0,0.0,1.4722224405271802,0,0
CLI-00164,Ángel Eloy Moreno,Empleado Sector Privado,20727.38,Medio,2026-04-16,24037.010000000002,7,0.0,0.0,0.0,1.159618358984156,0,0
CLI-00165,José Carlos Armando Olivas,Estudiante,6454.5,Bajo,2024-07-15,11489.12,10,0.0,0.0,0.0,1.7797413058632174,0,0
CLI-00166,Rebeca Eloisa Barrios,Empleado Sector Privado,20987.49,Medio,2024-02-01,7894.57,3,0.0,0.0,0.0,0.3761380642437831,0,0
CLI-00167,Vicente Treviño Pulido,Jubilado,7738.19,Bajo,2023-10-30,5322.030000000001,4,0.0,0.0,0.0,0.687672740945758,0,0
CLI-00168,Eric Hernán Ordóñez,Profesionista Independiente,24161.88,Medio,2025-12-23,20504.49,5,0.0,0.0,0.0,0.8485946211709863,0,0
CLI-00169,Dra. Eva Carrero,Desempleado,3411.65,Alto,2026-02-05,4893.58,10,0.0,0.0,0.0,1.4339530863112244,0,0
CLI-00170,Luis Miguel Ramón Collado,Jubilado,11350.91,Bajo,2024-01-20,13763.310000000001,10,0.0,0.0,0.0,1.2124224029260275,0,0
CLI-00171,Dra. Antonia Lemus,Estudiante,2553.79,Bajo,2025-06-18,1897.02,7,0.0,0.0,0.0,0.7425346114553447,0,0
CLI-00172,Dr. Germán Corral,Empresario / Comerciante,215869.62,Alto,2023-09-02,114570.48000000001,6,0.0,0.0,0.0,0.5307367903978782,2,0
CLI-00173,María Elena Itzel Olivares,Estudiante,2021.27,Bajo,2024-08-17,2128.6,6,0.0,0.0,0.0,1.05257952696722,0,0
CLI-00174,Dulce Cristina Moreno,Empleado Sector Privado,33024.74,Medio,2025-10-15,22915.65,5,0.0,0.0,0.0,0.6938724158792506,0,0
CLI-00175,Rodrigo Lucas Lucero,Profesionista Independiente,22271.19,Medio,2024-09-13,18386.73,5,0.0,0.0,0.0,0.8255465672661737,0,0
CLI-00176,Eloisa Balderas Castellanos,Empresario / Comerciante,160336.08,Alto,2023-08-19,214330.52000000002,8,0.0,0.0,0.0,1.3367495528794715,2,0
CLI-00177,Srita. Clara Tapia,Empresario / Comerciante,162181.37,Alto,2026-04-01,179044.71,8,0.0,0.0,0.0,1.103971473594818,2,0
CLI-00178,Martín Uriel Castro,Estudiante,2451.46,Bajo,2025-07-17,929.8100000000001,3,0.0,0.0,0.0,0.3791336046255597,0,0
CLI-00179,Fidel Soto Zavala,Desempleado,3615.71,Alto,2024-07-10,4362.59,6,0.0,0.0,0.0,1.2062316304044283,0,0
CLI-00180,Esparta Andrea de Jesús,Jubilado,5468.37,Bajo,2024-04-12,8707.61,8,0.0,0.0,0.0,1.5920681906691265,0,0
CLI-00181,Magdalena Lorena Aragón,Profesionista Independiente,41212.93,Medio,2025-09-25,31808.29,5,0.0,0.0,0.0,0.7717849280570914,0,0
CLI-00182,Rebeca Llamas,Empleado Sector Privado,26182.96,Medio,2026-01-19,13614.81,3,0.0,0.0,0.0,0.5199675679309012,0,0
CLI-00183,Ing. Ernesto Barrera,Estudiante,3849.55,Bajo,2025-07-01,1542.08,3,0.0,0.0,0.0,0.40048304787627736,0,0
CLI-00184,Dr. Abelardo Rodarte,Estudiante,7393.55,Bajo,2024-12-03,10334.64,10,0.0,0.0,0.0,1.3976022881716939,0,0
CLI-00185,Josefina María Cristina Espinal Acosta,Empleado Sector Privado,34508.2,Medio,2026-05-07,25271.45,7,0.0,0.0,0.0,0.7323105142976366,0,0
CLI-00186,Pedro Óliver Delgado Vásquez,Desempleado,411.17,Alto,2026-05-14,779.72,7,0.0,0.0,0.0,1.891743697988694,0,1
CLI-00187,Rodolfo Quintanilla Colunga,Jubilado,16493.75,Bajo,2024-10-01,7308.79,4,0.0,0.0,0.0,0.4430979554100547,0,0
CLI-00188,Graciela Alicia Collado Villareal,Empresario / Comerciante,244767.4,Alto,2026-03-21,379301.11,8,0.0,0.0,0.0,1.5496326731718637,2,0
CLI-00189,Ramiro Gregorio Castillo Zayas,Desempleado,618.21,Alto,2025-03-30,729.5899999999999,5,0.0,0.0,0.0,1.1782593950356097,0,0
CLI-00190,Dr. Antonio Correa,Empleado Sector Privado,40531.99,Medio,2025-05-02,64730.12,10,0.0,0.0,0.0,1.596973724366251,0,0
CLI-00191,María Cristina Guerra,Empleado Sector Privado,41086.73,Medio,2025-09-01,70899.11,10,0.0,0.0,0.0,1.7255543199879866,0,0
CLI-00192,Dr. Jacobo Almaraz,Estudiante,3076.16,Bajo,2026-05-29,972.61,4,0.0,0.0,0.0,0.31607391230875226,0,0
CLI-00193,Ing. María José Dueñas,Profesionista Independiente,50207.39,Medio,2025-10-02,36968.899999999994,5,0.0,0.0,0.0,0.7363092104725922,0,0
CLI-00194,Ernesto Rufino Cabrera,Empresario / Comerciante,210447.03,Alto,2023-08-30,225769.68,9,0.0,0.0,0.0,1.0728049105520256,2,0
CLI-00195,Rosalia Carbajal Ayala,Desempleado,3243.0,Alto,2025-12-06,3673.5699999999997,7,0.0,0.0,0.0,1.1324198520345252,0,0
CLI-00196,Lic. Timoteo Martínez,Profesionista Independiente,22163.9,Medio,2023-12-26,27366.4,6,0.0,0.0,0.0,1.2346728385871355,0,0
CLI-00197,Patricio Lara Mendoza,Desempleado,432.38,Alto,2023-06-12,692.2,6,0.0,0.0,0.0,1.5972126078729985,0,0
CLI-00198,Eric de la Fuente Garibay,Estudiante,7151.56,Bajo,2024-03-01,9542.35,8,0.0,0.0,0.0,1.334116735826054,0,0
CLI-00199,Srita. Elvia Suárez,Empleado Sector Privado,18585.9,Medio,2025-11-28,9694.880000000001,5,0.0,0.0,0.0,0.5215974691852864,0,0
CLI-00200,Daniel José Eduardo Murillo Grijalva,Empresario / Comerciante,119931.68,Alto,2024-05-09,164872.13,7,0.0,0.0,0.0,1.3747056265231463,2,0
CLI-00201,María Celia Bermúdez,Empleado Sector Privado,19356.48,Medio,2024-08-16,10646.189999999999,3,0.0,0.0,0.0,0.5499780963224551,0,0
CLI-00202,Aurelio Hurtado,Desempleado,772.52,Alto,2024-04-12,1167.53,7,0.0,0.0,0.0,1.5093727376150585,0,0
CLI-00203,Jerónimo Alfredo Arriaga,Profesionista Independiente,27537.14,Medio,2025-05-10,28805.75,10,0.0,0.0,0.0,1.0460310681839804,0,0
CLI-00204,Marco Antonio Villaseñor,Estudiante,7801.33,Bajo,2024-09-19,9172.6,10,0.0,0.0,0.0,1.1756231792297942,0,0
CLI-00205,Cristina Noelia Hidalgo Santana,Profesionista Independiente,30801.58,Medio,2025-02-11,32208.34,8,0.0,0.0,0.0,1.0456377355403346,0,0
CLI-00206,Horacio Bernabé Correa Saucedo,Jubilado,10195.82,Bajo,2025-01-21,14713.29,8,0.0,0.0,0.0,1.4429292661829867,0,0
CLI-00207,Hilda Itzel Zúñiga Zamudio,Jubilado,9304.95,Bajo,2026-01-27,9445.869999999999,7,0.0,0.0,0.0,1.015035541777035,0,0
CLI-00208,César Adame,Estudiante,2692.05,Bajo,2025-06-07,2967.62,7,0.0,0.0,0.0,1.1019550323982101,0,0
CLI-00209,Dr. Miguel Ángel Palomino,Profesionista Independiente,23035.55,Medio,2026-01-03,33107.23,8,0.0,0.0,0.0,1.4371609464090762,0,0
CLI-00210,Ing. María Teresa Maestas,Profesionista Independiente,16721.57,Medio,2026-05-11,16001.15,5,0.0,0.0,0.0,0.956859501858865,0,0
CLI-00211,José Emilio Barraza,Jubilado,10649.33,Bajo,2024-03-28,8132.89,5,0.0,0.0,0.0,0.7636279814803861,0,0
CLI-00212,Mateo Castañeda,Desempleado,3145.71,Alto,2024-10-05,5165.17,9,0.0,0.0,0.0,1.641450912222607,0,0
CLI-00213,Hernán Elizondo Cotto,Empresario / Comerciante,171241.77,Alto,2026-02-07,84095.25,4,0.0,0.0,0.0,0.4910878865133985,2,0
CLI-00214,Camila Esther García,Jubilado,6503.4,Bajo,2025-01-28,10120.460000000001,9,0.0,0.0,0.0,1.5559405940594062,0,0
CLI-00215,Jaime Padrón Bañuelos,Jubilado,7471.02,Bajo,2023-09-23,6679.280000000001,7,0.0,0.0,0.0,0.8939055302314501,0,0
CLI-00216,Emiliano Delgado,Estudiante,6252.71,Bajo,2025-11-20,9995.02,8,0.0,0.0,0.0,1.5982544761429616,0,0
CLI-00217,José Carlos Guerra Adame,Estudiante,5119.52,Bajo,2026-05-27,4347.66,4,0.0,0.0,0.0,0.849066110473155,0,0
CLI-00218,Fidel Cepeda,Jubilado,13929.14,Bajo,2024-04-13,13603.55,5,0.0,0.0,0.0,0.976555153070967,0,0
CLI-00219,Mariano Zeferino Ojeda,Desempleado,2948.15,Alto,2024-10-13,4865.8099999999995,10,0.0,0.0,0.0,1.6499025142837764,0,0
CLI-00220,Zoé Ruby Berríos,Empleado Sector Privado,24019.31,Medio,2023-12-17,47245.39,10,0.0,0.0,0.0,1.9668934330989065,0,1
CLI-00221,Héctor Nava,Estudiante,7693.25,Bajo,2025-05-22,8375.37,10,0.0,0.0,0.0,1.0885232478799105,0,0
CLI-00222,Cornelio Castro Ramón,Profesionista Independiente,43041.99,Medio,2025-08-17,34622.85,5,0.0,0.0,0.0,0.8043783668374339,0,0
CLI-00223,Cristian Bermúdez,Desempleado,3392.06,Alto,2024-10-29,6207.39,10,0.0,0.0,0.0,1.829437145231738,0,1
CLI-00224,Aurora de la O,Desempleado,3600.19,Alto,2023-07-04,3170.17,5,0.0,0.0,0.0,0.8803117858263518,0,0
CLI-00225,Vicente Guzmán,Jubilado,9020.7,Bajo,2024-12-25,3594.5699999999997,3,0.0,0.0,0.0,0.39843599321635603,0,0
CLI-00226,Eloy Ricardo Vega Soto,Empresario / Comerciante,115236.58,Alto,2023-09-08,112511.99,6,0.0,0.0,0.0,0.9763480802009206,2,0
CLI-00227,Esmeralda María Teresa Jáquez Rico,Desempleado,1182.62,Alto,2025-10-21,1570.54,7,0.0,0.0,0.0,1.3268954563119921,0,0
CLI-00228,Débora Tania León Urías,Empleado Sector Privado,18330.72,Medio,2023-07-15,8991.61,3,0.0,0.0,0.0,0.49049461807184486,0,0
CLI-00229,Amelia Beatriz Razo,Desempleado,3761.45,Alto,2025-01-03,8163.3099999999995,10,0.0,0.0,0.0,2.1696793312867944,0,1
CLI-00230,Eugenio Arroyo,Desempleado,2992.54,Alto,2025-04-02,2883.17,5,0.0,0.0,0.0,0.9631306079090308,0,0
CLI-00231,Mercedes Valentín,Empleado Sector Privado,32311.99,Medio,2023-11-02,8872.82,4,0.0,0.0,0.0,0.2745898785596752,0,0
CLI-00232,René Ulloa,Profesionista Independiente,33273.38,Medio,2023-07-15,26818.75,4,0.0,0.0,0.0,0.8059879703243157,0,0
CLI-00233,Dra. Rocío Hernández,Estudiante,3823.25,Bajo,2026-03-06,4422.51,8,0.0,0.0,0.0,1.1564385173563445,0,0
CLI-00234,Dr. Hugo Castellanos,Empleado Sector Privado,26186.31,Medio,2025-01-02,11161.24,5,0.0,0.0,0.0,0.4262079610315072,0,0
CLI-00235,Irma Córdova,Jubilado,12886.6,Bajo,2026-05-24,14425.55,7,0.0,0.0,0.0,1.1193356404605976,0,0
CLI-00236,Dra. Juana Girón,Profesionista Independiente,35924.47,Medio,2024-07-25,39039.59,8,0.0,0.0,0.0,1.086682790788819,0,0
CLI-00237,Miriam Bustamante,Empresario / Comerciante,185125.45,Alto,2025-08-27,149224.03,5,0.0,0.0,0.0,0.8060654217698227,2,0
CLI-00238,Aldonza Orosco,Jubilado,11151.42,Bajo,2024-06-24,10869.35,7,0.0,0.0,0.0,0.9746180649580988,0,0
CLI-00239,Nicolás Jaime Jáquez,Desempleado,678.77,Alto,2023-10-10,480.15000000000003,3,0.0,0.0,0.0,0.7063418509201642,0,0
CLI-00240,Mariano Polanco Zamora,Estudiante,3702.72,Bajo,2024-10-09,4889.87,8,0.0,0.0,0.0,1.3202590908600003,0,0
CLI-00241,Dr. Ángel Sandoval,Desempleado,2531.76,Alto,2023-12-07,2205.62,6,0.0,0.0,0.0,0.8708365577472795,0,0
CLI-00242,Emilia Susana Arenas,Profesionista Independiente,19202.42,Medio,2025-08-23,11227.46,4,0.0,0.0,0.0,0.5846593992111822,0,0
CLI-00243,Ramiro Bernabé Brito,Empleado Sector Privado,34202.26,Medio,2024-11-11,24326.26,5,0.0,0.0,0.0,0.7112263567858735,0,0
CLI-00244,Carlota Arcelia Zamudio Altamirano,Empleado Sector Privado,38616.58,Medio,2025-10-02,36120.090000000004,5,0.0,0.0,0.0,0.9353276409345175,0,0
CLI-00245,Trinidad Irma Casares Meraz,Empleado Sector Privado,12806.04,Medio,2024-05-12,17540.82,10,0.0,0.0,0.0,1.369623269701664,0,0
CLI-00246,Felipe Martín Bermúdez Baca,Empleado Sector Privado,44469.89,Medio,2024-07-31,44146.46,8,0.0,0.0,0.0,0.9927046659061691,0,0
CLI-00247,Agustín Miranda,Jubilado,16046.59,Bajo,2026-01-01,21586.71,9,0.0,0.0,0.0,1.3451683399189536,0,0
CLI-00248,José Adán Burgos,Estudiante,4732.5,Bajo,2025-12-08,2931.21,4,0.0,0.0,0.0,0.6192479138058519,0,0
CLI-00249,Lucía Olivas,Desempleado,2302.68,Alto,2026-01-18,3663.5,10,0.0,0.0,0.0,1.5902816363383805,0,0
CLI-00250,Ernesto Alberto Orta,Desempleado,2785.42,Alto,2026-03-24,5199.44,10,0.0,0.0,0.0,1.8659929228185268,0,1
CLI-00251,Cornelio Quiñónez,Empresario / Comerciante,129930.57,Alto,2024-08-05,83323.65,4,0.0,0.0,0.0,0.641288718361519,2,0
CLI-00252,Olga Elena Arteaga,Empleado Sector Privado,33649.91,Medio,2025-05-05,29811.64,4,0.0,0.0,0.0,0.8859088803244844,0,0
CLI-00253,Esmeralda Nelly Alfaro Vega,Estudiante,7355.96,Bajo,2023-12-10,12085.49,7,0.0,0.0,0.0,1.6427287901524543,0,0
CLI-00254,Antonio Lozada Ávalos,Estudiante,6670.52,Bajo,2026-03-27,11583.59,10,0.0,0.0,0.0,1.7362744921697004,0,0
CLI-00255,Ing. Victoria Tovar,Empleado Sector Privado,17804.26,Medio,2025-09-17,19033.88,8,0.0,0.0,0.0,1.0690032046709794,0,0
CLI-00256,Alejandra Cervántez Curiel,Desempleado,2071.83,Alto,2023-11-03,2247.86,6,0.0,0.0,0.0,1.0844401132750878,0,0
CLI-00257,Gabriela Urrutia Gaona,Estudiante,5344.43,Bajo,2026-01-15,7411.52,10,0.0,0.0,0.0,1.3865152101888902,0,0
CLI-00258,Olivia Espinoza,Estudiante,4738.77,Bajo,2025-01-19,5201.01,9,0.0,0.0,0.0,1.0973127388037816,0,0
CLI-00259,Ana Adela Ceballos,Empresario / Comerciante,183515.55,Alto,2026-04-08,132213.06,7,0.0,0.0,0.0,0.7204421617559833,2,0
CLI-00260,Eloy Patricio Lozano Castro,Jubilado,12740.88,Bajo,2024-03-02,13631.7,10,0.0,0.0,0.0,1.0698342787720494,0,0
CLI-00261,Reina Estefanía Mireles Rocha,Empresario / Comerciante,172530.46,Alto,2024-10-31,115811.18,6,0.0,0.0,0.0,0.6712467395801323,2,0
CLI-00262,Dulce Virginia Pulido,Desempleado,3568.08,Alto,2025-08-22,4512.71,10,0.0,0.0,0.0,1.2643902630369732,0,0
CLI-00263,Ana Isabel Alba Murillo,Empresario / Comerciante,216113.83,Alto,2023-08-24,130784.2,5,0.0,0.0,0.0,0.6051606916563754,2,0
CLI-00264,Jonás Mata Ávalos,Jubilado,10796.88,Bajo,2024-05-22,10533.3,9,0.0,0.0,0.0,0.9754970420119505,0,0
CLI-00265,Alberto René Carmona,Empleado Sector Privado,36540.63,Medio,2024-05-16,24736.88,7,0.0,0.0,0.0,0.6769506450588001,0,0
CLI-00266,Soledad Solorzano,Empresario / Comerciante,140013.95,Alto,2025-06-19,244858.71,10,0.0,0.0,0.0,1.7488040384258965,2,0
CLI-00267,Esmeralda Palomo Terán,Empleado Sector Privado,39715.48,Medio,2024-08-25,25898.03,3,0.0,0.0,0.0,0.6520726408785471,0,0
CLI-00268,María Cristina Zarate Ayala,Profesionista Independiente,49461.62,Medio,2025-04-02,35232.29,4,0.0,0.0,0.0,0.712301329771856,0,0
CLI-00269,Mariana Guillermina Juárez,Jubilado,11299.76,Bajo,2024-09-24,7009.360000000001,4,0.0,0.0,0.0,0.620255628824964,0,0
CLI-00270,Patricio Horacio Chavarría Ocampo,Empleado Sector Privado,21061.72,Medio,2026-04-01,33830.01,9,0.0,0.0,0.0,1.6061558051381777,0,0
CLI-00271,Octavio Gerardo Valentín,Estudiante,6281.27,Bajo,2026-01-01,8326.22,8,0.0,0.0,0.0,1.3253521418213479,0,0
CLI-00272,Vicente Quesada Mascareñas,Empleado Sector Privado,20966.6,Medio,2024-09-15,25768.73,7,0.0,0.0,0.0,1.2289785192392073,0,0
CLI-00273,Rubén Yáñez,Profesionista Independiente,55186.21,Medio,2025-07-09,56635.02,8,0.0,0.0,0.0,1.0262345206434607,0,0
CLI-00274,Dr. Uriel Alcántar,Estudiante,2830.24,Bajo,2025-12-16,5096.29,10,0.0,0.0,0.0,1.80002048572357,0,0
CLI-00275,Emilia Carrera Gaytán,Empleado Sector Privado,24640.16,Medio,2024-10-28,18666.25,5,0.0,0.0,0.0,0.7575231847851319,0,0
CLI-00276,Alfredo Jacinto Meléndez Garibay,Empleado Sector Privado,35311.83,Medio,2024-01-20,30237.98,8,0.0,0.0,0.0,0.8562887766287777,0,0
CLI-00277,Bernardo Jaime Serrato,Estudiante,4489.21,Bajo,2025-12-28,4529.57,5,0.0,0.0,0.0,1.008765737014527,0,0
CLI-00278,Sessa Molina Rosado,Profesionista Independiente,39417.5,Medio,2026-06-03,14235.199999999999,4,0.0,0.0,0.0,0.3611299263036391,0,0
CLI-00279,María Elena Salinas Orosco,Empresario / Comerciante,62453.14,Alto,2025-11-21,26270.949999999997,3,0.0,0.0,0.0,0.4206438516325739,0,0
CLI-00280,Teodoro Grijalva Contreras,Empresario / Comerciante,127895.36,Alto,2023-08-20,223214.16999999998,9,0.0,0.0,0.0,1.7452738295288466,2,0
CLI-00281,Marcela Montoya Bernal,Jubilado,17298.81,Bajo,2024-11-24,21667.34,7,0.0,0.0,0.0,1.2524611541976471,0,0
CLI-00282,Magdalena Ruiz,Estudiante,7140.39,Bajo,2026-01-30,7313.54,8,0.0,0.0,0.0,1.0241059513624098,0,0
CLI-00283,Abel Pantoja,Jubilado,9944.95,Bajo,2024-10-28,9936.3,6,0.0,0.0,0.0,0.9990297558302624,0,0
CLI-00284,Ing. Ariadna Amador,Estudiante,7656.45,Bajo,2026-05-01,11621.62,10,0.0,0.0,0.0,1.5176880031864395,0,0
CLI-00285,Dra. Nelly Cotto,Profesionista Independiente,48906.38,Medio,2025-08-03,71386.25,10,0.0,0.0,0.0,1.4596212268986808,0,0
CLI-00286,José Emilio César Alvarado,Empresario / Comerciante,157644.11,Alto,2024-02-05,91038.25,3,0.0,0.0,0.0,0.5774885754464569,2,0
CLI-00287,María Rosa Arreola Cazares,Desempleado,2184.53,Alto,2024-05-30,1133.2,3,0.0,0.0,0.0,0.5185012331105041,0,0
CLI-00288,Estela Anel Cavazos,Jubilado,16671.55,Bajo,2025-02-23,11251.56,4,0.0,0.0,0.0,0.6748553760522535,0,0
CLI-00289,Yolanda Nelly Escalante,Empresario / Comerciante,93884.33,Alto,2024-02-05,183939.25,10,0.0,0.0,0.0,1.9591905359442203,2,1
CLI-00290,Homero Modesto Concepción Morales,Empresario / Comerciante,147128.4,Alto,2026-04-19,108555.18,7,0.0,0.0,0.0,0.737821128883826,2,0
CLI-00291,Rebeca Ramírez,Empresario / Comerciante,117225.91,Alto,2025-11-03,72423.15,3,0.0,0.0,0.0,0.6178031136366214,0,0
CLI-00292,José Carlos Ávila,Desempleado,3192.57,Alto,2026-01-20,1997.81,3,0.0,0.0,0.0,0.6255726350134801,0,0
CLI-00293,Carlos Almanza,Desempleado,660.18,Alto,2024-10-12,563.0400000000001,4,0.0,0.0,0.0,0.8515684079978223,0,0
CLI-00294,Diana Solorzano,Empresario / Comerciante,233908.32,Alto,2026-05-15,153686.1,6,0.0,0.0,0.0,0.6570328193848796,2,0
CLI-00295,Martha Silvia Montenegro Mora,Jubilado,11943.61,Bajo,2024-09-26,16869.47,10,0.0,0.0,0.0,1.412308145682446,0,0
CLI-00296,Ilse Girón Cavazos,Empresario / Comerciante,168378.56,Alto,2024-10-20,104865.68,4,0.0,0.0,0.0,0.6227934079409638,2,0
CLI-00297,Lic. Francisco Tello,Desempleado,108.41,Alto,2025-04-04,351.51,7,0.0,0.0,0.0,3.2127776254455718,0,1
CLI-00298,Pascual Claudio Roybal,Desempleado,1714.45,Alto,2023-06-23,993.06,3,0.0,0.0,0.0,0.5788918359614095,0,0
CLI-00299,Silvano Hernán Armendáriz,Empresario / Comerciante,86345.81,Alto,2024-03-29,72296.33,7,0.0,0.0,0.0,0.837278528297687,0,0
CLI-00300,Luis Miguel Ayala,Profesionista Independiente,32059.67,Medio,2026-03-15,8364.02,3,0.0,0.0,0.0,0.2608810109083809,0,0
CLI-00301,Zeferino Víctor Medina Viera,Empleado Sector Privado,27005.08,Medio,2024-07-07,37561.79,8,0.0,0.0,0.0,1.3908642053937483,0,0
CLI-00302,Susana Dulce María Badillo,Profesionista Independiente,49255.34,Medio,2025-10-03,73825.17,10,0.0,0.0,0.0,1.498795281988065,0,0
CLI-00303,Concepción Griego,Empresario / Comerciante,105651.32,Alto,2025-07-17,75469.17,7,0.0,0.0,0.0,0.7143162592170242,0,0
CLI-00304,Camila Pedroza Viera,Empresario / Comerciante,100454.31,Alto,2026-04-12,47099.17,5,0.0,0.0,0.0,0.46885694743264444,0,0
CLI-00305,Rosalia Gloria Arteaga,Estudiante,4821.84,Bajo,2026-04-18,4493.4400000000005,10,0.0,0.0,0.0,0.9316999941942923,0,0
CLI-00306,Sergio Romero Tejeda,Desempleado,2157.68,Alto,2025-10-21,2523.16,8,0.0,0.0,0.0,1.1688439231382142,0,0
CLI-00307,Sr. Leonel Almanza,Profesionista Independiente,25090.0,Medio,2025-11-06,25823.66,6,0.0,0.0,0.0,1.0292001115937985,0,0
CLI-00308,Mercedes Velásquez Casanova,Estudiante,6687.4,Bajo,2024-10-03,6715.41,8,0.0,0.0,0.0,1.0040383350278095,0,0
CLI-00309,Antonia Soledad Aguilera,Desempleado,161.03,Alto,2026-01-19,412.9,6,0.0,0.0,0.0,2.548293525890267,0,1
CLI-00310,Arcelia Márquez Beltrán,Estudiante,7697.67,Bajo,2025-02-20,11878.800000000001,10,0.0,0.0,0.0,1.5429678113232546,0,0
CLI-00311,Sr. Emiliano Lucero,Empleado Sector Privado,39694.55,Medio,2026-01-20,56758.5,9,0.0,0.0,0.0,1.4298454108835876,0,0
CLI-00312,Benito Eduardo Limón,Jubilado,6980.97,Bajo,2025-02-22,9664.08,7,0.0,0.0,0.0,1.3841480269895172,0,0
CLI-00313,María Teresa Ornelas Lucero,Empleado Sector Privado,27627.52,Medio,2025-05-23,18847.18,4,0.0,0.0,0.0,0.682163937843938,0,0
CLI-00314,Felipe Víctor Arenas Toledo,Estudiante,5383.82,Bajo,2025-06-29,5268.59,6,0.0,0.0,0.0,0.9784152487919745,0,0
CLI-00315,Timoteo Ramón Ocampo,Empleado Sector Privado,27346.12,Medio,2026-02-15,29901.52,9,0.0,0.0,0.0,1.0934065451864767,0,0
CLI-00316,Mario José Carlos Ceja,Profesionista Independiente,49510.41,Medio,2024-02-05,37741.07,4,0.0,0.0,0.0,0.7622701514660963,0,0
CLI-00317,Ing. Daniel Villanueva,Empleado Sector Privado,31994.46,Medio,2023-07-26,51663.76,10,0.0,0.0,0.0,1.6147215886253863,0,0
CLI-00318,Noemí Mondragón,Desempleado,2873.43,Alto,2026-03-17,2603.27,7,0.0,0.0,0.0,0.9056647752771855,0,0
CLI-00319,Dra. Cecilia Ramírez,Empleado Sector Privado,43835.79,Medio,2024-09-03,79838.1,10,0.0,0.0,0.0,1.8212578977612184,0,0
CLI-00320,Rosario Rodarte,Estudiante,5472.11,Bajo,2024-01-10,3453.86,4,0.0,0.0,0.0,0.6310598544520392,0,0
CLI-00321,Lorena Abigail Carrión,Profesionista Independiente,40910.85,Medio,2024-03-25,40677.19,5,0.0,0.0,0.0,0.9942642535109022,0,0
CLI-00322,Rosalia Adriana Partida,Empresario / Comerciante,129330.89,Alto,2026-05-06,22945.309999999998,3,0.0,0.0,0.0,0.17741417062721343,0,0
CLI-00323,Nelly Tania Santacruz,Desempleado,793.32,Alto,2025-01-07,873.81,5,0.0,0.0,0.0,1.100073018430859,0,0
CLI-00324,Liliana Mata,Jubilado,13977.99,Bajo,2026-04-06,19829.59,10,0.0,0.0,0.0,1.4185280910852645,0,0
CLI-00325,Sra. Lorena Anguiano,Desempleado,971.4,Alto,2025-09-21,903.79,4,0.0,0.0,0.0,0.929442616207322,0,0
CLI-00326,Francisco Javier Ojeda,Desempleado,3089.92,Alto,2026-04-26,4358.05,8,0.0,0.0,0.0,1.4099523766386708,0,0
CLI-00327,Alfredo Casas Rosario,Desempleado,2401.65,Alto,2025-03-11,1993.6100000000001,5,0.0,0.0,0.0,0.8297546459118057,0,0
CLI-00328,Ruby Cepeda Verdugo,Estudiante,6777.36,Bajo,2025-09-04,5944.19,6,0.0,0.0,0.0,0.876936309077712,0,0
CLI-00329,Timoteo Evelio Calderón,Jubilado,15174.26,Bajo,2023-08-01,23843.38,9,0.0,0.0,0.0,1.571200757021626,0,0
CLI-00330,Mercedes Armendáriz,Profesionista Independiente,38973.54,Medio,2025-08-27,67271.3,10,0.0,0.0,0.0,1.7260319172464897,0,0
CLI-00331,María Cristina Moreno,Desempleado,1482.28,Alto,2025-04-11,765.4300000000001,4,0.0,0.0,0.0,0.5160387789223883,0,0
CLI-00332,Agustín Maestas Alfaro,Jubilado,13418.06,Bajo,2025-09-29,10668.18,8,0.0,0.0,0.0,0.7950020344196986,0,0
CLI-00333,Wilfrido Alejandro Montenegro,Estudiante,7097.45,Bajo,2024-03-24,3575.86,9,0.0,0.0,0.0,0.5037522275989829,0,0
CLI-00334,Marisela Marisol Baeza,Empresario / Comerciante,71107.77,Alto,2025-09-29,41118.340000000004,4,0.0,0.0,0.0,0.5782456931824302,0,0
CLI-00335,Humberto Esteban Avilés Muro,Profesionista Independiente,43601.33,Medio,2024-08-29,23144.739999999998,5,0.0,0.0,0.0,0.5308142936398123,0,0
CLI-00336,Héctor Manuel Villa Valdivia,Empresario / Comerciante,191461.73,Alto,2024-12-29,68720.95,3,0.0,0.0,0.0,0.35892599045255436,2,0
CLI-00337,José María Gerardo Carrillo de la Crúz,Empresario / Comerciante,85227.39,Alto,2024-06-25,30679.84,3,0.0,0.0,0.0,0.3599720703394726,0,0
CLI-00338,José María Bernardo Olivárez,Jubilado,17551.16,Bajo,2026-02-03,8450.199999999999,4,0.0,0.0,0.0,0.4814336241237545,0,0
CLI-00339,Amelia Romero Quintana,Profesionista Independiente,42716.06,Medio,2026-04-22,22377.09,4,0.0,0.0,0.0,0.5238443376018855,0,0
CLI-00340,Patricio Javier Vela Gamboa,Jubilado,15070.34,Bajo,2023-11-23,10241.199999999999,5,0.0,0.0,0.0,0.6795148938316035,0,0
CLI-00341,Alvaro Marcos Ramos,Empresario / Comerciante,137114.9,Alto,2023-06-20,144096.52,7,0.0,0.0,0.0,1.0509103612345467,2,0
CLI-00342,Dr. Isaac Mejía,Desempleado,2369.9,Alto,2023-10-25,2357.12,6,0.0,0.0,0.0,0.9941878611497743,0,0
CLI-00343,Trinidad Leticia Serrano Méndez,Profesionista Independiente,53327.09,Medio,2025-02-16,56356.75,7,0.0,0.0,0.0,1.0567929584577285,0,0
CLI-00344,María Luisa Gabriela Cazares,Estudiante,3673.57,Bajo,2026-04-05,5691.72,10,0.0,0.0,0.0,1.5489485844602227,0,0
CLI-00345,José Hernán Mendoza,Empresario / Comerciante,98772.69,Alto,2024-12-03,30541.440000000002,4,0.0,0.0,0.0,0.30920622688086274,0,0
CLI-00346,Rodrigo Zacarías Loera,Empresario / Comerciante,163969.93,Alto,2024-10-08,76747.34,6,0.0,0.0,0.0,0.4680545508889899,2,0
CLI-00347,Ilse Casas,Desempleado,1515.96,Alto,2026-05-15,2358.0,8,0.0,0.0,0.0,1.5544246387511866,0,0
CLI-00348,Lucas Alonso Lucio,Estudiante,4965.84,Bajo,2025-11-12,5017.98,5,0.0,0.0,0.0,1.010296284961867,0,0
CLI-00349,Reina Ibarra Domínguez,Profesionista Independiente,23182.79,Medio,2025-05-21,18514.33,6,0.0,0.0,0.0,0.798589445470305,0,0
CLI-00350,Sra. Marisol Guevara,Empleado Sector Privado,23709.22,Medio,2025-12-22,16964.27,5,0.0,0.0,0.0,0.7154834497528914,0,0
CLI-00351,Susana Arreola,Profesionista Independiente,30315.25,Medio,2024-12-14,19413.05,5,0.0,0.0,0.0,0.6403512967467941,0,0
CLI-00352,Sra. Nayeli Coronado,Jubilado,14115.39,Bajo,2023-08-20,7307.8,3,0.0,0.0,0.0,0.5176819285950587,0,0
CLI-00353,Octavio Alberto Monroy Lomeli,Profesionista Independiente,40010.6,Medio,2025-06-24,41970.5,6,0.0,0.0,0.0,1.0489583020923932,0,0
CLI-00354,Ricardo Miguel Montez,Jubilado,17324.81,Bajo,2023-08-01,8315.5,4,0.0,0.0,0.0,0.479948700811102,0,0
CLI-00355,Ing. Cecilia Mateo,Estudiante,3448.14,Bajo,2024-11-30,1177.77,3,0.0,0.0,0.0,0.34146772818731624,0,0
CLI-00356,María Eugenia Mitzy Samaniego,Empresario / Comerciante,147715.57,Alto,2024-05-21,259142.32,9,0.0,0.0,0.0,1.754321265380045,2,0
CLI-00357,Tomás Adalberto Casas,Empleado Sector Privado,34790.11,Medio,2024-01-06,40461.78,9,0.0,0.0,0.0,1.1629919252360732,0,0
CLI-00358,Francisco José Emilio Rosado,Desempleado,2847.37,Alto,2026-05-07,2978.36,5,0.0,0.0,0.0,1.0456366272640143,0,0
CLI-00359,Dr. Jorge Luis Rico,Empresario / Comerciante,208586.57,Alto,2023-10-22,270305.73,9,0.0,0.0,0.0,1.2958860875554568,2,0
CLI-00360,Gabriela Esther Macías Urías,Estudiante,3765.41,Bajo,2025-03-11,3506.7200000000003,6,0.0,0.0,0.0,0.9310510539213736,0,0
CLI-00361,Horacio Villa del Valle,Empresario / Comerciante,188357.43,Alto,2025-08-30,298296.39,9,0.0,0.0,0.0,1.5836636034819362,2,0
CLI-00362,Rocío Elena Amaya,Profesionista Independiente,44878.2,Medio,2025-01-15,63421.97,9,0.0,0.0,0.0,1.4131706893171003,0,0
CLI-00363,Pascual Bueno,Profesionista Independiente,36296.72,Medio,2025-10-16,20490.01,3,0.0,0.0,0.0,0.5644985415061882,0,0
CLI-00364,Rosario Abigail Alfaro Ponce,Jubilado,9468.85,Bajo,2025-03-29,13194.09,9,0.0,0.0,0.0,1.3932733887020385,0,0
CLI-00365,Ing. Luis Lerma,Desempleado,2201.55,Alto,2024-05-23,3265.09,9,0.0,0.0,0.0,1.4824135660938458,0,0
CLI-00366,Marisela Alvarez Abreu,Profesionista Independiente,46628.47,Medio,2024-06-15,31075.18,5,0.0,0.0,0.0,0.666427904927935,0,0
CLI-00367,Yuridia Polanco Macías,Profesionista Independiente,28798.03,Medio,2025-07-24,52314.72,10,0.0,0.0,0.0,1.816544515561809,0,0
CLI-00368,Lic. Rodolfo Rojas,Empleado Sector Privado,15981.64,Medio,2024-06-28,9960.91,5,0.0,0.0,0.0,0.6232330828949411,0,0
CLI-00369,René Homero Alonso Caraballo,Empleado Sector Privado,22413.08,Medio,2024-09-24,11301.77,6,0.0,0.0,0.0,0.5042263612871909,0,0
CLI-00370,Barbara Adela Zamora Núñez,Desempleado,2143.46,Alto,2026-05-27,1210.47,3,0.0,0.0,0.0,0.5644637810917433,0,0
CLI-00371,Graciela Luz Ybarra Medina,Desempleado,740.6,Alto,2023-12-07,952.19,6,0.0,0.0,0.0,1.2839670981661273,0,0
CLI-00372,Jorge Luis Joaquín Zarate,Empleado Sector Privado,36373.95,Medio,2023-06-14,37207.95,9,0.0,0.0,0.0,1.0229003751207906,0,0
CLI-00373,Rocío Hidalgo Valdez,Profesionista Independiente,47606.33,Medio,2026-01-04,43883.8,8,0.0,0.0,0.0,0.9217866240345762,0,0
CLI-00374,Elvia Alma Jaime Morales,Jubilado,12758.28,Bajo,2023-09-13,7551.66,4,0.0,0.0,0.0,0.5918562802916778,0,0
CLI-00375,Antonia Elsa Trejo Rodríquez,Estudiante,6995.77,Bajo,2026-02-24,12245.960000000001,10,0.0,0.0,0.0,1.7502304634852939,0,0
CLI-00376,Mitzy Aida Barrientos Valverde,Profesionista Independiente,25236.74,Medio,2025-03-06,12675.07,4,0.0,0.0,0.0,0.5022268237964255,0,0
CLI-00377,María Cristina Mayte Perales Guerra,Empleado Sector Privado,21974.83,Medio,2024-09-01,11952.18,4,0.0,0.0,0.0,0.5438784337155866,0,0
CLI-00378,Caridad Ilse Varela Acosta,Desempleado,2136.54,Alto,2024-04-30,3714.7200000000003,9,0.0,0.0,0.0,1.7378481806188424,0,0
CLI-00379,Ofelia Barragán,Profesionista Independiente,17048.21,Medio,2023-08-06,26751.12,10,0.0,0.0,0.0,1.5690533461667726,0,0
CLI-00380,Porfirio Rincón Escobar,Estudiante,5320.15,Bajo,2024-07-26,6058.66,7,0.0,0.0,0.0,1.1385997387782716,0,0
CLI-00381,Dra. Yolanda Espino,Desempleado,3776.36,Alto,2024-06-27,7144.0,10,0.0,0.0,0.0,1.8912679755172925,0,1
CLI-00382,Elias Vázquez Zambrano,Desempleado,3473.84,Alto,2023-07-30,3137.21,7,0.0,0.0,0.0,0.9028358140230917,0,0
CLI-00383,Concepción Alicia García,Empresario / Comerciante,70517.53,Alto,2026-05-27,73550.72,7,0.0,0.0,0.0,1.042998485646255,0,0
CLI-00384,Cornelio Hernán Téllez Abreu,Estudiante,5444.39,Bajo,2024-02-28,7808.03,9,0.0,0.0,0.0,1.4338789324547918,0,0
CLI-00385,Ruby Noriega Zambrano,Empresario / Comerciante,145742.84,Alto,2024-10-04,86225.83,3,0.0,0.0,0.0,0.5916258965044423,2,0
CLI-00386,Federico Nicolás Alvarado Vega,Profesionista Independiente,23296.37,Medio,2024-11-17,36332.0,10,0.0,0.0,0.0,1.559489332916119,0,0
CLI-00387,Nicolás Arevalo Villareal,Estudiante,3514.87,Bajo,2025-08-05,2433.83,4,0.0,0.0,0.0,0.6922411807034958,0,0
CLI-00388,Sr. Mauricio Zapata,Empresario / Comerciante,72817.43,Alto,2023-12-12,33028.409999999996,3,0.0,0.0,0.0,0.4535721245294632,0,0
CLI-00389,Yeni Sarabia Amador,Estudiante,4404.24,Bajo,2024-06-18,6822.59,8,0.0,0.0,0.0,1.5487442227892239,0,0
CLI-00390,Dr. José Manuél Cintrón,Estudiante,5462.13,Bajo,2024-08-19,4258.8099999999995,6,0.0,0.0,0.0,0.7795549437776511,0,0
CLI-00391,Emiliano Jos Hernández Domínguez,Desempleado,214.44,Alto,2025-01-14,605.86,7,0.0,0.0,0.0,2.8121982918678055,0,1
CLI-00392,Berta Barbara Angulo,Empleado Sector Privado,38767.69,Medio,2024-12-28,12371.65,4,0.0,0.0,0.0,0.3191144709816091,0,0
CLI-00393,Miriam Alvarez Ornelas,Profesionista Independiente,18833.14,Medio,2023-10-15,22483.1,8,0.0,0.0,0.0,1.193741790174651,0,0
CLI-00394,Paulina Barrios,Empleado Sector Privado,15908.9,Medio,2024-08-12,9793.63,3,0.0,0.0,0.0,0.615568293955336,0,0
CLI-00395,Hugo Cristobal Ponce Urías,Empresario / Comerciante,171263.53,Alto,2026-04-20,68716.57,3,0.0,0.0,0.0,0.4012305992373319,2,0
CLI-00396,Delia Bianca Arevalo,Jubilado,7933.93,Bajo,2026-04-12,2843.96,3,0.0,0.0,0.0,0.3584102191197654,0,0
CLI-00397,Benjamín Armas,Jubilado,9944.91,Bajo,2025-06-29,9677.79,6,0.0,0.0,0.0,0.9730421851796368,0,0
CLI-00398,Daniel Aurelio Mondragón García,Empresario / Comerciante,109470.63,Alto,2024-12-25,223719.32,10,0.0,0.0,0.0,2.0436282898135345,2,1
CLI-00399,María Romero,Jubilado,17870.41,Bajo,2024-08-30,32435.62,10,0.0,0.0,0.0,1.814944651820981,0,0
CLI-00400,José Carlos Mariano Montoya Villareal,Profesionista Independiente,40588.33,Medio,2023-12-17,46715.95,9,0.0,0.0,0.0,1.1509416390957918,0,0
CLI-00401,Darío Emiliano Escalante,Estudiante,5657.79,Bajo,2025-09-06,7473.35,8,0.0,0.0,0.0,1.3206621910337724,0,0
CLI-00402,Eloisa Salma Fuentes,Desempleado,396.93,Alto,2024-05-01,746.89,7,0.0,0.0,0.0,1.876938154951876,0,1
CLI-00403,Luis Abel Nevárez Alba,Empleado Sector Privado,32642.0,Medio,2026-01-25,10619.19,3,0.0,0.0,0.0,0.3253129307968018,0,0
CLI-00404,Ing. Luz Prieto,Profesionista Independiente,44719.27,Medio,2024-08-27,77653.16,8,0.0,0.0,0.0,1.7364197488074202,0,0
CLI-00405,Claudia Posada,Empleado Sector Privado,19915.55,Medio,2023-08-05,11687.36,4,0.0,0.0,0.0,0.586816491812086,0,0
CLI-00406,Eugenio Alberto Lemus,Jubilado,5975.84,Bajo,2024-07-02,5856.1900000000005,6,0.0,0.0,0.0,0.9798137477329157,0,0
CLI-00407,Ariadna Reyna,Estudiante,4451.11,Bajo,2023-07-16,6448.61,10,0.0,0.0,0.0,1.4484390547403367,0,0
CLI-00408,Augusto Vega Collado,Desempleado,2375.24,Alto,2025-10-29,3517.74,10,0.0,0.0,0.0,1.4803807696192304,0,0
CLI-00409,Mario Mateo Bañuelos,Profesionista Independiente,16468.79,Medio,2023-08-26,11423.86,5,0.0,0.0,0.0,0.6936251160458027,0,0
CLI-00410,Blanca Citlali Rosas Soto,Profesionista Independiente,46813.01,Medio,2026-05-24,52452.64,7,0.0,0.0,0.0,1.120447489971485,0,0
CLI-00411,Ivonne Irene Venegas,Desempleado,3438.43,Alto,2025-03-14,885.65,3,0.0,0.0,0.0,0.2574990623446327,0,0
CLI-00412,Asunción Zelaya Griego,Estudiante,6124.31,Bajo,2025-03-19,4623.83,4,0.0,0.0,0.0,0.7548728146004038,0,0
CLI-00413,Evelio Valadez,Profesionista Independiente,50452.26,Medio,2025-06-29,45506.08,5,0.0,0.0,0.0,0.901945285597006,0,0
CLI-00414,Rafaél Clemente Jaimes Meraz,Desempleado,2359.16,Alto,2026-01-08,2608.02,8,0.0,0.0,0.0,1.1050183038438073,0,0
CLI-00415,Abigail Susana Armendáriz,Empleado Sector Privado,26029.59,Medio,2025-09-30,18366.8,5,0.0,0.0,0.0,0.7055852364468111,0,0
CLI-00416,Lucas Amador Ceballos,Jubilado,7922.52,Bajo,2024-01-03,9113.66,9,0.0,0.0,0.0,1.1502034449335647,0,0
CLI-00417,Ing. Óscar Urbina,Empleado Sector Privado,41977.58,Medio,2023-07-12,62031.04,9,0.0,0.0,0.0,1.477683142212052,0,0
CLI-00418,Ing. Jerónimo Rincón,Empleado Sector Privado,14356.52,Medio,2025-03-22,15089.47,8,0.0,0.0,0.0,1.0509802528570393,0,0
CLI-00419,Adriana Martha Casanova Olivas,Empleado Sector Privado,38156.74,Medio,2023-10-31,62058.96,10,0.0,0.0,0.0,1.6263793400762205,0,0
CLI-00420,Eugenio Quesada del Valle,Jubilado,14736.45,Bajo,2024-03-24,7288.58,5,0.0,0.0,0.0,0.4945618136109028,0,0
CLI-00421,Lic. Violeta Holguín,Jubilado,16975.5,Bajo,2024-08-27,10472.04,6,0.0,0.0,0.0,0.6168550643536654,0,0
CLI-00422,Teresa Patiño Sierra,Empresario / Comerciante,74870.73,Alto,2025-02-17,68371.74,6,0.0,0.0,0.0,0.9131849898486386,0,0
CLI-00423,Dra. Salma Almonte,Desempleado,1216.36,Alto,2024-06-04,1243.6,5,0.0,0.0,0.0,1.0215548399815995,0,0
CLI-00424,Isabela Jaqueline Venegas,Empresario / Comerciante,238535.25,Alto,2025-02-16,228323.16,4,0.0,0.0,0.0,0.9571843273297036,2,0
CLI-00425,Jonás Roberto Barela,Jubilado,12019.76,Bajo,2024-09-09,17218.05,8,0.0,0.0,0.0,1.4323595180338013,0,0
CLI-00426,Hugo Perales,Empresario / Comerciante,66088.37,Alto,2024-03-31,101428.59999999999,10,0.0,0.0,0.0,1.534718820893587,0,0
CLI-00427,Francisco Mario Aguayo Mesa,Estudiante,7336.54,Bajo,2025-01-26,4715.62,4,0.0,0.0,0.0,0.6426704317795883,0,0
CLI-00428,Mauro Bonilla,Desempleado,1289.29,Alto,2023-06-17,771.05,4,0.0,0.0,0.0,0.5975788388656813,0,0
CLI-00429,Virginia Lourdes Ulloa,Profesionista Independiente,16163.92,Medio,2025-11-08,12107.86,6,0.0,0.0,0.0,0.7490207189395308,0,0
CLI-00430,Lic. Pablo Granados,Empleado Sector Privado,43743.07,Medio,2024-03-01,33381.58,5,0.0,0.0,0.0,0.763110977099296,0,0
CLI-00431,Miguel Ángel Salinas,Jubilado,12632.6,Bajo,2024-11-04,11831.27,6,0.0,0.0,0.0,0.9364923695542047,0,0
CLI-00432,Ing. Ernesto Roybal,Estudiante,7997.43,Bajo,2024-01-05,7650.19,5,0.0,0.0,0.0,0.9564614555606537,0,0
CLI-00433,Juan Velázquez,Desempleado,3285.68,Alto,2026-01-14,4151.13,7,0.0,0.0,0.0,1.2630161743765747,0,0
CLI-00434,Gregorio Montes,Jubilado,5523.01,Bajo,2025-08-17,5777.85,6,0.0,0.0,0.0,1.045952125358209,0,0
CLI-00435,Dra. Marcela Arevalo,Empleado Sector Privado,27526.53,Medio,2025-07-18,35224.25,9,0.0,0.0,0.0,1.2796008214322172,0,0
CLI-00436,Ing. Héctor Naranjo,Desempleado,1768.92,Alto,2023-07-09,977.12,4,0.0,0.0,0.0,0.5520701500632796,0,0
CLI-00437,Fidel Lorenzo Alba Nava,Profesionista Independiente,23167.01,Medio,2025-10-02,29432.82,9,0.0,0.0,0.0,1.2704077734773078,0,0
CLI-00438,José Lucas Puente,Jubilado,10666.5,Bajo,2023-07-14,12221.16,8,0.0,0.0,0.0,1.1456442465432388,0,0
CLI-00439,Gerardo Berríos Rocha,Empresario / Comerciante,243811.05,Alto,2023-12-05,90031.32,4,0.0,0.0,0.0,0.36926525985897746,2,0
CLI-00440,Hernán Orozco Esparza,Empresario / Comerciante,119592.21,Alto,2025-11-18,73406.94,4,0.0,0.0,0.0,0.6138052486424606,2,0
CLI-00441,Jos Valadez Sauceda,Profesionista Independiente,29447.62,Medio,2025-05-02,9491.529999999999,5,0.0,0.0,0.0,0.3223081421132807,0,0
CLI-00442,Mitzy Jaqueline Villegas González,Estudiante,7146.4,Bajo,2025-08-28,4135.04,4,0.0,0.0,0.0,0.5785376500545654,0,0
CLI-00443,Ernesto Horacio Maya,Profesionista Independiente,33524.03,Medio,2023-07-03,46728.06,10,0.0,0.0,0.0,1.3938260457932476,0,0
CLI-00444,Lorenzo Rojo Garay,Empresario / Comerciante,107643.56,Alto,2024-02-24,100765.0,5,0.0,0.0,0.0,0.936090035576345,2,0
CLI-00445,Karla Rosalia Casanova Barragán,Empresario / Comerciante,212713.21,Alto,2024-03-29,423511.28,10,0.0,0.0,0.0,1.99098724998203,2,1
CLI-00446,Miguel Wilfrido Prieto Naranjo,Jubilado,5477.06,Bajo,2025-03-28,4946.9,5,0.0,0.0,0.0,0.9030386669733445,0,0
CLI-00447,Yolanda Ochoa Candelaria,Estudiante,3887.1,Bajo,2025-06-29,2959.06,3,0.0,0.0,0.0,0.7610555284071912,0,0
CLI-00448,Santiago Marco Antonio Puga,Profesionista Independiente,20216.47,Medio,2024-09-08,13352.64,3,0.0,0.0,0.0,0.660450590504153,0,0
CLI-00449,Francisca Cristal Olivas Hernádez,Empresario / Comerciante,222982.12,Alto,2025-01-27,201653.84,5,0.0,0.0,0.0,0.9043457639304715,2,0
CLI-00450,María Teresa Chapa Gurule,Estudiante,5945.96,Bajo,2025-05-23,8154.66,10,0.0,0.0,0.0,1.3712316881230073,0,0
CLI-00451,Úrsula Miriam Vera,Jubilado,11005.69,Bajo,2024-10-03,8480.84,5,0.0,0.0,0.0,0.7705168402126343,0,0
CLI-00452,Natividad Razo Cervántez,Estudiante,3125.5,Bajo,2023-11-14,5132.91,10,0.0,0.0,0.0,1.6417431632816248,0,0
CLI-00453,Arturo Uriel Ayala,Profesionista Independiente,43018.52,Medio,2023-07-24,42389.24,7,0.0,0.0,0.0,0.9853489764646375,0,0
CLI-00454,Jaime Aldo Tirado Carmona,Empresario / Comerciante,175081.75,Alto,2025-05-19,61460.12,3,0.0,0.0,0.0,0.35103469645067836,2,0
CLI-00455,Sra. Anabel Juárez,Estudiante,3221.35,Bajo,2023-12-17,4175.13,8,0.0,0.0,0.0,1.2956786196409453,0,0
CLI-00456,José Luis Serafín Barrientos Navarro,Jubilado,6703.17,Bajo,2024-11-28,7157.88,5,0.0,0.0,0.0,1.0676757898442313,0,0
CLI-00457,Lic. José Hernandes,Profesionista Independiente,34715.22,Medio,2023-11-10,46205.020000000004,8,0.0,0.0,0.0,1.3309346466867649,0,0
CLI-00458,Ramón Felix Altamirano,Desempleado,1938.85,Alto,2025-02-16,3285.2799999999997,10,0.0,0.0,0.0,1.6935742454313478,0,0
CLI-00459,Ing. Jacobo Sánchez,Estudiante,7838.88,Bajo,2025-12-28,9988.8,8,0.0,0.0,0.0,1.2741011342010335,0,0
CLI-00460,Felipe Francisco Estévez,Jubilado,15391.08,Bajo,2026-05-30,25847.84,8,0.0,0.0,0.0,1.6792948061600512,0,0
CLI-00461,Dulce Lemus,Desempleado,633.51,Alto,2026-03-02,950.76,7,0.0,0.0,0.0,1.4984161006130716,0,0
CLI-00462,Jesús Griego Laureano,Jubilado,5177.77,Bajo,2024-09-16,4530.92,6,0.0,0.0,0.0,0.8749027278678141,0,0
CLI-00463,Eduardo Zamudio Calvillo,Empresario / Comerciante,68641.84,Alto,2024-02-19,41695.78,4,0.0,0.0,0.0,0.6074308697017781,0,0
CLI-00464,Dra. Nelly Bueno,Estudiante,4768.69,Bajo,2024-07-29,6057.3099999999995,9,0.0,0.0,0.0,1.2699588442854777,0,0
CLI-00465,Gerardo Rodrigo Santana Almonte,Estudiante,5886.26,Bajo,2023-07-04,5008.33,5,0.0,0.0,0.0,0.8507064406871787,0,0
CLI-00466,Concepción Burgos Ríos,Empleado Sector Privado,28446.39,Medio,2025-07-27,22682.53,5,0.0,0.0,0.0,0.7973501259693772,0,0
CLI-00467,Víctor Arias Patiño,Desempleado,1167.45,Alto,2025-01-21,1519.99,7,0.0,0.0,0.0,1.3008601138260087,0,0
CLI-00468,Salma López,Desempleado,1093.7,Alto,2025-06-17,1584.31,7,0.0,0.0,0.0,1.4472549556956242,0,0
CLI-00469,Srita. Miriam Barreto,Empresario / Comerciante,246048.93,Alto,2025-07-07,316997.81,7,0.0,0.0,0.0,1.2883474910966242,2,0
CLI-00470,Ruby Tejeda Santiago,Empleado Sector Privado,27073.95,Medio,2026-03-26,41200.48,10,0.0,0.0,0.0,1.5217195230277434,0,0
CLI-00471,Miriam Miranda Rascón,Empleado Sector Privado,24658.34,Medio,2024-12-10,36555.07,8,0.0,0.0,0.0,1.482402610937681,0,0
CLI-00472,Sr. Ramón Pabón,Jubilado,11607.13,Bajo,2023-10-24,13451.76,8,0.0,0.0,0.0,1.1588223081581617,0,0
CLI-00473,Luisa Adela Granado,Empleado Sector Privado,40512.89,Medio,2024-08-18,39773.84,8,0.0,0.0,0.0,0.9817334252524257,0,0
CLI-00474,Mauro Mariano Esparza,Profesionista Independiente,49770.38,Medio,2023-07-08,26364.35,3,0.0,0.0,0.0,0.529709041621912,0,0
CLI-00475,Darío Aguilera,Empresario / Comerciante,117975.05,Alto,2025-08-11,71447.47,3,0.0,0.0,0.0,0.6056099521894486,0,0
CLI-00476,Hilda de León Rojas,Jubilado,8473.24,Bajo,2023-09-10,5394.01,5,0.0,0.0,0.0,0.6365184370515823,0,0
CLI-00477,Alma Madrigal Muñoz,Estudiante,3697.03,Bajo,2024-06-11,4619.25,8,0.0,0.0,0.0,1.2491110131610614,0,0
CLI-00478,Lic. Óliver Sierra,Profesionista Independiente,52686.42,Medio,2024-05-29,82442.31,7,0.0,0.0,0.0,1.5647437281992551,0,0
CLI-00479,Gloria Galván Olmos,Jubilado,17985.73,Bajo,2026-01-18,17746.78,5,0.0,0.0,0.0,0.9866596096121973,0,0
CLI-00480,Inés Mendoza Polanco,Empresario / Comerciante,223052.12,Alto,2026-02-28,354584.62,9,0.0,0.0,0.0,1.5896868871415024,2,0
CLI-00481,Rodolfo Mauro Rodríguez,Empresario / Comerciante,157716.12,Alto,2025-01-25,321036.31,10,0.0,0.0,0.0,2.0355197330511743,2,1
CLI-00482,Andrea Esparta Abreu,Profesionista Independiente,29959.8,Medio,2026-02-27,12739.67,5,0.0,0.0,0.0,0.42521127606739473,0,0
CLI-00483,Ing. Elvira Garrido,Jubilado,9903.73,Bajo,2026-05-01,8332.35,8,0.0,0.0,0.0,0.8412495847943358,0,0
CLI-00484,Florencia Hurtado Rosas,Profesionista Independiente,54132.08,Medio,2024-06-07,81013.26,10,0.0,0.0,0.0,1.4965573730517456,0,0
CLI-00485,Cristal Grijalva Franco,Desempleado,955.22,Alto,2025-03-23,1561.98,8,0.0,0.0,0.0,1.6334943841375416,0,0
CLI-00486,Mauro Rentería Villanueva,Empresario / Comerciante,96712.49,Alto,2023-06-30,125231.78,10,0.0,0.0,0.0,1.2948739622569716,2,0
CLI-00487,Fidel René Jaimes,Empresario / Comerciante,58729.46,Alto,2023-07-25,63778.72,6,0.0,0.0,0.0,1.085956418526264,0,0
CLI-00488,Zeferino Benavides,Desempleado,1891.91,Alto,2025-03-24,2232.69,6,0.0,0.0,0.0,1.1795014026023425,0,0
CLI-00489,Olga Santillán,Empresario / Comerciante,127215.75,Alto,2023-08-22,112926.01999999999,8,0.0,0.0,0.0,0.8876662860826109,2,0
CLI-00490,Ing. Óliver Olmos,Desempleado,3169.57,Alto,2024-08-16,2756.57,6,0.0,0.0,0.0,0.8694241098603721,0,0
CLI-00491,Gustavo Arias Zaragoza,Desempleado,3923.27,Alto,2024-01-31,4466.68,7,0.0,0.0,0.0,1.138219337609288,0,0
CLI-00492,Sra. Isabel Flores,Empresario / Comerciante,242964.89,Alto,2025-08-09,294236.93,9,0.0,0.0,0.0,1.2110215553302563,2,0
CLI-00493,Sra. Socorro Noriega,Empleado Sector Privado,28575.61,Medio,2026-06-06,34258.67,10,0.0,0.0,0.0,1.1988360410839494,0,0
CLI-00494,Francisca Yolanda Santillán,Jubilado,9315.93,Bajo,2024-02-10,11554.76,7,0.0,0.0,0.0,1.2401896332804905,0,0
CLI-00495,Roberto Vega,Estudiante,7245.14,Bajo,2024-10-11,9910.59,10,0.0,0.0,0.0,1.3677061166358917,0,0
CLI-00496,Citlali Wendolin Galván Montalvo,Empresario / Comerciante,69942.34,Alto,2024-08-12,52336.9,5,0.0,0.0,0.0,0.7482756757112258,0,0
CLI-00497,Carlota Blanca Rodarte,Empresario / Comerciante,53069.52,Alto,2023-11-22,65550.52,7,0.0,0.0,0.0,1.2351588037954029,0,0
CLI-00498,Bianca Arroyo Pulido,Empleado Sector Privado,25529.29,Medio,2024-01-15,30617.22,8,0.0,0.0,0.0,1.1992507723179016,0,0
CLI-00499,Norma Ulloa Arreola,Desempleado,3879.83,Alto,2023-08-26,6097.21,8,0.0,0.0,0.0,1.5711097883700136,0,0
CLI-00500,Luz Trujillo,Estudiante,4816.94,Bajo,2024-12-08,3578.67,7,0.0,0.0,0.0,0.7427801093413369,0,0
CLI-00501,Mateo Darío Cedillo Rodríquez,Profesionista Independiente,30235.26,Medio,2025-05-07,26434.98,6,0.0,0.0,0.0,0.8742807476850643,0,0
CLI-00502,Esmeralda Villegas,Desempleado,1589.93,Alto,2024-11-19,2327.75,8,0.0,0.0,0.0,1.4631379130445714,0,0
CLI-00503,Laura Rivas,Estudiante,7110.59,Bajo,2023-10-02,4049.32,5,0.0,0.0,0.0,0.5693972796519484,0,0
CLI-00504,Lic. Elias Trejo,Desempleado,3437.37,Alto,2023-12-06,1267.12,4,0.0,0.0,0.0,0.3685234573358888,0,0
CLI-00505,Violeta Nancy Tijerina Estrada,Empresario / Comerciante,240827.92,Alto,2026-03-18,139989.57,4,0.0,0.0,0.0,0.5812822230818459,2,0
CLI-00506,Miriam Aida Maestas,Desempleado,2874.87,Alto,2025-08-26,3802.74,7,0.0,0.0,0.0,1.3222920368445026,0,0
CLI-00507,Eva Barrera,Empresario / Comerciante,224476.6,Alto,2023-06-15,312837.6,6,0.0,0.0,0.0,1.393625020937501,2,0
CLI-00508,Dra. Cecilia Quezada,Estudiante,5704.76,Bajo,2025-06-29,6378.87,7,0.0,0.0,0.0,1.1179702616303524,0,0
CLI-00509,Leticia Marisela Tamayo de la Fuente,Empleado Sector Privado,32828.31,Medio,2026-02-06,25148.95,5,0.0,0.0,0.0,0.7660517385226799,0,0
CLI-00510,Joaquín Gaitán,Profesionista Independiente,59884.17,Medio,2026-05-15,21143.309999999998,3,0.0,0.0,0.0,0.3530642060463383,0,0
CLI-00511,Dra. Elsa Fierro,Desempleado,361.52,Alto,2024-07-11,411.13,4,0.0,0.0,0.0,1.1340891537018647,0,0
CLI-00512,Caridad Valdés,Estudiante,6562.22,Bajo,2025-04-08,5516.219999999999,5,0.0,0.0,0.0,0.8404746450675125,0,0
CLI-00513,Úrsula Elvia Brito Rendón,Desempleado,3490.32,Alto,2026-01-25,3815.42,7,0.0,0.0,0.0,1.0928302189429786,0,0
CLI-00514,Andrés Viera,Empresario / Comerciante,83272.96,Alto,2023-12-04,57829.54,6,0.0,0.0,0.0,0.6944492612096266,0,0
CLI-00515,Óscar Víctor Ontiveros Garrido,Profesionista Independiente,55654.08,Medio,2024-02-12,77000.84,10,0.0,0.0,0.0,1.383536597198315,0,0
CLI-00516,César Alejandro,Estudiante,3946.25,Bajo,2025-08-17,3413.92,7,0.0,0.0,0.0,0.8648856799037304,0,0
CLI-00517,Sr. Ignacio Valdivia,Estudiante,3760.21,Bajo,2023-10-02,582.91,3,0.0,0.0,0.0,0.15497938163516528,0,0
CLI-00518,José Emilio Zamudio Farías,Profesionista Independiente,34380.91,Medio,2023-12-12,61614.91,10,0.0,0.0,0.0,1.7920735060966653,0,0
CLI-00519,Ángela Delgadillo,Empleado Sector Privado,29528.49,Medio,2024-12-26,40485.31,8,0.0,0.0,0.0,1.3710128417388854,0,0
CLI-00520,Berta Carrillo Rosario,Jubilado,13863.4,Bajo,2025-04-08,14024.4,5,0.0,0.0,0.0,1.0115403479414904,0,0
CLI-00521,Celia Ríos Montez,Empleado Sector Privado,17609.46,Medio,2026-03-15,10819.2,4,0.0,0.0,0.0,0.6143621461336047,0,0
CLI-00522,Cornelio Guevara Esparza,Estudiante,5656.95,Bajo,2026-03-15,5828.98,7,0.0,0.0,0.0,1.0302282628867345,0,0
CLI-00523,Óscar Francisco Carrero Guillen,Empresario / Comerciante,173942.07,Alto,2023-10-22,191225.84,8,0.0,0.0,0.0,1.0993587729594516,2,0
CLI-00524,Cristobal Uriel Altamirano,Empleado Sector Privado,28423.02,Medio,2024-08-12,20984.72,5,0.0,0.0,0.0,0.738274177966382,0,0
CLI-00525,Ing. Eric Valdivia,Jubilado,6860.53,Bajo,2024-08-11,2909.98,6,0.0,0.0,0.0,0.42410074720944163,0,0
CLI-00526,José Luis Samuel Rosado Negrón,Empresario / Comerciante,177580.93,Alto,2024-05-28,155548.07,4,0.0,0.0,0.0,0.8759228486817325,2,0
CLI-00527,Angélica Nelly Lovato,Empresario / Comerciante,101065.34,Alto,2026-03-11,72945.05,5,0.0,0.0,0.0,0.7217541468306857,0,0
CLI-00528,Ramiro Bermúdez Loya,Estudiante,7393.45,Bajo,2024-04-20,2878.3199999999997,3,0.0,0.0,0.0,0.38925410273921657,0,0
CLI-00529,José Emilio Marco Antonio Rascón Trejo,Empresario / Comerciante,230241.88,Alto,2025-05-24,280125.93,6,0.0,0.0,0.0,1.2166540394213274,2,0
CLI-00530,Juan Carlos Rendón Arellano,Desempleado,2186.39,Alto,2025-07-11,3268.21,9,0.0,0.0,0.0,1.4941139897320552,0,0
CLI-00531,Guadalupe Nevárez Mendoza,Estudiante,4650.38,Bajo,2026-01-11,7729.62,10,0.0,0.0,0.0,1.6617906943745726,0,0
CLI-00532,Esparta María Eugenia Alcala Pineda,Profesionista Independiente,59444.33,Medio,2023-08-21,89350.61,8,0.0,0.0,0.0,1.5030719822734604,0,0
CLI-00533,Ing. Porfirio Cano,Profesionista Independiente,43752.24,Medio,2025-02-21,44701.51,7,0.0,0.0,0.0,1.0216731378064803,0,0
CLI-00534,Alfonso Federico Corral,Empresario / Comerciante,188062.7,Alto,2025-05-24,214127.83000000002,9,0.0,0.0,0.0,1.138592030253579,2,0
CLI-00535,Leonardo Gollum,Empresario / Comerciante,219060.79,Alto,2025-08-26,168990.63,6,0.0,0.0,0.0,0.7714290566145744,2,0
CLI-00536,Reina Pizarro Jaimes,Empleado Sector Privado,44979.33,Medio,2026-05-05,54808.67,9,0.0,0.0,0.0,1.218503065673373,0,0
CLI-00537,Zacarías Acuña,Empresario / Comerciante,71330.65,Alto,2025-08-24,80501.37,10,0.0,0.0,0.0,1.128550510187273,0,0
CLI-00538,Yeni Rosa Aguilar Hidalgo,Empresario / Comerciante,164384.54,Alto,2025-11-28,133594.46,7,0.0,0.0,0.0,0.8126898509443105,2,0
CLI-00539,Reina Niño Valladares,Jubilado,8846.34,Bajo,2025-03-08,3923.7,3,0.0,0.0,0.0,0.4434892295311359,0,0
CLI-00540,Elias Alvarez,Desempleado,1180.92,Alto,2025-03-10,853.3100000000001,4,0.0,0.0,0.0,0.7219693380262624,0,0
CLI-00541,Ramiro Rodrigo Centeno,Desempleado,1583.22,Alto,2024-08-22,2020.84,8,0.0,0.0,0.0,1.275605660829935,0,0
CLI-00542,Eloy Tejeda,Estudiante,5395.57,Bajo,2026-02-02,4197.44,7,0.0,0.0,0.0,0.7777977493111364,0,0
CLI-00543,Benito Joaquín Paredes Villanueva,Desempleado,3113.25,Alto,2024-09-07,4915.38,10,0.0,0.0,0.0,1.578351127879907,0,0
CLI-00544,Ing. Berta Gaona,Estudiante,7463.7,Bajo,2025-11-05,9289.86,7,0.0,0.0,0.0,1.2445054724235403,0,0
CLI-00545,Minerva Barrios,Desempleado,1986.91,Alto,2023-06-16,1856.42,4,0.0,0.0,0.0,0.9338551544083987,0,0
CLI-00546,Gustavo Chacón Carrera,Profesionista Independiente,49908.34,Medio,2025-01-31,52609.380000000005,6,0.0,0.0,0.0,1.0540988921111762,0,0
CLI-00547,Jacinto Osorio,Empleado Sector Privado,32033.14,Medio,2026-01-12,45180.97,9,0.0,0.0,0.0,1.4104005913690831,0,0
CLI-00548,Luis Miguel Zepeda,Profesionista Independiente,24855.2,Medio,2025-04-04,8780.58,3,0.0,0.0,0.0,0.3532551234702006,0,0
CLI-00549,María Eugenia Colunga Corrales,Empleado Sector Privado,32489.41,Medio,2024-03-29,44588.74,8,0.0,0.0,0.0,1.3723661843602466,0,0
CLI-00550,Dulce Zedillo,Desempleado,3022.31,Alto,2025-11-17,2481.57,7,0.0,0.0,0.0,0.8208122885182135,0,0
CLI-00551,Sra. María Ruelas,Desempleado,2723.42,Alto,2026-04-04,3911.38,8,0.0,0.0,0.0,1.4356743820703122,0,0
CLI-00552,Roberto Meza Santiago,Empleado Sector Privado,32732.19,Medio,2025-10-17,14844.579999999998,3,0.0,0.0,0.0,0.453502393136752,0,0
CLI-00553,Graciela Abril Leyva,Desempleado,2585.36,Alto,2025-10-02,2799.71,6,0.0,0.0,0.0,1.0824904498986994,0,0
CLI-00554,Patricia Fernández Ponce,Profesionista Independiente,50487.47,Medio,2025-06-03,77342.95,9,0.0,0.0,0.0,1.531893321386051,0,0
CLI-00555,Benito Horacio Bueno Valentín,Estudiante,5477.44,Bajo,2024-11-23,6175.42,9,0.0,0.0,0.0,1.1272223479676697,0,0
CLI-00556,Alvaro Flavio Razo Castro,Desempleado,525.65,Alto,2023-12-21,920.75,7,0.0,0.0,0.0,1.7483148200892433,0,0
CLI-00557,Inés Abigail Ontiveros Santiago,Profesionista Independiente,29702.36,Medio,2024-07-20,51467.979999999996,10,0.0,0.0,0.0,1.7327325932150435,0,0
CLI-00558,Alberto Óliver Vigil,Empresario / Comerciante,85128.01,Alto,2025-10-30,98755.70999999999,8,0.0,0.0,0.0,1.1600711672789334,0,0
CLI-00559,Estela Caldera Olivera,Empleado Sector Privado,37954.92,Medio,2024-09-22,34529.32,6,0.0,0.0,0.0,0.9097215928371648,0,0
CLI-00560,Dr. Cristobal Cervántez,Profesionista Independiente,38888.36,Medio,2025-01-21,31799.17,5,0.0,0.0,0.0,0.8176830372112063,0,0
CLI-00561,Pilar Cabrera,Profesionista Independiente,52371.27,Medio,2024-03-12,70603.36,7,0.0,0.0,0.0,1.3481057819338365,0,0
CLI-00562,Raquel Véliz Cordero,Profesionista Independiente,56132.2,Medio,2024-09-22,43955.95,4,0.0,0.0,0.0,0.7830651022924044,0,0
CLI-00563,Lic. Gabino Menéndez,Empresario / Comerciante,243476.82,Alto,2024-03-06,349602.69,9,0.0,0.0,0.0,1.4358707910231823,2,0
CLI-00564,Bernardo Aponte Bueno,Profesionista Independiente,48595.17,Medio,2025-02-04,59078.07,6,0.0,0.0,0.0,1.215693952836201,0,0
CLI-00565,Leonor Marisela Olivárez,Profesionista Independiente,51190.46,Medio,2026-02-13,20478.75,3,0.0,0.0,0.0,0.40004231174496685,0,0
CLI-00566,Patricia Martínez,Empresario / Comerciante,242578.66,Alto,2024-07-17,218878.77000000002,7,0.0,0.0,0.0,0.9022964662412339,2,0
CLI-00567,José Manuél Barajas Posada,Empleado Sector Privado,36887.0,Medio,2024-09-26,54210.64,7,0.0,0.0,0.0,1.4696009542398611,0,0
CLI-00568,Mercedes Brito Matías,Empleado Sector Privado,40384.64,Medio,2023-08-12,13927.14,3,0.0,0.0,0.0,0.3448537648530517,0,0
CLI-00569,Elvia Guadalupe Olmos de León,Desempleado,2697.62,Alto,2023-07-15,1552.16,4,0.0,0.0,0.0,0.5751680488545998,0,0
CLI-00570,Julio Alonso Carreón,Empresario / Comerciante,243453.95,Alto,2026-01-15,158475.61,5,0.0,0.0,0.0,0.6509442917467892,2,0
CLI-00571,Beatriz Gamboa,Jubilado,9755.08,Bajo,2024-04-03,12337.48,10,0.0,0.0,0.0,1.2645939762691571,0,0
CLI-00572,Julia Griego,Empresario / Comerciante,52783.73,Alto,2025-05-30,54347.34,6,0.0,0.0,0.0,1.0296034478153056,0,0
CLI-00573,Miguel Ángel Francisco Crespo,Jubilado,6606.65,Bajo,2023-09-26,9849.7,9,0.0,0.0,0.0,1.4906509878701204,0,0
CLI-00574,Georgina Rincón,Profesionista Independiente,45277.28,Medio,2023-08-09,38027.729999999996,4,0.0,0.0,0.0,0.8398669295741799,0,0
CLI-00575,Sessa Muñoz Zayas,Desempleado,1048.65,Alto,2025-06-19,1165.03,6,0.0,0.0,0.0,1.1099223550707378,0,0
CLI-00576,Lucía Robledo Valenzuela,Empresario / Comerciante,214483.46,Alto,2025-02-15,67843.75,4,0.0,0.0,0.0,0.3163107947307698,2,0
CLI-00577,Lic. Samuel Hernandes,Profesionista Independiente,19875.57,Medio,2023-11-24,12193.75,4,0.0,0.0,0.0,0.6134735520263305,0,0
CLI-00578,Ing. Dalia Franco,Empleado Sector Privado,27558.74,Medio,2024-04-24,22734.16,7,0.0,0.0,0.0,0.8249047342246334,0,0
CLI-00579,Georgina Trinidad Bustos Tapia,Jubilado,16495.05,Bajo,2024-11-01,19552.32,8,0.0,0.0,0.0,1.1852728380430466,0,0
CLI-00580,Javier Arevalo Gastélum,Jubilado,9264.08,Bajo,2025-01-05,6692.87,5,0.0,0.0,0.0,0.7223758456483916,0,0
CLI-00581,Noemí Mora Limón,Jubilado,7877.77,Bajo,2025-02-07,5636.7,6,0.0,0.0,0.0,0.7154289311656514,0,0
CLI-00582,Leonardo Juan Carlos Cisneros Bañuelos,Estudiante,5812.42,Bajo,2023-12-10,6999.389999999999,7,0.0,0.0,0.0,1.2040055595501442,0,0
CLI-00583,Lic. Lucas Pulido,Empresario / Comerciante,231877.53,Alto,2024-04-12,152767.53,3,0.0,0.0,0.0,0.6588256791174241,2,0
CLI-00584,Roberto Amador Olivas,Profesionista Independiente,44215.78,Medio,2024-03-28,42586.17,8,0.0,0.0,0.0,0.9631223711903037,0,0
CLI-00585,Rafaél Salas Melgar,Estudiante,2838.66,Bajo,2025-05-18,2223.27,3,0.0,0.0,0.0,0.7829352809843433,0,0
CLI-00586,Manuel Munguía,Estudiante,3826.19,Bajo,2024-09-14,6901.450000000001,9,0.0,0.0,0.0,1.8032681941581161,0,0
CLI-00587,Lucas Raya,Empresario / Comerciante,73224.1,Alto,2025-06-29,35093.49,4,0.0,0.0,0.0,0.47925492761361876,0,0
CLI-00588,Sr. Luis Miguel Dueñas,Empleado Sector Privado,41279.56,Medio,2026-01-19,32273.87,5,0.0,0.0,0.0,0.7818176400707743,0,0
CLI-00589,Cornelio Feliciano,Empleado Sector Privado,24825.31,Medio,2025-09-14,12738.4,3,0.0,0.0,0.0,0.513100819251834,0,0
CLI-00590,Zoé Ruelas,Profesionista Independiente,45171.88,Medio,2023-07-18,53370.990000000005,9,0.0,0.0,0.0,1.1814830048471563,0,0
CLI-00591,Clara María del Carmen de León,Desempleado,2785.94,Alto,2026-03-01,1188.88,3,0.0,0.0,0.0,0.426589736413414,0,0
CLI-00592,Hernán Santiago Corrales Treviño,Jubilado,10448.65,Bajo,2026-02-01,5458.0599999999995,5,0.0,0.0,0.0,0.5223198863119817,0,0
CLI-00593,Luis Manuel Mariano Urrutia,Desempleado,2906.4,Alto,2024-05-04,3152.67,5,0.0,0.0,0.0,1.0843605970970627,0,0
CLI-00594,Noelia Páez,Empresario / Comerciante,180984.38,Alto,2025-08-16,136462.26,5,0.0,0.0,0.0,0.7539960410061852,2,0
CLI-00595,Berta Piña Merino,Empresario / Comerciante,173130.44,Alto,2023-07-26,158774.59,9,0.0,0.0,0.0,0.9170754312446081,2,0
CLI-00596,Sofía Zúñiga de la Garza,Profesionista Independiente,16472.23,Medio,2025-04-24,11727.76,4,0.0,0.0,0.0,0.7119283832011087,0,0
CLI-00597,Yuridia Esperanza Anaya Lomeli,Profesionista Independiente,24777.14,Medio,2024-12-20,34818.18,9,0.0,0.0,0.0,1.4051974845569524,0,0
CLI-00598,Andrea Caballero Valles,Empresario / Comerciante,240111.03,Alto,2023-12-05,395161.43,9,0.0,0.0,0.0,1.645737741670003,2,0
CLI-00599,Lic. Marco Antonio Roldán,Profesionista Independiente,19470.96,Medio,2026-05-28,26745.63,10,0.0,0.0,0.0,1.3735458577359445,0,0
CLI-00600,Abelardo Mauro Romero,Desempleado,1469.34,Alto,2024-05-01,1454.85,5,0.0,0.0,0.0,0.9894650216956622,0,0
CLI-00601,Alfredo Menchaca Beltrán,Desempleado,1434.7,Alto,2023-08-17,1790.44,7,0.0,0.0,0.0,1.2470850456223446,0,0
CLI-00602,Amanda Bahena,Empresario / Comerciante,105176.29,Alto,2023-09-02,92733.75,5,0.0,0.0,0.0,0.8816898590941068,2,0
CLI-00603,Alonso Corrales Bernal,Estudiante,7694.06,Bajo,2026-04-05,8168.87,6,0.0,0.0,0.0,1.0615732690843216,0,0
CLI-00604,Alejandro Ernesto Cortez,Empresario / Comerciante,68334.68,Alto,2025-11-03,35703.979999999996,5,0.0,0.0,0.0,0.5224793255880383,0,0
CLI-00605,Dr. Bernardo Lemus,Empleado Sector Privado,33176.25,Medio,2024-10-25,18972.699999999997,4,0.0,0.0,0.0,0.5718587284961832,0,0
CLI-00606,Sra. Blanca Alcaraz,Jubilado,17624.21,Bajo,2026-01-05,17623.760000000002,6,0.0,0.0,0.0,0.9999177314766747,0,0
CLI-00607,Paola Julia Zambrano,Estudiante,6720.77,Bajo,2024-08-30,4332.38,5,0.0,0.0,0.0,0.6445296402584438,0,0
CLI-00608,Vicente Pedro Cepeda González,Empleado Sector Privado,44631.09,Medio,2024-08-12,58331.479999999996,9,0.0,0.0,0.0,1.3069403651050175,0,0
CLI-00609,Gerardo Joaquín Véliz Montalvo,Jubilado,7667.67,Bajo,2024-10-07,6821.76,5,0.0,0.0,0.0,0.8895623361026097,0,0
CLI-00610,Camila Páez,Jubilado,7693.05,Bajo,2024-02-23,9067.66,7,0.0,0.0,0.0,1.1785288632124824,0,0
CLI-00611,Aldo Reséndez,Empleado Sector Privado,38830.75,Medio,2024-05-11,33367.229999999996,8,0.0,0.0,0.0,0.8592770091484415,0,0
CLI-00612,Ing. Rufino Macías,Empleado Sector Privado,22842.47,Medio,2023-11-20,23920.66,7,0.0,0.0,0.0,1.0471552701931885,0,0
CLI-00613,Amador Pedroza Tamez,Empleado Sector Privado,38025.24,Medio,2023-09-15,24473.61,5,0.0,0.0,0.0,0.6435979471017909,0,0
CLI-00614,Sra. Elsa Paz,Jubilado,5036.86,Bajo,2025-09-02,3953.88,4,0.0,0.0,0.0,0.7848332426863788,0,0
CLI-00615,Lic. Natividad Navarro,Empleado Sector Privado,44588.4,Medio,2025-01-10,29946.19,5,0.0,0.0,0.0,0.6715988553333303,0,0
CLI-00616,Conchita Velásquez,Jubilado,8258.5,Bajo,2024-03-18,15111.49,9,0.0,0.0,0.0,1.8295889581693807,0,1
CLI-00617,Cornelio Ángel Aguilar Miranda,Empleado Sector Privado,15627.57,Medio,2026-05-29,7803.32,4,0.0,0.0,0.0,0.4992984003014991,0,0
CLI-00618,Karla Villegas,Estudiante,2790.82,Bajo,2025-03-23,4587.8,10,0.0,0.0,0.0,1.6433007858672837,0,0
CLI-00619,Lic. Mitzy Pichardo,Profesionista Independiente,50549.31,Medio,2025-12-06,28451.149999999998,4,0.0,0.0,0.0,0.5628283980849969,0,0
CLI-00620,Sr. Roberto Camarillo,Empleado Sector Privado,31432.15,Medio,2026-04-17,18856.440000000002,5,0.0,0.0,0.0,0.5998902432622885,0,0
CLI-00621,Claudia Marisol Ulloa Guardado,Estudiante,3045.48,Bajo,2026-02-24,2850.2599999999998,5,0.0,0.0,0.0,0.9355912397258475,0,0
CLI-00622,Daniela Abigail Curiel Pedroza,Estudiante,2760.55,Bajo,2025-01-20,2728.39,5,0.0,0.0,0.0,0.9879922507287573,0,0
CLI-00623,Sr. Rolando Fernández,Empresario / Comerciante,155217.11,Alto,2024-03-14,69918.06,3,0.0,0.0,0.0,0.4504504016960392,2,0
CLI-00624,Iván Mena Montemayor,Desempleado,254.23,Alto,2025-09-25,275.9,3,0.0,0.0,0.0,1.0809857775339888,0,0
CLI-00625,Mayte Nancy Estrada,Empresario / Comerciante,205603.41,Alto,2024-05-02,248328.16999999998,8,0.0,0.0,0.0,1.2077959320035985,2,0
CLI-00626,Mauricio Abraham Maya,Jubilado,12717.66,Bajo,2023-12-16,5442.32,3,0.0,0.0,0.0,0.427900423472284,0,0
CLI-00627,Gerardo Silvano Madrigal,Empresario / Comerciante,150767.74,Alto,2023-08-12,220224.01,8,0.0,0.0,0.0,1.4606742087252307,2,0
CLI-00628,Sara Garica,Jubilado,5563.75,Bajo,2025-12-11,2989.9,5,0.0,0.0,0.0,0.5372927804483579,0,0
CLI-00629,Celia Guillermina Rendón,Desempleado,2085.8,Alto,2025-12-26,3040.63,10,0.0,0.0,0.0,1.4570778225033543,0,0
CLI-00630,Miguel Rufino Alva Arroyo,Empresario / Comerciante,178668.14,Alto,2024-07-26,121800.19,4,0.0,0.0,0.0,0.6817080442655066,2,0
CLI-00631,Lic. Esteban Gollum,Estudiante,2364.95,Bajo,2023-11-09,2448.44,6,0.0,0.0,0.0,1.0348654874363366,0,0
CLI-00632,Ing. Verónica Montalvo,Empresario / Comerciante,219459.71,Alto,2024-12-16,124803.54000000001,3,0.0,0.0,0.0,0.5686828407690835,2,0
CLI-00633,Miguel Narváez,Empresario / Comerciante,187219.5,Alto,2024-04-10,198675.91999999998,8,0.0,0.0,0.0,1.0611867824303427,2,0
CLI-00634,Yuridia Piña,Empresario / Comerciante,192480.26,Alto,2024-08-24,120481.06,4,0.0,0.0,0.0,0.6259365716953432,2,0
CLI-00635,Luis Miguel Miguel Salcedo,Empresario / Comerciante,64698.14,Alto,2025-03-14,32922.53,5,0.0,0.0,0.0,0.508855759133738,0,0
CLI-00636,Irma Itzel Moya Calderón,Estudiante,3932.67,Bajo,2026-01-27,5206.86,8,0.0,0.0,0.0,1.3236646693799936,0,0
CLI-00637,Jonás Bahena Barrera,Empleado Sector Privado,14167.51,Medio,2025-06-26,16723.96,7,0.0,0.0,0.0,1.1803612377024824,0,0
CLI-00638,Carlos Claudio Gil,Profesionista Independiente,43094.29,Medio,2025-01-03,29479.0,3,0.0,0.0,0.0,0.6840422700485366,0,0
CLI-00639,Margarita Espino Gómez,Jubilado,12128.63,Bajo,2024-11-07,11527.69,6,0.0,0.0,0.0,0.9503744137290256,0,0
CLI-00640,Ramón Quiñones Valentín,Profesionista Independiente,32140.7,Medio,2026-03-17,24026.57,7,0.0,0.0,0.0,0.7475201996160751,0,0
CLI-00641,Manuel Rodolfo Longoria,Jubilado,11897.24,Bajo,2023-08-01,9006.97,7,0.0,0.0,0.0,0.7570001949868216,0,0
CLI-00642,Manuel Gilberto Cadena Mascareñas,Empresario / Comerciante,151110.21,Alto,2025-12-01,306990.25,10,0.0,0.0,0.0,2.0315517955286047,2,1
CLI-00643,Wilfrido Alvaro Alejandro,Empresario / Comerciante,69835.69,Alto,2025-11-21,102686.38,9,0.0,0.0,0.0,1.470378679172796,0,0
CLI-00644,Lic. Ariadna Vanegas,Desempleado,457.66,Alto,2025-09-22,1028.62,9,0.0,0.0,0.0,2.242663410805389,0,1
CLI-00645,Dr. José Emilio Garica,Desempleado,2603.67,Alto,2024-08-12,2127.43,6,0.0,0.0,0.0,0.8167752536789689,0,0
CLI-00646,Eugenio Luis Miguel Arellano Patiño,Jubilado,14370.92,Bajo,2023-10-21,19110.9,8,0.0,0.0,0.0,1.329738824040212,0,0
CLI-00647,Aurelio Aldo Rivas,Empleado Sector Privado,26192.31,Medio,2024-01-25,26514.93,7,0.0,0.0,0.0,1.0122787078074515,0,0
CLI-00648,Miguel Ángel Serna,Empleado Sector Privado,25655.85,Medio,2024-11-14,30863.39,6,0.0,0.0,0.0,1.202929821860439,0,0
CLI-00649,Sr. Elias Barraza,Empresario / Comerciante,129746.04,Alto,2025-05-07,155361.11000000002,7,0.0,0.0,0.0,1.1974154477820844,2,0
CLI-00650,Sr. Gabino Aponte,Desempleado,380.34,Alto,2023-09-24,521.83,5,0.0,0.0,0.0,1.3684113914092413,0,0
CLI-00651,Nicolás Marco Antonio Vanegas,Empresario / Comerciante,112504.71,Alto,2025-05-20,74263.48999999999,7,0.0,0.0,0.0,0.6600864080587553,0,0
CLI-00652,Alicia Andrea Puga,Profesionista Independiente,31843.55,Medio,2024-09-08,31256.089999999997,9,0.0,0.0,0.0,0.9815208567871111,0,0
CLI-00653,Emilia Ilse Ibarra Villarreal,Empleado Sector Privado,34665.09,Medio,2025-02-26,36549.55,9,0.0,0.0,0.0,1.054331480706362,0,0
CLI-00654,Sr. Genaro Narváez,Empresario / Comerciante,63426.66,Alto,2025-10-24,88129.46,8,0.0,0.0,0.0,1.3894483889205436,0,0
CLI-00655,Amador Villalpando Granados,Estudiante,2559.38,Bajo,2025-02-20,3166.71,6,0.0,0.0,0.0,1.236812504393879,0,0
CLI-00656,Sra. Socorro Gaytán,Estudiante,6467.53,Bajo,2024-07-31,10553.65,9,0.0,0.0,0.0,1.631537613646377,0,0
CLI-00657,María Luisa Balderas,Profesionista Independiente,51529.62,Medio,2024-02-04,32291.0,5,0.0,0.0,0.0,0.6266371334169858,0,0
CLI-00658,Helena de la Rosa,Jubilado,5779.75,Bajo,2024-10-02,3577.56,4,0.0,0.0,0.0,0.6188747134887341,0,0
CLI-00659,Lilia Galarza Alfaro,Jubilado,12301.88,Bajo,2026-02-03,15648.5,7,0.0,0.0,0.0,1.2719379527395211,0,0
CLI-00660,Gabriel Balderas,Desempleado,488.93,Alto,2024-01-29,540.05,4,0.0,0.0,0.0,1.102300328618374,0,0
CLI-00661,Sergio Ayala Prieto,Profesionista Independiente,54312.33,Medio,2025-11-23,24571.6,4,0.0,0.0,0.0,0.4524045938630535,0,0
CLI-00662,Carlos Gerónimo Muñoz,Empresario / Comerciante,223618.43,Alto,2024-06-24,278323.46,9,0.0,0.0,0.0,1.2446300395274241,2,0
CLI-00663,Carmen Cervántez,Desempleado,205.78,Alto,2025-02-12,450.53,5,0.0,0.0,0.0,2.1787890511654897,0,1
CLI-00664,Isaac Nevárez Menchaca,Profesionista Independiente,42018.45,Medio,2024-10-27,28099.32,4,0.0,0.0,0.0,0.6687217467149142,0,0
CLI-00665,Ing. Alonso Alcaraz,Profesionista Independiente,19662.03,Medio,2024-03-18,19361.7,6,0.0,0.0,0.0,0.9846753018227609,0,0
CLI-00666,Ing. Esteban Guardado,Jubilado,7765.6,Bajo,2023-10-28,11100.12,8,0.0,0.0,0.0,1.429212267916463,0,0
CLI-00667,Srita. Teresa Tórrez,Desempleado,1928.76,Alto,2025-12-05,1818.06,8,0.0,0.0,0.0,0.9421171544648039,0,0
CLI-00668,Susana Alicia Pedraza,Estudiante,4100.68,Bajo,2025-08-06,4606.69,7,0.0,0.0,0.0,1.123122720446256,0,0
CLI-00669,Sonia Rosa Sanches,Jubilado,9778.29,Bajo,2025-04-17,14761.380000000001,10,0.0,0.0,0.0,1.5094531402586486,0,0
CLI-00670,Gregorio Báez Roque,Profesionista Independiente,40834.5,Medio,2025-01-09,57260.19,10,0.0,0.0,0.0,1.402215964050887,0,0
CLI-00671,Delia Aldonza Rangel,Empresario / Comerciante,219031.03,Alto,2025-10-28,282361.07,9,0.0,0.0,0.0,1.28913141151091,2,0
CLI-00672,Elsa Ángela Venegas Vigil,Jubilado,12976.45,Bajo,2026-05-19,5496.29,3,0.0,0.0,0.0,0.42352619351259296,0,0
CLI-00673,Dr. Gerónimo Espinosa,Desempleado,2226.96,Alto,2026-05-26,1517.28,6,0.0,0.0,0.0,0.6810176125244618,0,0
CLI-00674,Araceli Zoé Gálvez,Jubilado,17078.1,Bajo,2023-10-17,27253.0,8,0.0,0.0,0.0,1.595692981480289,0,0
CLI-00675,Srita. Esmeralda Hernádez,Desempleado,1069.79,Alto,2025-11-23,1519.16,7,0.0,0.0,0.0,1.4187282286909666,0,0
CLI-00676,Pilar Carla Molina,Empleado Sector Privado,21017.92,Medio,2024-11-01,16808.87,7,0.0,0.0,0.0,0.7997018876326663,0,0
CLI-00677,Sra. Liliana Reyes,Profesionista Independiente,56469.19,Medio,2024-10-12,51258.479999999996,8,0.0,0.0,0.0,0.9077086512370508,0,0
CLI-00678,Julio Gregorio Lomeli,Profesionista Independiente,15274.76,Medio,2026-03-22,3591.18,3,0.0,0.0,0.0,0.23509010353658344,0,0
CLI-00679,Florencia Aldonza Cabán,Empleado Sector Privado,30688.6,Medio,2026-05-29,25625.08,6,0.0,0.0,0.0,0.8349760179344143,0,0
CLI-00680,Pedro Romero,Empresario / Comerciante,63917.08,Alto,2025-03-26,82556.32,9,0.0,0.0,0.0,1.2915957425504647,0,0
CLI-00681,Mayte Catalina Salcido,Desempleado,2532.69,Alto,2023-09-13,1196.74,3,0.0,0.0,0.0,0.47233086920657225,0,0
CLI-00682,Tania Mayte Ordóñez Guerrero,Estudiante,2550.55,Bajo,2024-03-18,1927.01,5,0.0,0.0,0.0,0.7552311340165782,0,0
CLI-00683,Francisco Javier Raúl Casas,Jubilado,7796.73,Bajo,2024-06-29,2886.86,5,0.0,0.0,0.0,0.3702179993408338,0,0
CLI-00684,Esparta Munguía,Empresario / Comerciante,140729.16,Alto,2024-02-26,208264.48,10,0.0,0.0,0.0,1.4798851930531451,2,0
CLI-00685,Sr. Iván Posada,Empleado Sector Privado,24211.75,Medio,2026-04-17,23829.84,7,0.0,0.0,0.0,0.984185604691743,0,0
CLI-00686,Ing. Jaqueline Galván,Desempleado,1297.53,Alto,2024-04-25,717.45,4,0.0,0.0,0.0,0.5525093759866927,0,0
CLI-00687,Jonás Lomeli,Jubilado,12750.91,Bajo,2023-07-07,6620.8099999999995,5,0.0,0.0,0.0,0.5192014372748867,0,0
CLI-00688,Concepción Concepción,Estudiante,2933.48,Bajo,2025-05-20,4672.62,8,0.0,0.0,0.0,1.592316185491126,0,0
CLI-00689,Ricardo Saavedra,Jubilado,5646.91,Bajo,2024-09-06,2950.57,4,0.0,0.0,0.0,0.522418027199442,0,0
CLI-00690,Roberto Rolando Meraz Zambrano,Estudiante,3632.62,Bajo,2025-08-10,1543.85,3,0.0,0.0,0.0,0.42487932144803253,0,0
CLI-00691,Reynaldo Uriel Santana Lemus,Desempleado,1696.06,Alto,2024-06-12,746.0,3,0.0,0.0,0.0,0.4395837507218366,0,0
CLI-00692,Mayte María Cristina Solorzano Casas,Jubilado,10746.57,Bajo,2024-03-17,8832.74,5,0.0,0.0,0.0,0.8218360057203629,0,0
CLI-00693,Alvaro Teodoro Rascón Preciado,Profesionista Independiente,24700.6,Medio,2024-08-15,13392.31,3,0.0,0.0,0.0,0.5421636655115458,0,0
CLI-00694,Dra. Asunción Alcala,Jubilado,6479.63,Bajo,2026-01-16,9345.81,9,0.0,0.0,0.0,1.4421144240606236,0,0
CLI-00695,Emiliano Gómez Limón,Empresario / Comerciante,72177.95,Alto,2025-06-24,105626.17,7,0.0,0.0,0.0,1.4633929975429125,0,0
CLI-00696,Lucas Carlos Almaraz del Valle,Desempleado,2713.95,Alto,2025-09-03,2950.0,7,0.0,0.0,0.0,1.086576180040148,0,0
CLI-00697,Aurora Georgina Alarcón Feliciano,Empresario / Comerciante,155386.82,Alto,2025-06-11,132458.76,5,0.0,0.0,0.0,0.8524397858210508,2,0
CLI-00698,Isabel Salinas Gálvez,Profesionista Independiente,17043.78,Medio,2023-11-23,22333.66,8,0.0,0.0,0.0,1.3102932393377915,0,0
CLI-00699,Victoria Ofelia Mercado Granados,Empresario / Comerciante,246889.13,Alto,2024-04-10,155580.40999999997,5,0.0,0.0,0.0,0.630160509049106,2,0
CLI-00700,Luis Otero,Estudiante,2046.12,Bajo,2024-09-07,414.08000000000004,3,0.0,0.0,0.0,0.20227441478760408,0,0
CLI-00701,Leonor Centeno,Profesionista Independiente,57539.58,Medio,2025-11-08,28132.0,4,0.0,0.0,0.0,0.4889071330181239,0,0
CLI-00702,Omar Aranda Fajardo,Empleado Sector Privado,37217.31,Medio,2025-06-08,21209.19,5,0.0,0.0,0.0,0.5698590290639204,0,0
CLI-00703,Teresa Aurora Soto Carranza,Profesionista Independiente,29765.51,Medio,2024-04-20,12735.41,3,0.0,0.0,0.0,0.42784357319685784,0,0
CLI-00704,Ofelia Saldivar Aguilera,Estudiante,4984.31,Bajo,2025-11-08,3164.26,3,0.0,0.0,0.0,0.6347167979523841,0,0
CLI-00705,Estela Cabán Ureña,Empresario / Comerciante,85138.96,Alto,2023-10-30,84434.24,5,0.0,0.0,0.0,0.9917110602354053,0,0
CLI-00706,Abel Amador Arreola,Empresario / Comerciante,156516.47,Alto,2024-05-04,177756.68,7,0.0,0.0,0.0,1.1356986539585645,2,0
CLI-00707,Dra. Elsa Pedraza,Empleado Sector Privado,28508.66,Medio,2025-05-18,15135.8,3,0.0,0.0,0.0,0.5309007543408094,0,0
CLI-00708,Hugo Timoteo Aguirre,Desempleado,3224.8,Alto,2026-05-31,1483.75,3,0.0,0.0,0.0,0.4599634199268398,0,0
CLI-00709,Patricio Vélez Leal,Estudiante,4382.43,Bajo,2024-07-12,5340.389999999999,8,0.0,0.0,0.0,1.2183130562139692,0,0
CLI-00710,Mercedes Sanabria,Desempleado,169.21,Alto,2024-02-07,553.27,8,0.0,0.0,0.0,3.2505140708536513,0,1
CLI-00711,Ignacio Hernádez,Estudiante,4758.53,Bajo,2024-05-04,3167.13,6,0.0,0.0,0.0,0.6654291495168642,0,0
CLI-00712,Martín Puente,Estudiante,7172.66,Bajo,2025-05-14,8447.529999999999,8,0.0,0.0,0.0,1.1775760211663222,0,0
CLI-00713,Úrsula Cisneros Avilés,Jubilado,10580.7,Bajo,2025-01-14,8567.92,3,0.0,0.0,0.0,0.809692204466201,0,0
CLI-00714,Elvira María Luisa Cervantes,Empresario / Comerciante,191899.79,Alto,2024-07-09,59026.41,3,0.0,0.0,0.0,0.3075881553171303,2,0
CLI-00715,Srita. Pamela Abreu,Empresario / Comerciante,107903.04,Alto,2025-09-05,36548.75,4,0.0,0.0,0.0,0.3387153066743377,0,0
CLI-00716,Esperanza Colunga Jaramillo,Empresario / Comerciante,54171.31,Alto,2023-09-15,74674.2,9,0.0,0.0,0.0,1.3784570013721031,0,0
CLI-00717,Jaime Noriega,Profesionista Independiente,22734.29,Medio,2024-06-26,21371.62,7,0.0,0.0,0.0,0.9400196786581565,0,0
CLI-00718,Isabel Sanches Tafoya,Jubilado,10981.26,Bajo,2024-08-27,4066.19,3,0.0,0.0,0.0,0.3702507498456602,0,0
CLI-00719,Ing. Genaro Carvajal,Desempleado,3679.08,Alto,2023-09-21,4459.72,7,0.0,0.0,0.0,1.2118540901284756,0,0
CLI-00720,Sra. Gabriela Zúñiga,Estudiante,4620.27,Bajo,2026-04-18,5195.48,7,0.0,0.0,0.0,1.1242537224615743,0,0
CLI-00721,Julio César Ulibarri Olivo,Estudiante,3459.9,Bajo,2025-05-06,3504.33,6,0.0,0.0,0.0,1.0125487589933253,0,0
CLI-00722,Jonás Gilberto Jáquez,Jubilado,10205.85,Bajo,2024-03-13,5654.41,5,0.0,0.0,0.0,0.5539818847146769,0,0
CLI-00723,Sr. Pablo Bustos,Estudiante,4374.6,Bajo,2024-02-23,1245.01,3,0.0,0.0,0.0,0.2845346923850443,0,0
CLI-00724,Mercedes Castellanos,Profesionista Independiente,48561.22,Medio,2026-03-23,27008.51,8,0.0,0.0,0.0,0.5561630007853842,0,0
CLI-00725,Sra. Jaqueline Tello,Empleado Sector Privado,22991.26,Medio,2025-04-30,22103.19,4,0.0,0.0,0.0,0.9613317699086562,0,0
CLI-00726,Alfonso Hernán Gastélum Maldonado,Empleado Sector Privado,14520.52,Medio,2025-05-26,18555.8,7,0.0,0.0,0.0,1.2778138927605374,0,0
CLI-00727,Gilberto Samuel Parra Madrigal,Desempleado,456.11,Alto,2024-04-16,919.36,8,0.0,0.0,0.0,2.0112445582026206,0,1
CLI-00728,Alta  Gracia Elena Espinoza Arenas,Jubilado,7520.75,Bajo,2025-09-26,9135.08,8,0.0,0.0,0.0,1.2144886495828764,0,0
CLI-00729,Catalina Adriana Heredia,Profesionista Independiente,30799.49,Medio,2023-11-22,22556.0,6,0.0,0.0,0.0,0.7323260116965671,0,0
CLI-00730,Felix Gustavo Bermúdez,Desempleado,3260.15,Alto,2025-10-15,4503.9800000000005,9,0.0,0.0,0.0,1.3811017585820953,0,0
CLI-00731,Alta  Gracia Santillán de Anda,Empleado Sector Privado,15392.55,Medio,2024-04-04,15680.49,8,0.0,0.0,0.0,1.018640274660491,0,0
CLI-00732,Carmen Guadalupe Camacho,Profesionista Independiente,23877.23,Medio,2023-12-17,19868.62,7,0.0,0.0,0.0,0.8320809373224062,0,0
CLI-00733,Virginia Benavides Preciado,Jubilado,6987.31,Bajo,2024-08-28,6699.03,6,0.0,0.0,0.0,0.9586051563253489,0,0
CLI-00734,Andrés Mauro Portillo,Desempleado,301.41,Alto,2023-08-11,845.66,9,0.0,0.0,0.0,2.796402235375814,0,1
CLI-00735,Paola Ilse Chavarría Córdova,Desempleado,1976.47,Alto,2024-12-27,859.48,4,0.0,0.0,0.0,0.4346361765285946,0,0
CLI-00736,Teresa Cardona Carbajal,Jubilado,14878.4,Bajo,2026-01-23,10743.45,4,0.0,0.0,0.0,0.7220351627081738,0,0
CLI-00737,Cristian Daniel Godínez,Empresario / Comerciante,186226.7,Alto,2023-08-26,143398.14,4,0.0,0.0,0.0,0.7700150944247285,2,0
CLI-00738,Teodoro Camarillo,Jubilado,13358.89,Bajo,2026-02-25,12732.71,6,0.0,0.0,0.0,0.9530550026983755,0,0
CLI-00739,Bernardo Ybarra,Jubilado,9201.71,Bajo,2025-02-16,4293.09,3,0.0,0.0,0.0,0.4665028018920514,0,0
CLI-00740,Martha Murillo Sanches,Desempleado,1264.56,Alto,2024-04-28,2205.07,9,0.0,0.0,0.0,1.7423670153923956,0,0
CLI-00741,Dr. Jesús Valverde,Empresario / Comerciante,63657.25,Alto,2024-04-28,27407.77,3,0.0,0.0,0.0,0.43054545168929403,0,0
CLI-00742,Marcela Clara Vera,Empresario / Comerciante,176277.02,Alto,2024-09-26,127835.19,4,0.0,0.0,0.0,0.7251907526531102,2,0
CLI-00743,Oswaldo Alcántar,Profesionista Independiente,41613.89,Medio,2023-10-31,37919.84,6,0.0,0.0,0.0,0.9112084640858116,0,0
CLI-00744,Linda Itzel Aguirre Posada,Profesionista Independiente,37830.16,Medio,2025-12-25,22556.379999999997,5,0.0,0.0,0.0,0.5962381275118182,0,0
CLI-00745,Florencia Mascareñas Arreola,Profesionista Independiente,35778.41,Medio,2025-03-10,48153.4,9,0.0,0.0,0.0,1.345841085697053,0,0
CLI-00746,Guillermo Aparicio,Estudiante,2341.34,Bajo,2025-07-08,865.06,3,0.0,0.0,0.0,0.36931444623752313,0,0
CLI-00747,Rosario Yolanda Niño Jasso,Profesionista Independiente,18452.9,Medio,2024-06-14,17407.38,5,0.0,0.0,0.0,0.9432900362524994,0,0
CLI-00748,Lic. Abel Batista,Estudiante,5690.05,Bajo,2025-03-08,3462.13,6,0.0,0.0,0.0,0.6083464387063898,0,0
CLI-00749,Gabino José Emilio Urías,Jubilado,9998.27,Bajo,2024-08-06,6487.74,3,0.0,0.0,0.0,0.648821363959569,0,0
CLI-00750,Abigail Vallejo Grijalva,Jubilado,12206.11,Bajo,2025-06-13,3636.04,3,0.0,0.0,0.0,0.2978624752295998,0,0
CLI-00751,Dr. Abelardo Maestas,Desempleado,3583.51,Alto,2025-12-06,4809.62,6,0.0,0.0,0.0,1.3417789321274036,0,0
CLI-00752,Ing. Fabiola Zamora,Empresario / Comerciante,231809.99,Alto,2025-12-19,346386.13,9,0.0,0.0,0.0,1.494261035682562,2,0
CLI-00753,Alfredo Gonzalo Santana Maya,Jubilado,13473.89,Bajo,2024-11-24,5906.27,3,0.0,0.0,0.0,0.4383167506376676,0,0
CLI-00754,Concepción Partida,Profesionista Independiente,42225.26,Medio,2025-12-05,49047.95,9,0.0,0.0,0.0,1.16155089273831,0,0
CLI-00755,Ing. Sonia Gil,Jubilado,6961.19,Bajo,2025-12-02,8747.74,10,0.0,0.0,0.0,1.2564638425552879,0,0
CLI-00756,Anel Amalia Arredondo,Estudiante,4703.14,Bajo,2025-05-11,3970.3199999999997,5,0.0,0.0,0.0,0.8440054930337957,0,0
CLI-00757,Aurora Elizondo,Profesionista Independiente,59207.35,Medio,2025-03-03,74566.53,8,0.0,0.0,0.0,1.2593921296573878,0,0
CLI-00758,Luis Marcos Apodaca,Estudiante,5027.29,Bajo,2024-10-24,4952.07,8,0.0,0.0,0.0,0.984841765291978,0,0
CLI-00759,Víctor Pabón Olivas,Empleado Sector Privado,13291.69,Medio,2024-05-26,21057.120000000003,10,0.0,0.0,0.0,1.5841127717565069,0,0
CLI-00760,Jorge Luis Maldonado,Desempleado,1751.03,Alto,2023-08-07,1719.52,6,0.0,0.0,0.0,0.9814443816601314,0,0
CLI-00761,Lic. Ofelia Vanegas,Empresario / Comerciante,154813.71,Alto,2026-02-05,151369.93,5,0.0,0.0,0.0,0.977749013643471,2,0
CLI-00762,Amalia Briones,Jubilado,7063.7,Bajo,2025-01-12,4275.8099999999995,6,0.0,0.0,0.0,0.605235891120642,0,0
CLI-00763,Mónica Mercedes Sisneros Flores,Profesionista Independiente,56307.16,Medio,2024-12-29,32610.64,4,0.0,0.0,0.0,0.5791458999903388,0,0
CLI-00764,Alma Yeni Garica,Empresario / Comerciante,131753.88,Alto,2024-06-13,110273.92,8,0.0,0.0,0.0,0.8369626992184274,2,0
CLI-00765,Teresa Inés Olvera Oquendo,Profesionista Independiente,45550.4,Medio,2023-10-05,24701.4,6,0.0,0.0,0.0,0.5422753197486795,0,0
CLI-00766,Marcela Conchita Llamas Cordero,Estudiante,6735.36,Bajo,2025-02-24,5683.17,6,0.0,0.0,0.0,0.8436559210018467,0,0
CLI-00767,Sra. Fabiola Zamudio,Desempleado,1338.6,Alto,2025-02-09,1411.02,6,0.0,0.0,0.0,1.0533144222155868,0,0
CLI-00768,Dra. Cecilia Jiménez,Profesionista Independiente,19252.77,Medio,2024-07-02,31642.11,8,0.0,0.0,0.0,1.6434241190166912,0,0
CLI-00769,Leonor Dulce María Ureña Estévez,Desempleado,1546.26,Alto,2023-08-27,2086.94,7,0.0,0.0,0.0,1.3487972286493544,0,0
CLI-00770,Srita. Olga Ordóñez,Profesionista Independiente,47568.01,Medio,2025-07-06,48451.85,8,0.0,0.0,0.0,1.0185591417605706,0,0
CLI-00771,Lic. Abigail Mercado,Desempleado,3857.64,Alto,2025-04-21,5147.59,9,0.0,0.0,0.0,1.334042564219518,0,0
CLI-00772,Rosario González Aguirre,Jubilado,16352.64,Bajo,2024-03-18,13088.1,8,0.0,0.0,0.0,0.8003172382417615,0,0
CLI-00773,Dr. Isaac Maestas,Profesionista Independiente,18667.59,Medio,2025-10-29,19889.67,9,0.0,0.0,0.0,1.0654082606131474,0,0
CLI-00774,Octavio Gonzalo Bravo,Desempleado,565.71,Alto,2024-11-21,707.89,5,0.0,0.0,0.0,1.249122125955074,0,0
CLI-00775,Pilar Estela Hurtado del Río,Profesionista Independiente,28960.43,Medio,2023-07-21,49295.229999999996,10,0.0,0.0,0.0,1.7020993093227785,0,0
CLI-00776,Evelio Ureña,Desempleado,2793.92,Alto,2025-10-21,2984.55,7,0.0,0.0,0.0,1.0678480958310077,0,0
CLI-00777,Yeni Carla Lugo Salcido,Empresario / Comerciante,75790.33,Alto,2025-12-10,41865.700000000004,7,0.0,0.0,0.0,0.5523811232762376,0,0
CLI-00778,Ing. Cornelio Orosco,Desempleado,3752.01,Alto,2025-02-05,4271.51,7,0.0,0.0,0.0,1.1381557736323644,0,0
CLI-00779,Vicente José Eduardo Trejo Ordóñez,Profesionista Independiente,40151.49,Medio,2023-08-14,75193.81,10,0.0,0.0,0.0,1.8727060264506634,0,1
CLI-00780,Dra. Rocío Quintana,Desempleado,3166.65,Alto,2026-04-10,868.3399999999999,3,0.0,0.0,0.0,0.27412750777390177,0,0
CLI-00781,Oswaldo Lemus Figueroa,Empleado Sector Privado,34113.84,Medio,2024-12-03,41769.81,7,0.0,0.0,0.0,1.2243882720833514,0,0
CLI-00782,Carlota Araceli Gamez Olmos,Desempleado,3988.66,Alto,2024-03-31,4677.85,7,0.0,0.0,0.0,1.1724933954271795,0,0
CLI-00783,Anel Garay Uribe,Jubilado,6214.89,Bajo,2023-07-10,6835.79,7,0.0,0.0,0.0,1.0997282770447996,0,0
CLI-00784,Abigail Feliciano Anaya,Desempleado,1693.63,Alto,2023-08-06,3290.32,10,0.0,0.0,0.0,1.9416155739010876,0,1
CLI-00785,Amalia Muro Caldera,Profesionista Independiente,15820.37,Medio,2023-11-29,10447.64,5,0.0,0.0,0.0,0.6603498938461081,0,0
CLI-00786,Paola Citlali Matos,Profesionista Independiente,23111.83,Medio,2023-08-14,27672.13,7,0.0,0.0,0.0,1.1972627324304292,0,0
CLI-00787,Guadalupe Yeni Collazo Parra,Empleado Sector Privado,23277.17,Medio,2026-04-02,20265.51,5,0.0,0.0,0.0,0.8705800327087567,0,0
CLI-00788,Hermelinda Georgina Ramos Galindo,Empresario / Comerciante,88401.05,Alto,2023-12-17,57668.979999999996,4,0.0,0.0,0.0,0.6523488991488319,0,0
CLI-00789,Jorge Luis José Manuél Orosco Rodarte,Empleado Sector Privado,17113.19,Medio,2025-05-19,19344.37,9,0.0,0.0,0.0,1.130311747152509,0,0
CLI-00790,Dr. Diego Cisneros,Profesionista Independiente,52999.28,Medio,2024-10-18,52175.630000000005,6,0.0,0.0,0.0,0.9844406482380849,0,0
CLI-00791,Débora Cantú Carranza,Estudiante,5046.14,Bajo,2025-07-27,8203.69,9,0.0,0.0,0.0,1.6254136005737903,0,0
CLI-00792,Ing. Hernán Fuentes,Jubilado,15856.56,Bajo,2025-05-19,27183.45,9,0.0,0.0,0.0,1.7142265266535333,0,0
CLI-00793,Srita. Abigail Ulibarri,Jubilado,5490.72,Bajo,2025-10-27,6110.52,7,0.0,0.0,0.0,1.1126787236057192,0,0
CLI-00794,Dr. Marco Antonio Acosta,Profesionista Independiente,54437.67,Medio,2024-07-19,37969.51,4,0.0,0.0,0.0,0.6974731381203839,0,0
CLI-00795,Ramiro Ignacio Quintana,Jubilado,6703.64,Bajo,2026-03-14,5266.32,6,0.0,0.0,0.0,0.7854739404352805,0,0
CLI-00796,María Luisa Amelia Zambrano,Empresario / Comerciante,80850.55,Alto,2023-10-05,108519.21,9,0.0,0.0,0.0,1.3422032106991146,0,0
CLI-00797,Gabriela Alcántar,Empleado Sector Privado,39434.39,Medio,2023-08-27,46798.67,10,0.0,0.0,0.0,1.186717565110932,0,0
CLI-00798,Georgina Lovato Gamboa,Jubilado,15517.57,Bajo,2023-11-05,6035.53,3,0.0,0.0,0.0,0.38892307731962417,0,0
CLI-00799,Juana Hernández Paz,Empleado Sector Privado,35799.04,Medio,2025-02-09,54155.31,8,0.0,0.0,0.0,1.512716466238585,0,0
CLI-00800,Natalia Hilda Rael Maldonado,Estudiante,4465.15,Bajo,2023-12-23,6255.04,10,0.0,0.0,0.0,1.4005440927868522,0,0
CLI-00801,Rosalia Valle Patiño,Desempleado,2878.34,Alto,2025-04-17,3364.24,8,0.0,0.0,0.0,1.168406648745893,0,0
CLI-00802,Martha Terrazas Lovato,Empresario / Comerciante,172119.08,Alto,2023-06-20,144090.44,7,0.0,0.0,0.0,0.8371506683008747,2,0
CLI-00803,Benito Guillermo Olivárez Carrillo,Desempleado,3135.2,Alto,2023-11-15,3652.16,7,0.0,0.0,0.0,1.1645175690325873,0,0
CLI-00804,Juana Coronado,Empleado Sector Privado,29622.37,Medio,2024-02-25,44424.9,7,0.0,0.0,0.0,1.4996571963284395,0,0
CLI-00805,Juan Carlos Solorzano,Profesionista Independiente,58451.85,Medio,2025-10-29,53714.549999999996,6,0.0,0.0,0.0,0.9189380842850262,0,0
CLI-00806,Oswaldo Homero Ceballos,Empresario / Comerciante,230794.87,Alto,2025-11-27,209519.22999999998,5,0.0,0.0,0.0,0.9078118685572666,2,0
CLI-00807,Maximiliano Mejía,Empleado Sector Privado,24138.75,Medio,2023-10-28,8430.52,3,0.0,0.0,0.0,0.34923808241593224,0,0
CLI-00808,Ing. Amanda Rosales,Jubilado,17797.72,Bajo,2026-06-07,22480.16,7,0.0,0.0,0.0,1.2630211610722568,0,0
CLI-00809,Jorge Iván Collado Aparicio,Empresario / Comerciante,203887.71,Alto,2026-02-05,177147.49,6,0.0,0.0,0.0,0.8688440375143871,2,0
CLI-00810,Ing. Asunción Delgadillo,Empresario / Comerciante,150581.34,Alto,2025-07-25,159148.49,5,0.0,0.0,0.0,1.0568868168737449,2,0
CLI-00811,Rodrigo Cornejo,Empresario / Comerciante,243253.63,Alto,2025-08-29,171946.99,4,0.0,0.0,0.0,0.7068600914194315,2,0
CLI-00812,Adalberto Benito Valles,Empleado Sector Privado,38441.55,Medio,2023-06-15,14414.82,6,0.0,0.0,0.0,0.37497044290766346,0,0
CLI-00813,Alonso Gerónimo Cantú Cadena,Empleado Sector Privado,40809.06,Medio,2024-04-07,16521.68,5,0.0,0.0,0.0,0.4048433155942432,0,0
CLI-00814,Anel Carrera Sauceda,Estudiante,5847.07,Bajo,2024-07-24,8494.7,10,0.0,0.0,0.0,1.4525646922830953,0,0
CLI-00815,Lic. Jonás Montes,Profesionista Independiente,39954.33,Medio,2025-07-02,34317.98,7,0.0,0.0,0.0,0.8589086862753981,0,0
CLI-00816,Emiliano Renato Guardado Galarza,Estudiante,6268.41,Bajo,2023-08-03,6751.58,8,0.0,0.0,0.0,1.0769083534176263,0,0
CLI-00817,Dr. Enrique Magaña,Jubilado,16065.16,Bajo,2024-09-26,13447.09,9,0.0,0.0,0.0,0.836982203588163,0,0
CLI-00818,Enrique Javier Tamayo,Profesionista Independiente,18774.38,Medio,2025-10-24,16411.19,5,0.0,0.0,0.0,0.8740803115569431,0,0
CLI-00819,Dra. Guillermina Rael,Empleado Sector Privado,21002.11,Medio,2025-11-22,20658.3,9,0.0,0.0,0.0,0.9835829074837011,0,0
CLI-00820,Ing. Óscar Valenzuela,Jubilado,6915.53,Bajo,2024-12-27,8996.0,7,0.0,0.0,0.0,1.3006522056580396,0,0
CLI-00821,Bernabé Pantoja Sisneros,Empresario / Comerciante,68342.71,Alto,2025-08-20,41162.99,6,0.0,0.0,0.0,0.6022937590013769,0,0
CLI-00822,Mateo Vanegas,Empleado Sector Privado,38951.21,Medio,2025-06-26,65520.83,9,0.0,0.0,0.0,1.6820824800441363,0,0
CLI-00823,Salma Barbara Salas Aguirre,Profesionista Independiente,56871.24,Medio,2023-09-21,52714.42,7,0.0,0.0,0.0,0.9268919247773606,0,0
CLI-00824,Ing. Judith Velásquez,Empresario / Comerciante,60651.38,Alto,2025-06-25,53264.22,5,0.0,0.0,0.0,0.8781884569080389,0,0
CLI-00825,Cristobal Adalberto Alcántar Maya,Jubilado,9861.5,Bajo,2026-04-21,13800.01,10,0.0,0.0,0.0,1.399240557667934,0,0
CLI-00826,Marco Antonio Jorge Mesa,Empresario / Comerciante,248905.07,Alto,2025-06-24,223621.53999999998,5,0.0,0.0,0.0,0.8984173829107501,2,0
CLI-00827,Ramón Hugo Montañez,Profesionista Independiente,25104.24,Medio,2025-06-26,38280.4,9,0.0,0.0,0.0,1.5247972136494214,0,0
CLI-00828,Srita. Catalina Abrego,Profesionista Independiente,56887.17,Medio,2025-01-16,112541.37,10,0.0,0.0,0.0,1.9782912686416174,0,1
CLI-00829,Ing. Pascual Alcaraz,Desempleado,2599.84,Alto,2025-12-09,3014.14,7,0.0,0.0,0.0,1.1589101982436443,0,0
CLI-00830,Hermelinda Débora Medrano Cano,Empleado Sector Privado,16540.79,Medio,2024-08-06,15548.11,8,0.0,0.0,0.0,0.9399291128710979,0,0
CLI-00831,Eloy Manzanares,Profesionista Independiente,56282.83,Medio,2025-09-13,38469.61,5,0.0,0.0,0.0,0.6834931098327885,0,0
CLI-00832,Germán Casas Viera,Empresario / Comerciante,189214.4,Alto,2024-04-02,294067.39,9,0.0,0.0,0.0,1.5541408891665267,2,0
CLI-00833,Gustavo Cornejo de León,Empleado Sector Privado,37041.76,Medio,2024-08-21,25084.87,4,0.0,0.0,0.0,0.6771868510877699,0,0
CLI-00834,Adela Clara Muro Paz,Empresario / Comerciante,139720.29,Alto,2025-02-02,136084.15,7,0.0,0.0,0.0,0.9739686056434205,2,0
CLI-00835,Enrique Raúl Rosas,Estudiante,7435.14,Bajo,2024-10-07,11528.9,8,0.0,0.0,0.0,1.5503877011460245,0,0
CLI-00836,Adriana Liliana Rentería Madrigal,Estudiante,3535.54,Bajo,2024-06-09,5538.679999999999,9,0.0,0.0,0.0,1.5661296069039228,0,0
CLI-00837,Rodrigo Jasso Sepúlveda,Empleado Sector Privado,30110.54,Medio,2023-09-23,52351.25,7,0.0,0.0,0.0,1.7385776350196636,0,0
CLI-00838,Guillermina Esparza,Desempleado,2435.52,Alto,2024-08-01,1822.9099999999999,4,0.0,0.0,0.0,0.7481613120351976,0,0
CLI-00839,Pascual Alonso Hernandes,Empresario / Comerciante,72237.37,Alto,2025-05-22,94004.36,9,0.0,0.0,0.0,1.3013078783477534,0,0
CLI-00840,Lic. Aldonza Ávila,Profesionista Independiente,25693.81,Medio,2026-05-03,33517.51,10,0.0,0.0,0.0,1.3044466956556597,0,0
CLI-00841,Augusto Nicolás Palomino Gaona,Estudiante,2286.5,Bajo,2024-06-30,3789.8,10,0.0,0.0,0.0,1.6567431693989072,0,0
CLI-00842,Héctor Leonardo Cepeda,Empresario / Comerciante,177790.35,Alto,2023-12-30,203405.46,6,0.0,0.0,0.0,1.1440683700303753,2,0
CLI-00843,Gilberto Alfonso Pulido,Jubilado,10942.48,Bajo,2025-02-26,24575.33,10,0.0,0.0,0.0,2.2456595159857744,0,1
CLI-00844,Sr. Abraham Sáenz,Estudiante,7020.13,Bajo,2026-05-04,9415.46,8,0.0,0.0,0.0,1.341017756401035,0,0
CLI-00845,Ing. Carlos Alvarado,Empresario / Comerciante,169347.81,Alto,2025-05-05,65801.13,4,0.0,0.0,0.0,0.38855383749079786,2,0
CLI-00846,Rubén José Emilio Ballesteros Ulibarri,Estudiante,5791.73,Bajo,2025-06-29,5325.15,5,0.0,0.0,0.0,0.919281582259142,0,0
CLI-00847,Srita. Asunción Alcántar,Jubilado,8145.2,Bajo,2024-10-09,2683.17,3,0.0,0.0,0.0,0.32937688738307436,0,0
CLI-00848,Camilo Mateo,Empleado Sector Privado,21611.98,Medio,2023-12-30,12677.710000000001,6,0.0,0.0,0.0,0.5865785282732877,0,0
CLI-00849,Estela Maya,Estudiante,5688.86,Bajo,2023-06-21,6307.6,6,0.0,0.0,0.0,1.1085685763797353,0,0
CLI-00850,Lic. Ángela Bustos,Empleado Sector Privado,30831.9,Medio,2025-12-14,8476.12,3,0.0,0.0,0.0,0.27490505271965987,0,0
CLI-00851,Rodrigo Isaac Valencia,Empleado Sector Privado,33924.25,Medio,2025-09-09,55575.11,10,0.0,0.0,0.0,1.638163609700739,0,0
CLI-00852,Ana María Cynthia Zavala,Estudiante,5140.91,Bajo,2024-10-04,4886.86,9,0.0,0.0,0.0,0.9503978093743375,0,0
CLI-00853,Humberto Jorge Luis Zedillo,Profesionista Independiente,18045.57,Medio,2025-05-24,6480.26,4,0.0,0.0,0.0,0.3590854106902309,0,0
CLI-00854,Jacinto Verdugo Villagómez,Jubilado,12073.07,Bajo,2026-03-27,14633.07,7,0.0,0.0,0.0,1.2119417893055118,0,0
CLI-00855,Karla Serna Mascareñas,Jubilado,12203.98,Bajo,2024-05-26,10283.98,4,0.0,0.0,0.0,0.8426052316349556,0,0
CLI-00856,Alejandra Perla Saldivar Gutiérrez,Empresario / Comerciante,224666.29,Alto,2024-12-29,154731.75,4,0.0,0.0,0.0,0.6887150773038656,2,0
CLI-00857,Elisa Camila Nieves,Estudiante,5814.02,Bajo,2023-09-02,7859.04,9,0.0,0.0,0.0,1.3515069595633376,0,0
CLI-00858,Frida Gaitán,Profesionista Independiente,26414.26,Medio,2024-12-09,28170.88,7,0.0,0.0,0.0,1.0664623403290372,0,0
CLI-00859,Lic. Eduardo Almaraz,Estudiante,4142.56,Bajo,2023-06-29,6503.37,7,0.0,0.0,0.0,1.5695126895712863,0,0
CLI-00860,María José Cristal Garibay,Estudiante,4068.81,Bajo,2025-02-08,3470.52,7,0.0,0.0,0.0,0.8527474255554928,0,0
CLI-00861,Elsa Guillen Contreras,Desempleado,2628.42,Alto,2023-10-12,3241.02,6,0.0,0.0,0.0,1.2325988240752712,0,0
CLI-00862,Sra. Linda Reyes,Estudiante,6629.01,Bajo,2023-12-09,8822.02,7,0.0,0.0,0.0,1.3306194108304512,0,0
CLI-00863,Ing. Antonio Mondragón,Desempleado,3026.72,Alto,2025-11-24,1744.49,4,0.0,0.0,0.0,0.5761728297200535,0,0
CLI-00864,Benjamín Reynaldo Montañez,Empleado Sector Privado,13463.08,Medio,2025-10-29,14817.220000000001,7,0.0,0.0,0.0,1.1004999970291325,0,0
CLI-00865,Alberto Marcos Gómez,Jubilado,9401.11,Bajo,2026-05-23,13599.27,7,0.0,0.0,0.0,1.446406179038535,0,0
CLI-00866,Lorenzo Medrano Toledo,Desempleado,700.36,Alto,2024-10-01,447.74,3,0.0,0.0,0.0,0.6383882742101061,0,0
CLI-00867,Gregorio Cervantes Roybal,Desempleado,1858.49,Alto,2025-06-25,2241.72,10,0.0,0.0,0.0,1.2055563622283527,0,0
CLI-00868,Ing. Patricio Valverde,Desempleado,1914.12,Alto,2023-07-20,1965.5,7,0.0,0.0,0.0,1.026306445549104,0,0
CLI-00869,Débora Adela Alarcón Lemus,Empleado Sector Privado,38779.42,Medio,2025-06-10,24204.54,6,0.0,0.0,0.0,0.6241433176845429,0,0
CLI-00870,Gabriela María Teresa Vanegas Arias,Estudiante,6296.27,Bajo,2025-09-28,2717.65,3,0.0,0.0,0.0,0.43156002521727665,0,0
CLI-00871,Flavio Concepción,Empresario / Comerciante,57396.76,Alto,2025-04-13,88542.9,10,0.0,0.0,0.0,1.5426194332322374,0,0
CLI-00872,Augusto Tejeda,Empleado Sector Privado,13445.61,Medio,2024-08-17,20011.14,8,0.0,0.0,0.0,1.4881921911916831,0,0
CLI-00873,Felix Esparza Coronado,Empleado Sector Privado,41231.08,Medio,2025-07-03,47769.880000000005,7,0.0,0.0,0.0,1.158561003956143,0,0
CLI-00874,Dr. Luis Miguel Zamudio,Profesionista Independiente,57001.69,Medio,2024-11-12,64462.39,9,0.0,0.0,0.0,1.1308657538793343,0,0
CLI-00875,Aida Cristal Montalvo Valencia,Jubilado,10176.91,Bajo,2024-04-22,6415.2,4,0.0,0.0,0.0,0.6303062220043211,0,0
CLI-00876,Miguel Ángel Montes,Jubilado,11154.2,Bajo,2026-01-11,13316.57,8,0.0,0.0,0.0,1.1937544822145725,0,0
CLI-00877,Rodrigo Valadez,Estudiante,6519.75,Bajo,2024-04-09,7467.33,5,0.0,0.0,0.0,1.1451642832496263,0,0
CLI-00878,Lucas Gilberto Meléndez,Empleado Sector Privado,21441.66,Medio,2025-06-20,14054.09,5,0.0,0.0,0.0,0.6554266121833765,0,0
CLI-00879,Socorro Gracia Montalvo,Estudiante,7194.79,Bajo,2024-05-27,4563.7300000000005,6,0.0,0.0,0.0,0.634222232722189,0,0
CLI-00880,Alejandro Lovato Correa,Profesionista Independiente,27294.75,Medio,2024-11-25,27214.74,6,0.0,0.0,0.0,0.9970321387029116,0,0
CLI-00881,Óscar Genaro Parra,Profesionista Independiente,34662.81,Medio,2023-07-31,63534.53,9,0.0,0.0,0.0,1.8328778631085274,0,1
CLI-00882,María Luisa Mondragón Soliz,Empresario / Comerciante,198661.54,Alto,2023-07-06,297250.26,10,0.0,0.0,0.0,1.4962572209134142,2,0
CLI-00883,Humberto Porfirio Botello Garrido,Empresario / Comerciante,117807.33,Alto,2024-12-07,214462.24,10,0.0,0.0,0.0,1.82043358054562,2,0
CLI-00884,José Jaime Padrón,Empleado Sector Privado,28374.71,Medio,2023-08-10,38987.33,10,0.0,0.0,0.0,1.3739684399086403,0,0
CLI-00885,Jaqueline Alta  Gracia Burgos,Empresario / Comerciante,123469.39,Alto,2025-10-14,65253.94,5,0.0,0.0,0.0,0.5284986951122451,2,0
CLI-00886,Nancy Regalado Treviño,Jubilado,8467.37,Bajo,2024-09-27,5865.3,4,0.0,0.0,0.0,0.6926126279319397,0,0
CLI-00887,Guadalupe Berta Esquivel Espinal,Estudiante,6362.49,Bajo,2023-09-30,9939.36,9,0.0,0.0,0.0,1.5619353530845497,0,0
CLI-00888,Alejandro Delgadillo,Estudiante,4583.64,Bajo,2024-07-27,6304.46,10,0.0,0.0,0.0,1.375126509387869,0,0
CLI-00889,Mario Prado Maldonado,Empleado Sector Privado,30000.66,Medio,2026-06-05,28083.309999999998,8,0.0,0.0,0.0,0.9360585380942253,0,0
CLI-00890,Lic. Ana Esparza,Profesionista Independiente,19616.91,Medio,2025-04-30,6359.5199999999995,3,0.0,0.0,0.0,0.32416908834835106,0,0
CLI-00891,Sra. Perla Olivares,Profesionista Independiente,44741.36,Medio,2023-06-13,26876.12,5,0.0,0.0,0.0,0.6006862400642254,0,0
CLI-00892,Srita. Celia Grijalva,Profesionista Independiente,35066.21,Medio,2024-05-04,22683.76,5,0.0,0.0,0.0,0.6468652624488803,0,0
CLI-00893,Esmeralda Ceja,Desempleado,1704.46,Alto,2025-08-18,462.39,3,0.0,0.0,0.0,0.2711233332942432,0,0
CLI-00894,Sr. Gabriel Negrón,Desempleado,1775.63,Alto,2025-04-17,1294.12,5,0.0,0.0,0.0,0.7284127815020571,0,0
CLI-00895,Sra. Esther Matías,Empresario / Comerciante,58471.03,Alto,2024-11-28,23276.219999999998,3,0.0,0.0,0.0,0.3980744297743724,0,0
CLI-00896,Armando Delgado,Profesionista Independiente,42668.32,Medio,2025-11-30,41953.97,6,0.0,0.0,0.0,0.9832350269467618,0,0
CLI-00897,Gabino Menéndez,Empresario / Comerciante,104911.07,Alto,2024-05-16,201756.62,9,0.0,0.0,0.0,1.9231020796749123,2,1
CLI-00898,Eugenio Alfredo Rojas Limón,Estudiante,2450.25,Bajo,2026-02-16,2233.73,7,0.0,0.0,0.0,0.9112616012238653,0,0
CLI-00899,Tomás Cristian Soria,Desempleado,1624.84,Alto,2024-06-25,1325.26,4,0.0,0.0,0.0,0.8151232593613148,0,0
CLI-00900,Sergio Tijerina,Jubilado,15414.25,Bajo,2024-11-05,15799.71,5,0.0,0.0,0.0,1.024940237751577,0,0
CLI-00901,Antonio Felipe Orosco Zavala,Desempleado,639.95,Alto,2025-11-09,655.5699999999999,4,0.0,0.0,0.0,1.0228098915672048,0,0
CLI-00902,Srita. Elsa Mondragón,Estudiante,2856.68,Bajo,2025-10-07,3041.94,6,0.0,0.0,0.0,1.0644788779709415,0,0
CLI-00903,Marcela Tórrez Robles,Jubilado,13815.16,Bajo,2025-06-15,3292.18,3,0.0,0.0,0.0,0.23828473323991614,0,0
CLI-00904,Horacio Mauricio Ordóñez Montalvo,Empresario / Comerciante,56959.79,Alto,2025-04-29,23729.510000000002,4,0.0,0.0,0.0,0.416593765641242,0,0
CLI-00905,Diego Fernando Velasco,Estudiante,3415.97,Bajo,2025-10-17,4169.88,7,0.0,0.0,0.0,1.22034434016102,0,0
CLI-00906,Jorge Luis Diego Gallegos,Desempleado,1465.31,Alto,2023-07-13,2273.29,9,0.0,0.0,0.0,1.5503474708622325,0,0
CLI-00907,Amelia Diana Cazares,Empresario / Comerciante,239893.42,Alto,2026-06-06,202181.51,4,0.0,0.0,0.0,0.8427937173361515,2,0
CLI-00908,Ing. Victoria del Valle,Estudiante,5630.57,Bajo,2026-03-04,4523.49,4,0.0,0.0,0.0,0.8032378182283093,0,0
CLI-00909,Germán Zelaya Roldán,Desempleado,1799.69,Alto,2024-03-25,2887.8,10,0.0,0.0,0.0,1.603718574546424,0,0
CLI-00910,Pascual Montoya,Profesionista Independiente,31740.6,Medio,2024-02-16,23252.1,4,0.0,0.0,0.0,0.7325434130604632,0,0
CLI-00911,Eloisa Magaña,Estudiante,5443.53,Bajo,2025-01-09,8472.51,6,0.0,0.0,0.0,1.5561508523233412,0,0
CLI-00912,Violeta Valverde Coronado,Jubilado,9770.35,Bajo,2023-06-17,12202.59,8,0.0,0.0,0.0,1.2488131118013375,0,0
CLI-00913,Vicente Zarate,Profesionista Independiente,44230.23,Medio,2023-12-08,29542.4,5,0.0,0.0,0.0,0.6679081725739935,0,0
CLI-00914,Clara Lucero,Empleado Sector Privado,43697.16,Medio,2023-09-17,20981.41,6,0.0,0.0,0.0,0.48014401521711664,0,0
CLI-00915,Sofía Marisol Camacho,Estudiante,6414.05,Bajo,2025-03-04,4669.67,5,0.0,0.0,0.0,0.7279241782994677,0,0
CLI-00916,Martín Rolando Lebrón,Empresario / Comerciante,153549.05,Alto,2023-10-09,235479.49,8,0.0,0.0,0.0,1.5335683055785394,2,0
CLI-00917,Lic. Eduardo Villa,Jubilado,6530.89,Bajo,2026-03-21,3509.94,5,0.0,0.0,0.0,0.5373544257481372,0,0
CLI-00918,Ing. Marisol Alarcón,Profesionista Independiente,46681.7,Medio,2026-03-14,26981.85,3,0.0,0.0,0.0,0.5779839212384887,0,0
CLI-00919,Verónica Casárez,Empleado Sector Privado,44880.05,Medio,2023-11-08,64906.93,9,0.0,0.0,0.0,1.446199008267409,0,0
CLI-00920,Ruby Dulce María Raya,Profesionista Independiente,46229.13,Medio,2024-03-28,64874.090000000004,10,0.0,0.0,0.0,1.4032859089948484,0,0
CLI-00921,Rubén Alfonso Vigil Portillo,Empresario / Comerciante,90035.67,Alto,2025-01-20,80113.95,6,0.0,0.0,0.0,0.8897924590058695,0,0
CLI-00922,Marisol Angélica Burgos,Empleado Sector Privado,40143.27,Medio,2024-10-21,21606.03,5,0.0,0.0,0.0,0.5382095626598765,0,0
CLI-00923,Conchita Dolores Cisneros,Empresario / Comerciante,84531.27,Alto,2025-07-10,91114.94,8,0.0,0.0,0.0,1.0778716814300622,0,0
CLI-00924,Lic. Benjamín Osorio,Desempleado,1780.44,Alto,2024-12-24,1342.59,5,0.0,0.0,0.0,0.753654347045087,0,0
CLI-00925,Leonardo Dávila,Estudiante,6863.08,Bajo,2025-03-24,6539.299999999999,6,0.0,0.0,0.0,0.9526841179007237,0,0
CLI-00926,María del Carmen Ivonne Pichardo,Profesionista Independiente,45052.79,Medio,2023-08-22,78465.8,10,0.0,0.0,0.0,1.741602648744978,0,0
CLI-00927,Vanesa Alejandra Dueñas Riojas,Desempleado,259.76,Alto,2026-03-26,713.47,8,0.0,0.0,0.0,2.736117502684461,0,1
CLI-00928,María Eugenia Eugenia Soria Carrillo,Jubilado,8774.71,Bajo,2024-05-14,9605.15,9,0.0,0.0,0.0,1.0945154295208024,0,0
CLI-00929,Amelia María Elena Bernal,Profesionista Independiente,53311.29,Medio,2026-05-17,49455.49,6,0.0,0.0,0.0,0.9276564559504009,0,0
CLI-00930,Aurora Ledesma Reséndez,Desempleado,2838.26,Alto,2025-04-11,3640.42,5,0.0,0.0,0.0,1.2821721152694716,0,0
CLI-00931,Cynthia Valencia Brito,Desempleado,2550.8,Alto,2026-01-16,2612.55,6,0.0,0.0,0.0,1.0238067246649425,0,0
CLI-00932,Lic. Pascual Montenegro,Profesionista Independiente,37894.01,Medio,2025-08-17,26292.13,4,0.0,0.0,0.0,0.6938150959717387,0,0
CLI-00933,Dra. Rebeca Aparicio,Estudiante,7910.8,Bajo,2025-02-13,5897.59,5,0.0,0.0,0.0,0.7454169721175965,0,0
CLI-00934,Lic. Jorge Esquibel,Empleado Sector Privado,19812.29,Medio,2023-06-14,12714.630000000001,3,0.0,0.0,0.0,0.641722298517813,0,0
CLI-00935,María Luisa Linda Casas Urbina,Empresario / Comerciante,55256.81,Alto,2024-05-29,37044.37,6,0.0,0.0,0.0,0.6703915699880253,0,0
CLI-00936,María Teresa Zarate Valentín,Jubilado,12439.61,Bajo,2023-10-03,18438.89,8,0.0,0.0,0.0,1.4821532063138383,0,0
CLI-00937,Srita. Citlali Santana,Empresario / Comerciante,210732.35,Alto,2026-03-13,91912.28,3,0.0,0.0,0.0,0.43615441030097984,2,0
CLI-00938,Aurora Violeta Escamilla,Jubilado,6687.03,Bajo,2025-02-19,4842.150000000001,8,0.0,0.0,0.0,0.7240024341996074,0,0
CLI-00939,Srita. Gabriela Orta,Estudiante,2394.49,Bajo,2026-04-05,2190.66,6,0.0,0.0,0.0,0.9144934856751646,0,0
CLI-00940,Ing. Eugenio Leiva,Empresario / Comerciante,249919.01,Alto,2025-09-14,75954.78,3,0.0,0.0,0.0,0.3039163610788908,2,0
CLI-00941,Lic. José Luis Samaniego,Desempleado,1914.66,Alto,2023-09-19,2689.8599999999997,8,0.0,0.0,0.0,1.4041426975559335,0,0
CLI-00942,Sra. Lilia Portillo,Empresario / Comerciante,203832.91,Alto,2025-01-03,294783.47,9,0.0,0.0,0.0,1.4461944531211708,2,0
CLI-00943,Hugo Ceballos,Jubilado,5958.76,Bajo,2023-12-29,11513.89,10,0.0,0.0,0.0,1.931938534437628,0,1
CLI-00944,Flavio Serrano,Profesionista Independiente,43905.24,Medio,2026-05-27,34398.37,9,0.0,0.0,0.0,0.7834505983659726,0,0
CLI-00945,Aurelio Emiliano Varela Henríquez,Empresario / Comerciante,143166.64,Alto,2025-08-26,206537.89,9,0.0,0.0,0.0,1.4426297031927047,2,0
CLI-00946,Esparta Natalia Almaraz Valadez,Jubilado,9478.69,Bajo,2023-08-28,4026.13,5,0.0,0.0,0.0,0.42471114561763096,0,0
CLI-00947,María José Sepúlveda,Jubilado,13317.32,Bajo,2023-07-29,13307.28,9,0.0,0.0,0.0,0.9991710666210153,0,0
CLI-00948,Mónica Anel Carrasco Granado,Empleado Sector Privado,37336.79,Medio,2023-07-23,28451.64,3,0.0,0.0,0.0,0.7620065354698282,0,0
CLI-00949,Lic. José María Rodríquez,Empleado Sector Privado,26276.4,Medio,2024-10-20,12373.23,3,0.0,0.0,0.0,0.4708696446375973,0,0
CLI-00950,Isabel Nelly Villareal,Estudiante,6988.34,Bajo,2025-03-27,5604.5599999999995,5,0.0,0.0,0.0,0.8018725659361255,0,0
CLI-00951,Claudia Daniela Lucero,Jubilado,6989.2,Bajo,2024-04-21,4555.45,3,0.0,0.0,0.0,0.6516909387428114,0,0
CLI-00952,Dra. María del Carmen Guerrero,Empleado Sector Privado,17344.91,Medio,2023-09-28,27305.55,7,0.0,0.0,0.0,1.574178005074395,0,0
CLI-00953,Antonia Anel Arellano,Desempleado,901.88,Alto,2026-02-13,1887.03,10,0.0,0.0,0.0,2.090011961722488,0,1
CLI-00954,Emiliano Jacinto Arce,Jubilado,16634.04,Bajo,2026-01-14,24209.239999999998,9,0.0,0.0,0.0,1.455316007656128,0,0
CLI-00955,Trinidad Ana Apodaca Zúñiga,Estudiante,3503.63,Bajo,2024-07-31,3738.39,7,0.0,0.0,0.0,1.0667003364121177,0,0
CLI-00956,Ana Ana Arevalo,Desempleado,3825.41,Alto,2024-03-01,3680.88,7,0.0,0.0,0.0,0.961966961198617,0,0
CLI-00957,Rafaél Víctor Téllez Irizarry,Profesionista Independiente,20632.66,Medio,2023-07-20,30196.510000000002,9,0.0,0.0,0.0,1.4634587368406768,0,0
CLI-00958,Lic. Diana Bahena,Profesionista Independiente,42649.27,Medio,2025-07-08,15318.25,3,0.0,0.0,0.0,0.35915950825164766,0,0
CLI-00959,Silvano Fidel Solís Muñoz,Estudiante,5015.44,Bajo,2023-10-11,9176.35,9,0.0,0.0,0.0,1.82925540821778,0,1
CLI-00960,Zeferino Trejo,Empleado Sector Privado,31529.68,Medio,2023-10-10,60386.8,9,0.0,0.0,0.0,1.9151759492659215,0,1
CLI-00961,José Emilio Valles,Jubilado,7004.53,Bajo,2024-01-02,5088.04,3,0.0,0.0,0.0,0.7262890887627346,0,0
CLI-00962,Ing. Cornelio Madrigal,Desempleado,2497.92,Alto,2025-08-08,1113.9,3,0.0,0.0,0.0,0.4457525651081267,0,0
CLI-00963,Miriam Guadalupe Báez Nieto,Jubilado,9389.05,Bajo,2026-04-10,8088.36,5,0.0,0.0,0.0,0.8613756050287272,0,0
CLI-00964,Jerónimo Agustín Hinojosa Alonso,Jubilado,5535.53,Bajo,2023-09-14,7676.41,8,0.0,0.0,0.0,1.3865020147998837,0,0
CLI-00965,María Teresa Araceli Vargas,Estudiante,2487.34,Bajo,2025-01-21,1887.45,4,0.0,0.0,0.0,0.7585177266772225,0,0
CLI-00966,Lic. Eugenio Malave,Desempleado,3084.09,Alto,2024-05-24,2732.58,6,0.0,0.0,0.0,0.885737531157924,0,0
CLI-00967,Javier Saiz Ibarra,Profesionista Independiente,44300.85,Medio,2026-05-22,21591.91,3,0.0,0.0,0.0,0.48738167819176853,0,0
CLI-00968,Horacio Reséndez Figueroa,Jubilado,10415.63,Bajo,2026-03-08,10121.43,7,0.0,0.0,0.0,0.971660700245665,0,0
CLI-00969,Ana María Serrano Soto,Desempleado,121.14,Alto,2024-03-22,601.93,9,0.0,0.0,0.0,4.928197150810544,0,1
CLI-00970,María Eugenia Villalobos Alcántar,Desempleado,2182.31,Alto,2025-10-27,1621.81,4,0.0,0.0,0.0,0.74282167901031,0,0
CLI-00971,Silvano Fidel Medrano Santiago,Desempleado,3826.6,Alto,2024-02-06,5396.36,9,0.0,0.0,0.0,1.4098547392622007,0,0
CLI-00972,Marco Antonio Isaac Jurado Partida,Empresario / Comerciante,98975.58,Alto,2026-05-22,73663.56,7,0.0,0.0,0.0,0.7442524282006915,0,0
CLI-00973,Patricio Jáquez,Desempleado,1624.37,Alto,2026-01-09,1325.59,6,0.0,0.0,0.0,0.8155619951149584,0,0
CLI-00974,Felipe Gustavo Caraballo,Empresario / Comerciante,64594.61,Alto,2023-08-08,66258.63,7,0.0,0.0,0.0,1.0257450932037022,0,0
CLI-00975,Benito Héctor Bahena,Estudiante,2948.48,Bajo,2024-11-09,3312.72,7,0.0,0.0,0.0,1.1231539118759917,0,0
CLI-00976,Eugenio Linares Gutiérrez,Empresario / Comerciante,146850.23,Alto,2025-06-19,79008.17,4,0.0,0.0,0.0,0.5380150373953285,2,0
CLI-00977,Hernán Carreón Romo,Empleado Sector Privado,23226.35,Medio,2024-03-31,17803.22,5,0.0,0.0,0.0,0.7664765890211325,0,0
CLI-00978,Srita. Estefanía Ozuna,Empleado Sector Privado,22315.22,Medio,2024-04-26,21936.5,6,0.0,0.0,0.0,0.9829845735523309,0,0
CLI-00979,Federico Pedraza,Desempleado,1277.27,Alto,2024-08-02,858.27,4,0.0,0.0,0.0,0.6714309183505832,0,0
CLI-00980,Agustín Trujillo Campos,Profesionista Independiente,58891.84,Medio,2024-02-12,40735.45,3,0.0,0.0,0.0,0.6916876482777873,0,0
CLI-00981,Dr. José Luis Camacho,Empleado Sector Privado,37101.94,Medio,2026-04-06,29517.73,6,0.0,0.0,0.0,0.795563100929468,0,0
CLI-00982,Aida Anabel Nazario,Jubilado,12301.47,Bajo,2026-06-01,16745.51,9,0.0,0.0,0.0,1.3611502405614482,0,0
CLI-00983,Miguel José Eduardo Berríos Camarillo,Profesionista Independiente,25878.2,Medio,2024-11-21,31725.739999999998,7,0.0,0.0,0.0,1.2259165661998823,0,0
CLI-00984,Alma Vera,Estudiante,3604.83,Bajo,2024-08-03,4753.01,7,0.0,0.0,0.0,1.3181458915145752,0,0
CLI-00985,Estela Paola Regalado,Empleado Sector Privado,16648.96,Medio,2024-09-17,25623.33,9,0.0,0.0,0.0,1.5389424358977442,0,0
CLI-00986,Ing. Gabriel Cruz,Estudiante,3741.27,Bajo,2025-11-29,4236.24,7,0.0,0.0,0.0,1.1319974240233868,0,0
CLI-00987,Elena Minerva Ayala Arevalo,Empresario / Comerciante,222832.77,Alto,2024-06-18,279061.62,7,0.0,0.0,0.0,1.252330919142103,2,0
CLI-00988,Raúl Valle,Empresario / Comerciante,99654.06,Alto,2023-06-28,89497.95999999999,5,0.0,0.0,0.0,0.8980774282811128,0,0
CLI-00989,Reynaldo Maximiliano del Valle de la Fuente,Empleado Sector Privado,38844.77,Medio,2026-03-07,43530.53999999999,7,0.0,0.0,0.0,1.1205992312676514,0,0
CLI-00990,Noemí Sofía Saldivar Meraz,Jubilado,14374.67,Bajo,2024-07-16,6857.03,3,0.0,0.0,0.0,0.4769885507945021,0,0
CLI-00991,Lucas Cisneros,Empleado Sector Privado,37183.01,Medio,2023-06-21,54452.92,9,0.0,0.0,0.0,1.4644176354298526,0,0
CLI-00992,Dra. Leticia Leyva,Empresario / Comerciante,249193.88,Alto,2024-09-27,320684.11,9,0.0,0.0,0.0,1.2868808139236247,2,0
CLI-00993,Elvia Espinal Iglesias,Empresario / Comerciante,149751.94,Alto,2025-02-20,104153.98999999999,6,0.0,0.0,0.0,0.6955054772213486,2,0
CLI-00994,Lilia Curiel Noriega,Profesionista Independiente,37381.66,Medio,2025-10-12,58931.229999999996,8,0.0,0.0,0.0,1.5764322282041991,0,0
CLI-00995,Lic. Elisa Benítez,Estudiante,7671.4,Bajo,2025-01-12,6687.09,6,0.0,0.0,0.0,0.8715773421615141,0,0
CLI-00996,Alfredo Darío Aguilera Valdés,Jubilado,10944.0,Bajo,2025-02-06,5853.9800000000005,3,0.0,0.0,0.0,0.534854271356784,0,0
CLI-00997,Lic. Nelly Carvajal,Empleado Sector Privado,19099.77,Medio,2024-11-29,5699.74,4,0.0,0.0,0.0,0.29840367691983094,0,0
CLI-00998,Dra. Dulce María Linares,Profesionista Independiente,17189.62,Medio,2025-08-16,12087.76,5,0.0,0.0,0.0,0.703160211789918,0,0
CLI-00999,Cristobal Perea Acevedo,Profesionista Independiente,37270.24,Medio,2026-03-08,46032.77,7,0.0,0.0,0.0,1.235074819083025,0,0
CLI-01000,Esther Vásquez Olivera,Desempleado,2690.08,Alto,2023-08-05,2746.15,6,0.0,0.0,0.0,1.0204639029683251,0,0
CLI-01001,Octavio Luna,Profesionista Independiente,39151.08,Medio,2025-04-28,22941.579999999998,6,0.0,0.0,0.0,0.5859606948085516,0,0
CLI-01002,Teresa Antonia Ramírez,Estudiante,4585.57,Bajo,2023-11-20,7850.0,9,0.0,0.0,0.0,1.7115186293897184,0,0
CLI-01003,Juana Leticia Brito Guzmán,Profesionista Independiente,47737.86,Medio,2024-05-23,67524.24,10,0.0,0.0,0.0,1.414450198433729,0,0
CLI-01004,Lorena Sandra Murillo Villegas,Empresario / Comerciante,123187.47,Alto,2024-09-24,57362.159999999996,3,0.0,0.0,0.0,0.46564552672827253,0,0
CLI-01005,Frida Elsa Aguilar Benavídez,Empresario / Comerciante,60231.54,Alto,2023-09-29,64724.68,8,0.0,0.0,0.0,1.0745799529623024,0,0
CLI-01006,Dr. Tomás Solano,Jubilado,7530.52,Bajo,2025-08-03,14783.68,9,0.0,0.0,0.0,1.9629078857919782,0,1
CLI-01007,Adela Blanca Torres,Jubilado,8751.82,Bajo,2026-05-02,8753.39,9,0.0,0.0,0.0,1.0000651218692946,0,0
CLI-01008,Alfonso Saldaña,Empresario / Comerciante,150851.11,Alto,2024-04-18,82228.18000000001,6,0.0,0.0,0.0,0.5450913480759402,2,0
CLI-01009,Margarita Anabel Olvera Arroyo,Jubilado,8636.37,Bajo,2026-01-15,12771.42,9,0.0,0.0,0.0,1.4786237014276336,0,0
CLI-01010,Abraham Laboy,Jubilado,13845.18,Bajo,2023-07-25,12843.68,4,0.0,0.0,0.0,0.9275973589827664,0,0
CLI-01011,Iván Amador Muñoz,Estudiante,2771.98,Bajo,2026-03-06,2187.9,3,0.0,0.0,0.0,0.7890067724974577,0,0
CLI-01012,Dr. Tomás Laboy,Estudiante,4363.42,Bajo,2023-06-16,4231.96,8,0.0,0.0,0.0,0.9696500336814514,0,0
CLI-01013,Cristal Negrón Vázquez,Profesionista Independiente,40102.43,Medio,2024-06-10,27542.980000000003,4,0.0,0.0,0.0,0.686798610492918,0,0
CLI-01014,Amalia Juana Alva,Profesionista Independiente,48973.43,Medio,2024-08-18,23936.54,4,0.0,0.0,0.0,0.48875586709227653,0,0
CLI-01015,Sr. Timoteo Baeza,Empleado Sector Privado,31881.28,Medio,2023-10-28,10685.67,4,0.0,0.0,0.0,0.33516015793098863,0,0
CLI-01016,Dr. Isaac Avilés,Empresario / Comerciante,150015.58,Alto,2024-03-10,115033.07999999999,5,0.0,0.0,0.0,0.7668024427699924,2,0
CLI-01017,Noemí Linares,Estudiante,2233.48,Bajo,2025-08-31,3837.88,8,0.0,0.0,0.0,1.717571873545523,0,0
CLI-01018,Patricio Mario Curiel,Desempleado,1332.16,Alto,2025-04-04,2281.26,9,0.0,0.0,0.0,1.71116745176873,0,0
CLI-01019,Srita. Eloisa Caballero,Empresario / Comerciante,153866.54,Alto,2025-12-01,261580.15,10,0.0,0.0,0.0,1.700034653182861,2,0
CLI-01020,Serafín Ferrer Saldivar,Empleado Sector Privado,32006.6,Medio,2024-11-28,31795.22,5,0.0,0.0,0.0,0.9933647008835402,0,0
CLI-01021,Vanesa Eva Montenegro,Jubilado,6817.15,Bajo,2023-12-11,4256.76,3,0.0,0.0,0.0,0.6243277135293299,0,0
CLI-01022,Lic. Timoteo Santacruz,Jubilado,9140.89,Bajo,2026-05-17,13606.57,9,0.0,0.0,0.0,1.488376036027561,0,0
CLI-01023,Jacinto Mariano Mesa Bonilla,Empresario / Comerciante,248123.15,Alto,2024-12-23,351336.87,7,0.0,0.0,0.0,1.4159720849421549,2,0
CLI-01024,Aldo Abraham Henríquez Romo,Desempleado,3370.41,Alto,2026-02-03,3279.27,5,0.0,0.0,0.0,0.9726701884374788,0,0
CLI-01025,Rufino Pascual Barela Baca,Jubilado,9372.85,Bajo,2025-04-24,15322.97,9,0.0,0.0,0.0,1.634650650479792,0,0
CLI-01026,Citlali Alma Zamudio Urbina,Jubilado,11920.42,Bajo,2026-06-08,8804.71,4,0.0,0.0,0.0,0.7385621847061843,0,0
CLI-01027,Cornelio Dávila,Desempleado,2251.7,Alto,2024-05-27,4076.19,9,0.0,0.0,0.0,1.8094686376348383,0,0
CLI-01028,Natividad Nieto,Empresario / Comerciante,213149.77,Alto,2023-09-06,183146.83000000002,5,0.0,0.0,0.0,0.8592360703177381,2,0
CLI-01029,Darío Toro Aparicio,Profesionista Independiente,29905.78,Medio,2025-06-25,24865.66,7,0.0,0.0,0.0,0.8314388911143226,0,0
CLI-01030,Dr. Benito Rincón,Estudiante,7879.39,Bajo,2026-05-16,4251.57,5,0.0,0.0,0.0,0.5395126383338895,0,0
CLI-01031,Pamela Elisa Godoy Zarate,Jubilado,8999.81,Bajo,2025-08-06,12459.35,10,0.0,0.0,0.0,1.3842476399346282,0,0
CLI-01032,Marisol Solorzano Quintanilla,Desempleado,3488.4,Alto,2023-07-09,6162.42,8,0.0,0.0,0.0,1.7660400068779734,0,0
CLI-01033,Nayeli Victoria Galarza,Desempleado,106.59,Alto,2026-02-25,195.43,3,0.0,0.0,0.0,1.8164327539734175,0,0
CLI-01034,Alvaro Renato Sanches Juárez,Empresario / Comerciante,103106.09,Alto,2023-10-28,54812.32,3,0.0,0.0,0.0,0.5316057314778256,0,0
CLI-01035,Cecilia Olivia Cazares Zamora,Desempleado,3131.62,Alto,2025-04-01,3454.56,7,0.0,0.0,0.0,1.1027702051318067,0,0
CLI-01036,Ana Camacho Arroyo,Jubilado,12509.25,Bajo,2024-05-24,17330.739999999998,9,0.0,0.0,0.0,1.385323234947343,0,0
CLI-01037,Nayeli Orosco,Desempleado,205.42,Alto,2024-08-31,496.12,6,0.0,0.0,0.0,2.40344927817072,0,1
CLI-01038,Julia Mitzy Cavazos,Empresario / Comerciante,84102.41,Alto,2023-06-22,166380.31,9,0.0,0.0,0.0,1.9782825690420875,2,1
CLI-01039,Enrique Nicolás Rico Mejía,Desempleado,2884.73,Alto,2026-04-25,1080.1,4,0.0,0.0,0.0,0.3742900409948262,0,0
CLI-01040,Perla María Eugenia Guevara,Empresario / Comerciante,79555.14,Alto,2024-10-09,89371.29,8,0.0,0.0,0.0,1.1233738841527505,0,0
CLI-01041,Joaquín Badillo Cervántez,Desempleado,968.79,Alto,2024-06-05,709.24,4,0.0,0.0,0.0,0.7313335876839316,0,0
CLI-01042,Gregorio Bétancourt Sáenz,Jubilado,17326.67,Bajo,2024-04-02,18892.629999999997,6,0.0,0.0,0.0,1.0903156627521184,0,0
CLI-01043,Lic. Alfredo Moreno,Estudiante,3144.71,Bajo,2025-08-31,3972.42,6,0.0,0.0,0.0,1.2628055351574048,0,0
CLI-01044,Dra. Ariadna Badillo,Empresario / Comerciante,112738.5,Alto,2024-01-02,99267.93,6,0.0,0.0,0.0,0.8805070982220073,2,0
CLI-01045,Srita. Elsa Rodríguez,Empleado Sector Privado,25627.68,Medio,2024-03-31,25397.05,7,0.0,0.0,0.0,0.9909620784215184,0,0
CLI-01046,Citlali Irene Rivero,Empleado Sector Privado,25542.45,Medio,2023-09-29,37216.03,8,0.0,0.0,0.0,1.4569695949450836,0,0
CLI-01047,Lilia Zarate,Jubilado,16966.77,Bajo,2024-02-01,10503.11,4,0.0,0.0,0.0,0.6190035579218719,0,0
CLI-01048,Dra. Mayte Valenzuela,Desempleado,2909.61,Alto,2024-04-26,2284.97,6,0.0,0.0,0.0,0.7850484949890228,0,0
CLI-01049,José Eduardo Arce,Desempleado,552.33,Alto,2025-08-24,529.19,4,0.0,0.0,0.0,0.9563732311640432,0,0
CLI-01050,Marisol Vaca,Empleado Sector Privado,30509.26,Medio,2023-11-28,53137.17,10,0.0,0.0,0.0,1.7416164267364487,0,0
CLI-01051,Espartaco Juan Carlos Oquendo,Desempleado,1913.48,Alto,2023-11-17,4293.49,10,0.0,0.0,0.0,2.2426402991935146,0,1
CLI-01052,Ruby Alba,Empresario / Comerciante,112750.52,Alto,2025-03-21,85773.95999999999,6,0.0,0.0,0.0,0.7607344007424467,2,0
CLI-01053,Jaime Mauro Gamboa Oquendo,Empleado Sector Privado,27168.9,Medio,2024-01-25,29276.32,10,0.0,0.0,0.0,1.0775277052915173,0,0
CLI-01054,Cristobal Gastélum,Jubilado,9450.25,Bajo,2023-08-17,9858.07,6,0.0,0.0,0.0,1.0430440417934135,0,0
CLI-01055,Marisol Elena Toro Beltrán,Profesionista Independiente,45414.09,Medio,2024-09-19,45790.66,8,0.0,0.0,0.0,1.0082697182808622,0,0
CLI-01056,Sandra Serrato,Desempleado,2722.98,Alto,2024-05-06,3907.2,10,0.0,0.0,0.0,1.4343717648440883,0,0
CLI-01057,Andrea Campos,Desempleado,1057.45,Alto,2024-10-28,568.5799999999999,4,0.0,0.0,0.0,0.5371817279984883,0,0
CLI-01058,José Manuél Arturo Barragán Alonso,Empresario / Comerciante,88452.83,Alto,2024-05-07,61175.66,5,0.0,0.0,0.0,0.6916112055294836,0,0
CLI-01059,Iván David Sandoval Cortés,Empleado Sector Privado,21207.21,Medio,2026-04-11,15369.48,4,0.0,0.0,0.0,0.7246948233726467,0,0
CLI-01060,Aldo Montes,Profesionista Independiente,25119.02,Medio,2023-10-28,15694.609999999999,3,0.0,0.0,0.0,0.6247849324960728,0,0
CLI-01061,Sr. Iván Chavarría,Profesionista Independiente,49702.84,Medio,2024-02-26,46567.15,10,0.0,0.0,0.0,0.936892401070018,0,0
CLI-01062,Omar Bétancourt,Desempleado,829.11,Alto,2024-03-02,1325.94,8,0.0,0.0,0.0,1.5973063810820254,0,0
CLI-01063,Ana María Gloria Magaña Salgado,Desempleado,1956.01,Alto,2026-03-24,1396.96,4,0.0,0.0,0.0,0.7138236391229478,0,0
CLI-01064,Reynaldo Orozco,Empresario / Comerciante,119760.63,Alto,2023-11-04,76606.75,5,0.0,0.0,0.0,0.6396602150455033,2,0
CLI-01065,Dr. Omar Quintero,Desempleado,1093.83,Alto,2026-01-15,2118.79,9,0.0,0.0,0.0,1.935268489171835,0,1
CLI-01066,Jorge Luis Cano Jaimes,Estudiante,5440.86,Bajo,2024-05-23,4251.66,5,0.0,0.0,0.0,0.7812880154947022,0,0
CLI-01067,Gabriel Barragán,Jubilado,9936.02,Bajo,2025-12-19,7028.5599999999995,4,0.0,0.0,0.0,0.7073106424259988,0,0
CLI-01068,Rocío Angulo,Empresario / Comerciante,213675.49,Alto,2025-03-06,194408.40000000002,6,0.0,0.0,0.0,0.9098258774280691,2,0
CLI-01069,Jonás Flores,Empleado Sector Privado,21584.94,Medio,2024-09-10,24655.09,7,0.0,0.0,0.0,1.1421828282669182,0,0
CLI-01070,Mauricio Rosales,Profesionista Independiente,57989.12,Medio,2025-08-12,46724.46,4,0.0,0.0,0.0,0.8057313901057628,0,0
CLI-01071,Armando Vera,Estudiante,4078.18,Bajo,2023-07-18,6802.35,9,0.0,0.0,0.0,1.667577797498517,0,0
CLI-01072,Nadia Esquivel Ceja,Empresario / Comerciante,181194.41,Alto,2025-10-04,231883.37,8,0.0,0.0,0.0,1.2797419647661052,2,0
CLI-01073,Julia Villanueva,Desempleado,1916.32,Alto,2024-07-17,1652.93,5,0.0,0.0,0.0,0.8621043957190245,0,0
CLI-01074,Jorge Villalpando,Empleado Sector Privado,39322.41,Medio,2024-09-07,35099.64,4,0.0,0.0,0.0,0.8925889184076354,0,0
CLI-01075,Ricardo Santillán,Profesionista Independiente,56986.08,Medio,2024-04-18,59041.24,9,0.0,0.0,0.0,1.0360460651782823,0,0
CLI-01076,Ing. Paola Regalado,Desempleado,1086.49,Alto,2026-01-26,544.0600000000001,3,0.0,0.0,0.0,0.5002896578359342,0,0
CLI-01077,Hermelinda Julia Fernández Villaseñor,Estudiante,5694.06,Bajo,2025-05-04,4300.11,4,0.0,0.0,0.0,0.7550596481863228,0,0
CLI-01078,Mitzy Alcala Elizondo,Jubilado,8110.67,Bajo,2023-12-16,12301.57,8,0.0,0.0,0.0,1.5165274228364811,0,0
CLI-01079,Reynaldo Arellano,Estudiante,6019.0,Bajo,2024-08-08,6613.8,10,0.0,0.0,0.0,1.098637873754153,0,0
CLI-01080,Guillermo Rodolfo Díaz,Jubilado,7933.73,Bajo,2024-08-12,10520.75,9,0.0,0.0,0.0,1.3259115307011078,0,0
CLI-01081,María Teresa Frías,Empleado Sector Privado,13732.21,Medio,2025-09-04,6137.76,3,0.0,0.0,0.0,0.44692828552101077,0,0
CLI-01082,Sra. Francisca Sánchez,Empresario / Comerciante,116058.72,Alto,2024-12-08,98944.1,6,0.0,0.0,0.0,0.8525274746483966,2,0
CLI-01083,Rosario Ulibarri Melgar,Empresario / Comerciante,70108.98,Alto,2025-11-21,45885.729999999996,6,0.0,0.0,0.0,0.6544821436263425,0,0
CLI-01084,Virginia Fernández Bueno,Empleado Sector Privado,12170.99,Medio,2025-04-25,6139.67,3,0.0,0.0,0.0,0.5044097144345338,0,0
CLI-01085,Manuel Ceballos Montañez,Jubilado,17712.84,Bajo,2023-06-28,17991.03,8,0.0,0.0,0.0,1.0156482163099587,0,0
CLI-01086,Julio Crespo,Empleado Sector Privado,25427.95,Medio,2024-03-12,10333.71,4,0.0,0.0,0.0,0.4063758039557276,0,0
CLI-01087,José Carlos Gabino Quesada Gallegos,Empresario / Comerciante,145489.7,Alto,2023-08-16,90783.5,4,0.0,0.0,0.0,0.6239814641073278,2,0
CLI-01088,Sandra Escalante Padrón,Empleado Sector Privado,36945.06,Medio,2025-08-08,28856.61,4,0.0,0.0,0.0,0.7810470182747498,0,0
CLI-01089,Elvira Mariana Leyva Olmos,Profesionista Independiente,29452.55,Medio,2023-11-20,19934.28,5,0.0,0.0,0.0,0.6768039845791084,0,0
CLI-01090,Dr. Eduardo Iglesias,Desempleado,236.65,Alto,2025-08-04,344.06,4,0.0,0.0,0.0,1.4477593099095307,0,0
CLI-01091,Inés Solís Elizondo,Estudiante,5913.79,Bajo,2025-03-20,5784.73,7,0.0,0.0,0.0,0.978011053646875,0,0
CLI-01092,Pablo Rodrigo Ornelas,Empleado Sector Privado,29660.03,Medio,2025-11-20,41551.020000000004,10,0.0,0.0,0.0,1.400862343620569,0,0
CLI-01093,Marisela Yolanda Rentería Balderas,Desempleado,3401.33,Alto,2023-08-28,5713.639999999999,9,0.0,0.0,0.0,1.679331516931044,0,0
CLI-01094,Iván Lozada Ramón,Estudiante,7479.38,Bajo,2023-06-22,7110.62,6,0.0,0.0,0.0,0.95056935610223,0,0
CLI-01095,Sr. Francisco Terán,Empleado Sector Privado,25790.2,Medio,2025-02-26,31325.4,6,0.0,0.0,0.0,1.214577065045442,0,0
CLI-01096,Magdalena Nájera,Empleado Sector Privado,42819.45,Medio,2023-12-12,76206.25,9,0.0,0.0,0.0,1.7796695270600846,0,0
CLI-01097,Eric Lorenzo Serrato Contreras,Estudiante,7983.03,Bajo,2025-03-10,7541.9,6,0.0,0.0,0.0,0.944623204071127,0,0
CLI-01098,Ernesto Navarro,Empresario / Comerciante,207592.13,Alto,2024-09-03,252346.06,8,0.0,0.0,0.0,1.2155800146180173,2,0
CLI-01099,Emilio Camilo del Río Espinal,Empleado Sector Privado,42908.09,Medio,2026-02-15,32372.730000000003,8,0.0,0.0,0.0,0.754449232085789,0,0
CLI-01100,Ruby Susana Quiñónez,Profesionista Independiente,54453.44,Medio,2023-12-31,23375.37,3,0.0,0.0,0.0,0.4292647211136502,0,0
CLI-01101,Socorro Corona,Estudiante,3790.35,Bajo,2024-01-11,4425.09,6,0.0,0.0,0.0,1.167154179909531,0,0
CLI-01102,Lourdes Alicia Garay,Jubilado,6394.91,Bajo,2024-06-17,7068.110000000001,6,0.0,0.0,0.0,1.105098414455488,0,0
CLI-01103,Felix Olivera,Profesionista Independiente,27805.27,Medio,2025-02-16,28663.72,5,0.0,0.0,0.0,1.0308365703130984,0,0
CLI-01104,Itzel Cecilia Ybarra Mireles,Desempleado,2173.2,Alto,2025-04-03,2521.9,7,0.0,0.0,0.0,1.1599208904424618,0,0
CLI-01105,José Carlos de la O,Empresario / Comerciante,227851.99,Alto,2025-08-30,97505.22,3,0.0,0.0,0.0,0.4279303949445649,2,0
CLI-01106,Lic. Leonardo Saiz,Empleado Sector Privado,40084.97,Medio,2026-04-09,23871.620000000003,5,0.0,0.0,0.0,0.5955105988454314,0,0
CLI-01107,Manuel Jasso Dávila,Empresario / Comerciante,104567.42,Alto,2024-02-24,141614.87,8,0.0,0.0,0.0,1.354279523397217,2,0
CLI-01108,Jacinto Leal Barragán,Estudiante,3984.1,Bajo,2025-12-26,4584.72,9,0.0,0.0,0.0,1.1504654839276305,0,0
CLI-01109,Luis Bermúdez Chacón,Desempleado,1835.66,Alto,2025-12-28,2380.7799999999997,8,0.0,0.0,0.0,1.296255158820903,0,0
CLI-01110,Srita. Abril Heredia,Profesionista Independiente,47336.92,Medio,2024-12-11,17451.1,4,0.0,0.0,0.0,0.3686494886129344,0,0
CLI-01111,Noemí Ríos Peralta,Estudiante,6419.71,Bajo,2024-11-22,6905.65,6,0.0,0.0,0.0,1.0755274728184265,0,0
CLI-01112,Carmen Elsa Villanueva Jaimes,Profesionista Independiente,40550.16,Medio,2025-05-20,42183.729999999996,9,0.0,0.0,0.0,1.0402595141544655,0,0
CLI-01113,Raúl Rafaél Salas,Empleado Sector Privado,17791.33,Medio,2023-12-11,11359.539999999999,4,0.0,0.0,0.0,0.6384515125337714,0,0
CLI-01114,Frida Ivonne Mojica,Desempleado,3588.17,Alto,2025-10-15,2516.9,5,0.0,0.0,0.0,0.7012484780603873,0,0
CLI-01115,Indira Esmeralda Muñiz Ávalos,Empresario / Comerciante,153056.13,Alto,2024-09-21,126106.24,6,0.0,0.0,0.0,0.8239161416393996,2,0
CLI-01116,Luis Miguel Augusto Tovar,Estudiante,4405.0,Bajo,2026-02-21,4379.18,6,0.0,0.0,0.0,0.9939128461189288,0,0
CLI-01117,Uriel Timoteo Benítez Garica,Estudiante,3108.69,Bajo,2025-12-17,3558.01,8,0.0,0.0,0.0,1.1441687113506491,0,0
CLI-01118,Rosa Barragán Lira,Empleado Sector Privado,27755.99,Medio,2024-06-12,26360.09,8,0.0,0.0,0.0,0.9496739379882329,0,0
CLI-01119,Oswaldo Fonseca Yáñez,Empleado Sector Privado,12225.39,Medio,2024-05-05,11400.19,5,0.0,0.0,0.0,0.9324248613041136,0,0
CLI-01120,Ignacio Rivero,Empresario / Comerciante,97104.25,Alto,2025-08-21,139762.81,9,0.0,0.0,0.0,1.43929200532412,2,0
CLI-01121,Luz Escobar Ruiz,Profesionista Independiente,57931.57,Medio,2026-06-01,82674.97,8,0.0,0.0,0.0,1.4270896319635051,0,0
CLI-01122,Hilda Mesa Sepúlveda,Profesionista Independiente,41210.73,Medio,2023-09-21,23930.270000000004,4,0.0,0.0,0.0,0.580666475297203,0,0
CLI-01123,Lic. Oswaldo Cruz,Jubilado,5148.66,Bajo,2026-04-15,3779.8199999999997,6,0.0,0.0,0.0,0.733994088930143,0,0
CLI-01124,Lic. Iván Luevano,Desempleado,1438.21,Alto,2026-02-22,1113.1,4,0.0,0.0,0.0,0.7734104126569437,0,0
CLI-01125,Ing. Olga Delgadillo,Empleado Sector Privado,14050.1,Medio,2024-02-17,9790.72,6,0.0,0.0,0.0,0.6967938453217185,0,0
CLI-01126,Dra. Mitzy Meraz,Estudiante,4792.37,Bajo,2025-01-29,6702.63,7,0.0,0.0,0.0,1.3983126693745738,0,0
CLI-01127,Zeferino Orosco,Empleado Sector Privado,25378.75,Medio,2024-02-15,21683.13,3,0.0,0.0,0.0,0.8543476590588954,0,0
CLI-01128,Srita. María Luisa Esquibel,Jubilado,17000.38,Bajo,2025-12-13,25106.2,10,0.0,0.0,0.0,1.4767154195718228,0,0
CLI-01129,Ing. Agustín Granados,Desempleado,3079.36,Alto,2023-12-04,3845.0099999999998,8,0.0,0.0,0.0,1.2482339726525469,0,0
CLI-01130,Paola Arias Robledo,Desempleado,469.66,Alto,2024-09-21,1052.74,9,0.0,0.0,0.0,2.2367313984617345,0,1
CLI-01131,Magdalena Prieto Aponte,Profesionista Independiente,31539.48,Medio,2024-06-16,23482.22,7,0.0,0.0,0.0,0.7445105464469787,0,0
CLI-01132,Ing. Reina Gallardo,Empleado Sector Privado,19231.24,Medio,2025-06-25,6006.110000000001,3,0.0,0.0,0.0,0.3122938357674405,0,0
CLI-01133,Trinidad Alejandra Valencia Escalante,Empleado Sector Privado,27780.0,Medio,2023-12-30,51341.28,10,0.0,0.0,0.0,1.8480717036823728,0,1
CLI-01134,Fabiola Aguilar Partida,Empresario / Comerciante,199546.97,Alto,2026-01-10,205886.03,6,0.0,0.0,0.0,1.0317620870811164,2,0
CLI-01135,Julio César Apodaca,Jubilado,9857.12,Bajo,2023-08-02,13017.77,9,0.0,0.0,0.0,1.3205124303619757,0,0
CLI-01136,Espartaco Uriel Espinosa Marín,Desempleado,2196.94,Alto,2024-10-16,2975.48,8,0.0,0.0,0.0,1.3537585193408372,0,0
CLI-01137,Sra. Luz Heredia,Empresario / Comerciante,201470.1,Alto,2025-05-11,209274.27000000002,7,0.0,0.0,0.0,1.0387309643914189,2,0
CLI-01138,Luis Cintrón Polanco,Desempleado,3302.41,Alto,2025-02-07,2955.83,4,0.0,0.0,0.0,0.8947814531045193,0,0
CLI-01139,Mayte Quezada Orozco,Empleado Sector Privado,34451.28,Medio,2023-07-08,49547.81,9,0.0,0.0,0.0,1.438157648782606,0,0
CLI-01140,Helena Sonia Marroquín,Jubilado,16350.76,Bajo,2023-07-25,12594.22,4,0.0,0.0,0.0,0.770205776014325,0,0
CLI-01141,René Lucas Sotelo,Estudiante,5153.04,Bajo,2025-03-20,3454.89,6,0.0,0.0,0.0,0.6703265787615152,0,0
CLI-01142,Julio Jacobo Tórrez Cisneros,Jubilado,14148.96,Bajo,2025-10-18,7210.91,4,0.0,0.0,0.0,0.5096063875798943,0,0
CLI-01143,Frida Gaytán Romo,Estudiante,7503.47,Bajo,2025-08-11,9705.05,7,0.0,0.0,0.0,1.293235898071416,0,0
CLI-01144,Srita. Sonia Olivares,Estudiante,2370.55,Bajo,2024-08-27,4607.68,10,0.0,0.0,0.0,1.942898104615125,0,1
CLI-01145,Lic. Federico Arevalo,Jubilado,16737.55,Bajo,2023-10-16,23393.7,9,0.0,0.0,0.0,1.3975941763175426,0,0
CLI-01146,Noelia Barrios,Empleado Sector Privado,30899.16,Medio,2024-04-11,10391.5,4,0.0,0.0,0.0,0.3362927570601576,0,0
CLI-01147,Jaime Escobedo,Empleado Sector Privado,17429.73,Medio,2023-07-16,24964.03,9,0.0,0.0,0.0,1.432184997415484,0,0
CLI-01148,Helena Gracia,Jubilado,10743.93,Bajo,2025-05-31,8550.74,4,0.0,0.0,0.0,0.7957929926020922,0,0
CLI-01149,Nadia Luz Rocha,Desempleado,821.61,Alto,2025-01-02,1828.6,9,0.0,0.0,0.0,2.222924593671363,0,1
CLI-01150,Ing. Emilio Velázquez,Jubilado,11354.76,Bajo,2026-03-19,19388.49,10,0.0,0.0,0.0,1.7073705326636,0,0
CLI-01151,Yeni Portillo,Jubilado,10791.27,Bajo,2025-04-19,16182.64,9,0.0,0.0,0.0,1.4994658213702954,0,0
CLI-01152,Octavio Blanco,Estudiante,4720.59,Bajo,2025-11-22,5149.1900000000005,8,0.0,0.0,0.0,1.0905627129843973,0,0
CLI-01153,Ing. Alonso Trejo,Jubilado,10400.52,Bajo,2026-04-24,4929.84,3,0.0,0.0,0.0,0.4739538067513209,0,0
CLI-01154,Humberto Gabino Cadena,Jubilado,5750.58,Bajo,2023-08-13,8168.53,10,0.0,0.0,0.0,1.4202236602811749,0,0
CLI-01155,Rufino Gonzalo Pelayo Elizondo,Empresario / Comerciante,184553.54,Alto,2024-06-29,119616.27,5,0.0,0.0,0.0,0.648135071616228,2,0
CLI-01156,Lic. Evelio de la Rosa,Profesionista Independiente,47547.6,Medio,2026-04-24,62904.42,10,0.0,0.0,0.0,1.322949992218488,0,0
CLI-01157,Sessa Fabiola Llamas Osorio,Empresario / Comerciante,100891.44,Alto,2023-08-23,163580.92,10,0.0,0.0,0.0,1.621339715839958,2,0
CLI-01158,Emiliano Jorge Luis Martínez Chavarría,Estudiante,6474.83,Bajo,2023-06-28,7543.879999999999,6,0.0,0.0,0.0,1.1649286655146907,0,0
CLI-01159,Jonás Terrazas Acuña,Jubilado,5949.38,Bajo,2025-04-23,1863.79,3,0.0,0.0,0.0,0.3132220127117932,0,0
CLI-01160,Sra. Elvia Rentería,Empresario / Comerciante,118905.77,Alto,2023-12-15,170470.57,10,0.0,0.0,0.0,1.4336489839897257,2,0
CLI-01161,Salma Zaragoza,Estudiante,5246.98,Bajo,2024-12-18,9206.949999999999,10,0.0,0.0,0.0,1.7543797804107484,0,0
CLI-01162,Abelardo David Regalado,Estudiante,7607.5,Bajo,2024-12-03,11357.4,9,0.0,0.0,0.0,1.4927252415062102,0,0
CLI-01163,Micaela María Quiroz,Estudiante,7916.82,Bajo,2026-04-24,7101.85,5,0.0,0.0,0.0,0.8969451187321763,0,0
CLI-01164,Ing. Juan Montaño,Empresario / Comerciante,56346.97,Alto,2025-03-17,58766.83,4,0.0,0.0,0.0,1.0429271897461434,0,0
CLI-01165,Srita. Elvira Moya,Empresario / Comerciante,85996.27,Alto,2024-02-13,85480.77,9,0.0,0.0,0.0,0.9939939953907839,0,0
CLI-01166,Tania Ruby Vergara Venegas,Empleado Sector Privado,37272.31,Medio,2025-08-04,32700.649999999998,7,0.0,0.0,0.0,0.8773207960334084,0,0
CLI-01167,Yuridia Amanda Noriega Mejía,Desempleado,2583.52,Alto,2024-07-17,3824.48,7,0.0,0.0,0.0,1.47976413415257,0,0
CLI-01168,Arturo Pedro Téllez Granados,Empresario / Comerciante,124892.18,Alto,2024-06-01,71140.88,5,0.0,0.0,0.0,0.5696138091767702,2,0
CLI-01169,Dra. Guadalupe Alonso,Empresario / Comerciante,139707.43,Alto,2024-09-28,172629.82,10,0.0,0.0,0.0,1.2356435470644114,2,0
CLI-01170,Gonzalo Loera,Empresario / Comerciante,125129.11,Alto,2024-06-25,118693.88,9,0.0,0.0,0.0,0.9485636990169672,2,0
CLI-01171,Gonzalo Sisneros,Desempleado,3856.58,Alto,2024-12-19,7068.17,10,0.0,0.0,0.0,1.8322808600210496,0,1
CLI-01172,Sandra Velázquez,Jubilado,6728.87,Bajo,2023-08-21,12925.77,8,0.0,0.0,0.0,1.9206567140227078,0,1
CLI-01173,Homero Patricio Gamez Muñiz,Profesionista Independiente,20338.49,Medio,2026-04-02,10956.75,4,0.0,0.0,0.0,0.5386934480658069,0,0
CLI-01174,Augusto Alcala,Jubilado,10109.76,Bajo,2023-06-28,11655.15,7,0.0,0.0,0.0,1.1527471723193903,0,0
CLI-01175,Carlota Serna Pacheco,Empleado Sector Privado,36019.32,Medio,2025-11-09,26120.989999999998,5,0.0,0.0,0.0,0.7251737352694256,0,0
CLI-01176,Norma Rosa Bravo Duarte,Empleado Sector Privado,39549.11,Medio,2025-12-04,52264.26,10,0.0,0.0,0.0,1.321469396671716,0,0
CLI-01177,Armando Felix Fuentes Longoria,Estudiante,7870.94,Bajo,2024-06-18,13691.75,10,0.0,0.0,0.0,1.7393107671044241,0,0
CLI-01178,Sessa Marisol Sevilla Alcántar,Empresario / Comerciante,184699.97,Alto,2025-03-23,98202.54000000001,6,0.0,0.0,0.0,0.5316839429700884,2,0
CLI-01179,Claudia Montenegro Serrato,Jubilado,10513.66,Bajo,2024-05-11,12958.29,7,0.0,0.0,0.0,1.2324021889438177,0,0
CLI-01180,Sr. Esteban Rivero,Empresario / Comerciante,214672.09,Alto,2026-03-02,241870.65,10,0.0,0.0,0.0,1.126692917123427,2,0
CLI-01181,Verónica Zedillo,Empleado Sector Privado,27200.63,Medio,2023-06-30,34395.17,10,0.0,0.0,0.0,1.2644525346459017,0,0
CLI-01182,Amelia Citlali Heredia Magaña,Empleado Sector Privado,21096.44,Medio,2026-06-04,8683.4,3,0.0,0.0,0.0,0.41158548146125784,0,0
CLI-01183,Rodolfo Juan Carlos Tovar,Desempleado,3061.96,Alto,2024-04-14,1828.34,4,0.0,0.0,0.0,0.5969193198735863,0,0
CLI-01184,Ing. Frida Márquez,Estudiante,6856.87,Bajo,2024-04-12,9779.59,9,0.0,0.0,0.0,1.4260389887822313,0,0
CLI-01185,Renato Ramos,Empresario / Comerciante,172984.64,Alto,2024-03-09,276004.31,9,0.0,0.0,0.0,1.595533074306052,2,0
CLI-01186,Judith Alarcón,Estudiante,3444.0,Bajo,2025-08-17,6270.1,9,0.0,0.0,0.0,1.8200580551523948,0,0
CLI-01187,Ruby Arias Bonilla,Estudiante,2605.38,Bajo,2025-02-26,2792.85,6,0.0,0.0,0.0,1.071543673600933,0,0
CLI-01188,Luis Miguel Serafín Ornelas González,Estudiante,4678.65,Bajo,2025-09-17,5562.639999999999,6,0.0,0.0,0.0,1.1886871881444125,0,0
CLI-01189,Rafaél Miguel Sosa,Desempleado,2813.15,Alto,2024-11-22,3647.08,7,0.0,0.0,0.0,1.2959792477302203,0,0
CLI-01190,Daniela Eloisa Carrera Riojas,Estudiante,3468.4,Bajo,2023-08-31,1942.3600000000001,5,0.0,0.0,0.0,0.5598547299244826,0,0
CLI-01191,Amelia Castro Cordero,Estudiante,4413.59,Bajo,2026-06-07,5355.49,7,0.0,0.0,0.0,1.2131341755406504,0,0
CLI-01192,Santiago Leonardo Espinoza,Empleado Sector Privado,29812.07,Medio,2024-06-05,36250.68,9,0.0,0.0,0.0,1.2159324752533034,0,0
CLI-01193,Trinidad Téllez,Estudiante,2840.81,Bajo,2023-10-14,2502.47,4,0.0,0.0,0.0,0.8805901872398224,0,0
CLI-01194,Rafaél Rolando Gurule,Profesionista Independiente,25537.27,Medio,2025-04-16,13855.68,4,0.0,0.0,0.0,0.5425457558401567,0,0
CLI-01195,Sr. Jaime Zaragoza,Desempleado,2304.44,Alto,2025-12-25,2801.12,6,0.0,0.0,0.0,1.2150045110694705,0,0
CLI-01196,Hugo Ernesto Jimínez Garay,Jubilado,12772.93,Bajo,2023-08-07,6249.34,3,0.0,0.0,0.0,0.489226103477943,0,0
CLI-01197,Reynaldo Reynaldo Rubio Niño,Desempleado,3273.53,Alto,2026-02-24,5445.47,9,0.0,0.0,0.0,1.662977587623262,0,0
CLI-01198,Carlos Burgos Zavala,Empleado Sector Privado,21958.23,Medio,2024-01-01,18249.9,5,0.0,0.0,0.0,0.8310810533884841,0,0
CLI-01199,Lucas Juan Carlos Orozco,Empleado Sector Privado,44527.95,Medio,2025-11-10,24808.74,3,0.0,0.0,0.0,0.5571373230224382,0,0
CLI-01200,Gerónimo Jaimes Alonzo,Jubilado,7873.56,Bajo,2023-08-01,8812.76,7,0.0,0.0,0.0,1.1191431648244472,0,0
CLI-01201,Ramiro González Benavides,Profesionista Independiente,27381.93,Medio,2024-07-04,36839.38,9,0.0,0.0,0.0,1.3453410573667608,0,0
CLI-01202,Luz Nava,Jubilado,17330.76,Bajo,2023-11-15,9215.65,3,0.0,0.0,0.0,0.5317203792344228,0,0
CLI-01203,Conchita Salgado Saiz,Desempleado,3646.31,Alto,2024-07-05,1265.05,3,0.0,0.0,0.0,0.3468446608596472,0,0
CLI-01204,Ruby Lilia Leal,Desempleado,2715.0,Alto,2023-12-09,3237.29,9,0.0,0.0,0.0,1.1919329896907216,0,0
CLI-01205,Sr. Luis Caballero,Jubilado,11443.07,Bajo,2025-05-27,14842.56,8,0.0,0.0,0.0,1.2969651531317092,0,0
CLI-01206,Silvia Dulce Duarte Salinas,Profesionista Independiente,57371.39,Medio,2025-01-31,68293.56,5,0.0,0.0,0.0,1.1903558488673733,0,0
CLI-01207,Eduardo Serrano,Desempleado,1524.62,Alto,2023-12-07,1475.67,5,0.0,0.0,0.0,0.9672592126479728,0,0
CLI-01208,Hernán Raya Alfaro,Jubilado,9143.55,Bajo,2025-11-21,7876.610000000001,7,0.0,0.0,0.0,0.8613447353888383,0,0
CLI-01209,Lucía Aragón,Empresario / Comerciante,131651.84,Alto,2025-07-30,152486.47,8,0.0,0.0,0.0,1.1582467191744592,2,0
CLI-01210,Georgina Juárez,Profesionista Independiente,31940.71,Medio,2025-03-16,21557.19,5,0.0,0.0,0.0,0.6748915446292637,0,0
CLI-01211,Lic. Andrés Sierra,Jubilado,11155.74,Bajo,2024-02-17,10818.26,7,0.0,0.0,0.0,0.9696613885418143,0,0
CLI-01212,Antonio Toledo,Empleado Sector Privado,21924.3,Medio,2023-12-26,26910.19,10,0.0,0.0,0.0,1.2273578924803765,0,0
CLI-01213,Martha Vázquez,Desempleado,577.41,Alto,2025-01-17,386.39,3,0.0,0.0,0.0,0.6680209539945713,0,0
CLI-01214,Anel Baeza,Empresario / Comerciante,232948.23,Alto,2026-01-24,209134.28,6,0.0,0.0,0.0,0.8977676380385545,2,0
CLI-01215,Ing. Estela Bueno,Jubilado,10364.81,Bajo,2025-06-06,10083.51,5,0.0,0.0,0.0,0.9727662382389799,0,0
CLI-01216,Manuel Elias Archuleta,Empresario / Comerciante,161457.35,Alto,2024-05-07,229411.00000000003,9,0.0,0.0,0.0,1.420867982362015,2,0
CLI-01217,Sra. Hilda Mireles,Empleado Sector Privado,24817.83,Medio,2025-11-18,10982.35,5,0.0,0.0,0.0,0.4425007141754869,0,0
CLI-01218,Raúl Sergio Pantoja Vallejo,Profesionista Independiente,24150.15,Medio,2024-11-16,24340.61,8,0.0,0.0,0.0,1.007844761015521,0,0
CLI-01219,Dr. Jonás Guerrero,Desempleado,316.28,Alto,2023-11-29,291.85,3,0.0,0.0,0.0,0.9198499747856784,0,0
CLI-01220,Josefina Salcido Madrigal,Empresario / Comerciante,219426.68,Alto,2024-04-19,347821.91000000003,10,0.0,0.0,0.0,1.5851323315271804,2,0
CLI-01221,Carlota Carlota Quintero Corona,Estudiante,5213.81,Bajo,2024-10-05,2389.69,3,0.0,0.0,0.0,0.4582506361689112,0,0
CLI-01222,Sr. Emiliano Rojo,Empleado Sector Privado,13700.71,Medio,2023-08-15,11203.28,5,0.0,0.0,0.0,0.8176556064899929,0,0
CLI-01223,Luis Manuel Gilberto Nazario Farías,Empresario / Comerciante,184734.38,Alto,2024-02-25,117087.05,6,0.0,0.0,0.0,0.6338095604642706,2,0
CLI-01224,Joaquín Delgado,Jubilado,5514.12,Bajo,2025-03-14,8036.59,8,0.0,0.0,0.0,1.457192227911632,0,0
CLI-01225,Sara Montez Hernádez,Estudiante,3128.98,Bajo,2023-06-13,4427.92,7,0.0,0.0,0.0,1.4146799660061726,0,0
CLI-01226,Ing. Raúl Urrutia,Jubilado,14415.97,Bajo,2024-05-08,6250.38,3,0.0,0.0,0.0,0.4335432479917764,0,0
CLI-01227,Marisol Cintrón Hinojosa,Jubilado,7821.21,Bajo,2025-05-07,8585.18,9,0.0,0.0,0.0,1.0975389308136703,0,0
CLI-01228,Ing. Gerardo Salas,Empleado Sector Privado,40692.64,Medio,2025-02-26,45497.409999999996,7,0.0,0.0,0.0,1.1180471936155134,0,0
CLI-01229,Víctor Arenas Madrid,Profesionista Independiente,28643.46,Medio,2025-11-18,17054.370000000003,4,0.0,0.0,0.0,0.5953810963795444,0,0
CLI-01230,Jerónimo Jacinto Chacón Leal,Estudiante,3270.85,Bajo,2024-01-20,3461.1800000000003,7,0.0,0.0,0.0,1.0578663447285177,0,0
CLI-01231,Jacinto Carrillo Jaimes,Empleado Sector Privado,43748.56,Medio,2024-05-04,28373.84,5,0.0,0.0,0.0,0.648551436860165,0,0
CLI-01232,Óliver Francisco Lira Rivera,Estudiante,6481.28,Bajo,2025-04-03,7744.4,10,0.0,0.0,0.0,1.1947030982925761,0,0
CLI-01233,Clemente Arreola Salas,Empresario / Comerciante,232888.26,Alto,2025-12-16,261145.87,6,0.0,0.0,0.0,1.121330670207806,2,0
CLI-01234,Eugenio Adalberto Collazo Briseño,Desempleado,2417.61,Alto,2023-12-03,1088.24,3,0.0,0.0,0.0,0.4499443895460616,0,0
CLI-01235,Joaquín Cristobal Vanegas Lemus,Empleado Sector Privado,25088.86,Medio,2024-12-01,19791.54,5,0.0,0.0,0.0,0.7888262429523322,0,0
CLI-01236,Gilberto Candelaria Domínguez,Empleado Sector Privado,30218.62,Medio,2023-10-08,15275.23,4,0.0,0.0,0.0,0.505473927203585,0,0
CLI-01237,Ing. José María Villagómez,Profesionista Independiente,32129.78,Medio,2024-10-14,27766.46,5,0.0,0.0,0.0,0.86417011974188,0,0
CLI-01238,Miguel Luevano,Jubilado,13433.38,Bajo,2025-01-25,20655.760000000002,10,0.0,0.0,0.0,1.5375298301819662,0,0
CLI-01239,Lic. Mauricio Arriaga,Profesionista Independiente,26770.27,Medio,2026-06-03,13888.720000000001,3,0.0,0.0,0.0,0.5187919736344223,0,0
CLI-01240,Elias José Manuél Godoy Santacruz,Jubilado,16476.56,Bajo,2026-03-16,20735.53,8,0.0,0.0,0.0,1.2584102257858565,0,0
CLI-01241,Gerónimo Portillo,Empresario / Comerciante,69721.65,Alto,2023-07-15,37361.82,3,0.0,0.0,0.0,0.5358634532680557,0,0
CLI-01242,Dr. Vicente Casillas,Desempleado,1877.96,Alto,2025-12-11,1677.67,5,0.0,0.0,0.0,0.8928715885383404,0,0
CLI-01243,Timoteo Saiz,Profesionista Independiente,56144.87,Medio,2024-07-15,62829.869999999995,7,0.0,0.0,0.0,1.119047046559257,0,0
CLI-01244,Micaela Irma Botello,Profesionista Independiente,29081.49,Medio,2024-12-26,25239.82,5,0.0,0.0,0.0,0.8678699794962536,0,0
CLI-01245,Ramón Agustín Gallardo,Estudiante,5375.15,Bajo,2025-05-19,7499.29,8,0.0,0.0,0.0,1.3949182965505056,0,0
CLI-01246,Salvador David Anguiano,Empleado Sector Privado,36461.33,Medio,2023-06-24,51864.78,10,0.0,0.0,0.0,1.4224208930147908,0,0
CLI-01247,Pamela Almanza Soria,Estudiante,3564.64,Bajo,2025-12-17,2247.34,6,0.0,0.0,0.0,0.6302767525605502,0,0
CLI-01248,Catalina Prieto,Jubilado,12528.86,Bajo,2024-08-06,14599.96,9,0.0,0.0,0.0,1.1652133383772842,0,0
CLI-01249,Olga Esther Carreón,Empresario / Comerciante,109038.46,Alto,2024-04-12,125149.66,7,0.0,0.0,0.0,1.1477465130513302,2,0
CLI-01250,Germán Solano,Empleado Sector Privado,22885.55,Medio,2025-07-24,31359.17,9,0.0,0.0,0.0,1.3702008384837383,0,0
CLI-01251,Ariadna Paola Carrasco,Empresario / Comerciante,163957.9,Alto,2025-07-13,186381.68,8,0.0,0.0,0.0,1.1367585413173666,2,0
CLI-01252,Asunción Lucía Paz Zamora,Empleado Sector Privado,28476.95,Medio,2025-12-27,16577.64,7,0.0,0.0,0.0,0.582121957514498,0,0
CLI-01253,Abel Enrique Loera,Desempleado,3773.86,Alto,2024-08-27,2929.45,4,0.0,0.0,0.0,0.7760420253996174,0,0
CLI-01254,Margarita Peralta Cepeda,Profesionista Independiente,26579.7,Medio,2025-08-23,25420.1,6,0.0,0.0,0.0,0.9563367405674041,0,0
CLI-01255,Dolores Karla Pacheco Ballesteros,Empresario / Comerciante,243301.65,Alto,2024-03-28,81609.57,3,0.0,0.0,0.0,0.3354240901198569,2,0
CLI-01256,Srita. Alma Olvera,Desempleado,2958.38,Alto,2025-09-17,3898.86,7,0.0,0.0,0.0,1.3174583865539404,0,0
CLI-01257,Tomás Reynaldo Rael,Empresario / Comerciante,83646.73,Alto,2025-06-03,47577.75,5,0.0,0.0,0.0,0.5687871027701529,0,0
CLI-01258,Jaqueline Susana Cordero Huerta,Profesionista Independiente,22616.96,Medio,2024-02-05,44990.46,10,0.0,0.0,0.0,1.989147562379631,0,1
CLI-01259,Nicolás Jaime Arce Rael,Desempleado,2186.19,Alto,2026-03-21,1541.98,3,0.0,0.0,0.0,0.7050050521445325,0,0
CLI-01260,Mateo Ricardo Mojica Moreno,Empleado Sector Privado,42257.68,Medio,2024-05-18,54749.88,10,0.0,0.0,0.0,1.2955889772231408,0,0
CLI-01261,Srita. Fabiola Valdés,Jubilado,17874.21,Bajo,2024-02-16,19881.35,7,0.0,0.0,0.0,1.112230289881909,0,0
CLI-01262,Dulce María Acuña Mota,Estudiante,5143.67,Bajo,2024-11-18,5508.53,10,0.0,0.0,0.0,1.0707256247728232,0,0
CLI-01263,Sra. Amelia Arredondo,Estudiante,7671.13,Bajo,2024-11-29,10370.62,7,0.0,0.0,0.0,1.3517263132923973,0,0
CLI-01264,Maximiliano Arenas Mojica,Desempleado,194.06,Alto,2025-08-26,343.36,4,0.0,0.0,0.0,1.7602788885471137,0,0
CLI-01265,Rubén Miguel Armendáriz,Estudiante,4474.35,Bajo,2023-08-08,6714.44,10,0.0,0.0,0.0,1.5003161763884387,0,0
CLI-01266,Aldonza Susana Samaniego,Desempleado,925.73,Alto,2023-11-10,487.28,3,0.0,0.0,0.0,0.5258057902517453,0,0
CLI-01267,Nayeli Sosa,Desempleado,604.12,Alto,2025-10-08,627.9499999999999,5,0.0,0.0,0.0,1.0377280539397142,0,0
CLI-01268,Celia Fabiola Alcaraz Salgado,Empleado Sector Privado,28689.19,Medio,2025-08-16,40208.36,10,0.0,0.0,0.0,1.4014671913988719,0,0
CLI-01269,Ing. Jos Salinas,Profesionista Independiente,17720.26,Medio,2023-08-08,13162.3,6,0.0,0.0,0.0,0.7427406403382153,0,0
CLI-01270,Débora Zambrano Calvillo,Desempleado,2667.02,Alto,2025-08-08,2154.23,6,0.0,0.0,0.0,0.8074264810608617,0,0
CLI-01271,María José Rosa Peralta,Jubilado,16865.77,Bajo,2026-01-14,23419.97,10,0.0,0.0,0.0,1.3885272639634025,0,0
CLI-01272,Jerónimo Benito Villalobos,Desempleado,1951.42,Alto,2024-11-28,2958.59,8,0.0,0.0,0.0,1.5153450589524795,0,0
CLI-01273,Lic. Rolando Lozada,Estudiante,5193.27,Bajo,2023-06-18,5901.91,5,0.0,0.0,0.0,1.1362347355836333,0,0
CLI-01274,Carlos Zayas Hernandes,Empresario / Comerciante,52370.19,Alto,2023-09-10,99765.33,9,0.0,0.0,0.0,1.9049658791408024,0,1
CLI-01275,Wendolin Muro,Jubilado,14388.51,Bajo,2024-07-21,3925.2799999999997,3,0.0,0.0,0.0,0.2727876070832155,0,0
CLI-01276,Gilberto Alonzo Ulibarri,Jubilado,17707.23,Bajo,2025-11-25,8399.5,4,0.0,0.0,0.0,0.4743274737226702,0,0
CLI-01277,Ivonne Nayeli Colón,Estudiante,5013.3,Bajo,2023-12-29,6318.75,8,0.0,0.0,0.0,1.2601459824900783,0,0
CLI-01278,Magdalena Verónica Fernández,Desempleado,2696.13,Alto,2024-11-26,1549.0,4,0.0,0.0,0.0,0.5743141784044521,0,0
CLI-01279,Sr. Evelio Llamas,Empleado Sector Privado,15531.54,Medio,2023-08-15,14799.75,6,0.0,0.0,0.0,0.9528222686051347,0,0
CLI-01280,Salvador Reynaldo Carranza Valencia,Estudiante,5146.31,Bajo,2024-01-19,8077.67,7,0.0,0.0,0.0,1.5692993039082548,0,0
CLI-01281,Virginia Rascón Velasco,Empleado Sector Privado,18333.76,Medio,2024-12-14,24013.3,8,0.0,0.0,0.0,1.3097144440396276,0,0
CLI-01282,Rodrigo Marcos Samaniego,Jubilado,8281.44,Bajo,2025-07-06,10613.7,7,0.0,0.0,0.0,1.2814701947735208,0,0
CLI-01283,Alejandro Casas,Profesionista Independiente,27029.61,Medio,2024-09-03,14035.5,3,0.0,0.0,0.0,0.5192446637349286,0,0
CLI-01284,Bernardo Bernabé Gaitán Marín,Empresario / Comerciante,65803.85,Alto,2025-01-31,72215.94,7,0.0,0.0,0.0,1.097425797642575,0,0
CLI-01285,Lic. Miguel Ángel Mota,Empresario / Comerciante,141799.55,Alto,2026-02-05,169457.47,9,0.0,0.0,0.0,1.195040992436207,2,0
CLI-01286,Antonia Frida Romo Rodríguez,Empleado Sector Privado,44677.69,Medio,2024-09-21,50097.87,7,0.0,0.0,0.0,1.1212922760268933,0,0
CLI-01287,Sr. Felipe Mejía,Empleado Sector Privado,21899.16,Medio,2023-07-16,14282.710000000001,4,0.0,0.0,0.0,0.6521737740728836,0,0
CLI-01288,Leticia de la Torre Vargas,Estudiante,5922.41,Bajo,2023-06-23,10336.83,10,0.0,0.0,0.0,1.7450809584344154,0,0
CLI-01289,Norma Berríos Montemayor,Desempleado,3038.34,Alto,2025-02-12,2755.86,6,0.0,0.0,0.0,0.9067297505379457,0,0
CLI-01290,Carla Cortez Palomo,Estudiante,4431.67,Bajo,2025-11-13,5298.55,9,0.0,0.0,0.0,1.1953405058350837,0,0
CLI-01291,Jaime Salvador Porras Matos,Empresario / Comerciante,160540.29,Alto,2023-09-23,207149.25,10,0.0,0.0,0.0,1.2903175874567845,2,0
CLI-01292,Marcela María Cristina Camarillo,Estudiante,5820.49,Bajo,2023-08-14,5741.74,5,0.0,0.0,0.0,0.9863007580533506,0,0
CLI-01293,Fernando Villa Carvajal,Desempleado,685.53,Alto,2023-08-16,1254.49,9,0.0,0.0,0.0,1.8272908685709293,0,1
CLI-01294,Ángel José Eduardo Cantú,Empresario / Comerciante,219065.96,Alto,2024-09-10,376826.86,10,0.0,0.0,0.0,1.7201446534885954,2,0
CLI-01295,Caridad Miriam Villanueva Esparza,Desempleado,3137.51,Alto,2023-11-05,7576.68,10,0.0,0.0,0.0,2.414100958735196,0,1
CLI-01296,Alonso Bonilla Llamas,Jubilado,17705.28,Bajo,2025-01-05,30322.59,10,0.0,0.0,0.0,1.71253306736367,0,0
CLI-01297,Eduardo Gamez,Estudiante,7368.75,Bajo,2025-08-29,11570.39,8,0.0,0.0,0.0,1.5699840564469623,0,0
CLI-01298,Uriel Mateo,Estudiante,3378.6,Bajo,2023-10-15,2391.01,5,0.0,0.0,0.0,0.70748313409871,0,0
CLI-01299,Ing. Humberto Sotelo,Desempleado,3550.22,Alto,2023-11-27,4438.98,9,0.0,0.0,0.0,1.249987328298444,0,0
CLI-01300,Mariana Abril Rosado Girón,Empresario / Comerciante,104219.01,Alto,2024-05-24,160647.36,9,0.0,0.0,0.0,1.5414252982704568,2,0
CLI-01301,Julio Yáñez,Estudiante,6106.57,Bajo,2024-02-24,8290.26,8,0.0,0.0,0.0,1.3573745368452594,0,0
CLI-01302,Raúl Rufino Centeno,Profesionista Independiente,55469.02,Medio,2023-06-13,21557.25,4,0.0,0.0,0.0,0.38862884852033586,0,0
CLI-01303,Cristobal Felix Becerra,Jubilado,13555.42,Bajo,2025-07-01,9324.52,6,0.0,0.0,0.0,0.6878305629362325,0,0
CLI-01304,Srita. Patricia Gómez,Empleado Sector Privado,42649.29,Medio,2025-07-28,43201.46,7,0.0,0.0,0.0,1.0129230070885802,0,0
CLI-01305,Mariano César Solorio Bueno,Profesionista Independiente,15704.61,Medio,2026-04-13,9762.3,5,0.0,0.0,0.0,0.6215804416383699,0,0
CLI-01306,Cornelio Terán,Empleado Sector Privado,31372.19,Medio,2023-12-06,33692.98,7,0.0,0.0,0.0,1.0739417955266903,0,0
CLI-01307,Minerva Aguayo,Desempleado,3283.61,Alto,2025-04-30,3707.45,7,0.0,0.0,0.0,1.1287337005002116,0,0
CLI-01308,Mercedes Regalado Jurado,Estudiante,3795.66,Bajo,2025-05-19,4721.54,9,0.0,0.0,0.0,1.2436035884171879,0,0
CLI-01309,Sergio Leal,Jubilado,8126.14,Bajo,2023-06-20,13934.53,9,0.0,0.0,0.0,1.7145674862251665,0,0
CLI-01310,Jerónimo Rolando Quiroz Cordero,Empresario / Comerciante,185406.99,Alto,2025-09-06,77665.2,3,0.0,0.0,0.0,0.4188880964622938,2,0
CLI-01311,Srita. Ivonne Ledesma,Jubilado,9312.49,Bajo,2025-05-23,8134.91,4,0.0,0.0,0.0,0.8734545267134017,0,0
CLI-01312,Lic. Alvaro Orta,Desempleado,559.8,Alto,2025-07-09,1371.1,10,0.0,0.0,0.0,2.4449001426533523,0,1
CLI-01313,Sra. Minerva Pérez,Desempleado,2896.65,Alto,2025-03-11,1514.5900000000001,4,0.0,0.0,0.0,0.5226959777750937,0,0
CLI-01314,Abelardo Rubén Salazar Razo,Jubilado,14690.94,Bajo,2025-07-06,20921.98,8,0.0,0.0,0.0,1.424044748345011,0,0
CLI-01315,Ing. Lucas Delgado,Profesionista Independiente,17416.34,Medio,2023-12-28,15102.71,4,0.0,0.0,0.0,0.8671077213856995,0,0
CLI-01316,Ing. Violeta Toledo,Empresario / Comerciante,96428.8,Alto,2026-04-21,142371.2,10,0.0,0.0,0.0,1.4764232633480523,2,0
CLI-01317,Gregorio José Carlos Luevano,Estudiante,4043.56,Bajo,2024-05-22,2233.0299999999997,3,0.0,0.0,0.0,0.552107027711296,0,0
CLI-01318,Lic. Paola Gaitán,Jubilado,17413.16,Bajo,2025-10-09,34265.15,9,0.0,0.0,0.0,1.9676602259310814,0,1
CLI-01319,Ing. Elias Garibay,Empresario / Comerciante,243784.11,Alto,2024-11-15,154472.82,3,0.0,0.0,0.0,0.6336433755121468,2,0
CLI-01320,Miguel Ángel Lorenzo Roybal Ledesma,Profesionista Independiente,16333.15,Medio,2025-06-14,14258.98,4,0.0,0.0,0.0,0.8729551277538163,0,0
CLI-01321,Espartaco Rentería,Profesionista Independiente,50259.67,Medio,2023-11-08,76805.51999999999,10,0.0,0.0,0.0,1.5281435762794247,0,0
CLI-01322,Sofía Leticia Alfaro Terrazas,Empresario / Comerciante,148120.69,Alto,2024-05-14,139514.46,7,0.0,0.0,0.0,0.9418908196362058,2,0
CLI-01323,Sr. Reynaldo Vera,Profesionista Independiente,39886.7,Medio,2024-11-18,31711.5,4,0.0,0.0,0.0,0.7950195172948052,0,0
CLI-01324,Zacarías Juan Carlos Viera,Empresario / Comerciante,136369.59,Alto,2024-09-12,155293.37,7,0.0,0.0,0.0,1.1387599774995474,2,0
CLI-01325,Mitzy Bahena,Desempleado,2343.5,Alto,2026-04-15,4663.59,10,0.0,0.0,0.0,1.9891618682021754,0,1
CLI-01326,José Eduardo Vela,Empresario / Comerciante,67138.82,Alto,2024-08-05,71609.03,8,0.0,0.0,0.0,1.0665657131639612,0,0
CLI-01327,Estela Minerva Bermúdez,Jubilado,8839.93,Bajo,2024-04-07,6427.6,4,0.0,0.0,0.0,0.72702758646432,0,0
CLI-01328,Horacio Maximiliano Balderas,Empleado Sector Privado,35532.58,Medio,2026-02-27,29042.39,4,0.0,0.0,0.0,0.8173223750604357,0,0
CLI-01329,María Cristina Paulina Sáenz Alonzo,Estudiante,3607.83,Bajo,2024-12-22,6763.08,10,0.0,0.0,0.0,1.874036737668441,0,1
CLI-01330,Raquel Antonia Garrido,Empresario / Comerciante,192335.43,Alto,2023-07-08,323783.32,9,0.0,0.0,0.0,1.6834217001948097,2,0
CLI-01331,Evelio Adán Rosado Saucedo,Desempleado,617.11,Alto,2025-01-06,646.0699999999999,5,0.0,0.0,0.0,1.0452346669686625,0,0
CLI-01332,Alvaro Almonte Benítez,Empresario / Comerciante,113335.65,Alto,2025-07-16,104541.28,6,0.0,0.0,0.0,0.9223960651739751,2,0
CLI-01333,Sr. Serafín Soria,Estudiante,2549.12,Bajo,2023-08-02,2588.25,7,0.0,0.0,0.0,1.0149522375417628,0,0
CLI-01334,Susana Guillermina Valenzuela,Profesionista Independiente,35013.11,Medio,2025-06-14,28088.27,6,0.0,0.0,0.0,0.8021985993646561,0,0
CLI-01335,Serafín Griego Cabán,Profesionista Independiente,19600.41,Medio,2025-05-07,31104.41,9,0.0,0.0,0.0,1.5868455381526125,0,0
CLI-01336,Felix Rufino Beltrán,Estudiante,3124.35,Bajo,2025-09-12,5016.6,10,0.0,0.0,0.0,1.6051322251907787,0,0
CLI-01337,Rolando Maximiliano Piña,Empresario / Comerciante,161397.01,Alto,2024-03-17,86808.86,3,0.0,0.0,0.0,0.5378558261034321,2,0
CLI-01338,Eric Enrique Zambrano Orosco,Jubilado,10304.57,Bajo,2025-01-13,14659.92,10,0.0,0.0,0.0,1.4225239360850492,0,0
CLI-01339,Sofía Rocío Santana Baeza,Estudiante,2537.71,Bajo,2024-11-29,3644.73,9,0.0,0.0,0.0,1.4356622063961617,0,0
CLI-01340,Ing. Trinidad Valdivia,Jubilado,6209.84,Bajo,2025-06-19,4862.2,7,0.0,0.0,0.0,0.7828570692531123,0,0
CLI-01341,Dra. Angélica Limón,Jubilado,15197.7,Bajo,2026-01-31,9176.02,6,0.0,0.0,0.0,0.6037371617309375,0,0
CLI-01342,Evelio Cardenas Casárez,Empresario / Comerciante,52468.12,Alto,2025-07-28,71624.45999999999,9,0.0,0.0,0.0,1.3650783546588925,0,0
CLI-01343,Lucía Irizarry,Empresario / Comerciante,127559.91,Alto,2026-05-07,178952.11,8,0.0,0.0,0.0,1.4028757712688,2,0
CLI-01344,Gregorio Bernardo Olivárez,Estudiante,6349.06,Bajo,2025-11-23,9171.119999999999,7,0.0,0.0,0.0,1.4442572196168222,0,0
CLI-01345,Sr. Jacobo Nevárez,Jubilado,16767.7,Bajo,2024-11-05,13589.439999999999,7,0.0,0.0,0.0,0.810405099977935,0,0
CLI-01346,Patricio Wilfrido Venegas,Empleado Sector Privado,30874.69,Medio,2025-09-28,21565.06,5,0.0,0.0,0.0,0.6984478727438966,0,0
CLI-01347,Frida Salma Rivas,Empleado Sector Privado,34615.43,Medio,2025-08-19,21670.8,5,0.0,0.0,0.0,0.6260264273352277,0,0
CLI-01348,Leonor Rael,Empleado Sector Privado,16581.72,Medio,2025-09-17,10403.81,3,0.0,0.0,0.0,0.6273886310569073,0,0
CLI-01349,Rodrigo Osorio Molina,Profesionista Independiente,27078.31,Medio,2025-10-03,23128.11,4,0.0,0.0,0.0,0.8540878626523349,0,0
CLI-01350,Adela Zoé Lira,Empleado Sector Privado,14087.82,Medio,2025-03-14,14800.34,7,0.0,0.0,0.0,1.0505024551381876,0,0
CLI-01351,Margarita Galarza,Empresario / Comerciante,105192.37,Alto,2024-03-07,33899.88,4,0.0,0.0,0.0,0.3222625152136489,0,0
CLI-01352,Lucía Marisol Gaona Zedillo,Profesionista Independiente,36790.41,Medio,2024-11-03,43395.03,9,0.0,0.0,0.0,1.1794880924650617,0,0
CLI-01353,Emiliano Griego Quesada,Estudiante,4166.75,Bajo,2024-11-25,2558.97,5,0.0,0.0,0.0,0.6139931617779377,0,0
CLI-01354,Dr. Pedro Ocampo,Empleado Sector Privado,35789.68,Medio,2025-09-30,44404.47,8,0.0,0.0,0.0,1.2406713144315784,0,0
CLI-01355,Rocío María Teresa Partida León,Empresario / Comerciante,168761.28,Alto,2023-11-11,130491.62,4,0.0,0.0,0.0,0.7732274060293568,2,0
CLI-01356,Emilio José Luis Vélez Segura,Empleado Sector Privado,27109.43,Medio,2025-08-26,20648.33,5,0.0,0.0,0.0,0.761637864098799,0,0
CLI-01357,Leonardo Zeferino Arreola Acosta,Empleado Sector Privado,22053.71,Medio,2025-03-22,13803.1,4,0.0,0.0,0.0,0.6258572431920438,0,0
CLI-01358,Srita. Elena Parra,Empresario / Comerciante,116443.44,Alto,2023-07-14,60500.409999999996,3,0.0,0.0,0.0,0.5195646095253668,0,0
CLI-01359,Aurora Marcela Zarate,Jubilado,9938.57,Bajo,2023-07-18,5231.73,4,0.0,0.0,0.0,0.5263537557459729,0,0
CLI-01360,Angélica Treviño Garay,Profesionista Independiente,34810.03,Medio,2025-10-15,51127.83,10,0.0,0.0,0.0,1.4687249989443003,0,0
CLI-01361,Dra. Socorro Tijerina,Empresario / Comerciante,213095.09,Alto,2026-05-01,184992.15,6,0.0,0.0,0.0,0.8681161160676387,2,0
CLI-01362,Cornelio Moya Mora,Desempleado,3896.9,Alto,2024-04-23,4651.57,6,0.0,0.0,0.0,1.1933528310115702,0,0
CLI-01363,Delia Julia Lara Cruz,Empleado Sector Privado,21914.36,Medio,2026-02-04,8067.389999999999,4,0.0,0.0,0.0,0.3681157872834395,0,0
CLI-01364,María Cristina Mitzy Ramón Montes,Jubilado,17314.63,Bajo,2025-09-26,11624.119999999999,6,0.0,0.0,0.0,0.6713079454804705,0,0
CLI-01365,Patricio Alfonso Ordóñez,Empleado Sector Privado,27807.32,Medio,2023-11-18,13697.58,7,0.0,0.0,0.0,0.49257128801739913,0,0
CLI-01366,Sra. Angélica Briseño,Empleado Sector Privado,43830.96,Medio,2026-05-26,49075.16,10,0.0,0.0,0.0,1.1196204778431083,0,0
CLI-01367,Inés María José Tovar,Profesionista Independiente,28115.17,Medio,2025-10-15,39834.590000000004,7,0.0,0.0,0.0,1.4167857855461823,0,0
CLI-01368,José María Ureña Varela,Desempleado,2531.61,Alto,2023-09-21,455.95,3,0.0,0.0,0.0,0.18003166693648054,0,0
CLI-01369,Patricia Conchita Gil,Jubilado,15165.67,Bajo,2025-05-21,14408.1,9,0.0,0.0,0.0,0.9499844065968337,0,0
CLI-01370,Magdalena Reina de Jesús Valadez,Profesionista Independiente,31922.49,Medio,2023-12-12,38936.7,6,0.0,0.0,0.0,1.2196880729519233,0,0
CLI-01371,Srita. Débora Pacheco,Empresario / Comerciante,123003.11,Alto,2025-12-21,67715.92,3,0.0,0.0,0.0,0.5505175396171721,2,0
CLI-01372,Noelia Riojas,Jubilado,7597.4,Bajo,2026-02-17,12709.59,10,0.0,0.0,0.0,1.6726666140240052,0,0
CLI-01373,Asunción Mercedes Ruelas,Jubilado,7339.05,Bajo,2025-09-20,5847.55,7,0.0,0.0,0.0,0.7966635104665499,0,0
CLI-01374,Zacarías Niño,Jubilado,5349.91,Bajo,2024-10-21,9788.07,10,0.0,0.0,0.0,1.829234653544911,0,1
CLI-01375,Tania Cadena Calvillo,Desempleado,1846.49,Alto,2026-05-04,2020.99,7,0.0,0.0,0.0,1.093911198436798,0,0
CLI-01376,Amador Rubén Vigil Romero,Desempleado,838.59,Alto,2025-04-20,740.64,4,0.0,0.0,0.0,0.8821448564180135,0,0
CLI-01377,Irene Daniela Pineda Armas,Profesionista Independiente,52407.68,Medio,2023-12-28,57836.8,8,0.0,0.0,0.0,1.103572919600341,0,0
CLI-01378,Lic. Bernardo Acosta,Estudiante,6913.79,Bajo,2025-11-27,6823.49,7,0.0,0.0,0.0,0.9867964175340104,0,0
CLI-01379,Amanda Sánchez,Empresario / Comerciante,184595.53,Alto,2025-06-15,220438.19,6,0.0,0.0,0.0,1.1941621546190495,2,0
CLI-01380,José Manuél Marcos Fonseca Anaya,Empleado Sector Privado,32900.09,Medio,2025-12-02,26497.54,6,0.0,0.0,0.0,0.8053696701233911,0,0
CLI-01381,Gregorio Alonso Zaragoza,Empleado Sector Privado,20338.5,Medio,2025-04-19,18713.18,4,0.0,0.0,0.0,0.9200412989503184,0,0
CLI-01382,Ing. Gonzalo Gallegos,Empleado Sector Privado,35602.8,Medio,2025-12-18,62796.61,10,0.0,0.0,0.0,1.7637614524292349,0,0
CLI-01383,Luis Manuel Adalberto Sevilla,Empresario / Comerciante,64793.03,Alto,2025-05-08,71251.79,7,0.0,0.0,0.0,1.0996659723125726,0,0
CLI-01384,Octavio Arturo Quiñones,Jubilado,11230.05,Bajo,2025-07-29,4757.75,3,0.0,0.0,0.0,0.4236246833555189,0,0
CLI-01385,Isabel Magdalena Anguiano,Empresario / Comerciante,156873.48,Alto,2024-07-17,172686.07,5,0.0,0.0,0.0,1.100791346049402,2,0
CLI-01386,Aida Huerta Muñoz,Desempleado,1673.2,Alto,2025-10-21,1977.51,5,0.0,0.0,0.0,1.1811671245968223,0,0
CLI-01387,Jacobo Ávalos,Estudiante,6744.33,Bajo,2024-02-25,10380.35,9,0.0,0.0,0.0,1.538894316512313,0,0
CLI-01388,Alejandra Covarrubias Pantoja,Profesionista Independiente,46573.54,Medio,2025-06-14,25280.46,4,0.0,0.0,0.0,0.5427956991094276,0,0
CLI-01389,Micaela Isabela Mondragón,Jubilado,12719.66,Bajo,2025-06-27,14216.74,7,0.0,0.0,0.0,1.117610249782637,0,0
CLI-01390,Paulina Nadia Cano,Estudiante,2656.22,Bajo,2024-10-19,4186.1,9,0.0,0.0,0.0,1.5753682419972757,0,0
CLI-01391,Gloria Teresa Archuleta,Empleado Sector Privado,33700.85,Medio,2024-10-09,22542.41,4,0.0,0.0,0.0,0.6688775245275853,0,0
CLI-01392,Iván César Rosado,Profesionista Independiente,22485.23,Medio,2023-07-06,23679.61,6,0.0,0.0,0.0,1.0530715909247572,0,0
CLI-01393,Alma Sisneros Valles,Jubilado,5575.86,Bajo,2024-02-19,6763.42,6,0.0,0.0,0.0,1.2127648892028848,0,0
CLI-01394,Ana María José Camarillo,Desempleado,2709.89,Alto,2023-07-23,3358.16,7,0.0,0.0,0.0,1.2387666043255168,0,0
CLI-01395,Cynthia Lemus Linares,Empresario / Comerciante,243362.23,Alto,2024-01-31,116815.6,3,0.0,0.0,0.0,0.4800051347115996,2,0
CLI-01396,Felipe Gerónimo Bermúdez,Profesionista Independiente,58457.25,Medio,2025-01-21,54784.59,7,0.0,0.0,0.0,0.9371575440592217,0,0
CLI-01397,Elena Elsa Bermúdez,Empresario / Comerciante,71188.91,Alto,2024-06-18,73331.38,5,0.0,0.0,0.0,1.0300810887385585,0,0
CLI-01398,Lic. Diego Partida,Estudiante,3552.43,Bajo,2026-03-16,6458.4400000000005,10,0.0,0.0,0.0,1.8175227878416067,0,0
CLI-01399,Rosalia Isabela Sisneros,Jubilado,14709.09,Bajo,2026-05-31,9124.67,3,0.0,0.0,0.0,0.6203000797411844,0,0
CLI-01400,Lorenzo León Mascareñas,Jubilado,12546.74,Bajo,2025-02-10,6727.61,4,0.0,0.0,0.0,0.5361610935515081,0,0
CLI-01401,Guadalupe Cantú,Jubilado,7873.41,Bajo,2024-10-16,10437.94,9,0.0,0.0,0.0,1.3255520096108788,0,0
CLI-01402,Lic. Fernando Tórrez,Profesionista Independiente,32601.04,Medio,2024-10-15,33705.11,9,0.0,0.0,0.0,1.0338343858237091,0,0
CLI-01403,Sergio Martínez Quiñónez,Desempleado,2354.36,Alto,2025-02-20,2777.26,6,0.0,0.0,0.0,1.179123361184702,0,0
CLI-01404,Gabriela Elizondo,Jubilado,6959.68,Bajo,2023-06-28,5534.7,6,0.0,0.0,0.0,0.7951378313613037,0,0
CLI-01405,Santiago Wilfrido Rendón,Estudiante,4896.63,Bajo,2024-12-15,5383.76,5,0.0,0.0,0.0,1.0992582126457082,0,0
CLI-01406,Ing. Ivonne Girón,Profesionista Independiente,33718.89,Medio,2025-03-31,45779.65,8,0.0,0.0,0.0,1.3576452948096807,0,0
CLI-01407,Mitzy Itzel Armas Sarabia,Estudiante,2696.42,Bajo,2024-01-12,1275.96,3,0.0,0.0,0.0,0.47302978401583734,0,0
CLI-01408,Javier Sosa Prado,Desempleado,566.7,Alto,2026-03-10,1213.49,9,0.0,0.0,0.0,2.137555046679584,0,1
CLI-01409,Yolanda Contreras,Profesionista Independiente,30438.0,Medio,2023-10-06,18854.85,5,0.0,0.0,0.0,0.6194306646079043,0,0
CLI-01410,Cristina Estrada,Empleado Sector Privado,29196.79,Medio,2025-08-07,38040.73,7,0.0,0.0,0.0,1.3028633331495296,0,0
CLI-01411,Aurora Arguello Benavides,Profesionista Independiente,36427.31,Medio,2026-04-13,40096.490000000005,8,0.0,0.0,0.0,1.100695859895779,0,0
CLI-01412,Cristian Reynoso Ruiz,Empresario / Comerciante,194398.79,Alto,2024-08-30,203093.81,8,0.0,0.0,0.0,1.0447223734140865,2,0
CLI-01413,Elvira Natalia Guerra Orellana,Empresario / Comerciante,113781.89,Alto,2024-05-22,185363.42,10,0.0,0.0,0.0,1.6290974855709854,2,0
CLI-01414,Evelio Marco Antonio Montez Vergara,Profesionista Independiente,17010.74,Medio,2024-05-14,12206.48,7,0.0,0.0,0.0,0.7175327156422564,0,0
CLI-01415,Alonso Daniel Mercado Véliz,Desempleado,460.34,Alto,2026-01-18,1155.08,10,0.0,0.0,0.0,2.5037499458100316,0,1
CLI-01416,Ing. María José Rivas,Profesionista Independiente,44158.65,Medio,2024-04-29,27785.14,3,0.0,0.0,0.0,0.6291974687299379,0,0
CLI-01417,Úrsula Marisol Almanza,Desempleado,3200.2,Alto,2025-01-26,5254.51,7,0.0,0.0,0.0,1.6414188429339,0,0
CLI-01418,Natalia Anel Santiago,Desempleado,975.65,Alto,2026-05-02,1047.85,7,0.0,0.0,0.0,1.072902267956791,0,0
CLI-01419,Lic. Esmeralda Olivo,Empleado Sector Privado,30213.04,Medio,2026-05-23,25578.93,4,0.0,0.0,0.0,0.8465908564362793,0,0
CLI-01420,Jorge Jacobo Rosado,Profesionista Independiente,40193.2,Medio,2025-06-12,44145.53,7,0.0,0.0,0.0,1.0983059744938326,0,0
CLI-01421,Sr. Juan Rascón,Empresario / Comerciante,96371.11,Alto,2024-04-02,90707.28,6,0.0,0.0,0.0,0.9412191971307882,0,0
CLI-01422,Olga Alarcón,Empresario / Comerciante,175952.06,Alto,2024-09-10,115562.3,7,0.0,0.0,0.0,0.6567791432555933,2,0
CLI-01423,Benito Ignacio Tórrez,Empleado Sector Privado,33135.8,Medio,2024-09-27,19473.97,4,0.0,0.0,0.0,0.5876840853673257,0,0
CLI-01424,Oswaldo Trejo Acuña,Empresario / Comerciante,129116.48,Alto,2024-04-06,101085.88,7,0.0,0.0,0.0,0.7828984890349472,2,0
CLI-01425,Alfredo Ricardo Montemayor Posada,Desempleado,2456.43,Alto,2024-07-23,2587.62,7,0.0,0.0,0.0,1.0529781112788563,0,0
CLI-01426,Zeferino Mariano Otero Jaime,Empleado Sector Privado,26835.98,Medio,2024-02-26,25149.97,7,0.0,0.0,0.0,0.9371386050144241,0,0
CLI-01427,Martín Luis Manuel Hernádez Vanegas,Empresario / Comerciante,127767.16,Alto,2024-12-26,188178.14,9,0.0,0.0,0.0,1.4728093446755437,2,0
CLI-01428,Dra. Sofía Leiva,Desempleado,859.18,Alto,2023-11-03,1193.26,8,0.0,0.0,0.0,1.3872212792671301,0,0
CLI-01429,Miguel Ángel Viera,Profesionista Independiente,48854.65,Medio,2023-12-11,62544.840000000004,10,0.0,0.0,0.0,1.2801966609798459,0,0
CLI-01430,Ing. Tomás Benavides,Estudiante,5464.09,Bajo,2025-02-08,6400.73,7,0.0,0.0,0.0,1.1712030359975771,0,0
CLI-01431,Juan Llamas Mendoza,Jubilado,7430.48,Bajo,2023-11-18,8953.39,7,0.0,0.0,0.0,1.2047923159316851,0,0
CLI-01432,Jacinto Homero Tamez Collado,Profesionista Independiente,23868.34,Medio,2026-04-15,10838.02,4,0.0,0.0,0.0,0.454056123881096,0,0
CLI-01433,Wilfrido Duarte,Estudiante,3574.12,Bajo,2024-10-04,2782.44,9,0.0,0.0,0.0,0.7782787710622301,0,0
CLI-01434,Pilar Armendáriz,Empresario / Comerciante,155543.0,Alto,2024-10-11,158973.30000000002,5,0.0,0.0,0.0,1.0220471377873785,2,0
CLI-01435,Lucía Sandoval Amaya,Desempleado,1253.62,Alto,2025-10-25,1981.11,9,0.0,0.0,0.0,1.5790518244568077,0,0
CLI-01436,Luis Elias Carrera,Empresario / Comerciante,172261.68,Alto,2025-08-19,158105.98,5,0.0,0.0,0.0,0.9178191120676865,2,0
CLI-01437,Georgina Alonzo,Jubilado,6485.02,Bajo,2023-09-18,8393.630000000001,10,0.0,0.0,0.0,1.2941110264846547,0,0
CLI-01438,Dr. Juan Lozada,Profesionista Independiente,53048.3,Medio,2025-07-14,102223.87,10,0.0,0.0,0.0,1.9269598279336388,0,1
CLI-01439,Graciela Marisol Aparicio Cano,Jubilado,7242.86,Bajo,2025-07-07,6199.33,5,0.0,0.0,0.0,0.8558047781155351,0,0
CLI-01440,Zacarías Oquendo,Desempleado,2823.95,Alto,2023-11-03,2676.19,9,0.0,0.0,0.0,0.9473406608966531,0,0
CLI-01441,Pablo Jonás Chávez,Profesionista Independiente,56340.72,Medio,2026-01-23,19731.53,3,0.0,0.0,0.0,0.35021170812676644,0,0
CLI-01442,Emilia Virginia Valdez Orozco,Jubilado,6101.78,Bajo,2024-03-19,10482.59,10,0.0,0.0,0.0,1.7176745679837715,0,0
CLI-01443,Natalia Raquel Núñez,Empleado Sector Privado,22335.13,Medio,2023-11-12,16067.82,4,0.0,0.0,0.0,0.719364545245752,0,0
CLI-01444,Nancy Mares,Empleado Sector Privado,22077.54,Medio,2024-06-30,15952.8,4,0.0,0.0,0.0,0.7225477771628015,0,0
CLI-01445,Pascual Roybal,Empleado Sector Privado,24319.1,Medio,2024-02-25,12302.29,3,0.0,0.0,0.0,0.5058486601617592,0,0
CLI-01446,Fernando Oswaldo Estévez Cabán,Empleado Sector Privado,28857.22,Medio,2023-11-18,11713.880000000001,3,0.0,0.0,0.0,0.4059113833077716,0,0
CLI-01447,Jesús Esteban Varela Niño,Empresario / Comerciante,169285.16,Alto,2025-01-20,110642.22,4,0.0,0.0,0.0,0.6535810133563192,2,0
CLI-01448,Srita. Arcelia Roque,Jubilado,9988.23,Bajo,2025-04-02,8005.650000000001,5,0.0,0.0,0.0,0.8014281381047389,0,0
CLI-01449,Dr. Alonso Orta,Empleado Sector Privado,28060.12,Medio,2023-11-13,10055.920000000002,3,0.0,0.0,0.0,0.3583577562121541,0,0
CLI-01450,Óliver Eric Cano Serna,Jubilado,14014.63,Bajo,2026-05-20,12512.58,8,0.0,0.0,0.0,0.8927590126166288,0,0
CLI-01451,Lic. Lorena Zayas,Desempleado,3722.78,Alto,2023-07-29,3442.73,7,0.0,0.0,0.0,0.9245256164435063,0,0
CLI-01452,Lic. Augusto Quintero,Empleado Sector Privado,30312.12,Medio,2026-02-08,18947.550000000003,4,0.0,0.0,0.0,0.625061029679558,0,0
CLI-01453,Alicia Jaimes Vigil,Empresario / Comerciante,107766.95,Alto,2024-11-05,81623.59,6,0.0,0.0,0.0,0.7574013424213785,0,0
CLI-01454,Gustavo Reynaldo Yáñez Samaniego,Empleado Sector Privado,22381.14,Medio,2026-01-24,18355.300000000003,7,0.0,0.0,0.0,0.8200869085797874,0,0
CLI-01455,Lic. Esther Castellanos,Empresario / Comerciante,173882.0,Alto,2023-10-02,99045.67,3,0.0,0.0,0.0,0.5696110028007338,2,0
CLI-01456,Uriel Bernabé Cisneros Castellanos,Profesionista Independiente,57832.89,Medio,2025-08-24,16453.739999999998,3,0.0,0.0,0.0,0.2844999705190157,0,0
CLI-01457,Teodoro Iván Quesada,Empresario / Comerciante,77306.94,Alto,2023-12-28,99898.09,10,0.0,0.0,0.0,1.2922099592874936,0,0
CLI-01458,Israel Saavedra,Empresario / Comerciante,242765.82,Alto,2024-03-16,247466.12,7,0.0,0.0,0.0,1.0193572581294263,2,0
CLI-01459,Arturo Montaño,Jubilado,13489.91,Bajo,2026-03-24,20699.2,8,0.0,0.0,0.0,1.5343071742380612,0,0
CLI-01460,Alonso Heredia Rodríquez,Empresario / Comerciante,186939.33,Alto,2026-01-23,213973.72,8,0.0,0.0,0.0,1.1446097265368047,2,0
CLI-01461,Sr. Octavio Cavazos,Empresario / Comerciante,192028.47,Alto,2024-10-07,132001.88,7,0.0,0.0,0.0,0.6874042822697995,2,0
CLI-01462,Julio César Jorge Luis Quintero,Empresario / Comerciante,147739.9,Alto,2024-05-06,242070.02,10,0.0,0.0,0.0,1.638476684519994,2,0
CLI-01463,Lic. Ariadna Muñoz,Estudiante,5392.39,Bajo,2024-05-03,10342.61,10,0.0,0.0,0.0,1.917645488273609,0,1
CLI-01464,Dra. Karla Villanueva,Empleado Sector Privado,21638.97,Medio,2025-07-05,17298.54,5,0.0,0.0,0.0,0.7993791118934084,0,0
CLI-01465,Elisa Olivárez Saavedra,Profesionista Independiente,25117.95,Medio,2026-03-12,34971.1,9,0.0,0.0,0.0,1.3922198181054541,0,0
CLI-01466,Sra. Marisol Zamudio,Profesionista Independiente,22569.4,Medio,2024-04-04,10415.23,3,0.0,0.0,0.0,0.4614552688476943,0,0
CLI-01467,Emiliano Vicente Archuleta Ulloa,Empresario / Comerciante,163130.09,Alto,2024-11-06,88978.59,4,0.0,0.0,0.0,0.5454422575120413,2,0
CLI-01468,Carla Olivares,Empresario / Comerciante,159945.24,Alto,2023-06-22,198186.99,9,0.0,0.0,0.0,1.2390850200667425,2,0
CLI-01469,Dalia Terrazas Jaramillo,Estudiante,5436.28,Bajo,2025-03-22,1370.03,4,0.0,0.0,0.0,0.25196973486743374,0,0
CLI-01470,José Verduzco Garrido,Profesionista Independiente,49880.09,Medio,2025-08-26,71846.81,8,0.0,0.0,0.0,1.440361668119121,0,0
CLI-01471,Aurelio Montañez Moreno,Profesionista Independiente,39391.95,Medio,2025-05-04,30154.71,6,0.0,0.0,0.0,0.7654849408333217,0,0
CLI-01472,Pablo Leonardo Rosales,Estudiante,6560.02,Bajo,2026-05-23,1921.41,3,0.0,0.0,0.0,0.2928523308875754,0,0
CLI-01473,Luis Miguel Evelio Henríquez,Empresario / Comerciante,159270.65,Alto,2025-11-03,78735.93000000001,3,0.0,0.0,0.0,0.4943499360997391,2,0
CLI-01474,Ana Luisa Loera Valverde,Empresario / Comerciante,70483.29,Alto,2024-04-11,81635.19,10,0.0,0.0,0.0,1.1582040480226163,0,0
CLI-01475,René Camarillo,Desempleado,3005.38,Alto,2024-06-12,2537.66,5,0.0,0.0,0.0,0.8440915652711899,0,0
CLI-01476,Marcela Pichardo,Profesionista Independiente,54366.44,Medio,2025-03-01,60391.12,9,0.0,0.0,0.0,1.1107957262655737,0,0
CLI-01477,Luis Miguel César Altamirano,Estudiante,4698.39,Bajo,2024-09-21,6510.4800000000005,9,0.0,0.0,0.0,1.3853883163559526,0,0
CLI-01478,Norma Reynoso Valverde,Profesionista Independiente,53798.98,Medio,2025-12-14,9638.65,3,0.0,0.0,0.0,0.17915712979818949,0,0
CLI-01479,Gabino Cazares,Estudiante,4634.42,Bajo,2025-12-20,5599.7,7,0.0,0.0,0.0,1.2080242998476944,0,0
CLI-01480,Judith Altamirano,Estudiante,6653.79,Bajo,2024-11-17,10949.25,9,0.0,0.0,0.0,1.6453186351485172,0,0
CLI-01481,Arturo Riojas,Empleado Sector Privado,18925.98,Medio,2023-08-18,23165.82,7,0.0,0.0,0.0,1.223957546317479,0,0
CLI-01482,Emiliano Fernando Cervántez Mejía,Desempleado,2351.7,Alto,2026-05-20,2504.38,8,0.0,0.0,0.0,1.0644706082373445,0,0
CLI-01483,Yeni Maldonado Castillo,Profesionista Independiente,53747.19,Medio,2025-04-14,50175.23,10,0.0,0.0,0.0,0.9335240870436754,0,0
CLI-01484,Lic. Óscar Nazario,Jubilado,13226.02,Bajo,2025-04-01,10478.97,6,0.0,0.0,0.0,0.792239673032928,0,0
CLI-01485,Luis Miguel Emilio Caldera,Empleado Sector Privado,32332.99,Medio,2024-12-27,37169.32,8,0.0,0.0,0.0,1.1495432515442727,0,0
CLI-01486,Felipe Darío Montalvo Olivo,Empleado Sector Privado,38846.49,Medio,2026-03-18,37073.600000000006,8,0.0,0.0,0.0,0.9543370755742522,0,0
CLI-01487,Ing. Estela Enríquez,Estudiante,5420.45,Bajo,2025-10-23,7987.78,8,0.0,0.0,0.0,1.4733659814256335,0,0
CLI-01488,Lic. Mateo Arias,Jubilado,8654.11,Bajo,2024-01-27,11068.81,9,0.0,0.0,0.0,1.2788757161954034,0,0
CLI-01489,Jorge Luis Gilberto Medina Paz,Jubilado,7188.91,Bajo,2024-03-03,6745.55,9,0.0,0.0,0.0,0.9381967229075191,0,0
CLI-01490,Isaac Raúl Jáquez,Desempleado,1170.54,Alto,2025-08-05,1889.06,9,0.0,0.0,0.0,1.6124588148932175,0,0
CLI-01491,Diana Virginia Arellano Olivárez,Jubilado,8475.46,Bajo,2024-03-02,6770.02,7,0.0,0.0,0.0,0.7986848283363576,0,0
CLI-01492,Abelardo Mauro Guajardo,Jubilado,17811.35,Bajo,2023-12-05,11922.27,6,0.0,0.0,0.0,0.6693260574825894,0,0
CLI-01493,Sr. Amador Barajas,Desempleado,3260.72,Alto,2025-03-19,1982.15,4,0.0,0.0,0.0,0.6077008449529696,0,0
CLI-01494,Abel Gregorio Robles,Empleado Sector Privado,43771.48,Medio,2024-05-04,66552.66,9,0.0,0.0,0.0,1.5204224206624801,0,0
CLI-01495,Sra. Ofelia Pedroza,Empresario / Comerciante,233753.74,Alto,2026-06-09,176435.2,4,0.0,0.0,0.0,0.7547876890111406,2,0
CLI-01496,Georgina Silvia Hernandes Quezada,Profesionista Independiente,54017.14,Medio,2026-04-05,46247.07,4,0.0,0.0,0.0,0.8561396227267358,0,0
CLI-01497,Diana Sánchez Casas,Empleado Sector Privado,35147.08,Medio,2026-02-26,49923.21000000001,8,0.0,0.0,0.0,1.4203680542436459,0,0
CLI-01498,Lilia Miranda,Empleado Sector Privado,20239.35,Medio,2024-12-07,20942.83,6,0.0,0.0,0.0,1.0347069097125299,0,0
CLI-01499,Jos Santiago Pichardo,Desempleado,1288.39,Alto,2023-10-28,1379.6100000000001,6,0.0,0.0,0.0,1.0699710715919932,0,0
CLI-01500,Ruby María Elena de Anda,Empleado Sector Privado,37128.63,Medio,2025-06-23,38868.700000000004,7,0.0,0.0,0.0,1.0468377950440122,0,0
CLI-01501,Margarita Ofelia Alcántar Ibarra,Desempleado,1570.8,Alto,2025-11-03,1033.4099999999999,4,0.0,0.0,0.0,0.6574691436569537,0,0
CLI-01502,José Tamayo Burgos,Empleado Sector Privado,31055.04,Medio,2026-06-07,20352.8,5,0.0,0.0,0.0,0.6553572187568022,0,0
CLI-01503,Amelia Concepción Villaseñor,Profesionista Independiente,43251.58,Medio,2024-12-25,45694.08,9,0.0,0.0,0.0,1.056447499779204,0,0
CLI-01504,Aurelio Tomás Hernández,Empresario / Comerciante,140398.34,Alto,2025-03-21,212302.28999999998,10,0.0,0.0,0.0,1.5121316809608933,2,0
CLI-01505,Lic. Marisol Esquivel,Desempleado,3178.39,Alto,2024-05-11,5029.11,10,0.0,0.0,0.0,1.5817845561569985,0,0
CLI-01506,José Carlos Zavala Ávalos,Estudiante,4417.1,Bajo,2024-12-20,2331.99,4,0.0,0.0,0.0,0.527826441230393,0,0
CLI-01507,Omar Puente,Desempleado,1112.9,Alto,2024-12-30,972.1399999999999,4,0.0,0.0,0.0,0.8727354340605079,0,0
CLI-01508,Dr. David Martínez,Profesionista Independiente,35461.3,Medio,2025-06-06,59667.840000000004,10,0.0,0.0,0.0,1.6825710684304176,0,0
CLI-01509,Barbara Cristal Fierro Granado,Empresario / Comerciante,115457.86,Alto,2025-03-26,121482.29000000001,8,0.0,0.0,0.0,1.0521694913668818,2,0
CLI-01510,Guadalupe Ulloa Bahena,Estudiante,7213.45,Bajo,2026-01-29,5083.25,6,0.0,0.0,0.0,0.7045928657070186,0,0
CLI-01511,Mateo Burgos,Desempleado,372.57,Alto,2024-03-16,432.28,4,0.0,0.0,0.0,1.1571593008003853,0,0
CLI-01512,Luisa Fonseca Curiel,Empresario / Comerciante,176968.11,Alto,2024-07-08,209277.81,6,0.0,0.0,0.0,1.1825668897809343,2,0
CLI-01513,Dra. Nayeli Trejo,Desempleado,1432.89,Alto,2024-07-23,2812.11,9,0.0,0.0,0.0,1.961175543451729,0,1
CLI-01514,Camilo Rodrigo del Río Alcántar,Estudiante,6774.07,Bajo,2025-12-09,9358.95,7,0.0,0.0,0.0,1.3813805613816539,0,0
CLI-01515,Natalia Yuridia Zedillo Barreto,Empresario / Comerciante,93565.99,Alto,2024-07-09,85061.61,6,0.0,0.0,0.0,0.9090984972371132,0,0
CLI-01516,Salvador Esparza,Empresario / Comerciante,214969.53,Alto,2025-07-03,217301.96000000002,7,0.0,0.0,0.0,1.0108453470343122,2,0
CLI-01517,Celia Patricia Henríquez,Empresario / Comerciante,103707.37,Alto,2025-09-27,125069.44,8,0.0,0.0,0.0,1.2059724784026593,2,0
CLI-01518,Abril Ana Galindo,Profesionista Independiente,30198.98,Medio,2025-10-25,23017.239999999998,4,0.0,0.0,0.0,0.7621607696428937,0,0
CLI-01519,Salvador Peña,Jubilado,6697.73,Bajo,2024-12-05,3607.51,3,0.0,0.0,0.0,0.53853640914024,0,0
CLI-01520,Srita. Mariana Lucero,Empresario / Comerciante,207660.73,Alto,2023-07-16,100716.58,4,0.0,0.0,0.0,0.4850030865099698,2,0
CLI-01521,Ing. Karina Ríos,Desempleado,3049.02,Alto,2023-08-22,2481.6800000000003,5,0.0,0.0,0.0,0.8136602382935195,0,0
CLI-01522,Laura Pilar Reynoso,Estudiante,2597.45,Bajo,2023-11-14,2448.12,4,0.0,0.0,0.0,0.9421462795127865,0,0
CLI-01523,Arturo Esteban Salazar,Empresario / Comerciante,53256.27,Alto,2024-04-13,40192.7,3,0.0,0.0,0.0,0.7546894536651991,0,0
CLI-01524,Salvador Villalpando Fuentes,Empleado Sector Privado,26562.44,Medio,2025-12-15,16497.23,5,0.0,0.0,0.0,0.6210502103643203,0,0
CLI-01525,Liliana Mireles,Estudiante,7951.03,Bajo,2025-01-01,4931.84,3,0.0,0.0,0.0,0.6201988674590011,0,0
CLI-01526,Norma Anel Lozada,Empresario / Comerciante,90463.64,Alto,2024-11-04,120138.45,7,0.0,0.0,0.0,1.3280155649765477,2,0
CLI-01527,Aida Gómez Briones,Desempleado,3637.63,Alto,2023-08-01,1627.83,5,0.0,0.0,0.0,0.44737442389031035,0,0
CLI-01528,Lic. Trinidad Ruelas,Desempleado,1207.46,Alto,2024-11-11,1557.31,6,0.0,0.0,0.0,1.2886731873624282,0,0
CLI-01529,Mateo Ocampo Barrios,Profesionista Independiente,19200.3,Medio,2026-03-19,22984.64,6,0.0,0.0,0.0,1.1970356173800731,0,0
CLI-01530,Jesús Baeza Ríos,Profesionista Independiente,26267.52,Medio,2025-11-15,20961.829999999998,5,0.0,0.0,0.0,0.797982908820139,0,0
CLI-01531,Violeta Valladares,Profesionista Independiente,44902.9,Medio,2024-10-27,71363.68000000001,9,0.0,0.0,0.0,1.589253494685317,0,0
CLI-01532,Silvano José Caraballo,Desempleado,662.1,Alto,2023-09-01,1447.99,10,0.0,0.0,0.0,2.1836676217765043,0,1
CLI-01533,René Pedro Porras,Empresario / Comerciante,175120.85,Alto,2024-07-30,259731.92,9,0.0,0.0,0.0,1.4831497040489237,2,0
CLI-01534,Lic. Pablo Partida,Desempleado,2797.77,Alto,2024-05-01,975.46,3,0.0,0.0,0.0,0.3485316764149966,0,0
CLI-01535,Oswaldo Polanco Valladares,Empleado Sector Privado,26164.62,Medio,2025-12-15,15167.57,4,0.0,0.0,0.0,0.5796755437096465,0,0
CLI-01536,Sra. Graciela Ordóñez,Estudiante,6222.19,Bajo,2025-07-29,9956.67,10,0.0,0.0,0.0,1.599930260846929,0,0
CLI-01537,Pamela Florencia Cervantes,Estudiante,3280.53,Bajo,2025-02-09,2439.35,6,0.0,0.0,0.0,0.74335751920598,0,0
CLI-01538,Ing. Citlali Rojas,Estudiante,2796.2,Bajo,2024-07-25,2409.2400000000002,5,0.0,0.0,0.0,0.8613041613041614,0,0
CLI-01539,María Luisa Lebrón,Empleado Sector Privado,29141.66,Medio,2025-03-17,24859.84,4,0.0,0.0,0.0,0.8530394960514929,0,0
CLI-01540,Ing. Tania Espinoza,Empresario / Comerciante,51857.39,Alto,2025-03-25,61749.79,7,0.0,0.0,0.0,1.1907386635026656,0,0
CLI-01541,Isabela Verónica Mercado,Desempleado,1374.3,Alto,2024-05-23,2974.51,10,0.0,0.0,0.0,2.16280811459318,0,1
CLI-01542,Uriel Feliciano,Estudiante,7928.93,Bajo,2026-02-23,7401.82,8,0.0,0.0,0.0,0.9334029430272398,0,0
CLI-01543,Mauricio Cornelio Flores Calderón,Empresario / Comerciante,188806.2,Alto,2023-09-05,160391.86,7,0.0,0.0,0.0,0.8495007605642156,2,0
CLI-01544,Diego Óliver Arredondo,Empresario / Comerciante,64165.66,Alto,2024-04-08,87051.29000000001,8,0.0,0.0,0.0,1.3566436214694673,0,0
CLI-01545,Lic. Gerardo Zelaya,Empresario / Comerciante,67866.22,Alto,2025-10-10,70374.22,7,0.0,0.0,0.0,1.03693977740653,0,0
CLI-01546,Emilia Pérez Bañuelos,Estudiante,2619.21,Bajo,2023-11-12,3927.04,10,0.0,0.0,0.0,1.4987501001828096,0,0
CLI-01547,Ángel Alcaraz Valdés,Profesionista Independiente,54644.5,Medio,2025-08-30,80656.51,8,0.0,0.0,0.0,1.47599546165741,0,0
CLI-01548,Rocío Abigail Jurado Gutiérrez,Empleado Sector Privado,24629.79,Medio,2023-09-05,20492.56,7,0.0,0.0,0.0,0.8319895545372276,0,0
CLI-01549,Juana Ojeda,Empleado Sector Privado,33172.01,Medio,2023-12-11,10159.68,4,0.0,0.0,0.0,0.30626343524449545,0,0
CLI-01550,Eugenio Arturo Carrillo Lucio,Desempleado,571.41,Alto,2023-11-03,1334.65,10,0.0,0.0,0.0,2.331632920459112,0,1
CLI-01551,Adela María Teresa Cadena,Jubilado,12322.79,Bajo,2025-04-09,5737.43,3,0.0,0.0,0.0,0.46555726769118916,0,0
CLI-01552,María Elena Varela Olivárez,Jubilado,13450.26,Bajo,2025-10-18,6487.6,4,0.0,0.0,0.0,0.48230425997267173,0,0
CLI-01553,Patricia Fabiola Morales de la Torre,Empresario / Comerciante,120237.54,Alto,2024-01-25,79191.04000000001,6,0.0,0.0,0.0,0.658616114267522,2,0
CLI-01554,Eugenio Humberto Jaimes,Empleado Sector Privado,32726.64,Medio,2025-09-28,26904.62,4,0.0,0.0,0.0,0.8220763855872284,0,0
CLI-01555,Dr. Rodrigo Matos,Empleado Sector Privado,42356.51,Medio,2024-05-15,17063.86,4,0.0,0.0,0.0,0.40285323665154066,0,0
CLI-01556,Estefanía Miramontes,Jubilado,13925.36,Bajo,2024-01-29,16907.13,7,0.0,0.0,0.0,1.21403798264586,0,0
CLI-01557,Ing. Renato Portillo,Empleado Sector Privado,14860.71,Medio,2026-02-18,20885.75,9,0.0,0.0,0.0,1.4053396278086439,0,0
CLI-01558,Sr. Humberto Casares,Estudiante,2840.08,Bajo,2025-02-02,2467.61,4,0.0,0.0,0.0,0.8685464682444705,0,0
CLI-01559,Lic. Caridad Muro,Estudiante,5537.44,Bajo,2026-05-20,9275.55,9,0.0,0.0,0.0,1.67475859628343,0,0
CLI-01560,Estela Escobar,Empresario / Comerciante,120307.13,Alto,2024-10-16,114114.03,7,0.0,0.0,0.0,0.948514701375543,2,0
CLI-01561,Gerardo Leonardo Vásquez Valdivia,Empresario / Comerciante,112900.73,Alto,2024-05-16,14157.0,3,0.0,0.0,0.0,0.1253922326965229,0,0
CLI-01562,Natalia Antonia González Quintero,Empleado Sector Privado,20176.95,Medio,2024-07-14,4541.09,3,0.0,0.0,0.0,0.22505209894959596,0,0
CLI-01563,Ángela Ramos,Desempleado,336.99,Alto,2024-06-24,1006.77,10,0.0,0.0,0.0,2.9786975946033905,0,1
CLI-01564,Alvaro Jaramillo Ojeda,Jubilado,12812.99,Bajo,2023-12-14,22041.75,10,0.0,0.0,0.0,1.7201316685903454,0,0
CLI-01565,Dra. Carla Zelaya,Desempleado,2430.37,Alto,2024-04-27,4157.22,10,0.0,0.0,0.0,1.7098261473983805,0,0
CLI-01566,Srita. Natalia Dávila,Desempleado,107.3,Alto,2024-06-25,148.53,3,0.0,0.0,0.0,1.3714681440443213,0,0
CLI-01567,Tomás Jacobo Vásquez Concepción,Desempleado,3503.31,Alto,2024-02-21,1440.29,3,0.0,0.0,0.0,0.411005304895971,0,0
CLI-01568,Dra. Estela Ceballos,Empleado Sector Privado,29085.72,Medio,2025-08-29,35746.43,7,0.0,0.0,0.0,1.228960501562225,0,0
CLI-01569,Ana Luisa Garibay,Jubilado,7452.4,Bajo,2026-04-26,4835.21,3,0.0,0.0,0.0,0.6487254139050636,0,0
CLI-01570,Ing. Jerónimo Ontiveros,Empresario / Comerciante,109108.41,Alto,2024-01-04,83385.17,7,0.0,0.0,0.0,0.7642344505391423,0,0
CLI-01571,Amalia Martha Olmos,Estudiante,6702.81,Bajo,2023-08-26,8485.18,8,0.0,0.0,0.0,1.2657250130895714,0,0
CLI-01572,Samuel Ochoa,Empleado Sector Privado,28331.29,Medio,2025-10-17,36569.54,9,0.0,0.0,0.0,1.2907371765572073,0,0
CLI-01573,Francisca Amelia Arenas Sandoval,Estudiante,3446.49,Bajo,2023-08-22,3502.61,6,0.0,0.0,0.0,1.0159884437663345,0,0
CLI-01574,Cynthia Susana Carvajal,Desempleado,2375.72,Alto,2023-07-20,1849.03,4,0.0,0.0,0.0,0.7779755293008853,0,0
CLI-01575,Dr. Cristobal Rico,Jubilado,16553.42,Bajo,2025-03-23,9528.44,6,0.0,0.0,0.0,0.5755828352790373,0,0
CLI-01576,Cecilia Minerva Márquez,Estudiante,7921.3,Bajo,2025-02-10,4073.7700000000004,3,0.0,0.0,0.0,0.5142155687111066,0,0
CLI-01577,María del Carmen Antonia Valdez Becerra,Profesionista Independiente,20939.23,Medio,2024-09-26,11448.529999999999,6,0.0,0.0,0.0,0.5467241763820168,0,0
CLI-01578,Joaquín José María Yáñez Crespo,Jubilado,10471.23,Bajo,2024-01-27,18072.65,9,0.0,0.0,0.0,1.7257690100389318,0,0
CLI-01579,Dra. Barbara Romero,Jubilado,13878.25,Bajo,2025-01-30,22890.44,10,0.0,0.0,0.0,1.6492562638471098,0,0
CLI-01580,Sergio Botello Acosta,Empresario / Comerciante,240890.6,Alto,2023-12-29,408123.86,10,0.0,0.0,0.0,1.6942220484234403,2,0
CLI-01581,Virginia Mercedes Serrano Santana,Estudiante,2100.14,Bajo,2024-03-18,1755.3400000000001,6,0.0,0.0,0.0,0.8354226753095939,0,0
CLI-01582,Renato Hugo Villagómez,Estudiante,2082.76,Bajo,2026-02-01,2949.82,9,0.0,0.0,0.0,1.4156236802702806,0,0
CLI-01583,Marisol Rodríquez,Empleado Sector Privado,13314.29,Medio,2025-12-08,18402.86,9,0.0,0.0,0.0,1.382084806264077,0,0
CLI-01584,Federico Flavio Tafoya Calderón,Estudiante,7692.08,Bajo,2025-11-23,5251.389999999999,8,0.0,0.0,0.0,0.6826121657385598,0,0
CLI-01585,Reynaldo Reynaldo Tamayo Tórrez,Empresario / Comerciante,151322.12,Alto,2024-07-17,179847.03,7,0.0,0.0,0.0,1.188496708235992,2,0
CLI-01586,Caridad Minerva Orozco,Desempleado,2850.52,Alto,2024-10-03,3757.91,9,0.0,0.0,0.0,1.317862052519358,0,0
CLI-01587,Ivonne Meza Carrillo,Empresario / Comerciante,134715.05,Alto,2025-07-22,153661.11,8,0.0,0.0,0.0,1.1406295686371446,2,0
CLI-01588,Ing. Federico Cotto,Empresario / Comerciante,66485.56,Alto,2024-05-26,74991.09,10,0.0,0.0,0.0,1.1279135211687896,0,0
CLI-01589,Patricio Salinas,Jubilado,11989.52,Bajo,2023-12-20,10962.619999999999,7,0.0,0.0,0.0,0.9142739430817011,0,0
CLI-01590,Ing. Elena Zapata,Empleado Sector Privado,21156.44,Medio,2023-10-16,26988.81,7,0.0,0.0,0.0,1.2756179386542041,0,0
CLI-01591,Mario Tamayo,Profesionista Independiente,18555.97,Medio,2026-02-21,6209.389999999999,3,0.0,0.0,0.0,0.33461227775870733,0,0
CLI-01592,Lorenzo Mauro Marín,Empleado Sector Privado,44152.34,Medio,2024-07-24,12251.43,4,0.0,0.0,0.0,0.27747459195612384,0,0
CLI-01593,Esteban Miguel Ángel Alvarez,Empleado Sector Privado,29700.88,Medio,2023-08-04,10980.220000000001,3,0.0,0.0,0.0,0.36968097642304126,0,0
CLI-01594,Srita. Nayeli Cavazos,Empresario / Comerciante,167287.43,Alto,2025-03-26,288648.82,10,0.0,0.0,0.0,1.7254559684731336,2,0
CLI-01595,Alicia Elsa Flores,Desempleado,2724.22,Alto,2025-03-29,3162.16,5,0.0,0.0,0.0,1.1603320098927794,0,0
CLI-01596,Sr. César Heredia,Estudiante,3861.02,Bajo,2023-10-10,2835.6,6,0.0,0.0,0.0,0.7342271660944273,0,0
CLI-01597,Hugo Mario Terrazas Collado,Empresario / Comerciante,195991.68,Alto,2025-07-04,328445.83,8,0.0,0.0,0.0,1.6758066168593644,2,0
CLI-01598,Ricardo Oswaldo Pedroza,Empleado Sector Privado,13910.9,Medio,2024-12-07,15821.64,8,0.0,0.0,0.0,1.1372738446941109,0,0
CLI-01599,Pilar Alta  Gracia Rentería Lira,Estudiante,7547.77,Bajo,2024-06-27,7497.73,5,0.0,0.0,0.0,0.9932386335787153,0,0
CLI-01600,Bianca Nazario Caldera,Estudiante,4720.23,Bajo,2025-07-12,2720.1,4,0.0,0.0,0.0,0.576142234121193,0,0
CLI-01601,Elisa Marisol Serrato,Jubilado,5715.37,Bajo,2025-04-21,10368.89,9,0.0,0.0,0.0,1.8138941321153108,0,0
CLI-01602,Armando Mena Urías,Desempleado,2966.77,Alto,2024-04-16,2839.91,5,0.0,0.0,0.0,0.956917146544375,0,0
CLI-01603,Bruno Jáquez,Desempleado,702.58,Alto,2023-11-16,1020.06,7,0.0,0.0,0.0,1.4498138093749111,0,0
CLI-01604,Víctor Peres,Estudiante,6247.4,Bajo,2024-05-28,8852.77,10,0.0,0.0,0.0,1.4168059023109918,0,0
CLI-01605,Sonia Escalante,Desempleado,45.4,Alto,2026-05-09,553.99,10,0.0,0.0,0.0,11.939439655172414,0,1
CLI-01606,Antonia Paola Arredondo Puga,Empresario / Comerciante,240603.24,Alto,2026-04-05,139742.03,4,0.0,0.0,0.0,0.580796207082635,2,0
CLI-01607,Ana Pérez,Jubilado,11723.9,Bajo,2024-12-31,4889.7,4,0.0,0.0,0.0,0.41703553974873986,0,0
CLI-01608,Nicolás Eduardo Elizondo Roldán,Desempleado,1036.99,Alto,2024-09-03,694.61,3,0.0,0.0,0.0,0.669187564427403,0,0
CLI-01609,Horacio Bañuelos Gómez,Profesionista Independiente,20711.88,Medio,2025-10-03,10095.36,4,0.0,0.0,0.0,0.4873952825488295,0,0
CLI-01610,Wendolin Lilia Arteaga Chávez,Profesionista Independiente,47982.11,Medio,2023-11-06,85570.92,9,0.0,0.0,0.0,1.7833550180469753,0,0
CLI-01611,Samuel Reynaldo Nieves,Estudiante,6628.58,Bajo,2025-07-20,8927.84,9,0.0,0.0,0.0,1.3466675113657276,0,0
CLI-01612,Débora Carmona Páez,Estudiante,4010.07,Bajo,2025-09-25,5133.24,8,0.0,0.0,0.0,1.2797682413919478,0,0
CLI-01613,Ing. Sara Rubio,Empresario / Comerciante,104396.12,Alto,2024-09-01,35086.93,3,0.0,0.0,0.0,0.3360909764560555,0,0
CLI-01614,Dr. Vicente Concepción,Estudiante,3577.7,Bajo,2025-11-08,3848.89,6,0.0,0.0,0.0,1.075499483052505,0,0
CLI-01615,Bianca Jaramillo,Jubilado,13157.93,Bajo,2023-10-10,7582.08,5,0.0,0.0,0.0,0.5761927451548112,0,0
CLI-01616,Georgina Ruby Ramírez Borrego,Empresario / Comerciante,141039.56,Alto,2024-01-18,242615.06,8,0.0,0.0,0.0,1.7201793583349356,2,0
CLI-01617,José Darío Rodarte,Profesionista Independiente,17494.76,Medio,2025-12-07,8766.21,4,0.0,0.0,0.0,0.5010476824099096,0,0
CLI-01618,Trinidad Susana Piña,Jubilado,7169.46,Bajo,2025-06-29,6254.41,5,0.0,0.0,0.0,0.8722466898915829,0,0
CLI-01619,Hernán Palomo Jáquez,Empleado Sector Privado,20418.83,Medio,2025-10-05,23977.49,7,0.0,0.0,0.0,1.1742257403710021,0,0
CLI-01620,Elena Badillo,Estudiante,7365.61,Bajo,2026-04-27,7030.49,5,0.0,0.0,0.0,0.9543724996979615,0,0
CLI-01621,Anel Escobar Brito,Desempleado,2891.11,Alto,2025-08-10,1353.5900000000001,3,0.0,0.0,0.0,0.4680285328013112,0,0
CLI-01622,Emilio Toro Rojas,Empleado Sector Privado,36445.74,Medio,2026-01-31,74786.74,9,0.0,0.0,0.0,2.051945935356633,0,1
CLI-01623,Leonel Emilio Arredondo,Estudiante,2264.23,Bajo,2023-06-19,981.8799999999999,3,0.0,0.0,0.0,0.43345708824269497,0,0
CLI-01624,Iván Salvador Almaraz Serrano,Estudiante,3467.31,Bajo,2024-10-17,3165.08,7,0.0,0.0,0.0,0.9125712522813705,0,0
CLI-01625,Antonia Nadia Verduzco,Empresario / Comerciante,122795.3,Alto,2025-09-21,42614.34,3,0.0,0.0,0.0,0.34703276890264606,0,0
CLI-01626,Fernando Rufino de la Fuente,Empleado Sector Privado,17905.71,Medio,2026-04-27,15602.529999999999,7,0.0,0.0,0.0,0.8713230962024849,0,0
CLI-01627,Débora Acevedo,Estudiante,5317.19,Bajo,2024-08-26,3385.19,3,0.0,0.0,0.0,0.6365304737138012,0,0
CLI-01628,Bruno Víctor del Río,Desempleado,2962.66,Alto,2023-06-20,3155.74,9,0.0,0.0,0.0,1.0648117530350985,0,0
CLI-01629,Magdalena Mercedes Escobar,Empresario / Comerciante,94903.06,Alto,2024-02-09,89352.5,5,0.0,0.0,0.0,0.9415034509587894,0,0
CLI-01630,Rosa Munguía Serna,Empleado Sector Privado,25736.47,Medio,2024-06-05,10965.66,3,0.0,0.0,0.0,0.42605819453116406,0,0
CLI-01631,Verónica Arroyo Estrada,Desempleado,1279.74,Alto,2023-07-13,540.87,3,0.0,0.0,0.0,0.4223105392195137,0,0
CLI-01632,Catalina Daniela Arenas Miramontes,Estudiante,5429.22,Bajo,2025-09-03,3770.89,4,0.0,0.0,0.0,0.6944267451410808,0,0
CLI-01633,Mariano Emiliano Flórez,Estudiante,5012.25,Bajo,2024-02-03,1214.6,3,0.0,0.0,0.0,0.24227796339699795,0,0
CLI-01634,Mitzy Domínguez,Estudiante,3076.07,Bajo,2025-01-23,6578.4800000000005,10,0.0,0.0,0.0,2.1379039150880548,0,1
CLI-01635,Angélica Indira Sauceda,Jubilado,17758.38,Bajo,2025-10-01,7139.73,3,0.0,0.0,0.0,0.4020258590108438,0,0
CLI-01636,Pablo José María Carmona,Empresario / Comerciante,63785.29,Alto,2025-10-25,31876.339999999997,4,0.0,0.0,0.0,0.4997365421315458,0,0
CLI-01637,Lic. Lorenzo Ávalos,Empresario / Comerciante,223206.45,Alto,2024-01-09,229031.16,8,0.0,0.0,0.0,1.0260910198113906,2,0
CLI-01638,Ilse Vásquez Trujillo,Profesionista Independiente,29728.54,Medio,2024-12-02,44372.08,9,0.0,0.0,0.0,1.4925249432046375,0,0
CLI-01639,Ing. José María Benavídez,Jubilado,10937.7,Bajo,2024-09-30,7434.08,4,0.0,0.0,0.0,0.6796127510581695,0,0
CLI-01640,Estela Sandoval Zúñiga,Profesionista Independiente,24030.2,Medio,2026-04-17,27116.49,8,0.0,0.0,0.0,1.1283868470987717,0,0
CLI-01641,Germán Miramontes Gonzales,Jubilado,15198.59,Bajo,2025-07-17,8854.41,3,0.0,0.0,0.0,0.582542687006689,0,0
CLI-01642,Mario Emilio Corrales,Desempleado,2490.87,Alto,2024-09-12,2076.63,6,0.0,0.0,0.0,0.8333620935281536,0,0
CLI-01643,Raquel Orosco,Empresario / Comerciante,123654.73,Alto,2025-09-27,65344.75,3,0.0,0.0,0.0,0.5284409384021266,2,0
CLI-01644,Dra. Paulina Montez,Empresario / Comerciante,249557.42,Alto,2024-01-17,102456.51000000001,3,0.0,0.0,0.0,0.41055120480406954,2,0
CLI-01645,Lorena Saavedra Riojas,Empleado Sector Privado,36171.29,Medio,2026-02-13,51085.0,8,0.0,0.0,0.0,1.412268894228151,0,0
CLI-01646,Dra. Mayte Centeno,Jubilado,14886.27,Bajo,2024-02-26,16022.34,6,0.0,0.0,0.0,1.0762443349250737,0,0
CLI-01647,Isabela Pabón Escalante,Empleado Sector Privado,16968.69,Medio,2023-11-24,22886.47,9,0.0,0.0,0.0,1.348667536059881,0,0
CLI-01648,Emilio Gómez,Empresario / Comerciante,54782.05,Alto,2024-10-12,59928.46,8,0.0,0.0,0.0,1.093923394188531,0,0
CLI-01649,Gilberto Vanegas,Jubilado,9503.51,Bajo,2026-02-03,5403.5599999999995,3,0.0,0.0,0.0,0.5685258892883484,0,0
CLI-01650,Javier Mora,Desempleado,3508.79,Alto,2026-05-27,3566.13,5,0.0,0.0,0.0,1.0160522424418554,0,0
CLI-01651,Patricio Zapata Alarcón,Profesionista Independiente,15065.79,Medio,2023-12-09,6306.179999999999,3,0.0,0.0,0.0,0.4185483437414339,0,0
CLI-01652,Dulce María Esperanza Valladares,Desempleado,1505.1,Alto,2024-08-17,1839.27,7,0.0,0.0,0.0,1.2212137308279662,0,0
CLI-01653,Alejandra Judith Botello Campos,Desempleado,2908.86,Alto,2023-11-10,3754.78,9,0.0,0.0,0.0,1.2903644848893074,0,0
CLI-01654,Marisol Alta  Gracia Fonseca Bernal,Estudiante,3231.17,Bajo,2024-01-18,2932.92,6,0.0,0.0,0.0,0.9074151421490825,0,0
CLI-01655,Adela Irma Cortés,Empleado Sector Privado,25853.92,Medio,2024-03-28,19746.68,4,0.0,0.0,0.0,0.7637494140380245,0,0
CLI-01656,Sra. Noelia Barela,Estudiante,7835.36,Bajo,2023-11-04,6430.13,4,0.0,0.0,0.0,0.8205506127845071,0,0
CLI-01657,Agustín Meraz,Empleado Sector Privado,35484.53,Medio,2025-10-25,29869.34,5,0.0,0.0,0.0,0.8417329542492391,0,0
CLI-01658,Dra. Gabriela Orta,Estudiante,2263.4,Bajo,2023-10-04,1340.8400000000001,3,0.0,0.0,0.0,0.592139198021551,0,0
CLI-01659,Lic. Cristian Mena,Empleado Sector Privado,41610.49,Medio,2025-12-10,33947.56,6,0.0,0.0,0.0,0.815821783839031,0,0
CLI-01660,Jonás Humberto Covarrubias Acevedo,Jubilado,10369.74,Bajo,2024-03-08,11142.69,10,0.0,0.0,0.0,1.0744353826245765,0,0
CLI-01661,Reina Adriana Lara,Profesionista Independiente,35630.61,Medio,2023-07-17,40473.16,7,0.0,0.0,0.0,1.135877946576088,0,0
CLI-01662,Omar Varela Baca,Desempleado,339.61,Alto,2026-04-24,704.74,7,0.0,0.0,0.0,2.0690525821320573,0,1
CLI-01663,Silvia Tórrez,Estudiante,5032.57,Bajo,2025-10-15,4838.6900000000005,7,0.0,0.0,0.0,0.9612839396293289,0,0
CLI-01664,Pamela Armendáriz,Desempleado,3279.85,Alto,2026-05-29,5503.55,9,0.0,0.0,0.0,1.6774768733712302,0,0
CLI-01665,Lic. Mateo Barragán,Estudiante,5551.37,Bajo,2025-06-18,6282.87,7,0.0,0.0,0.0,1.1315654396230799,0,0
CLI-01666,David Omar Zedillo,Estudiante,4609.9,Bajo,2025-02-28,4388.73,8,0.0,0.0,0.0,0.9518163482183521,0,0
CLI-01667,Linda Quiñones,Empleado Sector Privado,19813.47,Medio,2024-04-18,18012.12,6,0.0,0.0,0.0,0.9090386974771466,0,0
CLI-01668,Dr. Gerónimo Macías,Profesionista Independiente,53291.12,Medio,2023-09-13,76535.81,9,0.0,0.0,0.0,1.4361562272245876,0,0
CLI-01669,Eloisa Campos,Empresario / Comerciante,190145.12,Alto,2025-05-01,212598.66,8,0.0,0.0,0.0,1.1180804530747197,2,0
CLI-01670,Conchita Bétancourt Treviño,Desempleado,1305.01,Alto,2024-04-06,2133.3,8,0.0,0.0,0.0,1.633448442201821,0,0
CLI-01671,Srita. Dalia Patiño,Empresario / Comerciante,104391.17,Alto,2024-08-17,110429.6,9,0.0,0.0,0.0,1.057834126831543,2,0
CLI-01672,José Eduardo Alcala,Estudiante,7661.33,Bajo,2025-09-24,5302.639999999999,5,0.0,0.0,0.0,0.6920401496672682,0,0
CLI-01673,Anabel Leonor Mateo Tijerina,Empleado Sector Privado,37737.92,Medio,2025-01-01,47529.43,8,0.0,0.0,0.0,1.2594274027979604,0,0
CLI-01674,Mateo Nicolás de Jesús Elizondo,Jubilado,6416.65,Bajo,2026-02-18,4826.97,6,0.0,0.0,0.0,0.7521398019524281,0,0
CLI-01675,Olivia Ballesteros Gurule,Estudiante,2986.25,Bajo,2025-06-10,5919.7,10,0.0,0.0,0.0,1.9816553686500962,0,1
CLI-01676,Espartaco Juan Carlos Rubio,Empresario / Comerciante,112806.66,Alto,2024-10-21,108103.2,9,0.0,0.0,0.0,0.95829662631066,2,0
CLI-01677,Raquel Noelia Alcaraz,Estudiante,5215.55,Bajo,2024-07-19,8534.58,9,0.0,0.0,0.0,1.6360583144031975,0,0
CLI-01678,Norma Tamayo Roybal,Empleado Sector Privado,26913.26,Medio,2025-06-04,48270.9,8,0.0,0.0,0.0,1.793506490611297,0,0
CLI-01679,Dr. Luis Miguel Mercado,Empresario / Comerciante,103001.59,Alto,2023-06-14,107565.74,7,0.0,0.0,0.0,1.0443013131999885,2,0
CLI-01680,Dulce Esquibel Zedillo,Estudiante,2542.53,Bajo,2026-06-07,3865.32,9,0.0,0.0,0.0,1.5196675486430276,0,0
CLI-01681,Héctor Delgado,Desempleado,1216.86,Alto,2026-05-20,829.98,3,0.0,0.0,0.0,0.6815069055556469,0,0
CLI-01682,Amanda Rebeca Guerrero,Desempleado,2787.51,Alto,2023-10-19,971.3299999999999,3,0.0,0.0,0.0,0.3483329806957837,0,0
CLI-01683,Ing. Cristobal Negrón,Estudiante,3290.12,Bajo,2023-09-07,1492.24,3,0.0,0.0,0.0,0.45341403534359126,0,0
CLI-01684,Sandra Trujillo Rincón,Profesionista Independiente,21674.57,Medio,2026-05-29,20951.89,5,0.0,0.0,0.0,0.9666131040613926,0,0
CLI-01685,Patricio Zúñiga Serrano,Desempleado,992.88,Alto,2025-07-31,1037.33,6,0.0,0.0,0.0,1.0437175514146577,0,0
CLI-01686,Dra. Nelly Dávila,Profesionista Independiente,32831.0,Medio,2025-11-06,33430.14,7,0.0,0.0,0.0,1.018218201754386,0,0
CLI-01687,Diana Porras,Estudiante,6063.1,Bajo,2026-03-31,2968.71,3,0.0,0.0,0.0,0.48955492158770464,0,0
CLI-01688,Bernabé Haro Palacios,Profesionista Independiente,51904.03,Medio,2025-03-05,85029.41,8,0.0,0.0,0.0,1.6381728321898668,0,0
CLI-01689,Esperanza Liliana Garza Ruiz,Empleado Sector Privado,13025.71,Medio,2026-02-07,11474.69,9,0.0,0.0,0.0,0.8808586358336066,0,0
CLI-01690,Flavio Rafaél Carmona Meraz,Empresario / Comerciante,220920.26,Alto,2025-04-22,202213.31,6,0.0,0.0,0.0,0.9153184713865926,2,0
CLI-01691,Arturo Alemán Estrada,Jubilado,14725.02,Bajo,2024-03-07,6051.76,3,0.0,0.0,0.0,0.41095693201557515,0,0
CLI-01692,Luis Miguel Lira Riojas,Empleado Sector Privado,15125.93,Medio,2024-12-07,12885.29,4,0.0,0.0,0.0,0.8518113060614415,0,0
CLI-01693,Genaro Riojas Flórez,Estudiante,6823.38,Bajo,2025-08-26,10299.28,9,0.0,0.0,0.0,1.5091891131502058,0,0
CLI-01694,Ing. Darío Magaña,Empleado Sector Privado,16007.96,Medio,2024-04-21,12397.909999999998,5,0.0,0.0,0.0,0.7744356910130327,0,0
CLI-01695,Arturo Gustavo Cardenas Campos,Estudiante,6982.23,Bajo,2025-07-22,5957.24,6,0.0,0.0,0.0,0.8530780169062168,0,0
CLI-01696,Aurelio Genaro Tovar Aguayo,Empleado Sector Privado,16313.6,Medio,2025-10-01,7892.200000000001,3,0.0,0.0,0.0,0.48375075086119185,0,0
CLI-01697,Sr. Jacobo Llamas,Empresario / Comerciante,124447.95,Alto,2025-05-04,162777.55,8,0.0,0.0,0.0,1.307986527809194,2,0
CLI-01698,Rosalia María del Carmen Valverde Madera,Desempleado,3750.3,Alto,2025-01-08,3965.13,7,0.0,0.0,0.0,1.0570015727881001,0,0
CLI-01699,Liliana Alonzo,Estudiante,5493.94,Bajo,2023-06-22,8501.54,10,0.0,0.0,0.0,1.5471579307508365,0,0
CLI-01700,Darío Enrique Borrego,Profesionista Independiente,56284.29,Medio,2025-10-11,75022.78,10,0.0,0.0,0.0,1.3329020779674405,0,0
CLI-01701,Bianca Estefanía Hernandes Cantú,Estudiante,2130.8,Bajo,2026-04-07,1531.44,4,0.0,0.0,0.0,0.7183788347875035,0,0
CLI-01702,María Cristina Centeno,Estudiante,3186.5,Bajo,2024-07-03,4153.49,7,0.0,0.0,0.0,1.3030556862745097,0,0
CLI-01703,Rubén Chavarría,Desempleado,1773.73,Alto,2023-12-28,1468.96,5,0.0,0.0,0.0,0.8277090036230863,0,0
CLI-01704,Sra. María Luisa Collazo,Empleado Sector Privado,15035.3,Medio,2025-09-29,24085.37,10,0.0,0.0,0.0,1.6018149411756881,0,0
CLI-01705,César Vicente Gaitán,Profesionista Independiente,20513.74,Medio,2024-12-28,21090.33,5,0.0,0.0,0.0,1.0280573870300087,0,0
CLI-01706,Adriana Montaño,Empresario / Comerciante,60127.54,Alto,2023-08-09,75213.95,7,0.0,0.0,0.0,1.250886018519658,0,0
CLI-01707,Elvia Vázquez,Jubilado,10631.03,Bajo,2025-12-09,10984.54,5,0.0,0.0,0.0,1.033155474542491,0,0
CLI-01708,Vicente Arreola Bustos,Desempleado,1579.99,Alto,2023-12-07,1085.7,3,0.0,0.0,0.0,0.6867216111423855,0,0
CLI-01709,Sr. José Ponce,Estudiante,4296.38,Bajo,2025-04-24,2609.59,4,0.0,0.0,0.0,0.6072513950360452,0,0
CLI-01710,Yeni Ana Luisa Rodríquez,Empresario / Comerciante,84561.44,Alto,2023-12-27,39859.810000000005,3,0.0,0.0,0.0,0.4713654194462696,0,0
CLI-01711,Sr. Fidel Reyna,Empleado Sector Privado,41974.04,Medio,2025-08-19,30282.63,5,0.0,0.0,0.0,0.721443743710548,0,0
CLI-01712,Olivia Judith Crespo Olivo,Profesionista Independiente,27593.45,Medio,2024-12-19,37072.47,8,0.0,0.0,0.0,1.3434755902002034,0,0
CLI-01713,Ing. Flavio Rascón,Empleado Sector Privado,13143.43,Medio,2024-12-20,13263.92,7,0.0,0.0,0.0,1.0090905425339858,0,0
CLI-01714,Felipe Luis Manuel Coronado Alonzo,Jubilado,13020.7,Bajo,2025-04-26,15063.25,10,0.0,0.0,0.0,1.1567806046829523,0,0
CLI-01715,Ing. Fidel Almaraz,Desempleado,1180.42,Alto,2024-02-16,2124.66,10,0.0,0.0,0.0,1.7983951515972303,0,0
CLI-01716,Aurora Diana Nieves,Empresario / Comerciante,226555.71,Alto,2026-06-06,128097.70999999999,4,0.0,0.0,0.0,0.5654112385371415,2,0
CLI-01717,Adalberto Nicolás Olmos Beltrán,Empresario / Comerciante,62195.81,Alto,2026-02-09,40379.92,5,0.0,0.0,0.0,0.6492281517331837,0,0
CLI-01718,Carolina Estefanía Quiñónez Aguilar,Profesionista Independiente,32235.69,Medio,2025-04-17,42217.91,8,0.0,0.0,0.0,1.3096229792823024,0,0
CLI-01719,Sr. Gabino Palomo,Empresario / Comerciante,89891.56,Alto,2024-06-14,59900.2,4,0.0,0.0,0.0,0.6663532554863272,0,0
CLI-01720,Lic. José Carlos Arroyo,Jubilado,8238.92,Bajo,2025-09-21,9473.93,10,0.0,0.0,0.0,1.1497599491257198,0,0
CLI-01721,Martín Ernesto Valdivia,Jubilado,15333.0,Bajo,2024-08-03,9029.82,4,0.0,0.0,0.0,0.5888757010564758,0,0
CLI-01722,Israel Víctor Tapia,Empresario / Comerciante,206383.15,Alto,2025-02-16,301798.13,10,0.0,0.0,0.0,1.4623125370819416,2,0
CLI-01723,Leonel Borrego Gil,Profesionista Independiente,36585.8,Medio,2025-03-30,41131.82,10,0.0,0.0,0.0,1.1242256770201273,0,0
CLI-01724,Timoteo Lucas Hernández Aragón,Empresario / Comerciante,118806.82,Alto,2024-08-01,170825.83,10,0.0,0.0,0.0,1.4378332167024022,2,0
CLI-01725,Lic. Luz Griego,Jubilado,11531.11,Bajo,2023-09-06,20545.850000000002,10,0.0,0.0,0.0,1.7816210563374786,0,0
CLI-01726,Yeni Saavedra,Empresario / Comerciante,104087.14,Alto,2025-06-29,80763.85,6,0.0,0.0,0.0,0.7759178903571532,0,0
CLI-01727,Adela Sarabia,Estudiante,3913.27,Bajo,2025-09-04,1805.28,5,0.0,0.0,0.0,0.4612047712600306,0,0
CLI-01728,Modesto Villa Alarcón,Empleado Sector Privado,12967.01,Medio,2025-11-16,10218.38,4,0.0,0.0,0.0,0.7879682387660095,0,0
CLI-01729,Adán Leonel Ulibarri,Profesionista Independiente,17636.61,Medio,2023-08-23,9279.79,3,0.0,0.0,0.0,0.5261364776746963,0,0
CLI-01730,Alejandro Galindo,Empresario / Comerciante,155886.46,Alto,2026-04-26,85994.39,3,0.0,0.0,0.0,0.551644051420172,2,0
CLI-01731,Augusto Timoteo Duarte,Jubilado,17994.87,Bajo,2025-10-24,24360.88,10,0.0,0.0,0.0,1.3536928195191453,0,0
CLI-01732,Srita. Anel Montaño,Empleado Sector Privado,15304.43,Medio,2023-10-30,17747.8,7,0.0,0.0,0.0,1.159575392524091,0,0
CLI-01733,Lilia Ana María Granados Romo,Desempleado,964.61,Alto,2025-04-13,1866.78,10,0.0,0.0,0.0,1.9332649827570136,0,1
CLI-01734,Eloisa Regalado,Jubilado,15611.71,Bajo,2025-09-03,29045.32,10,0.0,0.0,0.0,1.860363767725142,0,1
CLI-01735,Soledad Velázquez,Desempleado,223.63,Alto,2026-05-04,248.64,3,0.0,0.0,0.0,1.1068868806481769,0,0
CLI-01736,Reynaldo Eric Vera Berríos,Empleado Sector Privado,30997.84,Medio,2024-04-18,38147.5,8,0.0,0.0,0.0,1.2306105647824241,0,0
CLI-01737,Hilda Báez,Empresario / Comerciante,120960.93,Alto,2025-12-06,120597.59,8,0.0,0.0,0.0,0.9969879779530635,2,0
CLI-01738,Georgina Norma Ramírez,Empleado Sector Privado,17811.31,Medio,2023-11-25,10366.12,4,0.0,0.0,0.0,0.5819638216491854,0,0
CLI-01739,Marcela Liliana Nieto,Jubilado,9134.06,Bajo,2024-01-15,5729.83,5,0.0,0.0,0.0,0.6272350701582694,0,0
CLI-01740,Elena Rosalia Vaca,Desempleado,2790.51,Alto,2023-12-16,1304.9299999999998,4,0.0,0.0,0.0,0.46746384573223804,0,0
CLI-01741,Ing. Gloria Jaramillo,Jubilado,5366.69,Bajo,2024-02-16,2924.05,4,0.0,0.0,0.0,0.5447501625466449,0,0
CLI-01742,Dr. Camilo Morales,Desempleado,1406.73,Alto,2025-05-18,968.47,4,0.0,0.0,0.0,0.6879657320650977,0,0
CLI-01743,María José Macías,Jubilado,12326.88,Bajo,2026-04-09,14444.29,7,0.0,0.0,0.0,1.1716767197604132,0,0
CLI-01744,Óliver Beltrán,Jubilado,17328.79,Bajo,2025-01-17,28637.33,9,0.0,0.0,0.0,1.6524914612352486,0,0
CLI-01745,Homero Arellano Vanegas,Empresario / Comerciante,158424.92,Alto,2024-06-16,112260.3,6,0.0,0.0,0.0,0.7085980627412484,2,0
CLI-01746,Ing. Abel Haro,Empleado Sector Privado,28184.4,Medio,2024-07-10,35916.479999999996,10,0.0,0.0,0.0,1.2742937833062506,0,0
CLI-01747,Aurelio Ramiro Colón,Estudiante,2337.01,Bajo,2025-04-20,2118.8,5,0.0,0.0,0.0,0.9062407774132702,0,0
CLI-01748,Alonso Bernabé Ramón,Jubilado,7844.52,Bajo,2025-07-20,6551.71,5,0.0,0.0,0.0,0.8350893248631065,0,0
CLI-01749,María Elena Moya,Jubilado,11213.86,Bajo,2024-12-22,12159.029999999999,8,0.0,0.0,0.0,1.084189191840112,0,0
CLI-01750,Octavio Figueroa,Profesionista Independiente,56305.33,Medio,2024-04-10,63880.89,8,0.0,0.0,0.0,1.1345241289922465,0,0
CLI-01751,Ángela Mitzy Madera Valverde,Empleado Sector Privado,38612.7,Medio,2024-10-25,13193.75,3,0.0,0.0,0.0,0.34168572294289334,0,0
CLI-01752,Verónica Lemus Navarro,Profesionista Independiente,47262.19,Medio,2023-12-26,30133.839999999997,3,0.0,0.0,0.0,0.6375752461905342,0,0
CLI-01753,Aurora Zamudio Salcedo,Profesionista Independiente,17680.02,Medio,2025-04-16,16180.65,8,0.0,0.0,0.0,0.9151423390731982,0,0
CLI-01754,Agustín Francisco Collazo,Empleado Sector Privado,31358.1,Medio,2025-09-22,33017.42,6,0.0,0.0,0.0,1.0528816196893405,0,0
CLI-01755,Juan Roberto Bermúdez Serrano,Empleado Sector Privado,37554.09,Medio,2024-08-30,41391.63,7,0.0,0.0,0.0,1.1021576569248004,0,0
CLI-01756,Margarita Gracia Roldán,Jubilado,16188.7,Bajo,2024-05-12,11741.42,4,0.0,0.0,0.0,0.7252401218058395,0,0
CLI-01757,Srita. Barbara Sandoval,Estudiante,4241.54,Bajo,2024-04-25,3961.77,6,0.0,0.0,0.0,0.9338203057602286,0,0
CLI-01758,Rocío Alcaraz Gamez,Desempleado,1582.38,Alto,2023-08-13,2327.26,8,0.0,0.0,0.0,1.469805100481249,0,0
CLI-01759,Federico Mercado Valle,Estudiante,4019.37,Bajo,2023-07-20,925.9200000000001,3,0.0,0.0,0.0,0.230307160783709,0,0
CLI-01760,Indira Partida Polanco,Profesionista Independiente,21140.33,Medio,2024-10-24,22345.53,9,0.0,0.0,0.0,1.0569595195761097,0,0
CLI-01761,Juana Mondragón,Empleado Sector Privado,36167.62,Medio,2025-08-30,21394.24,4,0.0,0.0,0.0,0.5915138592514727,0,0
CLI-01762,Lic. Victoria Lemus,Empresario / Comerciante,208368.5,Alto,2024-06-12,145016.08000000002,6,0.0,0.0,0.0,0.6959563659748669,2,0
CLI-01763,Abigail Franco,Empresario / Comerciante,179836.05,Alto,2026-05-31,184042.36,7,0.0,0.0,0.0,1.0233840023510172,2,0
CLI-01764,Benito Navarrete,Empleado Sector Privado,35337.04,Medio,2025-06-29,23469.83,4,0.0,0.0,0.0,0.664152001639027,0,0
CLI-01765,Ing. Iván Baeza,Jubilado,14016.29,Bajo,2025-01-09,11745.1,7,0.0,0.0,0.0,0.8379009066659818,0,0
CLI-01766,Sr. Aurelio Grijalva,Jubilado,15230.89,Bajo,2025-06-07,13361.68,6,0.0,0.0,0.0,0.8772174694013678,0,0
CLI-01767,Barbara Barrios,Empleado Sector Privado,33962.55,Medio,2025-09-19,26889.52,5,0.0,0.0,0.0,0.7917170024923778,0,0
CLI-01768,Amanda Clara Amador,Empleado Sector Privado,24486.68,Medio,2025-02-24,22553.86,7,0.0,0.0,0.0,0.9210288602268569,0,0
CLI-01769,Sessa Mayte Carrasco,Desempleado,2753.99,Alto,2025-03-07,5961.12,9,0.0,0.0,0.0,2.163753770431109,0,1
CLI-01770,Emilia Gracia,Empleado Sector Privado,17864.37,Medio,2024-12-16,8851.44,3,0.0,0.0,0.0,0.4954523751817063,0,0
CLI-01771,Cristian Horacio de la Garza,Estudiante,7692.73,Bajo,2023-07-22,6921.65,6,0.0,0.0,0.0,0.8996481550561302,0,0
CLI-01772,Dr. Renato Quintana,Jubilado,10090.82,Bajo,2025-06-16,5167.22,4,0.0,0.0,0.0,0.5120206266064992,0,0
CLI-01773,Samuel Matos,Jubilado,5420.98,Bajo,2024-10-14,8709.16,9,0.0,0.0,0.0,1.6062692964562761,0,0
CLI-01774,Alvaro Zavala,Jubilado,9136.82,Bajo,2025-08-15,4786.9400000000005,5,0.0,0.0,0.0,0.5238601767161096,0,0
CLI-01775,Isaac Enrique Munguía,Jubilado,7871.64,Bajo,2025-04-06,6399.14,8,0.0,0.0,0.0,0.8128327981464921,0,0
CLI-01776,Hugo Octavio Concepción Olivo,Jubilado,6353.43,Bajo,2025-04-16,4182.08,6,0.0,0.0,0.0,0.6581361349483745,0,0
CLI-01777,Mariano Arenas Carvajal,Empresario / Comerciante,78128.67,Alto,2026-02-18,72675.6,5,0.0,0.0,0.0,0.930192076838415,0,0
CLI-01778,Frida Isabela Zamudio,Desempleado,311.23,Alto,2025-06-24,669.17,7,0.0,0.0,0.0,2.143195721103033,0,1
CLI-01779,Conchita Diana Quezada,Profesionista Independiente,59207.08,Medio,2024-02-01,68302.82,8,0.0,0.0,0.0,1.1536063996670725,0,0
CLI-01780,David Guerra,Empleado Sector Privado,32994.16,Medio,2024-04-28,45106.03,10,0.0,0.0,0.0,1.3670498945906004,0,0
CLI-01781,Sra. Itzel Rivas,Estudiante,6929.97,Bajo,2023-10-08,1876.9900000000002,3,0.0,0.0,0.0,0.2708120219824931,0,0
CLI-01782,Sr. Bruno Guerrero,Desempleado,2556.41,Alto,2024-09-09,3207.7200000000003,6,0.0,0.0,0.0,1.254284608256009,0,0
CLI-01783,Sra. Leticia Escobar,Profesionista Independiente,35098.35,Medio,2023-09-02,55053.07,10,0.0,0.0,0.0,1.5684925789224018,0,0
CLI-01784,Alfredo Arturo Gamez Aparicio,Profesionista Independiente,24435.79,Medio,2023-06-25,18186.78,7,0.0,0.0,0.0,0.7442376842457622,0,0
CLI-01785,Esperanza Pilar Santacruz,Desempleado,271.18,Alto,2025-06-08,802.25,9,0.0,0.0,0.0,2.9474979792784186,0,1
CLI-01786,Dra. Estela Valverde,Profesionista Independiente,50415.9,Medio,2023-07-17,24486.41,3,0.0,0.0,0.0,0.48567861173535065,0,0
CLI-01787,Ricardo Isaac Olvera,Desempleado,5.12,Alto,2025-07-25,404.21,8,0.0,0.0,0.0,66.04738562091502,0,1
CLI-01788,María Ángela Castellanos,Empresario / Comerciante,137644.03,Alto,2024-12-09,98204.24,8,0.0,0.0,0.0,0.7134601227519802,2,0
CLI-01789,Arcelia Elvia Valdés,Empresario / Comerciante,243820.37,Alto,2026-04-02,161633.73,5,0.0,0.0,0.0,0.6629186358849514,2,0
CLI-01790,Horacio Emilio Uribe,Empresario / Comerciante,148616.4,Alto,2025-07-22,128700.66,6,0.0,0.0,0.0,0.8659864861045881,2,0
CLI-01791,Yeni Mariana Lovato Menéndez,Empresario / Comerciante,120246.23,Alto,2023-10-28,42559.39,3,0.0,0.0,0.0,0.35393239411835103,0,0
CLI-01792,Ing. Esperanza Prieto,Empresario / Comerciante,70285.71,Alto,2025-10-31,122938.67,8,0.0,0.0,0.0,1.7491026397451237,0,0
CLI-01793,José Manuél Gilberto Melgar Barela,Empresario / Comerciante,207746.0,Alto,2024-12-14,208435.81,7,0.0,0.0,0.0,1.003315619479463,2,0
CLI-01794,Irene Aida Carvajal,Jubilado,13462.6,Bajo,2023-10-04,18544.68,8,0.0,0.0,0.0,1.377393861968567,0,0
CLI-01795,Srita. Ruby Rubio,Desempleado,902.33,Alto,2025-03-01,1019.13,5,0.0,0.0,0.0,1.1281923549533392,0,0
CLI-01796,Sara Santacruz,Empresario / Comerciante,64741.88,Alto,2025-05-09,43999.29,7,0.0,0.0,0.0,0.6796004440951654,0,0
CLI-01797,Dr. Bruno Ontiveros,Estudiante,3769.45,Bajo,2024-01-11,2018.8400000000001,3,0.0,0.0,0.0,0.5354374146322057,0,0
CLI-01798,Bernardo Tomás Ríos,Profesionista Independiente,26750.75,Medio,2024-09-05,25966.82,6,0.0,0.0,0.0,0.9706587419514611,0,0
CLI-01799,Diego Vázquez Santana,Estudiante,2445.2,Bajo,2025-02-28,2890.02,10,0.0,0.0,0.0,1.181432425803287,0,0
CLI-01800,Lic. Alejandra Lemus,Empleado Sector Privado,41301.73,Medio,2025-07-12,35910.08,5,0.0,0.0,0.0,0.8694359912770899,0,0
CLI-01801,Bernabé González Bonilla,Empleado Sector Privado,36155.51,Medio,2023-09-22,22828.09,4,0.0,0.0,0.0,0.6313687355333797,0,0
CLI-01802,Zacarías Figueroa,Jubilado,17243.84,Bajo,2025-12-19,10893.27,4,0.0,0.0,0.0,0.6316828686146116,0,0
CLI-01803,Alfonso Suárez,Estudiante,4027.7,Bajo,2024-09-19,2268.29,3,0.0,0.0,0.0,0.5630327400898553,0,0
CLI-01804,Delia Adriana Meraz,Jubilado,16611.94,Bajo,2024-12-06,12066.369999999999,7,0.0,0.0,0.0,0.7263235766817914,0,0
CLI-01805,Israel Evelio Ávalos Tafoya,Desempleado,123.97,Alto,2025-05-17,371.8,5,0.0,0.0,0.0,2.975114027366568,0,1
CLI-01806,Liliana Narváez,Desempleado,659.99,Alto,2026-05-24,1374.54,10,0.0,0.0,0.0,2.079517088004357,0,1
CLI-01807,Vanesa Montemayor,Empresario / Comerciante,81420.76,Alto,2025-07-18,20169.98,3,0.0,0.0,0.0,0.24772223051921258,0,0
CLI-01808,Sra. Norma Rael,Estudiante,3986.57,Bajo,2026-03-05,4217.1,8,0.0,0.0,0.0,1.0575613719633763,0,0
CLI-01809,David Olivera Patiño,Empleado Sector Privado,25506.24,Medio,2026-04-07,33584.83,9,0.0,0.0,0.0,1.3166783234877626,0,0
CLI-01810,Jacobo Negrón Zayas,Jubilado,14386.5,Bajo,2025-08-26,11173.67,6,0.0,0.0,0.0,0.776623457862728,0,0
CLI-01811,Espartaco Benjamín Mateo,Desempleado,2160.5,Alto,2025-06-06,1434.6599999999999,5,0.0,0.0,0.0,0.6637335183900068,0,0
CLI-01812,Alma Silvia Zelaya,Desempleado,1126.09,Alto,2026-03-23,906.24,3,0.0,0.0,0.0,0.8040529150289685,0,0
CLI-01813,Ing. Antonia Delgadillo,Empleado Sector Privado,15165.23,Medio,2024-10-27,25552.47,8,0.0,0.0,0.0,1.684826749956977,0,0
CLI-01814,Abril Gurule,Empresario / Comerciante,164353.96,Alto,2023-06-24,164821.8,8,0.0,0.0,0.0,1.0028404375505309,2,0
CLI-01815,Hermelinda Zamudio,Empresario / Comerciante,80717.99,Alto,2026-06-01,114013.29000000001,9,0.0,0.0,0.0,1.412471712046942,0,0
CLI-01816,Lic. Florencia Macías,Profesionista Independiente,15171.7,Medio,2024-10-25,16050.42,9,0.0,0.0,0.0,1.057848636037093,0,0
CLI-01817,Francisca Rosa Quintanilla Rocha,Estudiante,3767.3,Bajo,2025-08-25,3125.6800000000003,6,0.0,0.0,0.0,0.829466868349123,0,0
CLI-01818,Santiago Abel Olivera,Desempleado,2500.36,Alto,2024-06-12,1523.85,6,0.0,0.0,0.0,0.6092085905267534,0,0
CLI-01819,Homero Navarrete Yáñez,Empresario / Comerciante,89934.96,Alto,2023-11-01,69924.59,6,0.0,0.0,0.0,0.7774931184367186,0,0
CLI-01820,Guillermina Zedillo,Estudiante,3241.72,Bajo,2024-05-29,6019.33,10,0.0,0.0,0.0,1.85625955987566,0,1
CLI-01821,Patricio Gabino Tapia Espinal,Desempleado,1167.25,Alto,2026-04-10,1849.24,9,0.0,0.0,0.0,1.5829146158784506,0,0
CLI-01822,Guillermo Isaac Terán,Estudiante,4841.42,Bajo,2026-04-25,6651.2699999999995,10,0.0,0.0,0.0,1.3735425675591955,0,0
CLI-01823,Ivonne Raquel Mora,Estudiante,3850.12,Bajo,2024-09-22,4472.25,6,0.0,0.0,0.0,1.1612855481002928,0,0
CLI-01824,Paulina Montoya,Empresario / Comerciante,144188.89,Alto,2026-01-01,147521.28,7,0.0,0.0,0.0,1.023104185737294,2,0
CLI-01825,Mauro Ramón Olmos Alva,Desempleado,1060.02,Alto,2024-09-04,1963.95,9,0.0,0.0,0.0,1.8510018661288195,0,1
CLI-01826,Lic. Teresa Becerra,Desempleado,2176.5,Alto,2026-01-21,3335.7,9,0.0,0.0,0.0,1.5318943742824338,0,0
CLI-01827,Gustavo Cornelio Munguía,Empleado Sector Privado,24243.68,Medio,2024-12-05,17139.1,6,0.0,0.0,0.0,0.7069220958989765,0,0
CLI-01828,José Carlos Alberto Loera,Empresario / Comerciante,123880.33,Alto,2025-07-28,184051.96,8,0.0,0.0,0.0,1.4857118502037392,2,0
CLI-01829,Sr. Ignacio Fierro,Empresario / Comerciante,58923.38,Alto,2025-06-15,89615.33,9,0.0,0.0,0.0,1.520853168077458,0,0
CLI-01830,María del Carmen Karla Fernández,Empresario / Comerciante,143011.59,Alto,2025-10-27,147118.73,7,0.0,0.0,0.0,1.0287117378966426,2,0
CLI-01831,Ing. Rocío Terán,Empleado Sector Privado,39623.6,Medio,2024-08-11,68123.34,8,0.0,0.0,0.0,1.7192183643494192,0,0
CLI-01832,María José Aguayo Godínez,Jubilado,5801.31,Bajo,2025-08-25,2346.9,3,0.0,0.0,0.0,0.40447683767327147,0,0
CLI-01833,Nancy María Cristina Tafoya Marroquín,Desempleado,2669.87,Alto,2024-11-27,980.8299999999999,3,0.0,0.0,0.0,0.36723239992961093,0,0
CLI-01834,Yolanda Norma Arias,Estudiante,6008.85,Bajo,2026-01-13,3370.01,3,0.0,0.0,0.0,0.5607477724069653,0,0
CLI-01835,Lic. Adela Enríquez,Jubilado,10381.83,Bajo,2023-10-05,14459.89,7,0.0,0.0,0.0,1.392673288496489,0,0
CLI-01836,Alfredo Cavazos,Jubilado,7957.67,Bajo,2023-07-07,12935.35,7,0.0,0.0,0.0,1.6253155363898741,0,0
CLI-01837,Evelio Merino Avilés,Estudiante,7044.78,Bajo,2024-12-17,4489.88,4,0.0,0.0,0.0,0.6372438537677872,0,0
CLI-01838,Ing. Violeta Zamora,Jubilado,10442.22,Bajo,2024-10-11,3477.75,3,0.0,0.0,0.0,0.3330151045367234,0,0
CLI-01839,Lic. Conchita Robles,Jubilado,13931.88,Bajo,2024-07-18,23560.170000000002,10,0.0,0.0,0.0,1.6909763092770485,0,0
CLI-01840,Dra. Bianca Peña,Empresario / Comerciante,164542.86,Alto,2023-11-10,193605.38,10,0.0,0.0,0.0,1.1766186839180752,2,0
CLI-01841,Mauro Gabriel Venegas Cedillo,Empleado Sector Privado,27716.66,Medio,2023-08-23,45280.47,8,0.0,0.0,0.0,1.6336324927861876,0,0
CLI-01842,Srita. Carla Cordero,Estudiante,4368.83,Bajo,2023-09-01,1750.6399999999999,3,0.0,0.0,0.0,0.40061970374133543,0,0
CLI-01843,Sr. Wilfrido Villegas,Desempleado,138.91,Alto,2023-06-20,724.45,10,0.0,0.0,0.0,5.1779715531413055,0,1
CLI-01844,Nadia Guillermina Chavarría Carrera,Jubilado,16705.92,Bajo,2025-03-11,25822.66,8,0.0,0.0,0.0,1.5456266026293297,0,0
CLI-01845,Israel Diego Zapata,Jubilado,13807.95,Bajo,2025-07-12,18265.55,8,0.0,0.0,0.0,1.3227327204457977,0,0
CLI-01846,Emilia Estela Trejo,Jubilado,6916.82,Bajo,2026-03-28,3195.17,3,0.0,0.0,0.0,0.46187527284607005,0,0
CLI-01847,Héctor Hurtado Meléndez,Empresario / Comerciante,84575.79,Alto,2026-01-28,49877.659999999996,4,0.0,0.0,0.0,0.5897322421435006,0,0
CLI-01848,Eric Salgado Cordero,Empleado Sector Privado,44081.44,Medio,2024-12-16,48157.46,7,0.0,0.0,0.0,1.0924408902955463,0,0
CLI-01849,Lic. Graciela Amador,Empleado Sector Privado,16164.14,Medio,2025-09-09,7085.51,4,0.0,0.0,0.0,0.4383203609742941,0,0
CLI-01850,Dra. Natividad Jimínez,Empresario / Comerciante,65673.7,Alto,2026-01-17,36352.909999999996,4,0.0,0.0,0.0,0.5535298981190626,0,0
CLI-01851,Miriam Espino Gálvez,Desempleado,1741.57,Alto,2024-08-16,1544.73,4,0.0,0.0,0.0,0.8864665407989349,0,0
CLI-01852,Vicente Madera,Desempleado,591.51,Alto,2023-09-02,1008.41,8,0.0,0.0,0.0,1.7019290813657153,0,0
CLI-01853,Alonso Jaime,Jubilado,8352.52,Bajo,2024-04-18,4705.15,4,0.0,0.0,0.0,0.5632535745410318,0,0
CLI-01854,Omar Víctor Villanueva Báez,Desempleado,3656.7,Alto,2025-03-04,5796.28,9,0.0,0.0,0.0,1.58467889657435,0,0
CLI-01855,Marcos Rodolfo Nájera Apodaca,Estudiante,2522.16,Bajo,2024-10-24,883.6399999999999,3,0.0,0.0,0.0,0.3502116393728499,0,0
CLI-01856,José Manuél Pablo Santiago,Jubilado,10165.61,Bajo,2025-05-19,15558.91,9,0.0,0.0,0.0,1.5303931202239487,0,0
CLI-01857,Diana Zepeda Lucio,Profesionista Independiente,53548.09,Medio,2023-10-26,41897.04,5,0.0,0.0,0.0,0.782404332174459,0,0
CLI-01858,Luisa Mariana Barragán Zepeda,Jubilado,10956.04,Bajo,2026-05-08,4109.53,3,0.0,0.0,0.0,0.37505840993552997,0,0
CLI-01859,Graciela Alejandra Casillas,Estudiante,6719.3,Bajo,2023-08-27,7372.54,7,0.0,0.0,0.0,1.0970551909884976,0,0
CLI-01860,Guillermo Mateo Lerma,Jubilado,12638.49,Bajo,2023-10-03,6948.9400000000005,4,0.0,0.0,0.0,0.5497800939753108,0,0
CLI-01861,Omar Quiñones Negrete,Empresario / Comerciante,72503.77,Alto,2024-08-30,38686.42,4,0.0,0.0,0.0,0.5335706878319867,0,0
CLI-01862,Adela Santillán,Empleado Sector Privado,16890.59,Medio,2023-10-15,25066.71,8,0.0,0.0,0.0,1.4839757536146685,0,0
CLI-01863,Sra. Luz Jurado,Jubilado,12574.8,Bajo,2024-05-07,5129.96,4,0.0,0.0,0.0,0.40792315399417933,0,0
CLI-01864,Raquel Virginia Mesa,Estudiante,7549.57,Bajo,2025-08-29,7277.59,8,0.0,0.0,0.0,0.9638464380834825,0,0
CLI-01865,Trinidad Esmeralda Maestas,Jubilado,15134.08,Bajo,2025-07-20,13608.9,7,0.0,0.0,0.0,0.8991627398071236,0,0
CLI-01866,Lucas Timoteo Archuleta Gamboa,Profesionista Independiente,54036.39,Medio,2024-01-09,85362.28,10,0.0,0.0,0.0,1.5796891744771537,0,0
CLI-01867,Irene Zedillo,Profesionista Independiente,54505.21,Medio,2024-03-08,104952.79000000001,10,0.0,0.0,0.0,1.9255198627826078,0,1
CLI-01868,Liliana Dolores Lucio Cortez,Profesionista Independiente,32236.96,Medio,2024-12-20,17509.75,6,0.0,0.0,0.0,0.543140757045421,0,0
CLI-01869,Reynaldo Jaime,Empresario / Comerciante,164404.65,Alto,2023-07-22,143168.93,6,0.0,0.0,0.0,0.870827310375282,2,0
CLI-01870,Francisca Acuña,Empresario / Comerciante,57493.13,Alto,2025-02-23,47901.64,3,0.0,0.0,0.0,0.8331570544679953,0,0
CLI-01871,Gregorio Clemente Girón,Profesionista Independiente,33133.83,Medio,2025-01-04,16174.51,3,0.0,0.0,0.0,0.4881422358285828,0,0
CLI-01872,Elvia Reina Marrero,Jubilado,12912.52,Bajo,2024-11-09,16585.86,9,0.0,0.0,0.0,1.2843794720571928,0,0
CLI-01873,Lic. Horacio Muro,Desempleado,1606.88,Alto,2025-09-17,918.3199999999999,3,0.0,0.0,0.0,0.5711371495385227,0,0
CLI-01874,Samuel Serafín Carrión Zamora,Empresario / Comerciante,227914.84,Alto,2025-07-29,228760.21,7,0.0,0.0,0.0,1.0037047446987448,2,0
CLI-01875,Andrea Inés Prado Mota,Profesionista Independiente,46073.12,Medio,2023-06-23,13407.390000000001,4,0.0,0.0,0.0,0.2909961166919737,0,0
CLI-01876,Nicolás de Anda,Estudiante,6474.5,Bajo,2026-02-18,6328.610000000001,7,0.0,0.0,0.0,0.9773160373716316,0,0
CLI-01877,Eva Socorro Zapata,Profesionista Independiente,55366.41,Medio,2024-03-22,18078.84,3,0.0,0.0,0.0,0.3265249358783443,0,0
CLI-01878,Serafín Toro,Estudiante,4027.2,Bajo,2026-04-04,2513.59,5,0.0,0.0,0.0,0.6239983119010973,0,0
CLI-01879,Alfonso Jaime Orozco Patiño,Profesionista Independiente,28992.72,Medio,2023-11-20,26721.6,8,0.0,0.0,0.0,0.9216340642042483,0,0
CLI-01880,Clara Citlali Solano Córdova,Empresario / Comerciante,221646.96,Alto,2025-05-21,295999.83,10,0.0,0.0,0.0,1.3354502789017324,2,0
CLI-01881,Dra. Nelly Ledesma,Desempleado,392.87,Alto,2024-01-17,741.67,7,0.0,0.0,0.0,1.883032472643258,0,1
CLI-01882,Andrea Olivas Barragán,Empleado Sector Privado,16434.72,Medio,2024-11-10,24382.7,10,0.0,0.0,0.0,1.4835188236353503,0,0
CLI-01883,Cristal Sandra Menchaca,Desempleado,1772.44,Alto,2025-03-12,2822.35,10,0.0,0.0,0.0,1.5914550252616384,0,0
CLI-01884,Dolores Blanca Figueroa,Profesionista Independiente,27123.9,Medio,2025-12-30,5797.12,3,0.0,0.0,0.0,0.21371949758340122,0,0
CLI-01885,Bernardo Hernán Escamilla Camacho,Empresario / Comerciante,170995.83,Alto,2024-09-08,138683.42,5,0.0,0.0,0.0,0.8110291869153365,2,0
CLI-01886,Srita. Elvia Camarillo,Estudiante,3127.61,Bajo,2026-05-27,1690.3999999999999,4,0.0,0.0,0.0,0.5403038410028734,0,0
CLI-01887,Mauricio Sisneros,Empleado Sector Privado,42143.28,Medio,2026-04-16,32125.0,5,0.0,0.0,0.0,0.7622623995474593,0,0
CLI-01888,Cornelio Aldo Melgar,Empresario / Comerciante,198188.96,Alto,2026-03-27,327805.6,9,0.0,0.0,0.0,1.6539970036827294,2,0
CLI-01889,Beatriz Ángela Ayala,Jubilado,16273.46,Bajo,2025-06-24,11021.47,6,0.0,0.0,0.0,0.6772249278931528,0,0
CLI-01890,Irene Nieto,Estudiante,5091.62,Bajo,2023-07-19,8175.03,9,0.0,0.0,0.0,1.605269978910659,0,0
CLI-01891,Cynthia Sonia Villanueva,Empleado Sector Privado,14165.36,Medio,2024-09-04,3959.14,4,0.0,0.0,0.0,0.279474755688829,0,0
CLI-01892,José Gerónimo Peña,Desempleado,2027.18,Alto,2023-09-24,3755.47,9,0.0,0.0,0.0,1.8516453174767524,0,1
CLI-01893,Ing. Nicolás Urrutia,Empleado Sector Privado,37757.04,Medio,2026-03-25,29482.260000000002,6,0.0,0.0,0.0,0.7808207205670634,0,0
CLI-01894,Julio César Amador Tamayo,Jubilado,16431.32,Bajo,2026-03-08,9415.24,4,0.0,0.0,0.0,0.5729708282214563,0,0
CLI-01895,Lic. Citlali Lerma,Estudiante,3042.42,Bajo,2025-06-27,1964.6399999999999,4,0.0,0.0,0.0,0.6455369288497808,0,0
CLI-01896,Alta  Gracia Yolanda Valle Nájera,Empleado Sector Privado,39620.23,Medio,2024-09-15,32836.2,8,0.0,0.0,0.0,0.8287526661842652,0,0
CLI-01897,Abigail Mitzy Muro,Empleado Sector Privado,13091.34,Medio,2023-12-01,12660.32,5,0.0,0.0,0.0,0.9670020790783007,0,0
CLI-01898,Leonel Madera,Estudiante,7508.19,Bajo,2023-10-08,9014.92,7,0.0,0.0,0.0,1.200518298245217,0,0
CLI-01899,Natividad Cristina Escamilla,Desempleado,796.44,Alto,2026-01-04,1533.35,10,0.0,0.0,0.0,1.9228405898876402,0,1
CLI-01900,Gonzalo Amador Maya,Profesionista Independiente,52057.78,Medio,2024-01-10,89172.03,9,0.0,0.0,0.0,1.7129104831115904,0,0
CLI-01901,Eugenio Valenzuela,Jubilado,10160.25,Bajo,2024-06-18,9072.88,6,0.0,0.0,0.0,0.8928901463894697,0,0
CLI-01902,Gonzalo Marco Antonio Navarrete,Estudiante,6087.05,Bajo,2024-08-04,5124.17,4,0.0,0.0,0.0,0.8416767273593351,0,0
CLI-01903,Irma Ana Luisa Olivárez Salgado,Empleado Sector Privado,24291.4,Medio,2025-08-08,18312.47,6,0.0,0.0,0.0,0.7538353559137837,0,0
CLI-01904,Martha Quesada de la Torre,Jubilado,10799.34,Bajo,2024-01-03,16161.04,9,0.0,0.0,0.0,1.4963454854199034,0,0
CLI-01905,Alejandra Ariadna Botello Lucio,Empresario / Comerciante,167376.05,Alto,2024-07-27,79088.73999999999,3,0.0,0.0,0.0,0.47251842471832306,2,0
CLI-01906,Diana Saldaña Lara,Profesionista Independiente,30491.21,Medio,2026-04-16,32948.26,8,0.0,0.0,0.0,1.0805468019536795,0,0
CLI-01907,Sr. Isaac Rosario,Profesionista Independiente,48703.25,Medio,2023-11-04,46797.53999999999,6,0.0,0.0,0.0,0.9608512604136188,0,0
CLI-01908,Dra. Juana Roybal,Desempleado,361.57,Alto,2025-06-09,936.09,9,0.0,0.0,0.0,2.5818186832887444,0,1
CLI-01909,Úrsula Cornejo Chavarría,Estudiante,4319.39,Bajo,2026-05-04,3232.17,5,0.0,0.0,0.0,0.7481199613923742,0,0
CLI-01910,Sessa Loera Mireles,Empleado Sector Privado,40176.1,Medio,2025-05-16,54152.090000000004,10,0.0,0.0,0.0,1.3478347118134462,0,0
CLI-01911,Ing. María Ávila,Empleado Sector Privado,40284.67,Medio,2024-09-05,51647.41,10,0.0,0.0,0.0,1.2820293171244268,0,0
CLI-01912,Sr. Héctor Núñez,Desempleado,900.45,Alto,2024-08-08,1138.55,6,0.0,0.0,0.0,1.2630206888901214,0,0
CLI-01913,Srita. María Villegas,Empleado Sector Privado,20879.76,Medio,2026-01-06,19431.809999999998,5,0.0,0.0,0.0,0.9306083686609108,0,0
CLI-01914,Felix Almonte,Empresario / Comerciante,152656.25,Alto,2025-12-28,217585.73,8,0.0,0.0,0.0,1.4253219549022402,2,0
CLI-01915,Claudia Reina Rosas,Desempleado,35.59,Alto,2025-12-25,161.22,3,0.0,0.0,0.0,4.4061218912271105,0,1
CLI-01916,René Nicolás Verdugo,Empleado Sector Privado,33363.26,Medio,2026-06-06,13874.91,4,0.0,0.0,0.0,0.4158614637339476,0,0
CLI-01917,Sessa Gaitán,Jubilado,15411.24,Bajo,2026-04-30,12603.08,6,0.0,0.0,0.0,0.8177318806351316,0,0
CLI-01918,Gregorio Juan Luna Ceja,Empleado Sector Privado,20328.88,Medio,2024-10-15,39002.69,10,0.0,0.0,0.0,1.918490910915362,0,1
CLI-01919,Andrea Ontiveros de Jesús,Profesionista Independiente,47073.32,Medio,2023-11-13,70823.70999999999,9,0.0,0.0,0.0,1.5045084028829305,0,0
CLI-01920,Dulce Ana Luisa Galindo,Desempleado,2570.96,Alto,2026-05-31,1333.32,3,0.0,0.0,0.0,0.5184061960528157,0,0
CLI-01921,Raúl Julio Serrano,Empresario / Comerciante,229096.6,Alto,2024-12-28,101079.14000000001,4,0.0,0.0,0.0,0.44120558224966133,2,0
CLI-01922,Ing. Isaac Cuellar,Profesionista Independiente,35654.91,Medio,2023-08-26,29109.13,4,0.0,0.0,0.0,0.8163900458577553,0,0
CLI-01923,Srita. Esmeralda Solís,Empleado Sector Privado,27401.03,Medio,2024-10-16,24042.1,8,0.0,0.0,0.0,0.8773839018496075,0,0
CLI-01924,Georgina Reynoso Miramontes,Desempleado,2082.55,Alto,2026-04-01,3378.3599999999997,10,0.0,0.0,0.0,1.6214441698063398,0,0
CLI-01925,Francisco Javier Hidalgo Pichardo,Jubilado,10162.98,Bajo,2023-08-02,15700.93,9,0.0,0.0,0.0,1.544761992841387,0,0
CLI-01926,Jaqueline Abigail Montalvo,Estudiante,2044.09,Bajo,2024-08-05,2212.5299999999997,5,0.0,0.0,0.0,1.0818741473480384,0,0
CLI-01927,Gabino Maximiliano Navarro Ulloa,Desempleado,3865.94,Alto,2026-03-12,3130.65,4,0.0,0.0,0.0,0.8095936321742774,0,0
CLI-01928,René David Barreto,Profesionista Independiente,40265.57,Medio,2025-06-08,22864.6,5,0.0,0.0,0.0,0.5678308333687224,0,0
CLI-01929,Dra. Dulce María Páez,Jubilado,12917.65,Bajo,2023-10-23,8546.45,6,0.0,0.0,0.0,0.6615590638340694,0,0
CLI-01930,Cristian Julio César Mota Toro,Profesionista Independiente,45798.59,Medio,2025-07-28,24837.69,5,0.0,0.0,0.0,0.5423124966839223,0,0
CLI-01931,Carlota Razo,Empresario / Comerciante,62767.41,Alto,2025-10-20,86131.1,9,0.0,0.0,0.0,1.3722045850771112,0,0
CLI-01932,Lic. Lourdes Colunga,Profesionista Independiente,43826.76,Medio,2024-09-17,41134.2,5,0.0,0.0,0.0,0.9385421477164244,0,0
CLI-01933,Catalina Caballero,Profesionista Independiente,26751.61,Medio,2026-02-20,17076.489999999998,3,0.0,0.0,0.0,0.6383111778626458,0,0
CLI-01934,Claudia Delgadillo Ozuna,Desempleado,3808.75,Alto,2023-09-13,6829.17,9,0.0,0.0,0.0,1.7925506923026446,0,0
CLI-01935,Sr. Mauricio Bravo,Desempleado,1195.16,Alto,2024-03-04,1814.78,9,0.0,0.0,0.0,1.517171615837346,0,0
CLI-01936,Uriel Guillermo Castañeda,Empleado Sector Privado,29070.69,Medio,2025-10-22,36665.81,7,0.0,0.0,0.0,1.2612204519241914,0,0
CLI-01937,Flavio José Manuél Serrano,Empleado Sector Privado,41689.67,Medio,2026-01-08,64610.19,10,0.0,0.0,0.0,1.5497517789951565,0,0
CLI-01938,Lic. Porfirio Cervántez,Jubilado,10253.28,Bajo,2025-05-28,16501.46,9,0.0,0.0,0.0,1.6092265863619872,0,0
CLI-01939,Luisa Daniela Jiménez,Profesionista Independiente,45634.01,Medio,2024-10-04,37517.57,7,0.0,0.0,0.0,0.8221225326783099,0,0
CLI-01940,Esmeralda Arenas Santiago,Desempleado,101.82,Alto,2025-11-04,212.6,3,0.0,0.0,0.0,2.0676911106788562,0,1
CLI-01941,Flavio Soto,Empresario / Comerciante,249493.82,Alto,2023-07-11,164518.77,4,0.0,0.0,0.0,0.659407558040684,2,0
CLI-01942,Mateo Medrano,Profesionista Independiente,55811.02,Medio,2024-01-22,53538.9,6,0.0,0.0,0.0,0.9592718557758706,0,0
CLI-01943,Eugenia Dulce Burgos Otero,Empresario / Comerciante,127654.98,Alto,2023-09-11,114649.93000000001,6,0.0,0.0,0.0,0.8981164062976134,2,0
CLI-01944,José Eduardo Tejeda Limón,Estudiante,5498.14,Bajo,2026-05-17,3492.92,4,0.0,0.0,0.0,0.6351756820157334,0,0
CLI-01945,Rocío Asunción Espinal Sotelo,Jubilado,15608.19,Bajo,2024-06-26,21896.79,9,0.0,0.0,0.0,1.4028139833008633,0,0
CLI-01946,Srita. Magdalena Matos,Profesionista Independiente,47694.74,Medio,2023-07-22,63253.03,7,0.0,0.0,0.0,1.326177767658076,0,0
CLI-01947,María Luisa de la Rosa Limón,Empleado Sector Privado,34648.5,Medio,2025-05-28,9745.650000000001,3,0.0,0.0,0.0,0.2812637989004171,0,0
CLI-01948,Graciela Diana Valenzuela de León,Desempleado,3139.59,Alto,2024-01-19,2287.5699999999997,6,0.0,0.0,0.0,0.728388614878096,0,0
CLI-01949,Lic. Rosalia Velasco,Desempleado,1433.99,Alto,2023-11-19,808.3,3,0.0,0.0,0.0,0.5632791866145408,0,0
CLI-01950,Ofelia Noemí Vega Paredes,Profesionista Independiente,53043.87,Medio,2023-12-23,77308.79000000001,8,0.0,0.0,0.0,1.457422555659011,0,0
CLI-01951,Joaquín Amador Tapia,Desempleado,3505.98,Alto,2025-12-06,5027.41,8,0.0,0.0,0.0,1.433543960900832,0,0
CLI-01952,Lic. Alberto Maestas,Empleado Sector Privado,21694.87,Medio,2024-02-24,16872.73,6,0.0,0.0,0.0,0.7776931738621221,0,0
CLI-01953,Jos Tejeda Gracia,Empresario / Comerciante,75588.83,Alto,2025-05-21,57699.7,6,0.0,0.0,0.0,0.7633262305259847,0,0
CLI-01954,María Eugenia Mata,Profesionista Independiente,47633.4,Medio,2024-08-29,76992.56,10,0.0,0.0,0.0,1.6163226575751977,0,0
CLI-01955,Israel Héctor Valladares Fuentes,Jubilado,14917.94,Bajo,2026-01-21,11429.52,6,0.0,0.0,0.0,0.7661080478908019,0,0
CLI-01956,Elias Pichardo,Empleado Sector Privado,43248.47,Medio,2025-06-10,38452.7,10,0.0,0.0,0.0,0.8890906640012004,0,0
CLI-01957,Francisca María Eugenia Galarza Carbajal,Profesionista Independiente,44449.56,Medio,2025-06-03,74776.92,10,0.0,0.0,0.0,1.6822492225069832,0,0
CLI-01958,Sr. Mauro Vaca,Empleado Sector Privado,23724.35,Medio,2023-07-31,10562.220000000001,3,0.0,0.0,0.0,0.44518710998994754,0,0
CLI-01959,Cristina Gonzales,Desempleado,3485.73,Alto,2023-11-28,2533.29,4,0.0,0.0,0.0,0.7265518121563758,0,0
CLI-01960,Ing. Javier Caldera,Empresario / Comerciante,207618.09,Alto,2023-11-25,125017.70999999999,6,0.0,0.0,0.0,0.6021493977263844,2,0
CLI-01961,Ing. Gustavo Vera,Profesionista Independiente,31725.71,Medio,2024-10-21,41586.93,10,0.0,0.0,0.0,1.3107860852890199,0,0
CLI-01962,Caridad Socorro Ortiz Pacheco,Jubilado,8822.66,Bajo,2023-06-14,6686.77,5,0.0,0.0,0.0,0.7578227175571135,0,0
CLI-01963,Ofelia Alma Adame Gamez,Estudiante,4823.22,Bajo,2025-07-18,4480.83,5,0.0,0.0,0.0,0.9288195811965457,0,0
CLI-01964,Eduardo Navarro Rascón,Desempleado,2334.3,Alto,2024-05-16,3441.8,9,0.0,0.0,0.0,1.4738149274183188,0,0
CLI-01965,Perla Mojica Solorio,Jubilado,5925.8,Bajo,2024-12-10,6237.96,5,0.0,0.0,0.0,1.0525005061753392,0,0
CLI-01966,Guadalupe Arenas,Empleado Sector Privado,28515.75,Medio,2024-09-18,19298.239999999998,5,0.0,0.0,0.0,0.6767334987332005,0,0
CLI-01967,Enrique Espartaco Puga,Desempleado,1526.68,Alto,2026-05-15,884.2600000000001,5,0.0,0.0,0.0,0.5788254084625053,0,0
CLI-01968,Dra. María Luisa Altamirano,Profesionista Independiente,33589.83,Medio,2025-09-18,49571.01,10,0.0,0.0,0.0,1.475730430001283,0,0
CLI-01969,Marcela Trinidad Vela Chavarría,Empleado Sector Privado,16533.05,Medio,2025-06-18,8956.75,4,0.0,0.0,0.0,0.5417154296739154,0,0
CLI-01970,María Elena Cristina Alva Yáñez,Empleado Sector Privado,23308.11,Medio,2025-04-10,17633.07,6,0.0,0.0,0.0,0.7564883429697659,0,0
CLI-01971,Sra. Leonor Arce,Jubilado,16606.99,Bajo,2024-04-10,10067.6,4,0.0,0.0,0.0,0.6061901530528377,0,0
CLI-01972,Esperanza Norma Paredes,Empresario / Comerciante,78644.83,Alto,2023-07-11,40105.43,4,0.0,0.0,0.0,0.5099498600243649,0,0
CLI-01973,Lic. Ramón Escamilla,Desempleado,721.43,Alto,2025-11-13,1362.62,9,0.0,0.0,0.0,1.8861619810915937,0,1
CLI-01974,Mario Gaytán,Estudiante,4925.49,Bajo,2023-12-18,2790.67,3,0.0,0.0,0.0,0.566462126179085,0,0
CLI-01975,Raquel Dulce Soliz,Desempleado,3946.56,Alto,2024-03-09,2714.2400000000002,5,0.0,0.0,0.0,0.6875740964038546,0,0
CLI-01976,Ramón Francisco Javier Villagómez,Profesionista Independiente,43552.45,Medio,2023-09-28,10407.35,3,0.0,0.0,0.0,0.2389558117669209,0,0
CLI-01977,Lorenzo Girón,Estudiante,4712.32,Bajo,2026-05-08,2792.26,4,0.0,0.0,0.0,0.5924189318781666,0,0
CLI-01978,Elena Leticia Abrego,Empleado Sector Privado,37119.38,Medio,2025-11-07,45146.89,8,0.0,0.0,0.0,1.216229198084718,0,0
CLI-01979,Lic. Isabela Aranda,Empleado Sector Privado,31017.2,Medio,2024-03-10,11601.01,4,0.0,0.0,0.0,0.374006550992643,0,0
CLI-01980,Amanda Silvia Padrón Domínguez,Empleado Sector Privado,28156.04,Medio,2025-10-06,12347.52,3,0.0,0.0,0.0,0.4385233675130625,0,0
CLI-01981,Lic. Evelio Gallardo,Estudiante,2776.44,Bajo,2026-01-13,3628.83,8,0.0,0.0,0.0,1.3065376749812776,0,0
CLI-01982,Guadalupe Bravo Barrera,Empresario / Comerciante,176697.51,Alto,2024-08-30,121523.74,6,0.0,0.0,0.0,0.6877462633952035,2,0
CLI-01983,Oswaldo Ojeda,Empresario / Comerciante,135805.09,Alto,2024-06-06,109225.59999999999,6,0.0,0.0,0.0,0.8042761558042058,2,0
CLI-01984,Leonor Luz Olvera Rivera,Empresario / Comerciante,126663.28,Alto,2025-10-19,133291.95,5,0.0,0.0,0.0,1.052324696433754,2,0
CLI-01985,Gregorio Cadena,Estudiante,5202.7,Bajo,2025-09-14,6618.51,7,0.0,0.0,0.0,1.27188538924227,0,0
CLI-01986,Porfirio Munguía Mascareñas,Desempleado,1492.41,Alto,2025-10-09,2738.6,9,0.0,0.0,0.0,1.8337897831138132,0,1
CLI-01987,Norma Lemus Segovia,Estudiante,7352.04,Bajo,2023-09-12,7878.96,5,0.0,0.0,0.0,1.0715241587153068,0,0
CLI-01988,Sergio Tamez Bermúdez,Jubilado,7477.5,Bajo,2023-09-25,5200.19,3,0.0,0.0,0.0,0.6953520090927324,0,0
CLI-01989,Noemí Silvia Córdova de León,Desempleado,16.5,Alto,2023-11-23,408.15,8,0.0,0.0,0.0,23.322857142857142,0,1
CLI-01990,Marcos Jesús Irizarry Nevárez,Desempleado,995.29,Alto,2024-08-09,1115.17,5,0.0,0.0,0.0,1.1193226871693986,0,0
CLI-01991,Mónica Rosalia Franco,Desempleado,3507.94,Alto,2025-09-18,3187.51,6,0.0,0.0,0.0,0.9083968377914698,0,0
CLI-01992,Sr. Teodoro Fernández,Profesionista Independiente,20801.89,Medio,2025-03-24,11934.65,5,0.0,0.0,0.0,0.5737015385843025,0,0
CLI-01993,Gustavo Benjamín Perea,Empresario / Comerciante,150667.3,Alto,2024-06-30,63252.95,4,0.0,0.0,0.0,0.41981591350005276,2,0
CLI-01994,Modesto Partida,Profesionista Independiente,22515.91,Medio,2025-04-19,35343.95,6,0.0,0.0,0.0,1.569662533624729,0,0
CLI-01995,Clara Mejía Mercado,Estudiante,3789.21,Bajo,2024-08-03,3279.79,4,0.0,0.0,0.0,0.8653320000738746,0,0
CLI-01996,Gregorio Narváez,Profesionista Independiente,35516.68,Medio,2023-09-04,35984.29,6,0.0,0.0,0.0,1.0131374008662728,0,0
CLI-01997,Alfonso Ponce Rico,Jubilado,12752.81,Bajo,2024-08-05,9953.31,5,0.0,0.0,0.0,0.780418557278178,0,0
CLI-01998,Vicente Pérez Benavídez,Profesionista Independiente,34514.94,Medio,2025-02-20,39975.11,10,0.0,0.0,0.0,1.1581637353640086,0,0
CLI-01999,Rodolfo Noriega,Desempleado,3981.89,Alto,2025-07-16,3966.61,6,0.0,0.0,0.0,0.9959125157862758,0,0
CLI-02000,Claudia Lerma Collazo,Profesionista Independiente,59826.25,Medio,2024-09-08,87135.92,10,0.0,0.0,0.0,1.456458720733445,0,0
CLI-02001,Gilberto Rufino González,Empresario / Comerciante,121850.18,Alto,2025-11-23,56714.91,4,0.0,0.0,0.0,0.4654440769469775,0,0
CLI-02002,Catalina Sara Sauceda Mateo,Empleado Sector Privado,17441.16,Medio,2024-05-08,31144.44,9,0.0,0.0,0.0,1.7855838955725667,0,0
CLI-02003,Dr. Gabriel Vigil,Empresario / Comerciante,53824.95,Alto,2026-05-03,75580.29000000001,8,0.0,0.0,0.0,1.4041608183413392,0,0
CLI-02004,Celia Ontiveros Barrios,Empleado Sector Privado,35996.57,Medio,2025-10-09,50166.88,10,0.0,0.0,0.0,1.3936185136941188,0,0
CLI-02005,Ing. Luis Manuel Domínguez,Empleado Sector Privado,18969.28,Medio,2023-06-19,11746.99,3,0.0,0.0,0.0,0.6192312396021566,0,0
CLI-02006,Hilda Collado Heredia,Estudiante,5538.16,Bajo,2025-03-18,4093.06,8,0.0,0.0,0.0,0.7389315347453405,0,0
CLI-02007,Dr. Julio César Mascareñas,Empleado Sector Privado,16064.35,Medio,2024-10-11,5943.25,4,0.0,0.0,0.0,0.36994214256147545,0,0
CLI-02008,Dulce Gallardo Ortiz,Desempleado,2602.16,Alto,2023-12-13,3062.27,7,0.0,0.0,0.0,1.176366416201847,0,0
CLI-02009,Wendolin Gurule,Estudiante,4251.15,Bajo,2025-03-04,4168.5599999999995,4,0.0,0.0,0.0,0.9803417094881413,0,0
CLI-02010,Nicolás Tijerina,Desempleado,1023.16,Alto,2025-12-26,1119.72,6,0.0,0.0,0.0,1.093305733479144,0,0
CLI-02011,Ángela Gamboa,Jubilado,13100.75,Bajo,2024-10-30,13603.42,7,0.0,0.0,0.0,1.038290304730284,0,0
CLI-02012,Maximiliano Alonso Espinal Colunga,Jubilado,17930.84,Bajo,2025-07-08,14118.84,4,0.0,0.0,0.0,0.787361475453718,0,0
CLI-02013,Zeferino Israel Carreón,Desempleado,432.45,Alto,2025-07-27,587.26,5,0.0,0.0,0.0,1.3548506171415389,0,0
CLI-02014,Lic. Eloy Salinas,Estudiante,2289.41,Bajo,2024-10-06,779.61,3,0.0,0.0,0.0,0.34038010661846574,0,0
CLI-02015,Ignacio Escobar,Estudiante,4500.65,Bajo,2026-06-06,5691.65,8,0.0,0.0,0.0,1.2643475170215366,0,0
CLI-02016,Lic. Germán Herrera,Empresario / Comerciante,74719.01,Alto,2024-03-11,90972.39,8,0.0,0.0,0.0,1.2175104098620972,0,0
CLI-02017,Judith Arcelia Marroquín,Profesionista Independiente,36347.84,Medio,2025-10-28,24491.739999999998,5,0.0,0.0,0.0,0.673797018006627,0,0
CLI-02018,Sara Frida Regalado,Empleado Sector Privado,18781.33,Medio,2023-12-15,20158.46,6,0.0,0.0,0.0,1.0732672676925599,0,0
CLI-02019,Abigail Montoya Vélez,Desempleado,2521.25,Alto,2024-06-02,1520.75,3,0.0,0.0,0.0,0.6029338883932996,0,0
CLI-02020,Olga Nieto,Profesionista Independiente,33939.22,Medio,2025-12-30,38364.97,7,0.0,0.0,0.0,1.1303689251277687,0,0
CLI-02021,Antonio Orta Abrego,Estudiante,5974.9,Bajo,2025-06-06,10987.76,10,0.0,0.0,0.0,1.8386786927492094,0,1
CLI-02022,Ing. Pascual Ordóñez,Profesionista Independiente,43025.9,Medio,2023-11-16,57645.87,9,0.0,0.0,0.0,1.339763496789218,0,0
CLI-02023,Lic. Flavio Alcala,Desempleado,548.65,Alto,2025-02-13,757.81,6,0.0,0.0,0.0,1.378713726917129,0,0
CLI-02024,Dra. Antonia Magaña,Estudiante,5069.51,Bajo,2024-08-18,2302.25,6,0.0,0.0,0.0,0.4540470287998643,0,0
CLI-02025,Rolando Valadez,Jubilado,6530.55,Bajo,2025-08-07,4686.35,5,0.0,0.0,0.0,0.7174943160505547,0,0
CLI-02026,Javier Jaime Hinojosa,Estudiante,6708.56,Bajo,2023-09-13,11982.92,10,0.0,0.0,0.0,1.7859472156147347,0,0
CLI-02027,Ing. Ruby Arreola,Empresario / Comerciante,89729.33,Alto,2023-12-05,125735.54000000001,10,0.0,0.0,0.0,1.4012601981960837,2,0
CLI-02028,Dr. Francisco Javier Nájera,Empleado Sector Privado,37672.64,Medio,2026-05-21,6164.909999999999,3,0.0,0.0,0.0,0.16363988189089237,0,0
CLI-02029,Cristobal José Luis Parra,Jubilado,17650.56,Bajo,2025-09-27,20940.68,10,0.0,0.0,0.0,1.1863359385799328,0,0
CLI-02030,Sra. Adriana Barrera,Profesionista Independiente,46654.65,Medio,2023-08-18,13063.330000000002,4,0.0,0.0,0.0,0.2799945987249133,0,0
CLI-02031,Cornelio Santiago Acosta,Profesionista Independiente,22216.81,Medio,2024-02-01,32259.64,9,0.0,0.0,0.0,1.4519720890582823,0,0
CLI-02032,Lic. Luis Miguel Navarrete,Jubilado,11452.61,Bajo,2024-05-16,9202.38,6,0.0,0.0,0.0,0.8034479958720437,0,0
CLI-02033,Dra. Sessa Lucero,Empleado Sector Privado,34710.73,Medio,2026-03-09,38802.3,6,0.0,0.0,0.0,1.1178440256362907,0,0
CLI-02034,Marco Antonio Tejada Portillo,Empresario / Comerciante,116120.72,Alto,2025-04-29,52113.729999999996,4,0.0,0.0,0.0,0.4487853779637435,0,0
CLI-02035,Paulina Amelia Preciado,Estudiante,2076.5,Bajo,2025-01-10,1124.3200000000002,3,0.0,0.0,0.0,0.5411889290012034,0,0
CLI-02036,Sr. Israel Guevara,Estudiante,7441.28,Bajo,2023-12-25,8949.28,8,0.0,0.0,0.0,1.2024917095298753,0,0
CLI-02037,Lic. Eduardo Estrada,Jubilado,13697.29,Bajo,2026-04-05,20110.0,8,0.0,0.0,0.0,1.4680664520900053,0,0
CLI-02038,Isabel Fonseca Ozuna,Empleado Sector Privado,43331.72,Medio,2026-04-19,56525.76,9,0.0,0.0,0.0,1.3044590784977264,0,0
CLI-02039,Soledad Madrigal,Jubilado,5975.63,Bajo,2025-01-04,5678.47,5,0.0,0.0,0.0,0.950112354286613,0,0
CLI-02040,Roberto Gaona,Desempleado,405.16,Alto,2024-03-04,451.71,4,0.0,0.0,0.0,1.1121479220011816,0,0
CLI-02041,Noelia Manzanares Rico,Profesionista Independiente,43995.16,Medio,2025-03-08,70012.56,9,0.0,0.0,0.0,1.5913334254625857,0,0
CLI-02042,Sara Solorio Adame,Empresario / Comerciante,247733.19,Alto,2026-05-03,398648.41,8,0.0,0.0,0.0,1.609178006475408,2,0
CLI-02043,Alma Valles,Profesionista Independiente,26885.63,Medio,2024-04-04,21752.71,5,0.0,0.0,0.0,0.809053049787199,0,0
CLI-02044,Emiliano Lozada,Estudiante,2598.85,Bajo,2024-08-01,1140.77,4,0.0,0.0,0.0,0.4387830067119257,0,0
CLI-02045,Rosalia Frida Almanza Bernal,Empleado Sector Privado,40846.63,Medio,2023-06-15,49453.15,6,0.0,0.0,0.0,1.2106736669912062,0,0
CLI-02046,Dolores Carmen Chavarría,Profesionista Independiente,31209.66,Medio,2024-04-16,19550.43,5,0.0,0.0,0.0,0.6264023253593484,0,0
CLI-02047,Ana Luisa Dalia Cortez,Desempleado,1250.83,Alto,2024-01-27,876.9,3,0.0,0.0,0.0,0.7004944760870087,0,0
CLI-02048,Itzel Arce Escobar,Desempleado,463.6,Alto,2024-08-01,1166.43,10,0.0,0.0,0.0,2.510611278519156,0,1
CLI-02049,Uriel Amaya,Estudiante,2058.03,Bajo,2024-03-13,1822.74,4,0.0,0.0,0.0,0.8852420800085476,0,0
CLI-02050,Alta  Gracia Marrero,Empleado Sector Privado,33890.72,Medio,2025-08-04,25857.91,4,0.0,0.0,0.0,0.7629565569407513,0,0
CLI-02051,José María Daniel Zelaya Aponte,Empleado Sector Privado,22845.81,Medio,2024-09-09,13077.2,4,0.0,0.0,0.0,0.5723862543611121,0,0
CLI-02052,Ariadna Salgado Mayorga,Empresario / Comerciante,241017.83,Alto,2024-10-18,182613.17,4,0.0,0.0,0.0,0.7576717968467443,2,0
CLI-02053,Amalia Sofía Lucio Carranza,Profesionista Independiente,54531.4,Medio,2025-08-19,32211.11,4,0.0,0.0,0.0,0.5906783856936427,0,0
CLI-02054,Lic. Karina Durán,Estudiante,4235.73,Bajo,2024-02-14,5653.43,9,0.0,0.0,0.0,1.334385245224501,0,0
CLI-02055,Hilda Anaya,Profesionista Independiente,23229.12,Medio,2026-01-14,38475.75,9,0.0,0.0,0.0,1.656287182330526,0,0
CLI-02056,Carlos Alvaro Sisneros de la Rosa,Empresario / Comerciante,130050.05,Alto,2023-12-13,115886.85,6,0.0,0.0,0.0,0.8910873845309207,2,0
CLI-02057,Aida Ofelia Guardado Madrid,Empresario / Comerciante,104366.62,Alto,2025-03-16,152852.5,10,0.0,0.0,0.0,1.464558643763267,2,0
CLI-02058,Irma Karina Sáenz Lucero,Empresario / Comerciante,187980.49,Alto,2024-02-04,174111.72,6,0.0,0.0,0.0,0.9262173632095373,2,0
CLI-02059,Sra. Lilia Serrano,Empresario / Comerciante,209979.82,Alto,2023-11-07,83205.66,5,0.0,0.0,0.0,0.3962536197353644,2,0
CLI-02060,Adalberto Alva,Desempleado,3544.5,Alto,2026-05-07,3731.32,7,0.0,0.0,0.0,1.0524100973064447,0,0
CLI-02061,Araceli Vigil,Empleado Sector Privado,15730.87,Medio,2025-07-18,9473.13,6,0.0,0.0,0.0,0.6021617264826113,0,0
CLI-02062,Marco Antonio Pedro Vela Feliciano,Desempleado,2905.64,Alto,2024-10-04,2180.15,5,0.0,0.0,0.0,0.7500584867751081,0,0
CLI-02063,Rodolfo Jáquez,Empleado Sector Privado,15422.53,Medio,2024-02-14,10009.49,5,0.0,0.0,0.0,0.6489752994288597,0,0
CLI-02064,Ing. Alta  Gracia Treviño,Jubilado,11274.77,Bajo,2025-12-08,5213.12,3,0.0,0.0,0.0,0.4623294018945047,0,0
CLI-02065,Celia Adela Chapa Casares,Jubilado,13819.11,Bajo,2024-11-13,13431.34,5,0.0,0.0,0.0,0.9718692542968181,0,0
CLI-02066,Ing. Maximiliano Bustos,Empleado Sector Privado,32173.66,Medio,2024-09-23,30755.36,6,0.0,0.0,0.0,0.9558876457435759,0,0
CLI-02067,Ana Julia Zapata,Profesionista Independiente,42511.13,Medio,2023-07-18,49794.11,6,0.0,0.0,0.0,1.1712918171825313,0,0
CLI-02068,Joaquín Lerma Carrera,Desempleado,3519.8,Alto,2025-02-09,3450.86,7,0.0,0.0,0.0,0.9801351965462395,0,0
CLI-02069,Sonia Camila Rael,Desempleado,3893.78,Alto,2024-05-13,2695.76,5,0.0,0.0,0.0,0.6921469248584002,0,0
CLI-02070,Dr. Emiliano Corrales,Empleado Sector Privado,27941.63,Medio,2026-04-08,6911.63,3,0.0,0.0,0.0,0.2473507325545233,0,0
CLI-02071,Srita. Karina Parra,Empresario / Comerciante,72587.5,Alto,2025-12-04,30627.95,3,0.0,0.0,0.0,0.4219394256666001,0,0
CLI-02072,Dra. Pamela Maya,Empresario / Comerciante,138137.58,Alto,2025-05-12,107968.84,8,0.0,0.0,0.0,0.7815980155579998,2,0
CLI-02073,Uriel René Aranda,Estudiante,3569.68,Bajo,2025-08-25,3959.02,7,0.0,0.0,0.0,1.1087579956758937,0,0
CLI-02074,Natividad Tania Soliz Amador,Profesionista Independiente,15556.21,Medio,2025-04-02,13409.369999999999,5,0.0,0.0,0.0,0.8619392551749318,0,0
CLI-02075,Tania Cynthia Acuña,Desempleado,2099.27,Alto,2023-07-15,1101.1,3,0.0,0.0,0.0,0.5242659277140558,0,0
CLI-02076,Cristian Espartaco Bétancourt,Desempleado,2306.6,Alto,2025-01-22,1887.31,6,0.0,0.0,0.0,0.817867048015254,0,0
CLI-02077,Srita. María Elena Loya,Jubilado,7911.8,Bajo,2024-10-06,8579.09,8,0.0,0.0,0.0,1.0842040744110808,0,0
CLI-02078,Sr. José María Mireles,Desempleado,3492.57,Alto,2024-04-22,1566.91,3,0.0,0.0,0.0,0.44851255306176774,0,0
CLI-02079,Héctor Julio Ledesma Leal,Jubilado,11800.34,Bajo,2025-02-18,16517.67,8,0.0,0.0,0.0,1.3996435997945995,0,0
CLI-02080,Mariana Rosa Aragón,Desempleado,2472.96,Alto,2025-09-01,2986.69,10,0.0,0.0,0.0,1.2072507235363548,0,0
CLI-02081,Alma Esther Marroquín Mena,Empresario / Comerciante,182342.65,Alto,2026-05-21,204803.35,8,0.0,0.0,0.0,1.123172372605243,2,0
CLI-02082,José María Romo,Empleado Sector Privado,27903.68,Medio,2026-05-25,38354.49,7,0.0,0.0,0.0,1.374482344896985,0,0
CLI-02083,Daniela Amalia Barraza,Desempleado,2705.18,Alto,2026-05-30,2946.4900000000002,6,0.0,0.0,0.0,1.0888004493418768,0,0
CLI-02084,Mariana Meléndez,Empresario / Comerciante,79730.89,Alto,2023-12-14,57773.76,6,0.0,0.0,0.0,0.7246004076913265,0,0
CLI-02085,Eric Galindo Pedroza,Jubilado,16596.8,Bajo,2026-01-20,7825.47,3,0.0,0.0,0.0,0.4714763402378629,0,0
CLI-02086,María José Carlota Cornejo,Jubilado,5709.36,Bajo,2023-09-13,7363.26,8,0.0,0.0,0.0,1.2894563565169272,0,0
CLI-02087,Zeferino Arias Ocampo,Desempleado,3737.49,Alto,2023-12-05,1920.3600000000001,4,0.0,0.0,0.0,0.5136726325334561,0,0
CLI-02088,Lucas Bernardo Almonte Corrales,Jubilado,16034.99,Bajo,2024-10-08,22996.76,8,0.0,0.0,0.0,1.4340717348913288,0,0
CLI-02089,Daniela Susana Quiroz,Empresario / Comerciante,223883.13,Alto,2025-01-12,103476.85,3,0.0,0.0,0.0,0.462189303011339,2,0
CLI-02090,Yeni Inés Olivera Rivera,Estudiante,6508.58,Bajo,2024-02-22,5610.83,5,0.0,0.0,0.0,0.8619342568952221,0,0
CLI-02091,Aurora Inés Carrera Burgos,Profesionista Independiente,25840.13,Medio,2023-12-05,18542.86,5,0.0,0.0,0.0,0.7175715613055621,0,0
CLI-02092,Jorge Porfirio Sandoval Tapia,Profesionista Independiente,17265.78,Medio,2024-03-21,25696.41,9,0.0,0.0,0.0,1.4881993052555254,0,0
CLI-02093,Lic. Joaquín Puga,Empleado Sector Privado,30166.35,Medio,2025-07-30,10314.07,5,0.0,0.0,0.0,0.34189512834239666,0,0
CLI-02094,Lic. Arturo Gutiérrez,Empresario / Comerciante,130655.4,Alto,2026-01-08,91194.56,4,0.0,0.0,0.0,0.6979723917083281,2,0
CLI-02095,Raúl López,Empleado Sector Privado,14601.41,Medio,2025-03-19,23774.46,9,0.0,0.0,0.0,1.6281189200960662,0,0
CLI-02096,María Elena Ana Carrera de la O,Empresario / Comerciante,210252.26,Alto,2025-01-25,245698.03,6,0.0,0.0,0.0,1.1685813099877738,2,0
CLI-02097,Sessa García Vélez,Empresario / Comerciante,67603.97,Alto,2023-08-24,48991.04,5,0.0,0.0,0.0,0.7246662486500622,0,0
CLI-02098,Hernán Sauceda,Empresario / Comerciante,139413.62,Alto,2024-05-18,210746.37,9,0.0,0.0,0.0,1.5116518626238769,2,0
CLI-02099,Dra. Wendolin Barela,Estudiante,7884.02,Bajo,2025-11-30,6738.91,6,0.0,0.0,0.0,0.8546471663990706,0,0
CLI-02100,Inés Polanco,Desempleado,2613.49,Alto,2024-09-12,2188.82,5,0.0,0.0,0.0,0.8371881322934875,0,0
CLI-02101,Gabino David Iglesias Pelayo,Estudiante,4420.64,Bajo,2025-02-04,5698.0,9,0.0,0.0,0.0,1.288662125365249,0,0
CLI-02102,Alejandro Mena,Estudiante,5342.79,Bajo,2023-07-04,6170.64,7,0.0,0.0,0.0,1.154731005522298,0,0
CLI-02103,Dr. Rodrigo Valdez,Estudiante,6955.45,Bajo,2026-04-02,7922.39,9,0.0,0.0,0.0,1.1388553069453529,0,0
CLI-02104,Emilio Iván Almaraz Pedroza,Jubilado,17521.23,Bajo,2025-02-16,16713.68,4,0.0,0.0,0.0,0.9538557592269934,0,0
CLI-02105,Dr. Claudio Delgado,Desempleado,1218.39,Alto,2023-06-21,1519.49,7,0.0,0.0,0.0,1.2461066598873207,0,0
CLI-02106,Sofía Minerva Abreu de la Rosa,Jubilado,12310.32,Bajo,2024-03-28,10771.3,7,0.0,0.0,0.0,0.8749102452052258,0,0
CLI-02107,Ernesto Cazares Velasco,Desempleado,2685.9,Alto,2023-11-28,2840.2599999999998,6,0.0,0.0,0.0,1.0570769288027093,0,0
CLI-02108,Gerónimo Guillermo Ortega Gaitán,Profesionista Independiente,31350.41,Medio,2025-05-30,18586.6,3,0.0,0.0,0.0,0.5928473392424775,0,0
CLI-02109,Lic. Ana Luisa Rosales,Estudiante,6899.53,Bajo,2024-01-14,3204.42,3,0.0,0.0,0.0,0.46437302641970984,0,0
CLI-02110,Wendolin Karina Alejandro,Empresario / Comerciante,116394.53,Alto,2024-07-17,29898.87,4,0.0,0.0,0.0,0.25687300878306923,0,0
CLI-02111,Alejandra Socorro Morales Salas,Jubilado,12799.36,Bajo,2026-04-12,19794.48,8,0.0,0.0,0.0,1.546400257492758,0,0
CLI-02112,Isabela Ariadna Muro Nava,Desempleado,2628.67,Alto,2025-03-05,3440.17,8,0.0,0.0,0.0,1.3082135781295752,0,0
CLI-02113,Dr. Israel Jaime,Desempleado,1810.13,Alto,2025-11-20,2393.4700000000003,6,0.0,0.0,0.0,1.3215340698900686,0,0
CLI-02114,Nelly Serna Palomino,Estudiante,6555.92,Bajo,2024-03-15,12172.130000000001,10,0.0,0.0,0.0,1.8563792146312599,0,1
CLI-02115,Lic. Úrsula Botello,Empleado Sector Privado,12072.5,Medio,2024-10-20,17431.2,10,0.0,0.0,0.0,1.4437569884457697,0,0
CLI-02116,Pedro Lara Márquez,Profesionista Independiente,52344.77,Medio,2023-11-07,47140.6,8,0.0,0.0,0.0,0.9005617836933147,0,0
CLI-02117,Minerva Peres,Profesionista Independiente,39646.08,Medio,2024-01-13,11644.710000000001,4,0.0,0.0,0.0,0.2937091457933346,0,0
CLI-02118,Gilberto Casillas Aragón,Profesionista Independiente,46594.32,Medio,2025-09-12,49495.72,10,0.0,0.0,0.0,1.0622465947223885,0,0
CLI-02119,Ing. Adán Zarate,Estudiante,7381.26,Bajo,2024-02-04,7007.12,5,0.0,0.0,0.0,0.9491835833471051,0,0
CLI-02120,Socorro Irizarry,Empresario / Comerciante,78089.84,Alto,2026-01-15,126006.75,9,0.0,0.0,0.0,1.613591939848515,2,0
CLI-02121,Fabiola Brito Botello,Desempleado,2970.04,Alto,2025-06-18,1011.29,3,0.0,0.0,0.0,0.34038249232591955,0,0
CLI-02122,Fabiola Pabón Casanova,Empresario / Comerciante,71392.3,Alto,2025-03-03,32797.36,5,0.0,0.0,0.0,0.45938988672606534,0,0
CLI-02123,Guadalupe Pilar Vergara Lozano,Jubilado,7546.98,Bajo,2026-03-12,5109.39,5,0.0,0.0,0.0,0.6769215074761725,0,0
CLI-02124,Sergio Vázquez Archuleta,Estudiante,7581.3,Bajo,2024-08-06,8170.5,6,0.0,0.0,0.0,1.0775754058794824,0,0
CLI-02125,Santiago Gonzalo Elizondo,Empresario / Comerciante,93117.9,Alto,2025-07-26,83632.62,6,0.0,0.0,0.0,0.8981272330321771,0,0
CLI-02126,Lic. Reynaldo Figueroa,Empleado Sector Privado,35654.0,Medio,2026-03-06,26942.3,7,0.0,0.0,0.0,0.7556387603421679,0,0
CLI-02127,Sr. Augusto Dueñas,Estudiante,6542.9,Bajo,2023-08-14,12275.630000000001,10,0.0,0.0,0.0,1.875888995858739,0,1
CLI-02128,Conchita Luisa Ávalos de la O,Estudiante,7559.76,Bajo,2024-01-03,9150.69,9,0.0,0.0,0.0,1.210287061089097,0,0
CLI-02129,Salvador Barragán,Desempleado,2355.24,Alto,2023-07-07,1330.75,3,0.0,0.0,0.0,0.5647769327402982,0,0
CLI-02130,Alberto Héctor Jiménez,Empresario / Comerciante,141477.58,Alto,2025-06-07,92692.15,5,0.0,0.0,0.0,0.6551673758670747,2,0
CLI-02131,Felix Saavedra Elizondo,Jubilado,17430.47,Bajo,2024-01-24,6292.21,3,0.0,0.0,0.0,0.36096840943420144,0,0
CLI-02132,Roberto Abel Aparicio,Empleado Sector Privado,43807.21,Medio,2023-09-05,37877.28,7,0.0,0.0,0.0,0.8646160160390027,0,0
CLI-02133,Bernardo Gaitán Salinas,Estudiante,5182.19,Bajo,2023-12-07,5834.8,9,0.0,0.0,0.0,1.1257160165843816,0,0
CLI-02134,Dr. Mariano Espinosa,Estudiante,5319.36,Bajo,2025-02-11,4248.11,5,0.0,0.0,0.0,0.7984628859701223,0,0
CLI-02135,Esther Adriana Tirado,Empresario / Comerciante,217763.22,Alto,2023-11-24,158165.84,5,0.0,0.0,0.0,0.7263169312203813,2,0
CLI-02136,Reynaldo Altamirano,Empresario / Comerciante,234874.17,Alto,2024-04-03,160538.83000000002,5,0.0,0.0,0.0,0.6835070305643632,2,0
CLI-02137,Srita. Marcela Miramontes,Empleado Sector Privado,34829.98,Medio,2023-07-25,42737.35,9,0.0,0.0,0.0,1.226992464754078,0,0
CLI-02138,Agustín Velásquez Regalado,Empleado Sector Privado,36106.32,Medio,2025-08-23,53939.46,10,0.0,0.0,0.0,1.4938649559147563,0,0
CLI-02139,Jacinto Abraham Fajardo Jaime,Empleado Sector Privado,15417.28,Medio,2023-12-03,12266.35,7,0.0,0.0,0.0,0.7955718796130308,0,0
CLI-02140,Genaro Eugenio Vanegas,Desempleado,2402.18,Alto,2024-03-27,1632.3600000000001,5,0.0,0.0,0.0,0.6792499937582704,0,0
CLI-02141,Lic. José Emilio Puente,Profesionista Independiente,37684.96,Medio,2025-02-11,44201.95,7,0.0,0.0,0.0,1.1729023222441461,0,0
CLI-02142,Marisela Judith Sanches,Empresario / Comerciante,133732.95,Alto,2026-01-20,126221.2,6,0.0,0.0,0.0,0.9438231653218946,2,0
CLI-02143,Isabel Serrano,Jubilado,16906.83,Bajo,2025-12-12,18509.629999999997,7,0.0,0.0,0.0,1.0947371720676158,0,0
CLI-02144,Aldonza Viera,Empleado Sector Privado,21028.66,Medio,2024-07-05,32497.89,10,0.0,0.0,0.0,1.5453359683418562,0,0
CLI-02145,Gloria Suárez Peres,Profesionista Independiente,58672.12,Medio,2024-08-02,44117.47,6,0.0,0.0,0.0,0.7519196183874319,0,0
CLI-02146,Felipe Gálvez,Empresario / Comerciante,210959.37,Alto,2023-11-30,247233.8,9,0.0,0.0,0.0,1.1719442850806527,2,0
CLI-02147,Oswaldo Alcaraz,Empleado Sector Privado,25620.6,Medio,2026-01-04,34493.23,9,0.0,0.0,0.0,1.3462558934648892,0,0
CLI-02148,Jaime Alvaro Ledesma Noriega,Desempleado,3545.75,Alto,2024-01-20,7200.82,10,0.0,0.0,0.0,2.030258687530838,0,1
CLI-02149,Luis Miguel Patricio Gastélum Magaña,Jubilado,8885.87,Bajo,2024-05-11,13709.28,8,0.0,0.0,0.0,1.542644373103241,0,0
CLI-02150,Dra. Rebeca Villanueva,Desempleado,2191.22,Alto,2025-03-11,1238.46,3,0.0,0.0,0.0,0.5649341763144211,0,0
CLI-02151,Espartaco Israel Sandoval Archuleta,Profesionista Independiente,47034.35,Medio,2025-02-21,71975.86,9,0.0,0.0,0.0,1.5302503329942267,0,0
CLI-02152,Fidel Barrientos Cotto,Jubilado,13223.58,Bajo,2023-09-20,2581.92,3,0.0,0.0,0.0,0.19523644607238946,0,0
CLI-02153,Porfirio Leal,Empleado Sector Privado,18920.52,Medio,2023-11-09,30706.09,9,0.0,0.0,0.0,1.6228130720999159,0,0
CLI-02154,Jacinto Javier Montez,Desempleado,1162.32,Alto,2024-07-03,1020.96,5,0.0,0.0,0.0,0.8776261045971875,0,0
CLI-02155,Ing. Hilda Arriaga,Profesionista Independiente,56453.63,Medio,2024-09-22,57042.89,9,0.0,0.0,0.0,1.0104200488073343,0,0
CLI-02156,Rosalia Trujillo,Empleado Sector Privado,44384.07,Medio,2023-11-20,42553.87,5,0.0,0.0,0.0,0.9587428835867557,0,0
CLI-02157,Lic. Natividad Guerra,Desempleado,3900.72,Alto,2024-09-07,3350.07,8,0.0,0.0,0.0,0.8586136370626288,0,0
CLI-02158,Sonia Fierro,Empleado Sector Privado,28628.48,Medio,2025-02-06,32402.22,9,0.0,0.0,0.0,1.131778153148433,0,0
CLI-02159,Isabela Isabel Ramón Muro,Desempleado,2547.51,Alto,2024-11-16,3039.31,9,0.0,0.0,0.0,1.192583117193968,0,0
CLI-02160,Cristal Marisol Escamilla Gaona,Desempleado,461.62,Alto,2025-02-06,1178.09,10,0.0,0.0,0.0,2.546560892309022,0,1
CLI-02161,Leonor Citlali Ulibarri Heredia,Profesionista Independiente,40302.61,Medio,2025-01-22,21930.22,4,0.0,0.0,0.0,0.5441254517895544,0,0
CLI-02162,Mateo López,Jubilado,12418.3,Bajo,2026-04-05,4257.3,3,0.0,0.0,0.0,0.3427970980651084,0,0
CLI-02163,Darío Carbajal,Desempleado,2840.49,Alto,2023-07-10,4558.95,9,0.0,0.0,0.0,1.6044223277224274,0,0
CLI-02164,Leonel Ureña Saiz,Desempleado,2991.47,Alto,2025-03-11,3289.41,8,0.0,0.0,0.0,1.099229064953032,0,0
CLI-02165,Ing. Rafaél Olivas,Jubilado,8717.06,Bajo,2025-10-19,15741.76,10,0.0,0.0,0.0,1.8056494220044368,0,0
CLI-02166,Leonor Estela Zayas Rivas,Empresario / Comerciante,211660.96,Alto,2026-05-03,156441.69,4,0.0,0.0,0.0,0.7391110334610905,2,0
CLI-02167,Jerónimo Eduardo Soliz Mena,Jubilado,6384.12,Bajo,2025-03-08,4403.09,4,0.0,0.0,0.0,0.6895861001829253,0,0
CLI-02168,Homero Vargas Valverde,Empresario / Comerciante,79065.34,Alto,2026-05-14,114735.23,10,0.0,0.0,0.0,1.4511261049898099,0,0
CLI-02169,Sr. Abel Mojica,Desempleado,226.42,Alto,2024-08-31,629.24,8,0.0,0.0,0.0,2.7668630727288717,0,1
CLI-02170,Citlali Cuellar,Profesionista Independiente,48758.33,Medio,2024-08-26,27792.4,3,0.0,0.0,0.0,0.5699914252308225,0,0
CLI-02171,Araceli Carrera Godínez,Empleado Sector Privado,44456.57,Medio,2025-03-31,30935.22,4,0.0,0.0,0.0,0.6958369519521648,0,0
CLI-02172,Alberto Armando Almaraz Espinal,Desempleado,1002.24,Alto,2024-01-16,638.46,3,0.0,0.0,0.0,0.6363980702523823,0,0
CLI-02173,Abel Orta,Estudiante,6143.57,Bajo,2024-09-30,5799.46,6,0.0,0.0,0.0,0.9438349632276954,0,0
CLI-02174,Lic. María Cristina Pineda,Profesionista Independiente,24180.04,Medio,2023-10-19,36912.16,9,0.0,0.0,0.0,1.5264918299626484,0,0
CLI-02175,Alfonso Calvillo Gaytán,Jubilado,5419.98,Bajo,2026-05-30,7936.3099999999995,7,0.0,0.0,0.0,1.463999129308723,0,0
CLI-02176,Adalberto Linares Guevara,Empresario / Comerciante,70496.0,Alto,2024-01-10,17791.620000000003,3,0.0,0.0,0.0,0.2523741435805779,0,0
CLI-02177,Modesto Gustavo Salazar Loera,Desempleado,2957.97,Alto,2026-05-30,4984.4400000000005,10,0.0,0.0,0.0,1.6845185993774863,0,0
CLI-02178,Ing. Mónica Corral,Empleado Sector Privado,36499.62,Medio,2024-03-02,59096.3,10,0.0,0.0,0.0,1.619049210670942,0,0
CLI-02179,Tomás Claudio Quiñónez Chavarría,Jubilado,10055.53,Bajo,2024-07-26,17685.05,10,0.0,0.0,0.0,1.7585638386202793,0,0
CLI-02180,Genaro Cristobal Parra,Jubilado,15195.99,Bajo,2024-01-22,7079.099999999999,5,0.0,0.0,0.0,0.46582250827301985,0,0
CLI-02181,Jacinto de la Rosa Perales,Desempleado,1150.55,Alto,2023-10-15,2233.75,9,0.0,0.0,0.0,1.9397768225435283,0,1
CLI-02182,Mauricio Claudio Fierro Carrero,Desempleado,187.92,Alto,2024-08-06,431.34,5,0.0,0.0,0.0,2.2831886512809656,0,1
CLI-02183,Inés Bañuelos Zavala,Empresario / Comerciante,127510.93,Alto,2023-09-24,132964.46,7,0.0,0.0,0.0,1.0427609400939974,2,0
CLI-02184,Andrea Noemí Girón Roybal,Desempleado,1250.62,Alto,2024-03-31,1341.78,6,0.0,0.0,0.0,1.0720346431025392,0,0
CLI-02185,Vanesa Urrutia Baca,Jubilado,5699.43,Bajo,2024-08-07,11889.14,10,0.0,0.0,0.0,2.0856566960738046,0,1
CLI-02186,Dra. Norma Cordero,Desempleado,1005.36,Alto,2024-02-15,841.4,5,0.0,0.0,0.0,0.8360825152033069,0,0
CLI-02187,Srita. Elvira Saldivar,Jubilado,16295.05,Bajo,2024-11-16,9487.09,3,0.0,0.0,0.0,0.5821711396319967,0,0
CLI-02188,Pascual Armando Hernádez Cruz,Empresario / Comerciante,215996.7,Alto,2024-05-10,125041.81,3,0.0,0.0,0.0,0.578903432768034,2,0
CLI-02189,Amalia Véliz Gómez,Desempleado,2818.52,Alto,2024-07-15,5377.9800000000005,9,0.0,0.0,0.0,1.907409771876064,0,1
CLI-02190,Mónica Esparta Rascón,Desempleado,1470.96,Alto,2025-05-20,873.53,3,0.0,0.0,0.0,0.5934468327943694,0,0
CLI-02191,Aurelio Orosco Candelaria,Jubilado,12106.0,Bajo,2024-07-23,8503.83,5,0.0,0.0,0.0,0.7023895267200793,0,0
CLI-02192,Rolando Julio César Cavazos,Jubilado,7554.1,Bajo,2024-02-12,10796.02,7,0.0,0.0,0.0,1.4289711585551481,0,0
CLI-02193,María Eugenia Ruby Rangel Bermúdez,Desempleado,3857.16,Alto,2024-07-29,1176.21,3,0.0,0.0,0.0,0.3048629398469737,0,0
CLI-02194,Alma Anaya Alvarez,Profesionista Independiente,35196.67,Medio,2024-10-05,47938.64,8,0.0,0.0,0.0,1.3619833358287636,0,0
CLI-02195,Eloy Bonilla,Desempleado,297.88,Alto,2024-07-13,562.97,6,0.0,0.0,0.0,1.883598768736617,0,1
CLI-02196,Luis Miguel Soto,Empleado Sector Privado,36257.62,Medio,2026-01-17,18992.739999999998,4,0.0,0.0,0.0,0.5238130960306817,0,0
CLI-02197,Zeferino Rincón Leyva,Estudiante,4263.19,Bajo,2025-06-23,3190.7799999999997,6,0.0,0.0,0.0,0.7482734118320243,0,0
CLI-02198,Ing. Gustavo Meléndez,Empresario / Comerciante,105822.45,Alto,2024-06-03,48630.08,4,0.0,0.0,0.0,0.4595397333955754,0,0
CLI-02199,Dr. René Briseño,Profesionista Independiente,20852.99,Medio,2024-05-24,19647.7,7,0.0,0.0,0.0,0.9421554340440366,0,0
CLI-02200,Lic. Perla Cano,Jubilado,15998.18,Bajo,2026-06-02,10331.760000000002,3,0.0,0.0,0.0,0.6457680956149003,0,0
CLI-02201,Clara Robledo Estévez,Estudiante,3983.38,Bajo,2024-01-23,6781.51,9,0.0,0.0,0.0,1.7020239033425526,0,0
CLI-02202,Adalberto Porfirio Quiroz,Desempleado,3749.98,Alto,2025-03-27,6822.26,10,0.0,0.0,0.0,1.818794021828962,0,0
CLI-02203,Ricardo Rafaél Arreola Villagómez,Estudiante,2922.22,Bajo,2025-03-01,2136.65,6,0.0,0.0,0.0,0.7309234337477166,0,0
CLI-02204,Ing. Violeta Vaca,Profesionista Independiente,41859.61,Medio,2024-02-10,50839.36,7,0.0,0.0,0.0,1.2144916187317862,0,0
CLI-02205,Diana Beltrán Olivares,Desempleado,2462.43,Alto,2023-08-02,5062.82,9,0.0,0.0,0.0,2.0551913389055096,0,1
CLI-02206,Sara Quezada Concepción,Desempleado,1204.62,Alto,2026-02-12,1967.17,9,0.0,0.0,0.0,1.6316666943149585,0,0
CLI-02207,Alonso Clemente Acevedo,Jubilado,12152.08,Bajo,2026-01-31,10602.8,4,0.0,0.0,0.0,0.8724372751598771,0,0
CLI-02208,José Emilio Padilla,Estudiante,6704.19,Bajo,2025-07-26,7648.95,6,0.0,0.0,0.0,1.1407506722404586,0,0
CLI-02209,Clara María José Gil Villalobos,Profesionista Independiente,38642.78,Medio,2024-04-28,29524.760000000002,5,0.0,0.0,0.0,0.7640236022459501,0,0
CLI-02210,Israel Pascual Fuentes Naranjo,Empleado Sector Privado,29180.01,Medio,2024-09-12,19496.72,3,0.0,0.0,0.0,0.6681304039853316,0,0
CLI-02211,Zeferino Ignacio Sevilla Collado,Jubilado,7071.82,Bajo,2026-02-22,3030.3,3,0.0,0.0,0.0,0.42844296899963524,0,0
CLI-02212,Jacobo Aguilar de la Crúz,Jubilado,11981.47,Bajo,2025-11-07,11401.5,6,0.0,0.0,0.0,0.9515150048362316,0,0
CLI-02213,Jorge Zedillo,Estudiante,4096.42,Bajo,2026-03-05,4585.43,6,0.0,0.0,0.0,1.1191017762396827,0,0
CLI-02214,Abril Estefanía Romo Verduzco,Empleado Sector Privado,33890.04,Medio,2024-11-30,28417.56,6,0.0,0.0,0.0,0.8384977268328149,0,0
CLI-02215,Dr. Óliver Quiñones,Profesionista Independiente,31235.9,Medio,2024-04-09,40692.0,7,0.0,0.0,0.0,1.3026900876847574,0,0
CLI-02216,Zacarías Galván,Empleado Sector Privado,43360.17,Medio,2023-10-25,34876.6,5,0.0,0.0,0.0,0.8043279274982663,0,0
CLI-02217,Guadalupe Gallardo,Jubilado,11896.49,Bajo,2024-10-14,8081.24,5,0.0,0.0,0.0,0.6792390663913145,0,0
CLI-02218,Porfirio Isaac Saavedra Orta,Jubilado,15707.95,Bajo,2026-01-04,9110.61,3,0.0,0.0,0.0,0.5799630147145417,0,0
CLI-02219,Ramón José Eduardo Pacheco Aguilera,Desempleado,35.21,Alto,2024-03-22,222.59,5,0.0,0.0,0.0,6.147196906931787,0,1
CLI-02220,Lic. Abigail Garrido,Desempleado,1384.03,Alto,2025-05-26,1377.11,5,0.0,0.0,0.0,0.9942817123094806,0,0
CLI-02221,José Manuél Juan Carlos Zamudio,Empleado Sector Privado,41848.38,Medio,2026-05-22,43250.57,8,0.0,0.0,0.0,1.033481738558612,0,0
CLI-02222,Jaime Teodoro Samaniego,Jubilado,16941.89,Bajo,2025-05-30,12574.09,8,0.0,0.0,0.0,0.7421455253501617,0,0
CLI-02223,Ramón Perea,Empleado Sector Privado,43643.59,Medio,2024-02-18,68780.23,10,0.0,0.0,0.0,1.5759165110727356,0,0
CLI-02224,Estela Victoria Duarte,Desempleado,3542.64,Alto,2023-08-10,3639.46,5,0.0,0.0,0.0,1.0270399927757898,0,0
CLI-02225,Ofelia Elsa Casas Vera,Empresario / Comerciante,233186.49,Alto,2024-03-03,159861.09,5,0.0,0.0,0.0,0.6855474536820135,2,0
CLI-02226,César Zarate,Estudiante,4315.26,Bajo,2023-08-24,7027.49,9,0.0,0.0,0.0,1.628143346322974,0,0
CLI-02227,Santiago Pineda,Jubilado,14411.68,Bajo,2026-01-21,20276.72,7,0.0,0.0,0.0,1.4068667312394365,0,0
CLI-02228,Rubén Godínez,Estudiante,7468.02,Bajo,2024-06-27,6020.64,6,0.0,0.0,0.0,0.806081654621356,0,0
CLI-02229,Lic. Martín Matos,Profesionista Independiente,38143.91,Medio,2023-08-04,7715.929999999999,3,0.0,0.0,0.0,0.2022794129020097,0,0
CLI-02230,Leonel García,Jubilado,10792.24,Bajo,2024-11-19,19315.27,9,0.0,0.0,0.0,1.7895710648517036,0,0
CLI-02231,Ernesto Francisco Fajardo,Estudiante,3778.6,Bajo,2026-05-23,3410.09,6,0.0,0.0,0.0,0.9022356863160124,0,0
CLI-02232,Iván Alejandro Centeno,Desempleado,770.05,Alto,2024-08-12,609.23,3,0.0,0.0,0.0,0.7901303417417808,0,0
CLI-02233,Abelardo José Eduardo Montes Pabón,Jubilado,6070.49,Bajo,2023-09-28,8879.369999999999,8,0.0,0.0,0.0,1.462469673836241,0,0
CLI-02234,Dr. Lucas Lugo,Estudiante,3004.37,Bajo,2024-03-23,1989.45,5,0.0,0.0,0.0,0.6619650825023209,0,0
CLI-02235,Norma Jaramillo,Jubilado,11931.68,Bajo,2025-07-23,14420.05,7,0.0,0.0,0.0,1.2084502391751055,0,0
CLI-02236,Esteban Gabino Lozano,Desempleado,261.89,Alto,2025-02-02,436.5,5,0.0,0.0,0.0,1.6603902773022938,0,0
CLI-02237,Alma Débora Negrón,Desempleado,2518.06,Alto,2024-01-10,1715.51,4,0.0,0.0,0.0,0.6810119647805134,0,0
CLI-02238,Lic. René Serrato,Empleado Sector Privado,40543.38,Medio,2025-02-23,70310.48,10,0.0,0.0,0.0,1.734160936731552,0,0
CLI-02239,Norma Zoé de la Garza,Empresario / Comerciante,217133.02,Alto,2025-07-01,263027.1,7,0.0,0.0,0.0,1.2113583122534184,2,0
CLI-02240,Gregorio Leiva,Empleado Sector Privado,29745.89,Medio,2025-12-01,27715.73,7,0.0,0.0,0.0,0.9317185762948664,0,0
CLI-02241,Abel Ulloa,Desempleado,3514.55,Alto,2025-03-06,4664.81,8,0.0,0.0,0.0,1.3269075962509422,0,0
CLI-02242,José Manuél de la Torre,Desempleado,3100.83,Alto,2025-11-12,2142.2799999999997,5,0.0,0.0,0.0,0.6906503580144624,0,0
CLI-02243,Sr. Cristobal Muñoz,Desempleado,3267.02,Alto,2023-12-13,4647.1,8,0.0,0.0,0.0,1.421992521465597,0,0
CLI-02244,Margarita Soledad Urías,Estudiante,6481.34,Bajo,2025-10-18,6998.94,8,0.0,0.0,0.0,1.0796934440340986,0,0
CLI-02245,Miriam Herrera,Empleado Sector Privado,12783.85,Medio,2025-02-05,12572.369999999999,5,0.0,0.0,0.0,0.9833803290613499,0,0
CLI-02246,Andrés Escamilla Nieves,Desempleado,1326.86,Alto,2025-06-05,1828.27,7,0.0,0.0,0.0,1.3768544876718931,0,0
CLI-02247,Amelia Patiño,Estudiante,2439.49,Bajo,2024-12-13,790.64,3,0.0,0.0,0.0,0.3239677277923696,0,0
CLI-02248,Esmeralda Ybarra,Empleado Sector Privado,38209.09,Medio,2023-07-13,26989.8,6,0.0,0.0,0.0,0.7063526937518336,0,0
CLI-02249,Jorge Luis Villareal,Jubilado,5915.75,Bajo,2024-01-31,4658.67,7,0.0,0.0,0.0,0.7873697553555584,0,0
CLI-02250,Minerva Lozada,Empleado Sector Privado,42062.56,Medio,2025-12-09,25023.63,3,0.0,0.0,0.0,0.5949004316325105,0,0
CLI-02251,Pablo Rosas Ontiveros,Empresario / Comerciante,127606.52,Alto,2023-10-31,180105.84,7,0.0,0.0,0.0,1.411404594337387,2,0
CLI-02252,Alejandro Patricio Otero,Desempleado,1617.79,Alto,2024-08-10,529.49,3,0.0,0.0,0.0,0.32708998696557307,0,0
CLI-02253,Patricio Quiroz Piña,Profesionista Independiente,15760.09,Medio,2025-03-09,22175.62,9,0.0,0.0,0.0,1.4069851767866308,0,0
CLI-02254,Juan Raúl Loya Aragón,Desempleado,473.22,Alto,2024-12-09,722.34,6,0.0,0.0,0.0,1.5232170722449496,0,0
CLI-02255,Salvador Loya,Estudiante,5848.54,Bajo,2024-05-12,3635.62,5,0.0,0.0,0.0,0.621522376118464,0,0
CLI-02256,Esmeralda Marcela Ibarra Tirado,Jubilado,5822.09,Bajo,2023-12-03,7254.04,9,0.0,0.0,0.0,1.2457372288595916,0,0
CLI-02257,Araceli Anel Madrid Ybarra,Desempleado,2342.43,Alto,2023-08-03,2889.3700000000003,7,0.0,0.0,0.0,1.2329662076528851,0,0
CLI-02258,José María Barrios,Desempleado,3393.0,Alto,2024-05-20,2537.91,5,0.0,0.0,0.0,0.7477637006482026,0,0
CLI-02259,Ing. Julia Patiño,Profesionista Independiente,56762.15,Medio,2026-02-25,89474.52,10,0.0,0.0,0.0,1.576278272083209,0,0
CLI-02260,Lic. Elias Esquivel,Estudiante,3739.02,Bajo,2023-08-24,2738.71,8,0.0,0.0,0.0,0.7322714851792237,0,0
CLI-02261,Aida Susana Reyes Garica,Desempleado,1205.4,Alto,2024-12-18,1200.59,5,0.0,0.0,0.0,0.9951840185676392,0,0
CLI-02262,Lic. Jaqueline Vanegas,Estudiante,3689.1,Bajo,2023-07-03,1541.22,3,0.0,0.0,0.0,0.417663477954527,0,0
CLI-02263,Jerónimo Holguín,Empresario / Comerciante,126282.71,Alto,2023-11-19,53796.16,3,0.0,0.0,0.0,0.42599445328300856,0,0
CLI-02264,Victoria Cotto,Desempleado,123.28,Alto,2024-12-04,222.73,3,0.0,0.0,0.0,1.7921628580624396,0,0
CLI-02265,Lorenzo Agustín Lemus,Empleado Sector Privado,29604.44,Medio,2024-03-07,46326.07,9,0.0,0.0,0.0,1.5647823508112024,0,0
CLI-02266,Esteban Clemente Mora Palacios,Empleado Sector Privado,36642.88,Medio,2025-01-07,51178.43,8,0.0,0.0,0.0,1.3966433139722105,0,0
CLI-02267,Patricia Natalia Armenta Cortés,Jubilado,8834.72,Bajo,2023-07-22,10579.82,7,0.0,0.0,0.0,1.1973919499486176,0,0
CLI-02268,Porfirio Garza de la O,Desempleado,576.3,Alto,2025-02-08,1174.73,9,0.0,0.0,0.0,2.034869218777066,0,1
CLI-02269,Mayte Beatriz Becerra Zúñiga,Desempleado,3547.91,Alto,2023-12-28,4950.46,9,0.0,0.0,0.0,1.394924075279452,0,0
CLI-02270,Paola Estefanía Bañuelos,Desempleado,2591.76,Alto,2024-10-13,4429.04,9,0.0,0.0,0.0,1.7082336969098566,0,0
CLI-02271,Sr. José Eduardo Garza,Estudiante,5321.15,Bajo,2026-02-04,7981.82,10,0.0,0.0,0.0,1.499736008943754,0,0
CLI-02272,Antonia Natividad Henríquez,Jubilado,6837.86,Bajo,2026-03-28,9064.97,8,0.0,0.0,0.0,1.3255089298508815,0,0
CLI-02273,Julio César Julio Reyes,Estudiante,2030.18,Bajo,2025-10-06,1041.0,3,0.0,0.0,0.0,0.512509969574336,0,0
CLI-02274,Germán Torres León,Jubilado,10123.06,Bajo,2024-09-24,12115.42,6,0.0,0.0,0.0,1.1966957920043935,0,0
CLI-02275,Vicente Martín Olivárez,Jubilado,17310.73,Bajo,2023-06-19,3927.08,4,0.0,0.0,0.0,0.22684503512936027,0,0
CLI-02276,Wilfrido Aurelio Menéndez Tafoya,Profesionista Independiente,24452.38,Medio,2025-10-15,24326.1,7,0.0,0.0,0.0,0.9947949935755301,0,0
CLI-02277,Ofelia Vallejo Casárez,Desempleado,3614.19,Alto,2025-09-22,1289.79,3,0.0,0.0,0.0,0.356769630365209,0,0
CLI-02278,Lic. Abelardo Reynoso,Profesionista Independiente,24528.16,Medio,2026-01-08,34215.46,10,0.0,0.0,0.0,1.3948891849537448,0,0
CLI-02279,Vicente Bernardo Valencia,Desempleado,3405.84,Alto,2025-01-07,2693.46,5,0.0,0.0,0.0,0.7906036092097075,0,0
CLI-02280,Cristobal Camilo Prado Portillo,Empleado Sector Privado,17311.49,Medio,2024-01-17,24944.72,7,0.0,0.0,0.0,1.4408510849681357,0,0
CLI-02281,Ing. Andrea Coronado,Empleado Sector Privado,32357.2,Medio,2023-09-06,29535.89,5,0.0,0.0,0.0,0.9127791409905371,0,0
CLI-02282,Ana María Orellana Abreu,Profesionista Independiente,23744.68,Medio,2025-11-01,12719.32,4,0.0,0.0,0.0,0.535647747295508,0,0
CLI-02283,Lilia Isabela Pérez,Empleado Sector Privado,34142.27,Medio,2024-02-29,30189.09,5,0.0,0.0,0.0,0.8841885970500191,0,0
CLI-02284,Reynaldo Octavio Valladares Leiva,Jubilado,16079.26,Bajo,2024-04-22,19336.53,10,0.0,0.0,0.0,1.2025010789626536,0,0
CLI-02285,Miguel Ángel Rosado,Jubilado,10996.45,Bajo,2025-03-02,4610.25,5,0.0,0.0,0.0,0.4192108170530441,0,0
CLI-02286,Paola Catalina Cortés Manzanares,Jubilado,5950.88,Bajo,2023-10-17,3185.6,3,0.0,0.0,0.0,0.5352258446070821,0,0
CLI-02287,René Iván Blanco Vásquez,Desempleado,269.45,Alto,2024-02-15,263.69,3,0.0,0.0,0.0,0.975004621926419,0,0
CLI-02288,Marisol Juana Montoya Holguín,Estudiante,3184.51,Bajo,2024-07-08,3170.27,6,0.0,0.0,0.0,0.9952158367106051,0,0
CLI-02289,Samuel Lomeli,Jubilado,11333.48,Bajo,2024-09-17,11650.61,5,0.0,0.0,0.0,1.0278910016163072,0,0
CLI-02290,Amador Camilo Abrego,Profesionista Independiente,31071.23,Medio,2025-05-16,28183.76,5,0.0,0.0,0.0,0.9070401448495972,0,0
CLI-02291,Dra. Sonia Romo,Desempleado,2621.89,Alto,2025-09-05,1427.21,4,0.0,0.0,0.0,0.5441364296634629,0,0
CLI-02292,Cecilia Vázquez,Estudiante,3710.82,Bajo,2023-12-18,4838.41,8,0.0,0.0,0.0,1.3035141790280778,0,0
CLI-02293,Armando Jos Collado,Estudiante,7400.71,Bajo,2025-04-06,4898.46,4,0.0,0.0,0.0,0.6618011243347821,0,0
CLI-02294,Nicolás Rivero Trujillo,Profesionista Independiente,36863.76,Medio,2023-08-14,21555.36,6,0.0,0.0,0.0,0.5847145078389225,0,0
CLI-02295,Rufino Segura Alvarez,Profesionista Independiente,42735.41,Medio,2024-06-06,38209.4,6,0.0,0.0,0.0,0.8940713550810655,0,0
CLI-02296,Ing. Leonardo Suárez,Profesionista Independiente,46205.62,Medio,2024-03-15,58021.229999999996,6,0.0,0.0,0.0,1.2556908512243483,0,0
CLI-02297,Fernando Munguía,Empleado Sector Privado,30663.22,Medio,2024-05-04,29734.739999999998,6,0.0,0.0,0.0,0.9696884512307828,0,0
CLI-02298,Mauricio Coronado,Profesionista Independiente,51346.49,Medio,2026-03-05,25363.16,3,0.0,0.0,0.0,0.4939513109598931,0,0
CLI-02299,Cornelio Evelio de la Torre González,Empresario / Comerciante,83727.9,Alto,2026-01-03,111617.56,8,0.0,0.0,0.0,1.3330828423638672,0,0
CLI-02300,Abraham Serafín Alonso,Profesionista Independiente,26077.88,Medio,2025-05-21,36539.05,8,0.0,0.0,0.0,1.401097363076942,0,0
CLI-02301,Ing. Bernabé Valverde,Empleado Sector Privado,35502.57,Medio,2025-10-18,35727.06,7,0.0,0.0,0.0,1.0062948599253538,0,0
CLI-02302,Dr. Alvaro Esparza,Desempleado,1744.5,Alto,2026-01-06,2491.58,7,0.0,0.0,0.0,1.4274305356631338,0,0
CLI-02303,Reina Ceballos,Profesionista Independiente,21043.76,Medio,2023-07-31,9627.23,3,0.0,0.0,0.0,0.4574644709656941,0,0
CLI-02304,Úrsula Elvia Jaramillo,Desempleado,1326.25,Alto,2025-04-12,1740.3,8,0.0,0.0,0.0,1.3112073836880769,0,0
CLI-02305,Darío Lozada,Empresario / Comerciante,142569.68,Alto,2023-11-23,156063.65999999997,9,0.0,0.0,0.0,1.0946406371913213,2,0
CLI-02306,Luisa Elsa Cardenas Terán,Profesionista Independiente,49864.51,Medio,2024-05-07,43814.759999999995,5,0.0,0.0,0.0,0.8786586159451691,0,0
CLI-02307,Araceli Soliz Merino,Empresario / Comerciante,160334.37,Alto,2024-03-30,162090.5,10,0.0,0.0,0.0,1.0109466177051265,2,0
CLI-02308,Sra. Beatriz Ortiz,Empleado Sector Privado,33303.2,Medio,2025-07-30,21219.61,3,0.0,0.0,0.0,0.6371451648741,0,0
CLI-02309,Natalia Cotto Esquivel,Estudiante,7050.76,Bajo,2024-10-31,7525.700000000001,6,0.0,0.0,0.0,1.0672087535593953,0,0
CLI-02310,Dr. Oswaldo Soria,Empleado Sector Privado,41412.8,Medio,2025-06-03,36145.21,6,0.0,0.0,0.0,0.8727817780546581,0,0
CLI-02311,Luis Manuel Guillen,Empleado Sector Privado,20686.74,Medio,2024-11-17,21456.31,7,0.0,0.0,0.0,1.0371509889432098,0,0
CLI-02312,Mitzy Alvarado,Desempleado,305.85,Alto,2025-08-03,284.17,3,0.0,0.0,0.0,0.9260876649828906,0,0
CLI-02313,Leonor Clara Domínguez Muñiz,Estudiante,7352.63,Bajo,2024-06-05,12564.55,10,0.0,0.0,0.0,1.7086187365967556,0,0
CLI-02314,Martha Briseño Arredondo,Jubilado,13211.14,Bajo,2023-06-13,15781.130000000001,7,0.0,0.0,0.0,1.1944416271701632,0,0
CLI-02315,Francisco Javier Felipe Velásquez Cornejo,Jubilado,12525.71,Bajo,2025-03-28,17246.02,8,0.0,0.0,0.0,1.3767397824328975,0,0
CLI-02316,Dr. Alfonso Guerrero,Jubilado,7765.89,Bajo,2025-02-20,8680.32,8,0.0,0.0,0.0,1.1176056310827114,0,0
CLI-02317,Marco Antonio José Manuél Villareal,Estudiante,5309.56,Bajo,2024-01-05,7850.25,10,0.0,0.0,0.0,1.4782339338977433,0,0
CLI-02318,Lic. José Luis Hernádez,Jubilado,16621.82,Bajo,2023-08-14,26180.52,9,0.0,0.0,0.0,1.5749746432915714,0,0
CLI-02319,Sra. Carmen Merino,Jubilado,11137.35,Bajo,2025-06-17,15091.48,7,0.0,0.0,0.0,1.354911634128933,0,0
CLI-02320,Alonso Valdés,Empleado Sector Privado,24072.01,Medio,2025-10-10,19889.66,5,0.0,0.0,0.0,0.8262223959529781,0,0
CLI-02321,Eloy Jerónimo Ortiz de la Fuente,Empleado Sector Privado,41417.44,Medio,2024-09-09,48630.95,8,0.0,0.0,0.0,1.174137654629194,0,0
CLI-02322,Rodolfo Ernesto Linares,Jubilado,14531.95,Bajo,2024-03-02,12119.01,5,0.0,0.0,0.0,0.8338988299003299,0,0
CLI-02323,Frida Silvia Pulido Esquibel,Profesionista Independiente,21024.66,Medio,2024-01-13,36922.91,10,0.0,0.0,0.0,1.7560880371888448,0,0
CLI-02324,Estefanía Páez Caballero,Jubilado,11635.36,Bajo,2025-05-26,16217.44,7,0.0,0.0,0.0,1.3936866855270893,0,0
CLI-02325,Sr. Cristian Garza,Empresario / Comerciante,122773.11,Alto,2023-10-28,172125.18,8,0.0,0.0,0.0,1.4019664243544505,2,0
CLI-02326,Eduardo José María Carrera,Estudiante,5976.07,Bajo,2023-10-23,3978.27,4,0.0,0.0,0.0,0.665588657987944,0,0
CLI-02327,Marco Antonio Marco Antonio Herrera Correa,Jubilado,13894.1,Bajo,2025-03-10,23962.34,10,0.0,0.0,0.0,1.724517275874229,0,0
CLI-02328,María Amelia Cintrón,Jubilado,6824.82,Bajo,2024-08-10,8185.34,8,0.0,0.0,0.0,1.1991731396374357,0,0
CLI-02329,Jacobo Alfredo Nava Meléndez,Empleado Sector Privado,17911.79,Medio,2025-11-27,19061.52,7,0.0,0.0,0.0,1.0641290385249869,0,0
CLI-02330,Ing. Israel Bonilla,Jubilado,13572.37,Bajo,2024-05-29,17742.82,6,0.0,0.0,0.0,1.307178688859141,0,0
CLI-02331,Citlali Gallardo Magaña,Empleado Sector Privado,36285.35,Medio,2024-02-18,69662.31,10,0.0,0.0,0.0,1.9197938067620468,0,1
CLI-02332,Uriel Flavio Rolón Tórrez,Empresario / Comerciante,237835.05,Alto,2025-11-24,431234.28,10,0.0,0.0,0.0,1.8131577614074907,2,0
CLI-02333,Ing. Esperanza Soto,Estudiante,3312.91,Bajo,2024-12-12,2872.86,6,0.0,0.0,0.0,0.8669094815489861,0,0
CLI-02334,Karina Noelia Cordero,Empresario / Comerciante,96349.98,Alto,2024-10-04,81723.45,7,0.0,0.0,0.0,0.8481849380255395,0,0
CLI-02335,Arcelia Aparicio Rojas,Profesionista Independiente,31624.58,Medio,2024-03-10,18542.510000000002,5,0.0,0.0,0.0,0.5863136739310394,0,0
CLI-02336,Ariadna Noemí Hernádez Ramos,Estudiante,6011.51,Bajo,2026-02-08,7773.11,9,0.0,0.0,0.0,1.2928227977999205,0,0
CLI-02337,Ing. Asunción Barrientos,Jubilado,16800.44,Bajo,2024-03-28,18193.260000000002,10,0.0,0.0,0.0,1.0828393280575952,0,0
CLI-02338,Espartaco Batista Cazares,Profesionista Independiente,32464.19,Medio,2024-01-24,34418.96,7,0.0,0.0,0.0,1.0601804578996765,0,0
CLI-02339,Beatriz Valdivia Feliciano,Empresario / Comerciante,226310.4,Alto,2024-10-01,261387.28,8,0.0,0.0,0.0,1.1549894525861268,2,0
CLI-02340,Teodoro Gerónimo Salcido Prado,Estudiante,7883.54,Bajo,2025-02-18,9219.54,9,0.0,0.0,0.0,1.1693186920226166,0,0
CLI-02341,Sr. Rufino Tamayo,Profesionista Independiente,19645.13,Medio,2025-10-20,10013.32,3,0.0,0.0,0.0,0.5096840955445169,0,0
CLI-02342,Israel Elias Aragón Pabón,Jubilado,13236.37,Bajo,2026-03-19,14072.32,8,0.0,0.0,0.0,1.0630752181135679,0,0
CLI-02343,Sandra Pabón,Profesionista Independiente,52569.25,Medio,2025-12-07,35987.01,5,0.0,0.0,0.0,0.6845508628929861,0,0
CLI-02344,Lic. Mauro Toledo,Profesionista Independiente,41038.41,Medio,2025-12-14,54715.46,10,0.0,0.0,0.0,1.333241876527952,0,0
CLI-02345,Ángel Véliz,Jubilado,7260.05,Bajo,2023-11-25,11797.93,10,0.0,0.0,0.0,1.6248242334097684,0,0
CLI-02346,Sr. Abel Bermúdez,Desempleado,1514.07,Alto,2024-08-09,1981.49,9,0.0,0.0,0.0,1.3078537625324242,0,0
CLI-02347,Eugenio Jacinto Páez Brito,Jubilado,13493.38,Bajo,2026-05-26,12280.9,5,0.0,0.0,0.0,0.9100751572135957,0,0
CLI-02348,Genaro Berríos Castillo,Estudiante,5099.98,Bajo,2023-10-12,3782.0,6,0.0,0.0,0.0,0.7414261573266314,0,0
CLI-02349,Dalia María Cristina Lomeli,Empresario / Comerciante,244534.82,Alto,2026-02-20,390957.36,10,0.0,0.0,0.0,1.5987733821572643,2,0
CLI-02350,Beatriz Longoria,Empleado Sector Privado,29040.27,Medio,2024-06-20,18653.3,4,0.0,0.0,0.0,0.6423031775125536,0,0
CLI-02351,Dulce Eugenia Heredia,Profesionista Independiente,51775.65,Medio,2025-01-06,41283.119999999995,7,0.0,0.0,0.0,0.7973308431503389,0,0
CLI-02352,Conchita Villa Macías,Profesionista Independiente,36908.77,Medio,2025-07-13,26270.649999999998,3,0.0,0.0,0.0,0.7117532837511585,0,0
CLI-02353,Sra. Fabiola Yáñez,Empresario / Comerciante,227434.39,Alto,2026-05-23,262365.56,7,0.0,0.0,0.0,1.1535828263138819,2,0
CLI-02354,Adán Salcedo,Estudiante,5011.02,Bajo,2024-08-02,5714.38,7,0.0,0.0,0.0,1.1401351151830998,0,0
CLI-02355,Renato José Manuél Zaragoza Arevalo,Empleado Sector Privado,26516.66,Medio,2025-11-16,21025.61,4,0.0,0.0,0.0,0.7928908508518474,0,0
CLI-02356,Jesús Modesto Olivárez,Empleado Sector Privado,14543.91,Medio,2026-02-03,11568.380000000001,6,0.0,0.0,0.0,0.7953559011365489,0,0
CLI-02357,Ing. Concepción Castillo,Desempleado,1123.24,Alto,2024-08-09,1783.58,8,0.0,0.0,0.0,1.5864761972532555,0,0
CLI-02358,Linda Daniela Vázquez,Empleado Sector Privado,18167.89,Medio,2026-05-19,17740.17,8,0.0,0.0,0.0,0.9764036217952775,0,0
CLI-02359,Sergio Omar Padilla,Profesionista Independiente,42090.91,Medio,2025-04-06,30369.34,4,0.0,0.0,0.0,0.7215006399091891,0,0
CLI-02360,Rafaél Longoria Reyes,Estudiante,5966.66,Bajo,2025-07-24,8320.74,10,0.0,0.0,0.0,1.3943053055971688,0,0
CLI-02361,Alberto Dueñas,Empresario / Comerciante,212234.53,Alto,2024-11-26,90812.82,3,0.0,0.0,0.0,0.4278869800923531,2,0
CLI-02362,Luis Manuel Eloy Valladares,Desempleado,453.35,Alto,2026-01-25,460.07,4,0.0,0.0,0.0,1.0125894134477824,0,0
CLI-02363,Srita. Eva Peralta,Desempleado,1915.26,Alto,2025-04-28,978.2,4,0.0,0.0,0.0,0.5104735265569391,0,0
CLI-02364,Sara Carolina Frías,Empleado Sector Privado,31496.1,Medio,2024-07-23,18144.55,5,0.0,0.0,0.0,0.5760704953789396,0,0
CLI-02365,Sandra Ríos,Desempleado,3333.46,Alto,2024-01-25,3370.46,6,0.0,0.0,0.0,1.0107963508334183,0,0
CLI-02366,Salma Becerra Amaya,Estudiante,3462.02,Bajo,2024-09-17,956.3100000000001,4,0.0,0.0,0.0,0.276149141500771,0,0
CLI-02367,Julio César de Anda Laboy,Empleado Sector Privado,30925.05,Medio,2026-03-20,17660.06,6,0.0,0.0,0.0,0.571041565282343,0,0
CLI-02368,Raúl Campos Muñoz,Empleado Sector Privado,16445.89,Medio,2026-06-08,19818.96,6,0.0,0.0,0.0,1.2050278198492237,0,0
CLI-02369,Leonel Bernabé Arreola,Jubilado,5509.48,Bajo,2025-01-30,8976.57,9,0.0,0.0,0.0,1.6289996515730027,0,0
CLI-02370,Iván Zepeda Soria,Jubilado,6909.25,Bajo,2025-10-04,4277.6900000000005,5,0.0,0.0,0.0,0.619035490756485,0,0
CLI-02371,Nadia Abigail Padilla Anaya,Empleado Sector Privado,20522.57,Medio,2024-02-14,8959.28,3,0.0,0.0,0.0,0.4365361386932196,0,0
CLI-02372,Srita. Francisca Gallegos,Empleado Sector Privado,29049.14,Medio,2025-08-09,20274.730000000003,4,0.0,0.0,0.0,0.6979219377256014,0,0
CLI-02373,Andrea Salas Aparicio,Empresario / Comerciante,169871.5,Alto,2025-11-24,108740.16,4,0.0,0.0,0.0,0.640128096072054,2,0
CLI-02374,Karina Elvira Toledo Becerra,Jubilado,13289.1,Bajo,2023-08-19,21258.170000000002,10,0.0,0.0,0.0,1.5995492885681823,0,0
CLI-02375,Karina Olvera,Desempleado,2911.9,Alto,2023-06-30,1972.45,4,0.0,0.0,0.0,0.6771430533145663,0,0
CLI-02376,Concepción Sonia Villagómez,Profesionista Independiente,57626.42,Medio,2025-03-31,39157.86,5,0.0,0.0,0.0,0.6795004877886257,0,0
CLI-02377,Anel Zoé Coronado Tórrez,Empleado Sector Privado,26823.71,Medio,2023-09-10,33507.4,9,0.0,0.0,0.0,1.2491244080551105,0,0
CLI-02378,Carmen Patricia Tamez Lucero,Empresario / Comerciante,223460.48,Alto,2025-05-07,65986.92,3,0.0,0.0,0.0,0.295294383622627,2,0
CLI-02379,Itzel Riojas,Empleado Sector Privado,19239.01,Medio,2023-07-07,17085.850000000002,8,0.0,0.0,0.0,0.8880374802300001,0,0
CLI-02380,Luis Malave,Empresario / Comerciante,170167.74,Alto,2023-08-15,74108.54000000001,6,0.0,0.0,0.0,0.4355003157454184,2,0
CLI-02381,Hernán Francisco Gamboa Rentería,Jubilado,15665.89,Bajo,2026-04-11,18711.44,8,0.0,0.0,0.0,1.194330208484262,0,0
CLI-02382,Anabel Yeni Caldera Rodarte,Empleado Sector Privado,32565.99,Medio,2024-09-27,50505.29,9,0.0,0.0,0.0,1.5508123409624284,0,0
CLI-02383,Benito Gregorio Irizarry,Jubilado,8438.77,Bajo,2024-10-31,7155.32,9,0.0,0.0,0.0,0.8478098336803016,0,0
CLI-02384,Ana María Anel Cortés Sanabria,Desempleado,2742.36,Alto,2024-09-17,3184.01,7,0.0,0.0,0.0,1.1606241980636884,0,0
CLI-02385,Mauro Márquez,Empresario / Comerciante,169306.67,Alto,2025-09-21,240354.71,10,0.0,0.0,0.0,1.4196327313464296,2,0
CLI-02386,Alberto Rodríquez Preciado,Estudiante,3378.88,Bajo,2026-03-29,4427.99,8,0.0,0.0,0.0,1.3101027255405517,0,0
CLI-02387,Daniela Débora de la O Fierro,Empresario / Comerciante,76442.64,Alto,2025-10-11,39634.18,8,0.0,0.0,0.0,0.5184758339608109,0,0
CLI-02388,Elsa Roque,Estudiante,3214.09,Bajo,2026-04-24,4434.72,9,0.0,0.0,0.0,1.379345523764498,0,0
CLI-02389,Carlota Rebeca Lira Armas,Jubilado,13896.78,Bajo,2023-08-12,19371.94,9,0.0,0.0,0.0,1.3938873690618212,0,0
CLI-02390,Gonzalo Zacarías Salazar Escalante,Empleado Sector Privado,31981.86,Medio,2024-05-06,50452.18,9,0.0,0.0,0.0,1.5774755603470108,0,0
CLI-02391,Yolanda Sara Cano Fuentes,Empleado Sector Privado,27703.68,Medio,2025-11-08,15224.619999999999,4,0.0,0.0,0.0,0.5495324255685321,0,0
CLI-02392,Adalberto Manzanares Regalado,Jubilado,12797.58,Bajo,2023-08-24,6186.11,3,0.0,0.0,0.0,0.48334346466561134,0,0
CLI-02393,Ignacio Tórrez,Jubilado,11543.28,Bajo,2023-08-31,12553.99,9,0.0,0.0,0.0,1.087464094772476,0,0
CLI-02394,Adriana Camila Cadena Márquez,Estudiante,2559.14,Bajo,2023-06-22,2460.49,7,0.0,0.0,0.0,0.9610763473872522,0,0
CLI-02395,Espartaco Esteban Estrada Garica,Desempleado,521.32,Alto,2023-10-25,1289.71,10,0.0,0.0,0.0,2.4691951294225762,0,1
CLI-02396,Adalberto Valdivia,Jubilado,12010.72,Bajo,2025-01-07,14611.74,6,0.0,0.0,0.0,1.216456927067897,0,0
CLI-02397,Serafín Darío Solís,Estudiante,7381.81,Bajo,2025-05-26,11664.72,10,0.0,0.0,0.0,1.579983773116198,0,0
CLI-02398,Sra. Paola Quiroz,Desempleado,2596.93,Alto,2023-12-25,4049.91,9,0.0,0.0,0.0,1.5588988155954935,0,0
CLI-02399,Sara Esther Ureña Sánchez,Jubilado,10468.89,Bajo,2025-05-14,4572.1,3,0.0,0.0,0.0,0.43669035682323315,0,0
CLI-02400,Zoé Luisa Paredes Ballesteros,Estudiante,6185.86,Bajo,2023-08-10,9153.76,8,0.0,0.0,0.0,1.4795485916927167,0,0
CLI-02401,Ofelia Avilés Palomo,Empresario / Comerciante,95897.25,Alto,2024-06-19,104034.89,6,0.0,0.0,0.0,1.0848465952194122,2,0
CLI-02402,Dra. Natividad Rivero,Empresario / Comerciante,207911.12,Alto,2023-10-20,205045.87,6,0.0,0.0,0.0,0.9862141273919,2,0
CLI-02403,Miguel Ángel Delgado Bustamante,Empresario / Comerciante,120103.56,Alto,2026-04-12,118109.66,5,0.0,0.0,0.0,0.9833903059134474,2,0
CLI-02404,Dr. Luis Miguel Cazares,Desempleado,3631.44,Alto,2024-12-13,1685.27,3,0.0,0.0,0.0,0.4639498518901895,0,0
CLI-02405,Nayeli Alarcón Cardenas,Desempleado,2304.48,Alto,2025-01-23,1669.2399999999998,3,0.0,0.0,0.0,0.7240314381386955,0,0
CLI-02406,Rafaél Eugenio Gastélum Villareal,Empresario / Comerciante,76776.62,Alto,2024-09-05,104059.18,9,0.0,0.0,0.0,1.355332191854866,0,0
CLI-02407,Diana Rosales,Empresario / Comerciante,203171.78,Alto,2025-06-11,235351.13,9,0.0,0.0,0.0,1.15837923761244,2,0
CLI-02408,Raúl Abraham Beltrán,Estudiante,3699.6,Bajo,2026-04-03,4470.95,9,0.0,0.0,0.0,1.208168945576393,0,0
CLI-02409,Elvira Elvira Jáquez Calderón,Jubilado,10312.41,Bajo,2026-04-04,3688.08,4,0.0,0.0,0.0,0.3576004444698698,0,0
CLI-02410,Ariadna Salma Páez Saucedo,Empleado Sector Privado,12180.49,Medio,2023-12-10,11632.42,4,0.0,0.0,0.0,0.9549258752418629,0,0
CLI-02411,Sr. Uriel Yáñez,Desempleado,3157.69,Alto,2024-09-10,5306.33,9,0.0,0.0,0.0,1.6799147747958805,0,0
CLI-02412,Andrés Melgar Sevilla,Jubilado,11793.03,Bajo,2025-09-03,11755.6,8,0.0,0.0,0.0,0.9967415717952218,0,0
CLI-02413,Adriana Collado,Jubilado,5093.52,Bajo,2023-10-03,7000.64,7,0.0,0.0,0.0,1.3741510485776873,0,0
CLI-02414,Jacobo Monroy,Desempleado,821.67,Alto,2026-01-21,1089.98,7,0.0,0.0,0.0,1.3249298017431048,0,0
CLI-02415,Claudio Vásquez Hurtado,Profesionista Independiente,33398.03,Medio,2025-03-09,19992.71,4,0.0,0.0,0.0,0.5986015162715803,0,0
CLI-02416,Emiliano Nicolás Maestas,Estudiante,2928.67,Bajo,2025-01-13,3689.31,9,0.0,0.0,0.0,1.2592920021708929,0,0
CLI-02417,Dolores Prado,Desempleado,2341.48,Alto,2023-08-14,2867.85,7,0.0,0.0,0.0,1.224279396195485,0,0
CLI-02418,Dr. Eugenio Zarate,Profesionista Independiente,53473.96,Medio,2025-04-12,38734.479999999996,5,0.0,0.0,0.0,0.7243479939021926,0,0
CLI-02419,Mercedes Sandoval Menéndez,Empresario / Comerciante,162934.05,Alto,2026-04-26,173948.34,8,0.0,0.0,0.0,1.0675931299005341,2,0
CLI-02420,Angélica Madera,Jubilado,8582.29,Bajo,2026-01-31,7479.65,6,0.0,0.0,0.0,0.8714199333821878,0,0
CLI-02421,Augusto Rodolfo Villalobos Fonseca,Desempleado,1589.82,Alto,2024-04-07,2964.92,9,0.0,0.0,0.0,1.8637683710287778,0,1
CLI-02422,Bruno Bruno Montañez,Empleado Sector Privado,25636.53,Medio,2025-12-11,45061.67,9,0.0,0.0,0.0,1.7576447497087277,0,0
CLI-02423,Abraham Brito Nava,Jubilado,11272.08,Bajo,2024-12-15,5369.570000000001,3,0.0,0.0,0.0,0.4763179184393263,0,0
CLI-02424,Zacarías Tijerina Roque,Profesionista Independiente,40159.22,Medio,2025-09-08,57801.22,8,0.0,0.0,0.0,1.439265521951822,0,0
CLI-02425,Ana Velasco,Empresario / Comerciante,100755.53,Alto,2023-10-22,123434.85,10,0.0,0.0,0.0,1.2250803992555124,2,0
CLI-02426,Gerónimo Jesús del Valle,Profesionista Independiente,40994.3,Medio,2024-08-07,36108.45,7,0.0,0.0,0.0,0.8807948716072329,0,0
CLI-02427,Julio Solís Leal,Desempleado,1592.52,Alto,2023-12-23,1452.56,6,0.0,0.0,0.0,0.911541744063457,0,0
CLI-02428,Maximiliano Miguel Sosa,Empleado Sector Privado,40214.96,Medio,2023-09-05,36310.83,6,0.0,0.0,0.0,0.9028960144181565,0,0
CLI-02429,Rosalia Véliz Cabán,Desempleado,476.34,Alto,2025-12-18,1049.56,9,0.0,0.0,0.0,2.19876817362886,0,1
CLI-02430,Flavio Angulo,Empleado Sector Privado,26737.63,Medio,2024-01-13,37133.37,7,0.0,0.0,0.0,1.3887536496821267,0,0
CLI-02431,Citlali Arredondo Zelaya,Desempleado,3796.98,Alto,2024-09-09,2053.6000000000004,4,0.0,0.0,0.0,0.5407084818772085,0,0
CLI-02432,Adriana Sonia Tapia,Estudiante,3286.75,Bajo,2023-11-09,3343.45,6,0.0,0.0,0.0,1.016941677438978,0,0
CLI-02433,Josefina Linda Madera,Empresario / Comerciante,207216.22,Alto,2026-03-17,258490.22999999998,8,0.0,0.0,0.0,1.2474360480272826,2,0
CLI-02434,Rosario Nancy Guardado Malave,Jubilado,12982.33,Bajo,2026-04-15,12056.58,9,0.0,0.0,0.0,0.9286200073478837,0,0
CLI-02435,Alonso Nicolás Peres,Desempleado,2827.16,Alto,2023-06-19,995.0400000000001,3,0.0,0.0,0.0,0.35183299389002043,0,0
CLI-02436,Lic. Jaime Zavala,Empleado Sector Privado,24840.42,Medio,2025-10-22,11468.51,3,0.0,0.0,0.0,0.4616688578994277,0,0
CLI-02437,Rolando Gamboa,Desempleado,21.16,Alto,2023-09-09,334.69,5,0.0,0.0,0.0,15.103339350180505,0,1
CLI-02438,Raúl Roberto Bueno,Estudiante,6939.53,Bajo,2024-02-26,12854.48,10,0.0,0.0,0.0,1.8520891055870372,0,1
CLI-02439,Ing. Camila Casares,Empresario / Comerciante,235172.36,Alto,2025-04-09,91486.72,3,0.0,0.0,0.0,0.3890182119267251,2,0
CLI-02440,Vicente Montenegro,Empresario / Comerciante,67628.14,Alto,2024-08-18,95042.86,8,0.0,0.0,0.0,1.4053536685517516,0,0
CLI-02441,Iván Jorge Angulo,Profesionista Independiente,24979.66,Medio,2025-08-16,44806.75,10,0.0,0.0,0.0,1.7936575734988587,0,0
CLI-02442,Sra. Yolanda Saldaña,Estudiante,5654.17,Bajo,2023-07-15,5285.99,7,0.0,0.0,0.0,0.9347181428675,0,0
CLI-02443,Eugenio Amador Aguayo,Desempleado,1537.3,Alto,2024-03-06,3191.93,10,0.0,0.0,0.0,2.0749723720990705,0,1
CLI-02444,Ing. Socorro Ordóñez,Empresario / Comerciante,172793.12,Alto,2025-11-17,93089.92000000001,3,0.0,0.0,0.0,0.5387331467066125,2,0
CLI-02445,Sr. Luis Barrientos,Jubilado,8724.1,Bajo,2025-06-07,7447.200000000001,6,0.0,0.0,0.0,0.8535374952722605,0,0
CLI-02446,Sr. Gilberto Salas,Jubilado,5747.02,Bajo,2026-04-24,11592.77,10,0.0,0.0,0.0,2.0168284035198205,0,1
CLI-02447,Mauro José María Bernal,Empleado Sector Privado,33129.61,Medio,2024-10-07,18133.739999999998,6,0.0,0.0,0.0,0.5473409635379487,0,0
CLI-02448,Berta Natalia Oquendo Ozuna,Empresario / Comerciante,52142.08,Alto,2025-07-29,32677.28,4,0.0,0.0,0.0,0.6266848832098142,0,0
CLI-02449,Esteban Leiva,Desempleado,3723.03,Alto,2026-01-24,2101.98,3,0.0,0.0,0.0,0.5644369137735196,0,0
CLI-02450,Yeni Ángela Fajardo Perales,Jubilado,8718.08,Bajo,2023-07-16,9465.03,10,0.0,0.0,0.0,1.08555375108383,0,0
CLI-02451,Lic. Frida Morales,Estudiante,6703.76,Bajo,2025-09-16,5670.93,5,0.0,0.0,0.0,0.8458065613086823,0,0
CLI-02452,Juan Uriel Godoy Porras,Jubilado,11705.58,Bajo,2024-12-19,15811.72,8,0.0,0.0,0.0,1.3506694525642844,0,0
CLI-02453,Lic. Diana Mares,Empleado Sector Privado,32301.27,Medio,2024-12-02,18077.41,4,0.0,0.0,0.0,0.5596328059916532,0,0
CLI-02454,Ing. Elvia Arellano,Desempleado,144.24,Alto,2024-12-31,306.63,4,0.0,0.0,0.0,2.111195263012944,0,1
CLI-02455,Reynaldo Darío Negrete Alvarado,Empleado Sector Privado,33615.63,Medio,2024-12-11,46845.37,9,0.0,0.0,0.0,1.3935177321462624,0,0
CLI-02456,Francisca Chapa Ornelas,Empleado Sector Privado,14865.81,Medio,2026-04-17,15172.0,5,0.0,0.0,0.0,1.0205282774179532,0,0
CLI-02457,Inés Mercado,Profesionista Independiente,50085.28,Medio,2024-01-16,41241.93,5,0.0,0.0,0.0,0.8234177103989356,0,0
CLI-02458,Lic. Noemí Valle,Profesionista Independiente,45134.79,Medio,2025-01-18,25331.829999999998,5,0.0,0.0,0.0,0.5612359947615849,0,0
CLI-02459,Lucas Centeno Chávez,Empresario / Comerciante,167216.03,Alto,2025-05-22,179634.61000000002,6,0.0,0.0,0.0,1.0742602592570865,2,0
CLI-02460,Juan Carlos Camilo Jaime,Jubilado,5199.76,Bajo,2024-04-24,3115.91,4,0.0,0.0,0.0,0.5991258969842869,0,0
CLI-02461,Tania Fabiola Sierra Santacruz,Desempleado,274.47,Alto,2025-07-09,630.55,7,0.0,0.0,0.0,2.2889969869677276,0,1
CLI-02462,Rebeca Marcela Limón,Estudiante,5297.56,Bajo,2023-08-15,2456.23,4,0.0,0.0,0.0,0.4635655725329146,0,0
CLI-02463,Zoé Roque Trujillo,Desempleado,3319.06,Alto,2024-10-03,2240.94,3,0.0,0.0,0.0,0.6749697294627206,0,0
CLI-02464,Emilia Cervántez,Jubilado,9525.24,Bajo,2025-01-14,12593.91,10,0.0,0.0,0.0,1.3220231696870959,0,0
CLI-02465,Mónica Andrea Roybal Lozada,Profesionista Independiente,25183.3,Medio,2024-10-13,17306.690000000002,5,0.0,0.0,0.0,0.6872015501721311,0,0
CLI-02466,Lic. Gabino Toledo,Empleado Sector Privado,27007.05,Medio,2024-06-17,18028.1,7,0.0,0.0,0.0,0.6675083910167524,0,0
CLI-02467,Aldo Valdez,Empresario / Comerciante,164981.34,Alto,2023-07-28,196915.69999999998,9,0.0,0.0,0.0,1.1935562315336294,2,0
CLI-02468,Ariadna Nazario,Profesionista Independiente,22876.57,Medio,2023-09-18,37076.93,9,0.0,0.0,0.0,1.6206673173768018,0,0
CLI-02469,Frida Santiago,Jubilado,6384.04,Bajo,2026-06-06,4182.52,5,0.0,0.0,0.0,0.6550499292095273,0,0
CLI-02470,Daniela Sara Quiñones,Estudiante,5019.01,Bajo,2025-07-05,6706.18,10,0.0,0.0,0.0,1.3358897691438862,0,0
CLI-02471,Concepción Arreola,Profesionista Independiente,57615.7,Medio,2025-02-09,56105.93,8,0.0,0.0,0.0,0.9737789564483909,0,0
CLI-02472,Marisela Beatriz Noriega Olivas,Jubilado,17437.22,Bajo,2024-07-24,12284.789999999999,7,0.0,0.0,0.0,0.704474998021587,0,0
CLI-02473,Silvia Barraza,Jubilado,15570.92,Bajo,2025-09-16,18837.46,7,0.0,0.0,0.0,1.2097069597069596,0,0
CLI-02474,Ana Olivia Patiño,Jubilado,8251.84,Bajo,2024-09-23,14167.14,9,0.0,0.0,0.0,1.7166381512303643,0,0
CLI-02475,Adalberto Sarabia,Empresario / Comerciante,243211.09,Alto,2025-03-26,226448.6,8,0.0,0.0,0.0,0.9310746024179966,2,0
CLI-02476,Leticia Portillo,Jubilado,11287.19,Bajo,2023-08-30,16902.940000000002,10,0.0,0.0,0.0,1.4974003803975662,0,0
CLI-02477,Ariadna Lara,Empleado Sector Privado,36996.62,Medio,2023-08-15,46679.21,9,0.0,0.0,0.0,1.2616814270755794,0,0
CLI-02478,Ana María Benavides Amador,Empresario / Comerciante,186318.93,Alto,2025-03-13,182391.3,6,0.0,0.0,0.0,0.9789146013526304,2,0
CLI-02479,Lic. Flavio Salcido,Jubilado,16206.3,Bajo,2024-10-24,8303.130000000001,4,0.0,0.0,0.0,0.5123080340340465,0,0
CLI-02480,Ing. Hilda Villa,Empresario / Comerciante,73253.66,Alto,2023-12-19,87794.16,6,0.0,0.0,0.0,1.1984788408000255,0,0
CLI-02481,Ivonne Valladares,Estudiante,4296.04,Bajo,2024-02-08,5976.87,9,0.0,0.0,0.0,1.3909272429393256,0,0
CLI-02482,Sr. Diego Heredia,Empleado Sector Privado,34338.13,Medio,2025-08-30,20625.19,4,0.0,0.0,0.0,0.6006322815982816,0,0
CLI-02483,Eloisa Violeta Reséndez Mateo,Empleado Sector Privado,38405.33,Medio,2025-06-06,37554.66,7,0.0,0.0,0.0,0.9778247492014989,0,0
CLI-02484,Nelly Clara Escamilla,Empresario / Comerciante,241089.14,Alto,2025-04-06,245066.91,6,0.0,0.0,0.0,1.0164949508096848,2,0
CLI-02485,Emiliano Montez Garrido,Jubilado,11963.47,Bajo,2024-06-13,17551.4,10,0.0,0.0,0.0,1.4669600910027776,0,0
CLI-02486,Santiago Cotto Acevedo,Desempleado,3328.71,Alto,2023-11-12,2540.44,7,0.0,0.0,0.0,0.7629613389754664,0,0
CLI-02487,Jacobo Armando Garrido,Empleado Sector Privado,21480.56,Medio,2023-10-31,10512.02,4,0.0,0.0,0.0,0.48935086651062587,0,0
CLI-02488,Leticia Espinal Centeno,Empresario / Comerciante,184739.58,Alto,2025-01-15,105818.38,4,0.0,0.0,0.0,0.572794455879699,2,0
CLI-02489,Rafaél Chavarría García,Profesionista Independiente,18421.3,Medio,2025-07-19,27827.43,10,0.0,0.0,0.0,1.5105296298507787,0,0
CLI-02490,Arcelia Barrientos,Empleado Sector Privado,27726.33,Medio,2025-11-24,28405.239999999998,7,0.0,0.0,0.0,1.024449162613205,0,0
CLI-02491,Daniel Diego Valverde Linares,Profesionista Independiente,24835.48,Medio,2023-12-04,22877.49,6,0.0,0.0,0.0,0.9211244910711985,0,0
CLI-02492,Cristina Laboy Jimínez,Jubilado,8497.99,Bajo,2024-07-13,2724.55,3,0.0,0.0,0.0,0.3205733857787808,0,0
CLI-02493,Emilia Noemí Orta Tejeda,Desempleado,2732.43,Alto,2024-11-03,1284.06,3,0.0,0.0,0.0,0.46976143526631375,0,0
CLI-02494,Miguel Ángel Lucio Escalante,Empleado Sector Privado,28466.98,Medio,2026-04-02,28961.38,9,0.0,0.0,0.0,1.017331753078371,0,0
CLI-02495,Darío Antonio Luevano,Empleado Sector Privado,19750.43,Medio,2024-07-09,18271.52,5,0.0,0.0,0.0,0.9250732731756638,0,0
CLI-02496,Porfirio Orta,Empleado Sector Privado,40800.5,Medio,2024-01-29,27117.989999999998,6,0.0,0.0,0.0,0.6646321826403441,0,0
CLI-02497,Araceli Carrero,Empleado Sector Privado,19563.85,Medio,2023-10-06,11574.0,4,0.0,0.0,0.0,0.5915711083908132,0,0
CLI-02498,Gregorio Alfredo Tórrez,Empleado Sector Privado,39599.05,Medio,2023-11-13,23668.03,5,0.0,0.0,0.0,0.597676770610138,0,0
CLI-02499,Amador Mauro Varela Guardado,Profesionista Independiente,22019.8,Medio,2025-02-03,8834.5,3,0.0,0.0,0.0,0.40118887597180847,0,0
CLI-02500,José Manuél Sánchez,Estudiante,2719.27,Bajo,2024-02-05,2887.29,7,0.0,0.0,0.0,1.0613983170788195,0,0
CLI-02501,Tomás Alvarado,Estudiante,6054.87,Bajo,2024-10-15,5064.77,5,0.0,0.0,0.0,0.8363406083684096,0,0
CLI-02502,Cecilia Carmona,Desempleado,1970.66,Alto,2026-04-25,2102.17,6,0.0,0.0,0.0,1.0661929541604536,0,0
CLI-02503,Carolina Inés Sánchez,Estudiante,6585.47,Bajo,2026-02-21,7747.45,6,0.0,0.0,0.0,1.1762674087940883,0,0
CLI-02504,Andrea Figueroa,Jubilado,17453.91,Bajo,2026-01-16,24195.24,10,0.0,0.0,0.0,1.3861566745402871,0,0
CLI-02505,Pascual de Jesús Oquendo,Empresario / Comerciante,124239.31,Alto,2025-01-20,165883.25,8,0.0,0.0,0.0,1.3351805867193989,2,0
CLI-02506,Lic. Eric Godoy,Profesionista Independiente,37155.32,Medio,2025-02-02,16541.239999999998,3,0.0,0.0,0.0,0.4451797163981793,0,0
CLI-02507,Ricardo Rufino Carrera Montañez,Jubilado,16293.99,Bajo,2026-03-28,5680.13,4,0.0,0.0,0.0,0.3485813737842122,0,0
CLI-02508,Beatriz Berta Puente,Empresario / Comerciante,86574.37,Alto,2024-11-25,95283.03,7,0.0,0.0,0.0,1.100578952189289,0,0
CLI-02509,Jaime Salas Barraza,Jubilado,8643.47,Bajo,2024-07-18,4783.9,3,0.0,0.0,0.0,0.5534058189802267,0,0
CLI-02510,Gilberto Collazo Vázquez,Empleado Sector Privado,36755.59,Medio,2025-07-31,9718.57,3,0.0,0.0,0.0,0.2644034715951616,0,0
CLI-02511,Alfonso Jasso Espinal,Empleado Sector Privado,13786.89,Medio,2024-11-16,25045.85,10,0.0,0.0,0.0,1.8165107206396338,0,0
CLI-02512,Blanca Mireles,Empresario / Comerciante,145664.02,Alto,2024-08-28,176200.08000000002,10,0.0,0.0,0.0,1.2096252072048597,2,0
CLI-02513,Rocío Ureña,Jubilado,5423.31,Bajo,2024-10-29,8058.5,9,0.0,0.0,0.0,1.4856267433092871,0,0
CLI-02514,Esparta Fierro,Profesionista Independiente,32717.26,Medio,2024-02-22,31983.11,8,0.0,0.0,0.0,0.9775308955916361,0,0
CLI-02515,Ángel Eloy Nava,Desempleado,3103.62,Alto,2026-04-12,3367.16,8,0.0,0.0,0.0,1.084564294503031,0,0
CLI-02516,Angélica Garica Gómez,Empresario / Comerciante,245301.44,Alto,2025-03-15,328236.89,9,0.0,0.0,0.0,1.3380906035830709,2,0
CLI-02517,Helena Estévez Villalpando,Desempleado,2072.82,Alto,2024-06-22,1666.31,4,0.0,0.0,0.0,0.8034978927775794,0,0
CLI-02518,Wendolin Sonia Reynoso,Profesionista Independiente,46014.47,Medio,2025-01-17,26714.04,3,0.0,0.0,0.0,0.5805447602730125,0,0
CLI-02519,Ing. Óscar Rojo,Estudiante,6044.62,Bajo,2024-03-23,4648.57,4,0.0,0.0,0.0,0.7689153469784736,0,0
CLI-02520,Cristal Ariadna Osorio,Empresario / Comerciante,166201.64,Alto,2023-06-16,147382.63,6,0.0,0.0,0.0,0.8867646747368152,2,0
CLI-02521,Uriel Montalvo,Profesionista Independiente,31272.1,Medio,2023-07-20,24269.25,10,0.0,0.0,0.0,0.7760423494952532,0,0
CLI-02522,María Cristina Lovato Jáquez,Profesionista Independiente,23421.86,Medio,2026-05-20,22304.66,8,0.0,0.0,0.0,0.9522603132153802,0,0
CLI-02523,Dra. Anabel Cordero,Profesionista Independiente,25671.26,Medio,2024-03-09,8184.32,3,0.0,0.0,0.0,0.3188001368013568,0,0
CLI-02524,Zeferino Julio César Riojas Tejeda,Empresario / Comerciante,241705.36,Alto,2025-05-29,385521.57,9,0.0,0.0,0.0,1.594999693015939,2,0
CLI-02525,María Luisa Natividad Cano,Profesionista Independiente,31466.59,Medio,2024-08-15,29486.62,7,0.0,0.0,0.0,0.9370472921504316,0,0
CLI-02526,Sr. Leonardo Casanova,Empresario / Comerciante,134788.58,Alto,2025-04-01,173483.95,9,0.0,0.0,0.0,1.287072413164282,2,0
CLI-02527,Sra. Claudia Nieves,Empresario / Comerciante,190142.53,Alto,2023-09-28,90959.18,3,0.0,0.0,0.0,0.4783711546745766,2,0
CLI-02528,Aldo Isaac Loya Rodríguez,Profesionista Independiente,31428.51,Medio,2024-08-30,19580.75,4,0.0,0.0,0.0,0.6230052584338731,0,0
CLI-02529,Dr. Humberto Meza,Empresario / Comerciante,105925.91,Alto,2023-08-24,80244.98,5,0.0,0.0,0.0,0.7575504656937505,0,0
CLI-02530,Sonia Mercedes Vera Carranza,Empleado Sector Privado,30856.52,Medio,2024-05-11,28339.74,6,0.0,0.0,0.0,0.9184062750344163,0,0
CLI-02531,Ing. Andrés Camacho,Jubilado,13918.15,Bajo,2024-11-21,6924.16,3,0.0,0.0,0.0,0.497455663600148,0,0
CLI-02532,Isabel Benavides Valenzuela,Estudiante,6324.89,Bajo,2025-12-03,5492.52,5,0.0,0.0,0.0,0.8682604345001257,0,0
CLI-02533,José Carlos Urías,Empleado Sector Privado,30326.22,Medio,2026-05-02,18132.66,3,0.0,0.0,0.0,0.5979004999469123,0,0
CLI-02534,Araceli Micaela Bernal,Empresario / Comerciante,89212.64,Alto,2025-12-12,73796.53,5,0.0,0.0,0.0,0.8271888693253633,0,0
CLI-02535,Cristal Linda Alejandro Pedroza,Desempleado,598.19,Alto,2025-11-07,456.78,3,0.0,0.0,0.0,0.7623291443448654,0,0
CLI-02536,Noemí Mayte Cortés,Estudiante,3059.64,Bajo,2024-05-23,4971.78,8,0.0,0.0,0.0,1.6244249568717655,0,0
CLI-02537,Rocío Nelly Roybal Robles,Empresario / Comerciante,76894.34,Alto,2025-11-12,63440.18,5,0.0,0.0,0.0,0.8250198256487324,0,0
CLI-02538,Santiago Darío Huerta Galván,Desempleado,2068.03,Alto,2025-06-11,855.5799999999999,3,0.0,0.0,0.0,0.4135174453729525,0,0
CLI-02539,Ing. César Aguayo,Desempleado,1262.91,Alto,2024-04-06,2515.5299999999997,10,0.0,0.0,0.0,1.9902762063754535,0,1
CLI-02540,Eloy Ángel Garrido,Empresario / Comerciante,110006.84,Alto,2026-05-24,103098.62,5,0.0,0.0,0.0,0.937193385489616,2,0
CLI-02541,Jesús Esteban Salas Matías,Jubilado,16160.53,Bajo,2025-06-25,19020.21,6,0.0,0.0,0.0,1.1768817680009256,0,0
CLI-02542,Emilia Fabiola Santacruz,Estudiante,4390.41,Bajo,2026-02-22,5449.34,8,0.0,0.0,0.0,1.240908956348872,0,0
CLI-02543,Pedro Aguirre,Desempleado,653.37,Alto,2026-03-08,1457.88,10,0.0,0.0,0.0,2.2279138713571833,0,1
CLI-02544,Lic. Mayte Badillo,Empleado Sector Privado,38856.0,Medio,2026-04-19,16438.86,4,0.0,0.0,0.0,0.42306045242813395,0,0
CLI-02545,Hilda Amanda Aponte Vélez,Empresario / Comerciante,217794.34,Alto,2025-02-02,206486.07,7,0.0,0.0,0.0,0.9480738660432313,2,0
CLI-02546,Martha Marisol Regalado,Estudiante,4699.13,Bajo,2024-01-12,6094.06,7,0.0,0.0,0.0,1.2965726479905875,0,0
CLI-02547,Elisa Mayte Rodarte,Profesionista Independiente,26689.61,Medio,2023-06-23,33901.17,7,0.0,0.0,0.0,1.2701534359836661,0,0
CLI-02548,Ramiro Ernesto Valentín,Profesionista Independiente,40215.75,Medio,2025-07-16,30628.4,6,0.0,0.0,0.0,0.7615831711911082,0,0
CLI-02549,Diana Monroy,Profesionista Independiente,30486.31,Medio,2024-09-20,14614.81,4,0.0,0.0,0.0,0.4793735491914504,0,0
CLI-02550,Luis Ríos,Empresario / Comerciante,74247.5,Alto,2023-09-23,28383.43,4,0.0,0.0,0.0,0.38227614025872575,0,0
CLI-02551,Inés Arcelia Tejeda Pineda,Desempleado,3852.47,Alto,2024-08-27,3855.85,5,0.0,0.0,0.0,1.000617625153433,0,0
CLI-02552,Abril Rubio,Empleado Sector Privado,31036.17,Medio,2026-02-13,52672.66,10,0.0,0.0,0.0,1.697083207006309,0,0
CLI-02553,Ramón José Montaño Correa,Desempleado,2596.52,Alto,2024-09-03,2010.78,7,0.0,0.0,0.0,0.7741153099879885,0,0
CLI-02554,Armando Patiño Girón,Empleado Sector Privado,44319.31,Medio,2023-09-03,46976.47,8,0.0,0.0,0.0,1.0599309887498531,0,0
CLI-02555,Rodrigo Romero,Profesionista Independiente,30979.91,Medio,2024-09-04,25019.13,5,0.0,0.0,0.0,0.8075660140389679,0,0
CLI-02556,Elias Iván Niño,Desempleado,2041.78,Alto,2025-10-13,3536.93,10,0.0,0.0,0.0,1.7314297183250276,0,0
CLI-02557,Alfredo Macías,Desempleado,1787.72,Alto,2024-04-30,2887.68,8,0.0,0.0,0.0,1.6143834697437272,0,0
CLI-02558,Modesto Claudio Fonseca Zúñiga,Estudiante,4286.43,Bajo,2024-11-28,5985.3,9,0.0,0.0,0.0,1.3960111302108722,0,0
CLI-02559,Gloria Holguín,Profesionista Independiente,35868.84,Medio,2024-01-05,34928.96000000001,5,0.0,0.0,0.0,0.9737696070013139,0,0
CLI-02560,Pascual Sevilla Gallardo,Empleado Sector Privado,40652.5,Medio,2023-07-09,31114.54,4,0.0,0.0,0.0,0.7653594401466048,0,0
CLI-02561,Lic. Luisa Vega,Desempleado,3230.87,Alto,2025-07-29,2966.54,5,0.0,0.0,0.0,0.9179020195738071,0,0
CLI-02562,Carlos Badillo Carbajal,Profesionista Independiente,33981.74,Medio,2025-03-31,21267.13,3,0.0,0.0,0.0,0.6258215199833799,0,0
CLI-02563,Gregorio Juan Carlos Vera,Jubilado,12431.29,Bajo,2025-08-21,8355.78,6,0.0,0.0,0.0,0.6721030477892649,0,0
CLI-02564,Darío Jorge Ávila,Estudiante,2474.67,Bajo,2024-05-20,3178.69,7,0.0,0.0,0.0,1.2839716117253106,0,0
CLI-02565,Concepción Berta Marrero Ontiveros,Profesionista Independiente,25269.81,Medio,2024-06-08,17776.010000000002,5,0.0,0.0,0.0,0.7034206659778615,0,0
CLI-02566,José Elizondo,Profesionista Independiente,44385.59,Medio,2024-05-12,53349.69,7,0.0,0.0,0.0,1.2019326107276997,0,0
CLI-02567,Karina Montes Carrillo,Desempleado,1069.89,Alto,2025-04-27,1727.14,9,0.0,0.0,0.0,1.6128080381738554,0,0
CLI-02568,Lucía Arteaga Caraballo,Desempleado,1581.82,Alto,2023-09-04,2471.6,8,0.0,0.0,0.0,1.56151678649499,0,0
CLI-02569,Zoé Cynthia Armendáriz Rolón,Empresario / Comerciante,206194.81,Alto,2025-01-27,188853.84,6,0.0,0.0,0.0,0.915895623679259,2,0
CLI-02570,Esmeralda Cedillo,Profesionista Independiente,48655.3,Medio,2025-08-27,29779.08,3,0.0,0.0,0.0,0.612029274729069,0,0
CLI-02571,Abril Carlota Grijalva Briseño,Jubilado,17551.84,Bajo,2023-08-13,23695.04,7,0.0,0.0,0.0,1.3499262797359288,0,0
CLI-02572,Ana Luisa Gallegos Gallardo,Empresario / Comerciante,83463.62,Alto,2025-05-06,68756.91,5,0.0,0.0,0.0,0.8237850960083447,0,0
CLI-02573,Julia Jaime Lozada,Estudiante,2750.24,Bajo,2024-02-05,3383.3599999999997,10,0.0,0.0,0.0,1.2297582181125601,0,0
CLI-02574,Tania Inés Pichardo,Empleado Sector Privado,33846.74,Medio,2024-08-14,24520.480000000003,6,0.0,0.0,0.0,0.7244347776247396,0,0
CLI-02575,Luis Leyva,Desempleado,2802.79,Alto,2024-06-04,4297.99,9,0.0,0.0,0.0,1.5329215098135023,0,0
CLI-02576,Ing. Héctor Villarreal,Estudiante,3263.43,Bajo,2025-08-10,5389.2,10,0.0,0.0,0.0,1.6508854532031627,0,0
CLI-02577,Gregorio Ledesma Nava,Empresario / Comerciante,70601.86,Alto,2025-10-24,90355.28,8,0.0,0.0,0.0,1.2797679867359482,0,0
CLI-02578,Conchita Mónica Barrios,Estudiante,7620.76,Bajo,2024-01-08,12130.85,10,0.0,0.0,0.0,1.5916074502477118,0,0
CLI-02579,Dr. Pablo Limón,Empresario / Comerciante,159686.75,Alto,2025-05-08,73137.73000000001,3,0.0,0.0,0.0,0.4580046371747364,2,0
CLI-02580,Jorge Martín Valencia Ríos,Estudiante,6625.6,Bajo,2024-08-04,2659.13,4,0.0,0.0,0.0,0.40128120001207257,0,0
CLI-02581,Pascual Ricardo Acevedo de la Crúz,Jubilado,14944.95,Bajo,2024-01-22,13281.84,6,0.0,0.0,0.0,0.8886581314670529,0,0
CLI-02582,Rebeca Feliciano Paredes,Estudiante,2623.57,Bajo,2024-08-24,1517.26,4,0.0,0.0,0.0,0.5780985075650487,0,0
CLI-02583,María Eugenia Ruelas,Jubilado,7018.57,Bajo,2025-06-23,13033.57,8,0.0,0.0,0.0,1.856747635538929,0,1
CLI-02584,Mario Gaitán Rivero,Desempleado,3726.36,Alto,2025-10-04,5457.48,9,0.0,0.0,0.0,1.4641676682692306,0,0
CLI-02585,Ofelia Nayeli Aranda Domínguez,Empresario / Comerciante,111874.13,Alto,2026-04-21,44100.83,3,0.0,0.0,0.0,0.3941969050672835,0,0
CLI-02586,Sr. Jaime Delgado,Empleado Sector Privado,36340.58,Medio,2023-11-03,39166.89,6,0.0,0.0,0.0,1.0777431801259052,0,0
CLI-02587,Vicente Madera,Empresario / Comerciante,175296.14,Alto,2026-05-10,86027.23999999999,4,0.0,0.0,0.0,0.4907509614817446,2,0
CLI-02588,Gonzalo Aragón Mena,Empleado Sector Privado,29382.5,Medio,2024-07-03,10910.179999999998,5,0.0,0.0,0.0,0.37130294212738435,0,0
CLI-02589,Fernando Leonel Arias,Empleado Sector Privado,12942.85,Medio,2024-08-26,12905.54,4,0.0,0.0,0.0,0.9970402932666865,0,0
CLI-02590,Soledad Valadez,Desempleado,1427.36,Alto,2024-01-09,740.1800000000001,3,0.0,0.0,0.0,0.5182026939987119,0,0
CLI-02591,Anabel Cristal Regalado Esquibel,Profesionista Independiente,53890.85,Medio,2023-11-26,75473.98,10,0.0,0.0,0.0,1.400471128751379,0,0
CLI-02592,Lic. Reynaldo Vigil,Empresario / Comerciante,244996.31,Alto,2024-02-12,226712.35,7,0.0,0.0,0.0,0.9253666907608088,2,0
CLI-02593,Sonia Natalia Ballesteros Zayas,Jubilado,17153.15,Bajo,2026-04-19,10325.71,4,0.0,0.0,0.0,0.6019365576259971,0,0
CLI-02594,Ángel José Carlos Verdugo,Jubilado,10782.98,Bajo,2024-11-11,22380.09,10,0.0,0.0,0.0,2.0753089304690846,0,1
CLI-02595,Sr. Joaquín Escalante,Desempleado,2157.15,Alto,2025-08-16,3264.64,9,0.0,0.0,0.0,1.5127030095220442,0,0
CLI-02596,Dr. Marcos Batista,Jubilado,12768.59,Bajo,2025-10-27,8487.29,4,0.0,0.0,0.0,0.6646485909101233,0,0
CLI-02597,Yuridia Marisol Reyna Morales,Desempleado,2995.65,Alto,2025-04-26,2440.2999999999997,5,0.0,0.0,0.0,0.8143426826623061,0,0
CLI-02598,Claudia Verónica Rivera Armas,Jubilado,10654.71,Bajo,2026-01-24,18245.96,10,0.0,0.0,0.0,1.7123176212565845,0,0
CLI-02599,Dulce María Dolores Rivera Arredondo,Desempleado,2558.11,Alto,2023-09-07,1761.1399999999999,4,0.0,0.0,0.0,0.6881845641648854,0,0
CLI-02600,Berta Verónica Negrón,Profesionista Independiente,55901.54,Medio,2026-03-29,45154.47,5,0.0,0.0,0.0,0.8077355697970074,0,0
CLI-02601,Eloisa Rosa Villaseñor Prado,Empresario / Comerciante,157933.62,Alto,2026-05-01,248662.77000000002,10,0.0,0.0,0.0,1.574466510255953,2,0
CLI-02602,Rosario Maestas Lucio,Estudiante,4651.16,Bajo,2025-03-11,1294.99,3,0.0,0.0,0.0,0.27836316893658003,0,0
CLI-02603,Alonso Gregorio Merino Irizarry,Profesionista Independiente,33549.17,Medio,2024-10-09,33835.28,7,0.0,0.0,0.0,1.008498019533135,0,0
CLI-02604,Mauricio Mario Domínguez Bustamante,Empleado Sector Privado,22017.91,Medio,2026-03-29,22529.34,8,0.0,0.0,0.0,1.0231814381365836,0,0
CLI-02605,Antonio Rodríquez Samaniego,Estudiante,5139.9,Bajo,2024-11-22,3045.53,4,0.0,0.0,0.0,0.5924118345036862,0,0
CLI-02606,Ing. Sandra Piña,Empleado Sector Privado,23348.2,Medio,2024-07-09,32376.07,10,0.0,0.0,0.0,1.386602967125212,0,0
CLI-02607,Rosario Gallardo,Empresario / Comerciante,157019.78,Alto,2026-04-26,152666.13,8,0.0,0.0,0.0,0.9722670464380575,2,0
CLI-02608,Wendolin Alonzo,Desempleado,3688.35,Alto,2025-01-17,2841.9300000000003,5,0.0,0.0,0.0,0.770306422540556,0,0
CLI-02609,Ing. Carla Abrego,Empresario / Comerciante,109922.1,Alto,2024-01-02,140125.51,7,0.0,0.0,0.0,1.2747594454668765,2,0
CLI-02610,Wilfrido Amador Vigil,Empresario / Comerciante,209592.96,Alto,2023-12-15,236829.21,5,0.0,0.0,0.0,1.12994291438551,2,0
CLI-02611,Asunción Cecilia Duarte Alvarado,Jubilado,8005.8,Bajo,2024-03-27,11498.78,9,0.0,0.0,0.0,1.4361267922266074,0,0
CLI-02612,Rosa Lourdes Gómez,Estudiante,5289.27,Bajo,2026-04-27,10000.98,10,0.0,0.0,0.0,1.890447935549603,0,1
CLI-02613,Carlos Rubén Zarate,Empleado Sector Privado,25587.28,Medio,2024-11-11,33513.05,10,0.0,0.0,0.0,1.3097031140819158,0,0
CLI-02614,Rafaél Zedillo,Jubilado,10682.38,Bajo,2026-04-13,5332.2,4,0.0,0.0,0.0,0.49911170434824936,0,0
CLI-02615,Dra. Rosario Arenas,Empleado Sector Privado,17387.89,Medio,2024-12-13,12969.59,4,0.0,0.0,0.0,0.7458549683159765,0,0
CLI-02616,Carmen Pilar Samaniego Barajas,Desempleado,2583.96,Alto,2026-02-13,3865.3599999999997,8,0.0,0.0,0.0,1.4953268135677147,0,0
CLI-02617,Jonás Rodarte Gamboa,Empresario / Comerciante,94118.49,Alto,2025-04-20,85749.01999999999,8,0.0,0.0,0.0,0.911065497698723,0,0
CLI-02618,José Carlos Tórrez,Estudiante,4533.44,Bajo,2023-09-13,6465.57,10,0.0,0.0,0.0,1.4258805938550296,0,0
CLI-02619,Sr. Fernando Munguía,Empleado Sector Privado,29048.13,Medio,2024-07-04,15070.05,3,0.0,0.0,0.0,0.5187780150386603,0,0
CLI-02620,Zacarías Mireles,Jubilado,15498.47,Bajo,2026-06-02,10946.31,3,0.0,0.0,0.0,0.7062376971599674,0,0
CLI-02621,Miguel Vázquez Partida,Desempleado,1087.46,Alto,2025-05-29,1827.72,8,0.0,0.0,0.0,1.6791797585579626,0,0
CLI-02622,Noelia Pilar López,Desempleado,2971.71,Alto,2024-04-01,2312.69,4,0.0,0.0,0.0,0.7779736334859438,0,0
CLI-02623,Adán José Luis Tijerina,Profesionista Independiente,33580.67,Medio,2026-04-11,29186.36,4,0.0,0.0,0.0,0.8691158003756216,0,0
CLI-02624,Olivia Irma Cavazos,Estudiante,3094.44,Bajo,2023-06-17,3409.34,6,0.0,0.0,0.0,1.1014072312821441,0,0
CLI-02625,Violeta Margarita Madera,Profesionista Independiente,19966.04,Medio,2024-08-07,18473.67,6,0.0,0.0,0.0,0.9252082431847684,0,0
CLI-02626,Martín Roybal Pulido,Empresario / Comerciante,173545.88,Alto,2024-09-27,62145.05,4,0.0,0.0,0.0,0.3580879702360538,2,0
CLI-02627,Sra. Sandra Gurule,Profesionista Independiente,46521.27,Medio,2025-07-07,76925.44,8,0.0,0.0,0.0,1.6535186266706248,0,0
CLI-02628,Ing. Aurelio Gaitán,Empresario / Comerciante,87557.89,Alto,2025-07-18,60220.26,5,0.0,0.0,0.0,0.6877686549018609,0,0
CLI-02629,Ing. Cynthia Suárez,Estudiante,2912.9,Bajo,2025-11-13,3287.7000000000003,10,0.0,0.0,0.0,1.1282816843405745,0,0
CLI-02630,Genaro Campos Solorio,Jubilado,5287.7,Bajo,2026-02-02,5885.89,6,0.0,0.0,0.0,1.1129181084198385,0,0
CLI-02631,Ariadna de Anda Vallejo,Estudiante,3692.69,Bajo,2026-06-08,4765.71,7,0.0,0.0,0.0,1.2902300951081438,0,0
CLI-02632,Rodrigo Vallejo,Empleado Sector Privado,35601.47,Medio,2025-10-10,31063.97,7,0.0,0.0,0.0,0.8725228895635612,0,0
CLI-02633,Alfredo Zedillo Fernández,Desempleado,32.82,Alto,2024-05-20,507.06,8,0.0,0.0,0.0,14.99290360733294,0,1
CLI-02634,Aldonza Cecilia Amador,Estudiante,2904.1,Bajo,2025-09-10,2300.41,5,0.0,0.0,0.0,0.791852259818939,0,0
CLI-02635,José Carlos Armando Valdés Meléndez,Empresario / Comerciante,93437.62,Alto,2024-08-23,149005.37,10,0.0,0.0,0.0,1.5946871860907192,2,0
CLI-02636,José Luis Fernando Feliciano Puga,Empresario / Comerciante,112315.34,Alto,2023-08-11,51718.64,3,0.0,0.0,0.0,0.4604729819365553,0,0
CLI-02637,Ing. Serafín Saldaña,Empresario / Comerciante,249592.69,Alto,2024-07-03,116033.2,3,0.0,0.0,0.0,0.4648883551503245,2,0
CLI-02638,Antonia María Elena Mateo Esquivel,Empresario / Comerciante,189386.96,Alto,2023-12-27,277659.25,9,0.0,0.0,0.0,1.4660871261298765,2,0
CLI-02639,Estela Sandoval Rubio,Estudiante,3981.49,Bajo,2025-07-05,7075.0599999999995,10,0.0,0.0,0.0,1.7765418117810716,0,0
CLI-02640,Dr. Francisco Javier Echeverría,Empleado Sector Privado,13849.27,Medio,2026-05-21,11011.710000000001,4,0.0,0.0,0.0,0.7950538148353787,0,0
CLI-02641,Asunción Silvia Aguilar,Empresario / Comerciante,64276.94,Alto,2026-05-16,54583.77,6,0.0,0.0,0.0,0.8491835612653422,0,0
CLI-02642,Mateo Rosado,Empresario / Comerciante,86320.75,Alto,2023-09-15,133639.15,9,0.0,0.0,0.0,1.5481515377063138,2,0
CLI-02643,Srita. Catalina Piña,Profesionista Independiente,51776.28,Medio,2023-10-04,79934.28,10,0.0,0.0,0.0,1.5438099490741886,0,0
CLI-02644,Inés Porras,Estudiante,2731.77,Bajo,2024-11-22,1136.82,4,0.0,0.0,0.0,0.41599549175378825,0,0
CLI-02645,Hugo Benavídez,Desempleado,995.85,Alto,2025-08-29,1485.6,6,0.0,0.0,0.0,1.4902944274464562,0,0
CLI-02646,Francisco Javier Horacio Rentería,Empresario / Comerciante,99432.44,Alto,2024-05-29,38941.55,4,0.0,0.0,0.0,0.39163434353674176,0,0
CLI-02647,Ing. Caridad Barrios,Estudiante,3195.08,Bajo,2023-07-21,4314.38,7,0.0,0.0,0.0,1.3498973742834974,0,0
CLI-02648,Paulina Montez,Desempleado,3083.98,Alto,2024-08-01,3319.9,6,0.0,0.0,0.0,1.0761496022664654,0,0
CLI-02649,Bruno Jesús Canales,Jubilado,13658.1,Bajo,2024-06-04,6139.43,3,0.0,0.0,0.0,0.44947544128090433,0,0
CLI-02650,Alonso Patricio Lemus Ocampo,Empleado Sector Privado,27603.24,Medio,2025-08-27,19645.03,7,0.0,0.0,0.0,0.7116671207031963,0,0
CLI-02651,Concepción Salma Murillo,Desempleado,3844.86,Alto,2025-11-27,3766.75,5,0.0,0.0,0.0,0.9794298284388927,0,0
CLI-02652,Hernán Benavídez López,Profesionista Independiente,22137.51,Medio,2026-04-27,25860.08,7,0.0,0.0,0.0,1.1681039058184135,0,0
CLI-02653,Cristina Valladares Aguirre,Desempleado,168.74,Alto,2025-06-18,371.29,5,0.0,0.0,0.0,2.187404265347001,0,1
CLI-02654,Ofelia Echeverría,Jubilado,11772.04,Bajo,2026-02-16,19226.4,9,0.0,0.0,0.0,1.6330871210834246,0,0
CLI-02655,Ing. Irma Montes,Profesionista Independiente,36655.33,Medio,2025-11-22,21666.83,3,0.0,0.0,0.0,0.591080176329709,0,0
CLI-02656,Pablo Barraza,Profesionista Independiente,23942.56,Medio,2026-03-29,38364.95,10,0.0,0.0,0.0,1.6023076768868119,0,0
CLI-02657,Agustín Adame,Estudiante,7181.95,Bajo,2025-09-26,3536.5699999999997,5,0.0,0.0,0.0,0.49235620462344853,0,0
CLI-02658,Lic. Jacinto Rivera,Empleado Sector Privado,44118.04,Medio,2024-02-15,32521.85,9,0.0,0.0,0.0,0.7371386594087269,0,0
CLI-02659,Dr. Salvador Guerrero,Empleado Sector Privado,32886.0,Medio,2024-05-26,34110.83,6,0.0,0.0,0.0,1.0372131845410042,0,0
CLI-02660,Felipe Serafín Rojas Ayala,Profesionista Independiente,15678.05,Medio,2023-11-03,10516.04,5,0.0,0.0,0.0,0.67070645224041,0,0
CLI-02661,José María Candelaria Amaya,Profesionista Independiente,41311.36,Medio,2025-02-24,62540.490000000005,8,0.0,0.0,0.0,1.5138445249799335,0,0
CLI-02662,Dra. Citlali Mascareñas,Empresario / Comerciante,207828.76,Alto,2023-07-19,156836.9,6,0.0,0.0,0.0,0.7546412024918856,2,0
CLI-02663,Adela Celia Nevárez,Estudiante,7813.01,Bajo,2024-01-03,10940.13,8,0.0,0.0,0.0,1.4000660352367094,0,0
CLI-02664,Sr. David Amador,Jubilado,15185.18,Bajo,2026-05-09,14623.150000000001,6,0.0,0.0,0.0,0.9629248435090326,0,0
CLI-02665,Lic. José Emilio Uribe,Empresario / Comerciante,187681.31,Alto,2024-05-02,131702.62,4,0.0,0.0,0.0,0.7017316656002369,2,0
CLI-02666,Lic. Beatriz Matías,Empleado Sector Privado,24256.16,Medio,2024-05-10,10025.03,3,0.0,0.0,0.0,0.413281274477309,0,0
CLI-02667,Mateo Reyes,Estudiante,3492.33,Bajo,2023-12-28,4920.71,7,0.0,0.0,0.0,1.4086015349251289,0,0
CLI-02668,Rolando Gamez,Empresario / Comerciante,68280.31,Alto,2025-01-21,78473.53,7,0.0,0.0,0.0,1.1492680793616876,0,0
CLI-02669,Tomás Armando Valladares Ayala,Jubilado,9399.49,Bajo,2023-07-26,2071.16,3,0.0,0.0,0.0,0.22032468520257986,0,0
CLI-02670,Juan Jiménez,Desempleado,240.21,Alto,2023-11-10,252.0,3,0.0,0.0,0.0,1.0447328054392437,0,0
CLI-02671,Porfirio Casanova,Profesionista Independiente,44005.87,Medio,2023-08-30,76316.0,10,0.0,0.0,0.0,1.7341837763058359,0,0
CLI-02672,María Luisa Puga Salgado,Desempleado,2145.41,Alto,2026-02-25,1619.08,4,0.0,0.0,0.0,0.7543200040998691,0,0
CLI-02673,Raúl Enrique Sepúlveda Hernández,Estudiante,2754.96,Bajo,2024-02-28,1439.63,3,0.0,0.0,0.0,0.5223697005762058,0,0
CLI-02674,Dr. Óliver Salgado,Empleado Sector Privado,22452.41,Medio,2026-03-11,22657.49,8,0.0,0.0,0.0,1.0090890425997656,0,0
CLI-02675,Julio César Humberto Batista,Jubilado,15251.3,Bajo,2025-06-29,20216.1,8,0.0,0.0,0.0,1.325445998308452,0,0
CLI-02676,Cornelio de la Garza Tello,Profesionista Independiente,51248.64,Medio,2024-11-27,88404.64,10,0.0,0.0,0.0,1.7249807023034698,0,0
CLI-02677,Sra. Laura Cervántez,Empresario / Comerciante,196637.77,Alto,2025-10-06,251077.0,6,0.0,0.0,0.0,1.2768438289153254,2,0
CLI-02678,Raquel Páez,Estudiante,6135.5,Bajo,2026-01-07,8953.28,9,0.0,0.0,0.0,1.4590206143567181,0,0
CLI-02679,Abril Daniela Lira,Profesionista Independiente,47597.96,Medio,2025-12-22,65888.74,9,0.0,0.0,0.0,1.384247470953147,0,0
CLI-02680,Amalia Julia Mojica,Profesionista Independiente,55439.84,Medio,2025-12-22,34385.35,3,0.0,0.0,0.0,0.6202169736244978,0,0
CLI-02681,Dr. Agustín Dávila,Empresario / Comerciante,191325.2,Alto,2023-10-22,328776.35,9,0.0,0.0,0.0,1.718407358741249,2,0
CLI-02682,Wendolin Sánchez,Jubilado,8831.29,Bajo,2024-10-14,9132.04,7,0.0,0.0,0.0,1.0339379707867382,0,0
CLI-02683,Reina Zambrano,Desempleado,1960.37,Alto,2023-09-27,2963.0400000000004,10,0.0,0.0,0.0,1.510699154162652,0,0
CLI-02684,Srita. Georgina Maldonado,Jubilado,7426.15,Bajo,2024-07-29,4445.49,3,0.0,0.0,0.0,0.5985458756050437,0,0
CLI-02685,Gabriel Jos Lomeli,Profesionista Independiente,29565.64,Medio,2024-04-13,21479.27,4,0.0,0.0,0.0,0.7264697645725047,0,0
CLI-02686,Juan Carlos Timoteo Sanches,Empresario / Comerciante,105064.89,Alto,2025-12-26,131799.65,5,0.0,0.0,0.0,1.254447566189179,2,0
CLI-02687,Timoteo Flavio Fierro Alfaro,Jubilado,16888.16,Bajo,2024-07-14,11036.06,5,0.0,0.0,0.0,0.653440431614124,0,0
CLI-02688,Aldonza Carla Salazar,Jubilado,7084.46,Bajo,2026-01-01,5897.76,4,0.0,0.0,0.0,0.8323750328136776,0,0
CLI-02689,Liliana Frida Vélez,Jubilado,7015.33,Bajo,2023-12-08,2532.56,4,0.0,0.0,0.0,0.36095223571297247,0,0
CLI-02690,Oswaldo Gerardo Morales Sáenz,Profesionista Independiente,51873.83,Medio,2026-03-06,31885.14,5,0.0,0.0,0.0,0.6146553154969375,0,0
CLI-02691,Dr. Humberto Pelayo,Jubilado,9772.47,Bajo,2023-12-04,12016.17,8,0.0,0.0,0.0,1.229468141816571,0,0
CLI-02692,Mariana Espinoza,Estudiante,6655.51,Bajo,2023-10-02,9939.2,9,0.0,0.0,0.0,1.4931548213703578,0,0
CLI-02693,Sra. Pilar Verdugo,Jubilado,9927.57,Bajo,2024-01-21,4013.5699999999997,3,0.0,0.0,0.0,0.4042445185963336,0,0
CLI-02694,Porfirio Bétancourt,Empleado Sector Privado,41136.77,Medio,2026-03-27,24453.09,4,0.0,0.0,0.0,0.5944194349863885,0,0
CLI-02695,Alonso Benavídez,Jubilado,16138.78,Bajo,2024-01-02,8836.0,3,0.0,0.0,0.0,0.5474671897634292,0,0
CLI-02696,Tania Daniela Saavedra Lomeli,Jubilado,8104.23,Bajo,2024-01-13,4077.96,3,0.0,0.0,0.0,0.503126993311726,0,0
CLI-02697,María Teresa Curiel,Desempleado,253.37,Alto,2023-09-17,771.1,9,0.0,0.0,0.0,3.031410936824311,0,1
CLI-02698,Ing. Luisa Núñez,Jubilado,15647.65,Bajo,2026-04-27,19856.72,10,0.0,0.0,0.0,1.2689094586433975,0,0
CLI-02699,Dalia Ariadna Patiño,Empleado Sector Privado,29294.3,Medio,2025-09-07,48588.76,10,0.0,0.0,0.0,1.6585855068901838,0,0
CLI-02700,Luis Manuel Germán Feliciano,Empresario / Comerciante,203146.82,Alto,2025-02-07,204617.33,10,0.0,0.0,0.0,1.0072336981021996,2,0
CLI-02701,Eloisa Vigil Garza,Empleado Sector Privado,32230.29,Medio,2026-04-26,33499.26,6,0.0,0.0,0.0,1.0393397223629586,0,0
CLI-02702,Humberto Ricardo Madera Armenta,Profesionista Independiente,33441.2,Medio,2023-10-07,52413.0,9,0.0,0.0,0.0,1.5672712919604572,0,0
CLI-02703,Estefanía Carlota Muñoz Vergara,Profesionista Independiente,19970.89,Medio,2025-11-19,19373.84,8,0.0,0.0,0.0,0.9700554128828068,0,0
CLI-02704,María José Cordero Mercado,Jubilado,13565.58,Bajo,2024-08-02,4219.2300000000005,3,0.0,0.0,0.0,0.3110017410430632,0,0
CLI-02705,Alvaro Gurule,Estudiante,7011.16,Bajo,2024-01-28,7213.14,10,0.0,0.0,0.0,1.0286616392096017,0,0
CLI-02706,Martha Trejo,Empleado Sector Privado,17895.08,Medio,2024-11-22,20455.91,8,0.0,0.0,0.0,1.1430385872213356,0,0
CLI-02707,Sr. Alonso Curiel,Estudiante,3212.47,Bajo,2024-08-21,5258.25,9,0.0,0.0,0.0,1.636315260450541,0,0
CLI-02708,Sra. Aurora Barreto,Empresario / Comerciante,88323.33,Alto,2025-11-22,84027.33,7,0.0,0.0,0.0,0.9513497583281979,0,0
CLI-02709,Dra. Cecilia Alvarado,Estudiante,5426.07,Bajo,2025-05-31,6048.45,8,0.0,0.0,0.0,1.1144964041370389,0,0
CLI-02710,Rubén Alvaro Arriaga,Empresario / Comerciante,181584.25,Alto,2023-08-25,227773.79,6,0.0,0.0,0.0,1.2543628405941563,2,0
CLI-02711,José Manuél Eric Estévez,Jubilado,13111.62,Bajo,2024-09-24,15612.89,7,0.0,0.0,0.0,1.190676615352233,0,0
CLI-02712,Enrique Salvador Nava Rojo,Jubilado,8327.2,Bajo,2025-02-10,3444.13,5,0.0,0.0,0.0,0.4135503470137605,0,0
CLI-02713,Aldo Méndez Mora,Profesionista Independiente,24932.53,Medio,2025-02-03,23061.02,6,0.0,0.0,0.0,0.9248999239177125,0,0
CLI-02714,Eduardo Orozco,Desempleado,283.5,Alto,2024-02-10,463.26,5,0.0,0.0,0.0,1.628330404217926,0,0
CLI-02715,Ignacio Silvano Torres de la Fuente,Empleado Sector Privado,33639.73,Medio,2023-07-07,33004.979999999996,6,0.0,0.0,0.0,0.9811017775179074,0,0
CLI-02716,Gilberto Arturo Almaraz,Estudiante,4808.35,Bajo,2025-04-13,6749.23,7,0.0,0.0,0.0,1.4033559628640042,0,0
CLI-02717,Gabino Pascual Rivero Rosario,Desempleado,242.8,Alto,2024-11-01,610.0600000000001,7,0.0,0.0,0.0,2.502296964725185,0,1
CLI-02718,María Luisa Alejandra Mares Calderón,Jubilado,14665.21,Bajo,2023-10-18,16273.08,10,0.0,0.0,0.0,1.1095627295668071,0,0
CLI-02719,Augusto Romero Rocha,Empresario / Comerciante,214405.3,Alto,2024-05-04,241044.94,7,0.0,0.0,0.0,1.12424373724093,2,0
CLI-02720,Violeta Altamirano Guerrero,Desempleado,233.2,Alto,2024-05-14,749.3,9,0.0,0.0,0.0,3.199402220324509,0,1
CLI-02721,Homero Mercado,Jubilado,8455.6,Bajo,2024-06-01,6603.44,4,0.0,0.0,0.0,0.7808622850791097,0,0
CLI-02722,Patricio Ernesto Gamboa,Estudiante,6405.8,Bajo,2024-05-14,11200.88,10,0.0,0.0,0.0,1.748279952550415,0,0
CLI-02723,Ruby Montaño Gálvez,Profesionista Independiente,18507.09,Medio,2026-02-21,22022.6,7,0.0,0.0,0.0,1.1898904749220476,0,0
CLI-02724,Jos Amador Torres,Empleado Sector Privado,43699.36,Medio,2025-11-29,53248.409999999996,8,0.0,0.0,0.0,1.2184890467721545,0,0
CLI-02725,Modesto Javier Aguilar,Estudiante,2607.35,Bajo,2024-08-23,2407.98,7,0.0,0.0,0.0,0.9231813215251021,0,0
CLI-02726,Aldo Colunga Godoy,Empleado Sector Privado,29544.81,Medio,2026-06-11,57818.65,10,0.0,0.0,0.0,1.9569153798795835,0,1
CLI-02727,Wilfrido Sergio Prado Miranda,Empleado Sector Privado,18372.94,Medio,2025-01-02,14924.48,5,0.0,0.0,0.0,0.8122634557422088,0,0
CLI-02728,Ing. Fabiola Rivero,Desempleado,995.05,Alto,2026-04-15,1915.09,9,0.0,0.0,0.0,1.9226846041865369,0,1
CLI-02729,Isabela Armas Uribe,Desempleado,3790.01,Alto,2025-01-09,5083.25,6,0.0,0.0,0.0,1.3408695835674398,0,0
CLI-02730,Bruno de la Rosa,Jubilado,14739.53,Bajo,2024-06-10,16004.48,7,0.0,0.0,0.0,1.085746577633233,0,0
CLI-02731,Teresa Jasso Soria,Empresario / Comerciante,199221.68,Alto,2025-07-27,85733.42,3,0.0,0.0,0.0,0.43033965811523067,2,0
CLI-02732,Dulce María Gloria Soria,Desempleado,2306.25,Alto,2024-06-17,3609.25,9,0.0,0.0,0.0,1.5643081590638206,0,0
CLI-02733,Renato Roberto Terrazas,Desempleado,1834.88,Alto,2025-09-02,1186.93,3,0.0,0.0,0.0,0.6465182909558359,0,0
CLI-02734,Elisa Pichardo,Desempleado,1708.3,Alto,2023-11-12,1816.72,5,0.0,0.0,0.0,1.062844439244135,0,0
CLI-02735,Conchita Irma Otero,Estudiante,3000.86,Bajo,2024-04-02,3995.46,9,0.0,0.0,0.0,1.3309947832343947,0,0
CLI-02736,José María Romo Báez,Empleado Sector Privado,30148.86,Medio,2024-04-01,9913.8,3,0.0,0.0,0.0,0.32881744724519446,0,0
CLI-02737,Amador Gustavo Coronado Coronado,Jubilado,9387.67,Bajo,2025-10-10,7808.04,6,0.0,0.0,0.0,0.8316449507757755,0,0
CLI-02738,Sra. Rebeca Amador,Empleado Sector Privado,29618.72,Medio,2026-04-29,30837.53,6,0.0,0.0,0.0,1.0411148383576887,0,0
CLI-02739,Dra. Ana María Gil,Jubilado,10759.16,Bajo,2023-08-14,13577.88,7,0.0,0.0,0.0,1.2618659945577018,0,0
CLI-02740,José María Mario Loya,Profesionista Independiente,55611.82,Medio,2024-11-12,81465.95,9,0.0,0.0,0.0,1.4648771632152442,0,0
CLI-02741,Indira Garica,Jubilado,17889.02,Bajo,2026-04-21,19142.5,8,0.0,0.0,0.0,1.0700099832196945,0,0
CLI-02742,Srita. Bianca Alva,Profesionista Independiente,53018.43,Medio,2025-11-01,59189.23,10,0.0,0.0,0.0,1.1163686595649935,0,0
CLI-02743,Adalberto Marco Antonio Beltrán,Empresario / Comerciante,202836.87,Alto,2024-04-25,184437.19,6,0.0,0.0,0.0,0.9092838038577313,2,0
CLI-02744,José Manuél Diego Zayas Montes,Empresario / Comerciante,215231.0,Alto,2025-04-08,321045.64,9,0.0,0.0,0.0,1.4916259663990485,2,0
CLI-02745,Aurelio Arturo Zambrano Mejía,Profesionista Independiente,42378.6,Medio,2023-10-24,61238.44,10,0.0,0.0,0.0,1.4449980651067968,0,0
CLI-02746,Isaac Núñez Solís,Jubilado,12093.14,Bajo,2025-03-12,11402.15,10,0.0,0.0,0.0,0.9427830337667664,0,0
CLI-02747,Marcela Lorena Ocampo,Empresario / Comerciante,203141.64,Alto,2025-12-28,147695.01,4,0.0,0.0,0.0,0.7270507560598799,2,0
CLI-02748,Lic. Felix Ferrer,Desempleado,1016.36,Alto,2025-08-05,1477.93,9,0.0,0.0,0.0,1.4527109381143353,0,0
CLI-02749,Lic. Guillermo Frías,Empresario / Comerciante,139499.96,Alto,2026-03-31,183434.38,8,0.0,0.0,0.0,1.314932743115173,2,0
CLI-02750,Elvia Cecilia Ureña,Empresario / Comerciante,50039.13,Alto,2025-11-01,40747.990000000005,4,0.0,0.0,0.0,0.814306237813531,0,0
CLI-02751,Aurelio Martín Feliciano Aguilar,Estudiante,7897.74,Bajo,2023-10-30,12307.11,10,0.0,0.0,0.0,1.5581105340851833,0,0
CLI-02752,Sr. Mateo Velásquez,Jubilado,5211.93,Bajo,2024-03-15,6855.61,7,0.0,0.0,0.0,1.3151164508251596,0,0
CLI-02753,Lic. Nancy Cisneros,Empleado Sector Privado,44782.6,Medio,2024-11-07,36627.96,7,0.0,0.0,0.0,0.8178877982118454,0,0
CLI-02754,Linda Sarabia,Profesionista Independiente,15295.6,Medio,2024-04-29,13999.91,7,0.0,0.0,0.0,0.915230181870481,0,0
CLI-02755,Lic. Nelly Saldaña,Empleado Sector Privado,19089.15,Medio,2025-12-12,12553.27,5,0.0,0.0,0.0,0.6575783846643426,0,0
CLI-02756,Nayeli Gabriela Grijalva Alejandro,Profesionista Independiente,15976.56,Medio,2024-04-23,17568.48,9,0.0,0.0,0.0,1.0995721499402913,0,0
CLI-02757,Amanda Celia Aguilera Rangel,Desempleado,3289.35,Alto,2026-04-04,1839.62,4,0.0,0.0,0.0,0.5590955369489568,0,0
CLI-02758,Marco Antonio Riojas,Jubilado,11646.53,Bajo,2023-08-02,4830.28,4,0.0,0.0,0.0,0.4147042334297486,0,0
CLI-02759,Clemente Gollum Godoy,Jubilado,17036.99,Bajo,2024-07-11,7690.1,3,0.0,0.0,0.0,0.45135018860792847,0,0
CLI-02760,Srita. Natividad Lucio,Empleado Sector Privado,15111.48,Medio,2024-01-23,10361.28,4,0.0,0.0,0.0,0.6856108329010197,0,0
CLI-02761,Silvia Estrada Esquivel,Empresario / Comerciante,121131.15,Alto,2026-05-01,99831.65,8,0.0,0.0,0.0,0.8241548589701413,2,0
CLI-02762,Adriana Rosario Paredes,Empleado Sector Privado,20744.61,Medio,2024-06-18,13613.71,4,0.0,0.0,0.0,0.6562212439161826,0,0
CLI-02763,Asunción Citlali Huerta,Jubilado,8248.14,Bajo,2025-09-24,7109.01,4,0.0,0.0,0.0,0.8617880166902248,0,0
CLI-02764,Paola Gabriela Tamayo Benavides,Profesionista Independiente,51498.34,Medio,2026-04-29,82936.8,10,0.0,0.0,0.0,1.6104439396699066,0,0
CLI-02765,María Luisa Cardenas Ballesteros,Estudiante,5422.92,Bajo,2024-06-25,11132.57,10,0.0,0.0,0.0,2.052495243292674,0,1
CLI-02766,Zeferino Sosa Montez,Jubilado,16932.46,Bajo,2023-09-12,19096.86,7,0.0,0.0,0.0,1.1277588868429724,0,0
CLI-02767,Berta Valadez Trejo,Desempleado,308.81,Alto,2024-01-04,769.22,8,0.0,0.0,0.0,2.4828766017881927,0,1
CLI-02768,Diana Esparza,Profesionista Independiente,50680.69,Medio,2023-12-08,65961.39,10,0.0,0.0,0.0,1.3014836324518775,0,0
CLI-02769,Nelly Marcela Gutiérrez,Empleado Sector Privado,28113.12,Medio,2024-10-08,26133.8,9,0.0,0.0,0.0,0.9295613734308596,0,0
CLI-02770,Juana Lugo,Desempleado,2811.39,Alto,2025-10-27,3724.1400000000003,7,0.0,0.0,0.0,1.3241904572267718,0,0
CLI-02771,José Manuél Peres,Estudiante,5571.39,Bajo,2026-01-26,3754.91,3,0.0,0.0,0.0,0.6738419242012852,0,0
CLI-02772,Isabela Tania Arteaga,Profesionista Independiente,16681.72,Medio,2025-10-26,26772.239999999998,8,0.0,0.0,0.0,1.6047886675554104,0,0
CLI-02773,Ángel Grijalva Villareal,Jubilado,9960.1,Bajo,2023-10-18,10214.23,7,0.0,0.0,0.0,1.025411852104687,0,0
CLI-02774,Luisa Jaimes,Estudiante,7531.23,Bajo,2024-02-03,11101.0,8,0.0,0.0,0.0,1.4737999237941486,0,0
CLI-02775,Rubén Maya,Profesionista Independiente,30656.86,Medio,2025-10-21,12842.880000000001,6,0.0,0.0,0.0,0.4189098652025941,0,0
CLI-02776,Ramón Sáenz,Empresario / Comerciante,133304.34,Alto,2025-12-20,154936.73,9,0.0,0.0,0.0,1.1622694934801563,2,0
CLI-02777,Miguel Ángel Lucas Montañez Guardado,Estudiante,7218.72,Bajo,2023-12-11,8125.98,8,0.0,0.0,0.0,1.1255256436537704,0,0
CLI-02778,Barbara Ledesma Esquibel,Empleado Sector Privado,36673.4,Medio,2024-12-16,35702.509999999995,6,0.0,0.0,0.0,0.9734994982876337,0,0
CLI-02779,Salvador Espino,Jubilado,17072.49,Bajo,2023-12-12,18784.9,9,0.0,0.0,0.0,1.1002378541235565,0,0
CLI-02780,Juan Quiñónez Segovia,Desempleado,3109.67,Alto,2023-06-12,1297.95,3,0.0,0.0,0.0,0.4172573754207293,0,0
CLI-02781,Sara Garay,Empresario / Comerciante,60825.59,Alto,2026-06-06,26335.41,5,0.0,0.0,0.0,0.4329588425062132,0,0
CLI-02782,Arturo Joaquín Santiago,Jubilado,5535.37,Bajo,2023-11-04,6426.4400000000005,7,0.0,0.0,0.0,1.160767795504997,0,0
CLI-02783,Iván Isaac Orosco Villareal,Jubilado,12343.87,Bajo,2025-06-07,7264.0,6,0.0,0.0,0.0,0.5884225593303128,0,0
CLI-02784,Itzel Barbara Solorzano Narváez,Profesionista Independiente,37608.07,Medio,2026-04-30,29745.0,5,0.0,0.0,0.0,0.7908996420278406,0,0
CLI-02785,Reynaldo Villalpando,Empleado Sector Privado,17055.52,Medio,2023-07-26,26533.85,8,0.0,0.0,0.0,1.5556426516077135,0,0
CLI-02786,Laura Carla Estrada,Desempleado,2926.31,Alto,2025-02-02,3751.2999999999997,8,0.0,0.0,0.0,1.2814836829717384,0,0
CLI-02787,Espartaco Serrano Pacheco,Empresario / Comerciante,244208.05,Alto,2023-12-02,182282.25,4,0.0,0.0,0.0,0.7464188980711404,2,0
CLI-02788,Itzel Puente Tamayo,Jubilado,12478.31,Bajo,2024-04-01,7581.139999999999,3,0.0,0.0,0.0,0.6074967285851541,0,0
CLI-02789,Abraham Olivera,Estudiante,3332.51,Bajo,2024-06-09,1674.86,4,0.0,0.0,0.0,0.5024313711373296,0,0
CLI-02790,Adán Isaac Alonzo Almonte,Profesionista Independiente,50386.57,Medio,2026-02-20,70137.31,8,0.0,0.0,0.0,1.3919565877060553,0,0
CLI-02791,Horacio José Emilio Chávez Gamez,Empleado Sector Privado,16362.24,Medio,2025-01-28,16516.34,6,0.0,0.0,0.0,1.009356337742403,0,0
CLI-02792,Ing. Angélica Cardona,Estudiante,4855.13,Bajo,2024-06-11,2676.58,3,0.0,0.0,0.0,0.5511755245432062,0,0
CLI-02793,María José Calderón Ballesteros,Desempleado,197.24,Alto,2024-02-09,755.78,10,0.0,0.0,0.0,3.8124495560936236,0,1
CLI-02794,Arturo Gutiérrez Segovia,Empresario / Comerciante,102511.6,Alto,2023-10-05,130611.39,7,0.0,0.0,0.0,1.2741008422379296,2,0
CLI-02795,Mauro Jos Nava,Empresario / Comerciante,150364.62,Alto,2024-05-23,84603.39000000001,5,0.0,0.0,0.0,0.5626511565609215,2,0
CLI-02796,Pablo Daniel Paz Paz,Desempleado,521.5,Alto,2023-11-20,846.09,6,0.0,0.0,0.0,1.619311004784689,0,0
CLI-02797,Martha Monroy,Empleado Sector Privado,27870.44,Medio,2023-07-27,31368.45,8,0.0,0.0,0.0,1.1254692976035685,0,0
CLI-02798,Lic. Maximiliano Gil,Empleado Sector Privado,28099.42,Medio,2025-12-17,7993.389999999999,3,0.0,0.0,0.0,0.2844580258942749,0,0
CLI-02799,Elsa Porras Medrano,Desempleado,2285.32,Alto,2024-06-29,4543.21,9,0.0,0.0,0.0,1.9871277861366736,0,1
CLI-02800,Esperanza Araceli Adame Benavides,Jubilado,13007.96,Bajo,2025-11-15,10198.61,6,0.0,0.0,0.0,0.7839681265835241,0,0
CLI-02801,Barbara Helena Abreu Alcántar,Desempleado,2096.99,Alto,2024-03-02,2271.69,7,0.0,0.0,0.0,1.0827935309510532,0,0
CLI-02802,Graciela Ceja Reynoso,Empleado Sector Privado,14364.25,Medio,2023-08-08,21953.54,8,0.0,0.0,0.0,1.5282393275438995,0,0
CLI-02803,Virginia Varela,Empresario / Comerciante,114682.33,Alto,2025-02-28,138373.07,8,0.0,0.0,0.0,1.2065665515642072,2,0
CLI-02804,Alicia de la O Aguayo,Jubilado,6164.73,Bajo,2024-02-01,4437.58,6,0.0,0.0,0.0,0.7197168867271191,0,0
CLI-02805,Gregorio Luis Miguel Almanza,Desempleado,1654.33,Alto,2025-12-07,1233.3700000000001,5,0.0,0.0,0.0,0.7450901028797884,0,0
CLI-02806,Ruby Abigail Olivárez Salinas,Profesionista Independiente,30673.85,Medio,2024-07-23,22266.510000000002,4,0.0,0.0,0.0,0.725888146152304,0,0
CLI-02807,Estefanía María del Carmen Montero Tamez,Profesionista Independiente,30503.62,Medio,2024-03-14,47896.119999999995,8,0.0,0.0,0.0,1.5701267545702913,0,0
CLI-02808,Yolanda Eugenia Soria,Desempleado,96.83,Alto,2026-05-02,324.76,6,0.0,0.0,0.0,3.319636103444751,0,1
CLI-02809,Karla Rodrígez Manzanares,Profesionista Independiente,22616.49,Medio,2026-03-11,35162.2,10,0.0,0.0,0.0,1.5546464262833761,0,0
CLI-02810,Sr. Espartaco Gaona,Profesionista Independiente,42729.94,Medio,2025-12-17,61097.590000000004,9,0.0,0.0,0.0,1.4298208745232377,0,0
CLI-02811,Rubén Calderón Zelaya,Empresario / Comerciante,174636.43,Alto,2023-11-16,93389.14,4,0.0,0.0,0.0,0.5347601599496741,2,0
CLI-02812,Ángel Mata,Empresario / Comerciante,58975.51,Alto,2025-03-16,26394.47,5,0.0,0.0,0.0,0.44754208073689,0,0
CLI-02813,Srita. Clara Vera,Empleado Sector Privado,18589.61,Medio,2025-10-19,17495.69,4,0.0,0.0,0.0,0.9411036001508287,0,0
CLI-02814,Martín Alonso Carrasco Caldera,Profesionista Independiente,22019.6,Medio,2024-10-13,36442.909999999996,8,0.0,0.0,0.0,1.6549462775764512,0,0
CLI-02815,Iván Olvera,Desempleado,3411.06,Alto,2024-02-23,3233.08,6,0.0,0.0,0.0,0.9475448849082373,0,0
CLI-02816,Dra. Marisela Cortez,Estudiante,6437.49,Bajo,2024-12-16,6451.86,5,0.0,0.0,0.0,1.00207657385505,0,0
CLI-02817,Juana Longoria Escobedo,Empleado Sector Privado,43315.05,Medio,2024-03-28,74151.31,8,0.0,0.0,0.0,1.7118668484314703,0,0
CLI-02818,David Aldo Cruz Navarro,Empleado Sector Privado,40668.83,Medio,2023-09-04,15149.23,3,0.0,0.0,0.0,0.3724930741043176,0,0
CLI-02819,Blanca Marroquín,Profesionista Independiente,15618.0,Medio,2025-12-27,12166.7,4,0.0,0.0,0.0,0.7789679236826942,0,0
CLI-02820,Inés Olivárez Padrón,Desempleado,3217.12,Alto,2025-01-13,1115.87,4,0.0,0.0,0.0,0.3467459261929325,0,0
CLI-02821,Ing. Alvaro Dávila,Profesionista Independiente,35252.77,Medio,2023-06-16,46491.520000000004,7,0.0,0.0,0.0,1.3187673261611454,0,0
CLI-02822,Ruby León,Estudiante,3991.26,Bajo,2025-01-29,7161.84,10,0.0,0.0,0.0,1.7939312569822605,0,0
CLI-02823,Nicolás Patricio Garrido Bustamante,Desempleado,2152.02,Alto,2023-06-30,2789.6,8,0.0,0.0,0.0,1.2956684099543896,0,0
CLI-02824,Aida Teresa Mendoza,Empleado Sector Privado,30032.0,Medio,2025-08-19,14419.45,3,0.0,0.0,0.0,0.48012020111211,0,0
CLI-02825,José María Felix Bermúdez,Profesionista Independiente,39696.0,Medio,2025-11-29,14910.130000000001,3,0.0,0.0,0.0,0.37559840794014665,0,0
CLI-02826,Georgina Nancy Alcala Olvera,Jubilado,14489.01,Bajo,2024-10-17,25020.55,10,0.0,0.0,0.0,1.7267448400656729,0,0
CLI-02827,Samuel Ballesteros Centeno,Empleado Sector Privado,34937.35,Medio,2024-11-09,49819.72,8,0.0,0.0,0.0,1.4259322492332924,0,0
CLI-02828,Ramiro Meza,Desempleado,73.55,Alto,2023-10-10,138.37,3,0.0,0.0,0.0,1.8560697518443998,0,1
CLI-02829,Samuel Olivera Salcedo,Jubilado,16778.52,Bajo,2026-05-19,19940.66,9,0.0,0.0,0.0,1.1883927549774964,0,0
CLI-02830,Elvira Mitzy Monroy,Jubilado,5565.27,Bajo,2026-04-18,8352.7,10,0.0,0.0,0.0,1.5005919583491278,0,0
CLI-02831,Ing. Abelardo Gaytán,Empleado Sector Privado,13983.63,Medio,2025-08-29,18444.46,9,0.0,0.0,0.0,1.3189094026799422,0,0
CLI-02832,Paulina Castillo Zarate,Empleado Sector Privado,38043.22,Medio,2024-01-02,15907.05,4,0.0,0.0,0.0,0.418120019282824,0,0
CLI-02833,Enrique César Montalvo Perea,Jubilado,8526.66,Bajo,2025-01-05,4912.57,6,0.0,0.0,0.0,0.576074796603054,0,0
CLI-02834,Amanda Campos Covarrubias,Empresario / Comerciante,180951.57,Alto,2023-09-23,246835.82,7,0.0,0.0,0.0,1.3640912643572842,2,0
CLI-02835,Inés Gabriela Martínez,Estudiante,2399.59,Bajo,2025-02-02,1826.0500000000002,5,0.0,0.0,0.0,0.7606671693208753,0,0
CLI-02836,Lucas Hurtado,Desempleado,1085.24,Alto,2024-09-08,1015.75,4,0.0,0.0,0.0,0.9351064221534836,0,0
CLI-02837,Jacobo Orellana Vargas,Desempleado,1440.88,Alto,2024-10-03,741.38,3,0.0,0.0,0.0,0.5141759369711765,0,0
CLI-02838,Ing. Julio César Aponte,Estudiante,2114.47,Bajo,2024-11-17,1499.6,5,0.0,0.0,0.0,0.7088732054815242,0,0
CLI-02839,Rosa Regalado,Desempleado,1546.09,Alto,2026-02-19,2897.7799999999997,10,0.0,0.0,0.0,1.8730519879257186,0,1
CLI-02840,Olivia Lourdes Villanueva,Empresario / Comerciante,151708.07,Alto,2025-03-22,110970.73999999999,4,0.0,0.0,0.0,0.7314707024438287,2,0
CLI-02841,Cristal Noelia Girón Preciado,Desempleado,398.41,Alto,2024-12-20,1093.55,10,0.0,0.0,0.0,2.737913422297889,0,1
CLI-02842,Elisa Natividad Nieto,Profesionista Independiente,36809.8,Medio,2025-05-07,27454.45,5,0.0,0.0,0.0,0.7458259532528496,0,0
CLI-02843,Estela Bermúdez Gamboa,Jubilado,11910.29,Bajo,2024-05-09,18863.2,10,0.0,0.0,0.0,1.5836403949530236,0,0
CLI-02844,Ofelia Gloria Muñiz Olmos,Empleado Sector Privado,18562.88,Medio,2023-09-13,22425.3,9,0.0,0.0,0.0,1.208007162295813,0,0
CLI-02845,Hilda Ortega,Empresario / Comerciante,162137.51,Alto,2025-04-08,154305.81,5,0.0,0.0,0.0,0.9516913039351353,2,0
CLI-02846,Gabriel Iván Toro Jaime,Desempleado,85.95,Alto,2025-12-24,547.27,7,0.0,0.0,0.0,6.294077055779183,0,1
CLI-02847,Lic. Wilfrido Candelaria,Empleado Sector Privado,42434.91,Medio,2023-11-29,32312.539999999997,4,0.0,0.0,0.0,0.7614433153430666,0,0
CLI-02848,Lilia Concepción Pedraza Aguilera,Profesionista Independiente,30010.63,Medio,2024-09-24,15035.740000000002,3,0.0,0.0,0.0,0.5009971134523517,0,0
CLI-02849,Cornelio Cristobal Marroquín Serrano,Empresario / Comerciante,198878.14,Alto,2024-02-05,149386.47999999998,4,0.0,0.0,0.0,0.7511420252521203,2,0
CLI-02850,Dr. Zeferino Aparicio,Estudiante,4080.68,Bajo,2025-07-26,4183.61,5,0.0,0.0,0.0,1.0249725603183002,0,0
CLI-02851,Mónica Heredia,Profesionista Independiente,30992.02,Medio,2023-08-27,29197.03,7,0.0,0.0,0.0,0.9420517910161706,0,0
CLI-02852,Maximiliano Casares,Profesionista Independiente,25629.21,Medio,2024-08-31,17420.3,4,0.0,0.0,0.0,0.6796783951438556,0,0
CLI-02853,Dra. Aurora Sanabria,Jubilado,8586.42,Bajo,2024-07-25,10984.4,7,0.0,0.0,0.0,1.279126908896968,0,0
CLI-02854,Adriana Armas Rolón,Estudiante,5754.75,Bajo,2026-05-03,9414.4,10,0.0,0.0,0.0,1.6356513052165225,0,0
CLI-02855,Gonzalo Pablo Granado,Empresario / Comerciante,228080.42,Alto,2024-08-01,416022.62,9,0.0,0.0,0.0,1.8240092507316026,2,0
CLI-02856,José Eduardo Pacheco,Estudiante,7664.82,Bajo,2025-03-16,12696.73,10,0.0,0.0,0.0,1.6562781281063212,0,0
CLI-02857,Eugenia Acosta,Profesionista Independiente,25151.22,Medio,2025-10-07,36276.05,8,0.0,0.0,0.0,1.4422603650890458,0,0
CLI-02858,Sonia Leal Muñiz,Profesionista Independiente,55372.89,Medio,2025-11-14,111804.69,10,0.0,0.0,0.0,2.0190867934327894,0,1
CLI-02859,Juana Minerva Salazar Hidalgo,Desempleado,549.04,Alto,2023-09-01,600.6600000000001,5,0.0,0.0,0.0,1.0920296705694132,0,0
CLI-02860,Jorge Francisco Padilla Linares,Desempleado,1528.83,Alto,2024-12-29,2728.17,9,0.0,0.0,0.0,1.7833157932580745,0,0
CLI-02861,José Eduardo del Río,Desempleado,2449.79,Alto,2023-09-20,2595.13,6,0.0,0.0,0.0,1.0588952949865147,0,0
CLI-02862,Mariano Ramiro Hidalgo Olmos,Desempleado,2746.09,Alto,2024-06-06,3797.6299999999997,8,0.0,0.0,0.0,1.3824192145142675,0,0
CLI-02863,René Salgado Amaya,Empresario / Comerciante,98072.16,Alto,2025-08-10,145848.76,10,0.0,0.0,0.0,1.4871424556932804,2,0
CLI-02864,Clemente Salvador Pulido,Empleado Sector Privado,26073.34,Medio,2026-01-21,16041.05,8,0.0,0.0,0.0,0.6152044500455236,0,0
CLI-02865,Genaro Rufino Frías,Profesionista Independiente,55938.09,Medio,2024-05-16,32271.67,6,0.0,0.0,0.0,0.5769073111486083,0,0
CLI-02866,Dolores Montañez,Profesionista Independiente,35212.61,Medio,2024-06-16,30099.870000000003,5,0.0,0.0,0.0,0.854779444652224,0,0
CLI-02867,Perla Caballero Olvera,Empleado Sector Privado,18822.99,Medio,2024-11-07,18713.31,7,0.0,0.0,0.0,0.9941202688696711,0,0
CLI-02868,Lucía Ozuna,Empleado Sector Privado,31174.01,Medio,2025-12-25,20543.73,4,0.0,0.0,0.0,0.6589807028129261,0,0
CLI-02869,Elvia Guardado Saavedra,Desempleado,3200.42,Alto,2025-01-08,2435.1,6,0.0,0.0,0.0,0.760631219896171,0,0
CLI-02870,Noemí Magdalena Serrano Meléndez,Empleado Sector Privado,22196.95,Medio,2023-07-16,32397.97,8,0.0,0.0,0.0,1.4595027919244796,0,0
CLI-02871,Tomás Flavio Chacón Frías,Desempleado,3594.57,Alto,2026-04-29,5425.88,8,0.0,0.0,0.0,1.5090458536476832,0,0
CLI-02872,Claudio Palomo Tello,Empleado Sector Privado,26192.12,Medio,2026-01-10,36473.82,10,0.0,0.0,0.0,1.3924961974747567,0,0
CLI-02873,Santiago Nicolás de Jesús Estévez,Empleado Sector Privado,33655.65,Medio,2025-03-01,27887.89,6,0.0,0.0,0.0,0.828599697236653,0,0
CLI-02874,Paulina Amelia Moya,Jubilado,16922.46,Bajo,2025-01-04,20256.850000000002,7,0.0,0.0,0.0,1.19696858680199,0,0
CLI-02875,José Rodolfo Venegas,Profesionista Independiente,18051.63,Medio,2025-01-16,29770.15,8,0.0,0.0,0.0,1.6490755086654965,0,0
CLI-02876,Lic. Alvaro Uribe,Jubilado,17331.82,Bajo,2023-12-18,17830.41,9,0.0,0.0,0.0,1.0287079655820577,0,0
CLI-02877,Sra. Olga Vargas,Estudiante,3104.81,Bajo,2025-11-28,1439.21,3,0.0,0.0,0.0,0.46339280252172543,0,0
CLI-02878,Mónica Lilia Carrera,Empleado Sector Privado,35993.62,Medio,2023-10-04,34111.36,6,0.0,0.0,0.0,0.9476794031997003,0,0
CLI-02879,Rufino Acosta Méndez,Profesionista Independiente,54605.94,Medio,2024-12-30,27201.18,5,0.0,0.0,0.0,0.4981267948725931,0,0
CLI-02880,Ing. Nadia Alcala,Empresario / Comerciante,242239.24,Alto,2025-03-17,200935.35,5,0.0,0.0,0.0,0.82948790836733,2,0
CLI-02881,Liliana Soledad Jurado,Profesionista Independiente,34935.2,Medio,2023-11-15,22096.75,7,0.0,0.0,0.0,0.6324886507404928,0,0
CLI-02882,Mateo Israel Ávila Rodríguez,Desempleado,3733.0,Alto,2023-08-04,2982.58,5,0.0,0.0,0.0,0.7987627209426887,0,0
CLI-02883,Paulina Irene de Jesús Valencia,Profesionista Independiente,21838.07,Medio,2025-01-07,25806.62,5,0.0,0.0,0.0,1.18167211332717,0,0
CLI-02884,Teresa Amanda Villaseñor,Empleado Sector Privado,15523.46,Medio,2026-02-09,14686.54,5,0.0,0.0,0.0,0.9460258198996939,0,0
CLI-02885,Ilse Tijerina,Empleado Sector Privado,12864.54,Medio,2025-05-25,15313.25,6,0.0,0.0,0.0,1.1902531879734546,0,0
CLI-02886,Alicia Celia Cisneros Espino,Jubilado,13020.3,Bajo,2023-07-24,9418.279999999999,4,0.0,0.0,0.0,0.7232979810003609,0,0
CLI-02887,Alicia Ontiveros Feliciano,Jubilado,12371.56,Bajo,2025-09-04,17173.23,8,0.0,0.0,0.0,1.3880094337792663,0,0
CLI-02888,Cristina Teresa Verduzco,Empleado Sector Privado,31679.9,Medio,2024-06-05,11874.23,4,0.0,0.0,0.0,0.3748072182292801,0,0
CLI-02889,Emiliano Grijalva Zarate,Empleado Sector Privado,34683.47,Medio,2024-03-27,38135.86,9,0.0,0.0,0.0,1.0995082237093432,0,0
CLI-02890,Iván Timoteo Cisneros Vaca,Profesionista Independiente,18576.39,Medio,2026-03-20,28640.19,8,0.0,0.0,0.0,1.5416692011095208,0,0
CLI-02891,Renato Maximiliano Olivárez,Empresario / Comerciante,76817.33,Alto,2023-11-06,80278.46,8,0.0,0.0,0.0,1.0450430255383059,0,0
CLI-02892,Daniela Trejo Aguirre,Jubilado,11093.93,Bajo,2023-08-08,15668.41,7,0.0,0.0,0.0,1.412213506529559,0,0
CLI-02893,Eduardo Eduardo Delgadillo,Desempleado,1495.84,Alto,2025-10-09,1208.27,4,0.0,0.0,0.0,0.8072138638732262,0,0
CLI-02894,Rubén Casillas Uribe,Empresario / Comerciante,148289.12,Alto,2025-05-06,105995.42,7,0.0,0.0,0.0,0.7147841002488905,2,0
CLI-02895,Estefanía Amelia Flores,Empleado Sector Privado,17404.95,Medio,2025-05-15,4902.900000000001,3,0.0,0.0,0.0,0.28167954061685807,0,0
CLI-02896,Soledad Posada,Empleado Sector Privado,13063.58,Medio,2025-11-05,3596.89,3,0.0,0.0,0.0,0.27531616018272304,0,0
CLI-02897,Gustavo Javier Cortés,Estudiante,7552.61,Bajo,2026-05-02,5068.5199999999995,5,0.0,0.0,0.0,0.6710063135375006,0,0
CLI-02898,Sr. Porfirio Fernández,Empresario / Comerciante,94510.84,Alto,2024-10-25,118694.31,9,0.0,0.0,0.0,1.2558670955935256,2,0
CLI-02899,Sandra Vanesa Robles Córdova,Desempleado,3952.97,Alto,2025-11-26,5782.96,7,0.0,0.0,0.0,1.4625705303783287,0,0
CLI-02900,Lucas Mauricio Gollum Jiménez,Empleado Sector Privado,14182.5,Medio,2025-05-31,9953.15,5,0.0,0.0,0.0,0.7017414601473543,0,0
CLI-02901,Antonio Bétancourt Granado,Empresario / Comerciante,223425.8,Alto,2024-09-07,298170.08999999997,8,0.0,0.0,0.0,1.3345314438554372,2,0
CLI-02902,Ing. Fernando Cedillo,Empresario / Comerciante,187572.54,Alto,2025-03-27,100240.95999999999,3,0.0,0.0,0.0,0.5344088510564976,2,0
CLI-02903,Porfirio Bañuelos Laureano,Empresario / Comerciante,227517.38,Alto,2024-12-13,240041.24,6,0.0,0.0,0.0,1.0550410916252129,2,0
CLI-02904,Dr. Jorge Guevara,Empresario / Comerciante,130973.35,Alto,2024-06-12,168759.27,10,0.0,0.0,0.0,1.2884909907932354,2,0
CLI-02905,Hilda Fernández Rubio,Estudiante,5647.58,Bajo,2025-06-21,6164.139999999999,6,0.0,0.0,0.0,1.0912724968045064,0,0
CLI-02906,Ilse Sofía Salcedo,Empresario / Comerciante,194040.18,Alto,2023-09-13,277377.54,9,0.0,0.0,0.0,1.4294777015889102,2,0
CLI-02907,Ofelia Hinojosa,Empresario / Comerciante,172300.97,Alto,2024-02-17,213653.15,9,0.0,0.0,0.0,1.2399924968936802,2,0
CLI-02908,Rafaél Mateo Munguía Covarrubias,Desempleado,2287.74,Alto,2026-03-28,1795.86,4,0.0,0.0,0.0,0.7846500694705384,0,0
CLI-02909,Javier Samaniego,Jubilado,11828.0,Bajo,2024-07-04,12158.5,7,0.0,0.0,0.0,1.0278552709442894,0,0
CLI-02910,Guillermina Araceli Esquivel,Desempleado,3147.68,Alto,2023-08-23,3772.69,10,0.0,0.0,0.0,1.1981814601674354,0,0
CLI-02911,Rodrigo Garza,Jubilado,6421.11,Bajo,2024-08-05,10100.97,9,0.0,0.0,0.0,1.572842881856586,0,0
CLI-02912,María Sepúlveda Saucedo,Empresario / Comerciante,215402.02,Alto,2023-10-12,326759.5,10,0.0,0.0,0.0,1.5169680536512442,2,0
CLI-02913,Marisol Zoé Ozuna Otero,Estudiante,7266.68,Bajo,2024-08-30,6962.25,6,0.0,0.0,0.0,0.9579742091011161,0,0
CLI-02914,Esparta Rodríguez,Empleado Sector Privado,29117.19,Medio,2025-04-17,17983.87,4,0.0,0.0,0.0,0.6176163422245682,0,0
CLI-02915,Ing. Carolina Nieves,Empresario / Comerciante,246766.13,Alto,2023-10-16,183837.38,8,0.0,0.0,0.0,0.7449832560762853,2,0
CLI-02916,Horacio Olivas Armendáriz,Estudiante,5346.21,Bajo,2025-05-20,9139.539999999999,9,0.0,0.0,0.0,1.7092165821054341,0,0
CLI-02917,Lorena Irma Granado,Jubilado,14947.08,Bajo,2023-09-23,21832.07,10,0.0,0.0,0.0,1.4605267030949793,0,0
CLI-02918,Leonardo Saldivar Ávalos,Estudiante,3139.1,Bajo,2024-04-22,4649.24,10,0.0,0.0,0.0,1.4806025285818922,0,0
CLI-02919,Frida Cardona Fajardo,Empresario / Comerciante,129607.98,Alto,2026-03-25,108125.21,8,0.0,0.0,0.0,0.8342416551692639,2,0
CLI-02920,Natividad Virginia Caraballo,Profesionista Independiente,49815.47,Medio,2024-04-24,30775.07,4,0.0,0.0,0.0,0.6177689828283698,0,0
CLI-02921,Cecilia Florencia Quintero Negrete,Profesionista Independiente,35760.62,Medio,2025-06-09,35556.17,6,0.0,0.0,0.0,0.9942550141744136,0,0
CLI-02922,Martín Daniel Macías Hurtado,Empresario / Comerciante,108883.95,Alto,2025-11-04,100307.44,4,0.0,0.0,0.0,0.9212240993819624,2,0
CLI-02923,Jacinto Armas Olivas,Estudiante,6139.72,Bajo,2023-12-13,10405.02,10,0.0,0.0,0.0,1.6944299691241418,0,0
CLI-02924,Alberto Correa,Empleado Sector Privado,27298.11,Medio,2025-03-24,29985.98,6,0.0,0.0,0.0,1.0984233551936309,0,0
CLI-02925,Alonso Muro Yáñez,Desempleado,1806.79,Alto,2024-10-09,2190.42,6,0.0,0.0,0.0,1.2116562211318793,0,0
CLI-02926,Aldo Vega,Desempleado,2002.63,Alto,2025-08-22,3192.4700000000003,8,0.0,0.0,0.0,1.5933430823056154,0,0
CLI-02927,Alejandro Miguel Elizondo Collado,Empleado Sector Privado,37698.13,Medio,2024-09-10,14440.369999999999,4,0.0,0.0,0.0,0.3830425264455705,0,0
CLI-02928,Abigail Caballero Sanches,Desempleado,2185.63,Alto,2025-08-30,1965.98,4,0.0,0.0,0.0,0.8990912957381907,0,0
CLI-02929,Rodolfo Esteban Lomeli,Empresario / Comerciante,132711.86,Alto,2024-07-28,91458.19,5,0.0,0.0,0.0,0.6891433882142244,2,0
CLI-02930,Lic. Sandra Salgado,Empresario / Comerciante,54982.42,Alto,2026-04-26,32507.72,3,0.0,0.0,0.0,0.5912276828178386,0,0
CLI-02931,Zeferino Mariano Estévez Trujillo,Empresario / Comerciante,168063.1,Alto,2024-10-23,122053.09999999999,6,0.0,0.0,0.0,0.7262294564990381,2,0
CLI-02932,Alfredo de la Torre,Desempleado,3583.18,Alto,2025-11-02,3334.08,7,0.0,0.0,0.0,0.9302211384472878,0,0
CLI-02933,Abelardo José María Grijalva,Empresario / Comerciante,68035.93,Alto,2025-06-09,17178.38,4,0.0,0.0,0.0,0.25248611305654156,0,0
CLI-02934,Ofelia Ana Negrón Camacho,Profesionista Independiente,46127.28,Medio,2024-12-02,54093.04,6,0.0,0.0,0.0,1.1726654451455811,0,0
CLI-02935,Srita. Alicia Castillo,Desempleado,3185.94,Alto,2025-02-27,2856.3999999999996,6,0.0,0.0,0.0,0.8962829548093154,0,0
CLI-02936,Marco Antonio Luis Manuel Lugo Cortés,Desempleado,2933.05,Alto,2024-10-16,1987.6200000000001,5,0.0,0.0,0.0,0.6774322182648558,0,0
CLI-02937,Lourdes Salazar,Estudiante,2684.99,Bajo,2023-10-18,3928.94,9,0.0,0.0,0.0,1.4627530258861725,0,0
CLI-02938,Cynthia Micaela Márquez Ruelas,Empresario / Comerciante,176814.48,Alto,2025-06-02,95427.08,5,0.0,0.0,0.0,0.5396986734419407,2,0
CLI-02939,Sra. Eugenia Berríos,Estudiante,5142.9,Bajo,2026-02-28,5489.76,7,0.0,0.0,0.0,1.0672369214020492,0,0
CLI-02940,Oswaldo Darío Olivares Baca,Empresario / Comerciante,195374.77,Alto,2026-02-26,80729.6,5,0.0,0.0,0.0,0.41320169845012006,2,0
CLI-02941,Humberto Ríos Camacho,Jubilado,12956.94,Bajo,2026-03-13,7567.4,3,0.0,0.0,0.0,0.5839971476947724,0,0
CLI-02942,Dr. José Eduardo Rosas,Empleado Sector Privado,24496.39,Medio,2026-02-21,25244.26,7,0.0,0.0,0.0,1.0304877376732786,0,0
CLI-02943,Silvano Lorenzo Noriega,Empresario / Comerciante,58781.22,Alto,2024-04-19,48218.5,3,0.0,0.0,0.0,0.820290557246732,0,0
CLI-02944,Dr. Eugenio Sarabia,Empleado Sector Privado,42104.34,Medio,2023-12-02,26150.559999999998,4,0.0,0.0,0.0,0.6210746665387336,0,0
CLI-02945,Cristina Virginia Cardenas,Jubilado,16326.97,Bajo,2024-02-15,10541.25,5,0.0,0.0,0.0,0.6455946452620871,0,0
CLI-02946,Susana Yáñez,Empleado Sector Privado,17350.1,Medio,2023-10-25,24326.6,8,0.0,0.0,0.0,1.402020621170992,0,0
CLI-02947,Emiliano Lucero,Empleado Sector Privado,17902.6,Medio,2025-10-09,23987.95,9,0.0,0.0,0.0,1.3398394736254162,0,0
CLI-02948,Oswaldo Salvador Arias Puente,Desempleado,205.24,Alto,2025-06-16,620.45,7,0.0,0.0,0.0,3.00838828549263,0,1
CLI-02949,Rocío Quiñones,Profesionista Independiente,28928.32,Medio,2024-03-30,16405.47,6,0.0,0.0,0.0,0.5670879923897278,0,0
CLI-02950,María Véliz Otero,Empresario / Comerciante,107756.11,Alto,2024-07-11,175348.6,10,0.0,0.0,0.0,1.627257820852842,2,0
CLI-02951,Srita. Judith Escobedo,Empleado Sector Privado,15879.28,Medio,2025-09-04,8892.8,3,0.0,0.0,0.0,0.5599901261186829,0,0
CLI-02952,Ing. Elias Quintana,Empleado Sector Privado,43694.32,Medio,2025-09-25,38874.58,5,0.0,0.0,0.0,0.8896737682662583,0,0
CLI-02953,Marcos Serafín Bétancourt Samaniego,Estudiante,5735.36,Bajo,2024-12-06,3029.78,5,0.0,0.0,0.0,0.5281711747519333,0,0
CLI-02954,Lic. Gilberto Salcido,Profesionista Independiente,15549.35,Medio,2025-04-22,25799.34,10,0.0,0.0,0.0,1.6590842006771551,0,0
CLI-02955,Cecilia Florencia Montes,Empresario / Comerciante,221082.21,Alto,2024-09-24,93775.41,5,0.0,0.0,0.0,0.4241634179275758,2,0
CLI-02956,Ing. Blanca Villarreal,Jubilado,15496.91,Bajo,2023-11-06,7244.87,6,0.0,0.0,0.0,0.467474001333083,0,0
CLI-02957,María Eugenia Anabel Murillo Mateo,Jubilado,16475.14,Bajo,2024-11-18,5004.2,4,0.0,0.0,0.0,0.3037240518713728,0,0
CLI-02958,Sr. Bruno Irizarry,Empleado Sector Privado,19156.84,Medio,2024-04-27,4568.62,3,0.0,0.0,0.0,0.23847260442722143,0,0
CLI-02959,Araceli Sanches Casárez,Desempleado,1902.85,Alto,2024-10-27,2758.31,9,0.0,0.0,0.0,1.4488063660477455,0,0
CLI-02960,Julio Viera,Empresario / Comerciante,138375.07,Alto,2026-01-09,5328.24,3,0.0,0.0,0.0,0.03850550170994161,0,0
CLI-02961,Barbara Carreón,Jubilado,12801.33,Bajo,2024-04-26,21337.75,10,0.0,0.0,0.0,1.6667083257500783,0,0
CLI-02962,Víctor Patricio Osorio,Empleado Sector Privado,41111.54,Medio,2023-07-15,36310.21,5,0.0,0.0,0.0,0.883190627482515,0,0
CLI-02963,Isabela Vela Pacheco,Profesionista Independiente,42889.47,Medio,2025-12-17,29631.1,5,0.0,0.0,0.0,0.6908551013779983,0,0
CLI-02964,Ing. Nayeli Samaniego,Jubilado,15661.58,Bajo,2024-09-06,19367.9,7,0.0,0.0,0.0,1.2365714971607489,0,0
CLI-02965,Eloy Arteaga,Empleado Sector Privado,13614.32,Medio,2026-05-18,11145.49,5,0.0,0.0,0.0,0.8185991956120018,0,0
CLI-02966,Guadalupe Juana Cervántez Alejandro,Empleado Sector Privado,13817.11,Medio,2025-05-20,11082.85,5,0.0,0.0,0.0,0.8020525238256172,0,0
CLI-02967,José Emilio Luis Miguel Malave,Profesionista Independiente,16652.45,Medio,2023-10-26,8619.4,3,0.0,0.0,0.0,0.5175744365281668,0,0
CLI-02968,Roberto Reséndez,Estudiante,6001.98,Bajo,2023-11-24,4225.5599999999995,4,0.0,0.0,0.0,0.7039103911723843,0,0
CLI-02969,Anel Araceli Bahena Valle,Jubilado,8879.74,Bajo,2025-01-06,5886.139999999999,4,0.0,0.0,0.0,0.6627983704060697,0,0
CLI-02970,Ing. Gerónimo Fernández,Estudiante,2294.19,Bajo,2023-09-13,4277.84,9,0.0,0.0,0.0,1.8638282669408632,0,1
CLI-02971,Linda Cecilia Olvera,Empresario / Comerciante,248747.04,Alto,2023-08-28,326406.63,10,0.0,0.0,0.0,1.3121977966137943,2,0
CLI-02972,Bianca Escobedo,Empleado Sector Privado,34178.99,Medio,2024-02-03,19213.28,5,0.0,0.0,0.0,0.5621207027854601,0,0
CLI-02973,Alicia Castellanos,Jubilado,13592.02,Bajo,2025-02-20,7622.93,4,0.0,0.0,0.0,0.5607973798317077,0,0
CLI-02974,Daniela Luz Chacón,Desempleado,2379.88,Alto,2024-03-23,2222.4300000000003,7,0.0,0.0,0.0,0.9334489768488963,0,0
CLI-02975,Emiliano Calvillo,Jubilado,7306.45,Bajo,2025-09-19,8715.49,7,0.0,0.0,0.0,1.1926855469418196,0,0
CLI-02976,Angélica Caldera,Empresario / Comerciante,199866.96,Alto,2023-08-30,131841.74000000002,4,0.0,0.0,0.0,0.6596441970989249,2,0
CLI-02977,Alonso Valle,Profesionista Independiente,56916.59,Medio,2025-06-29,40428.57,3,0.0,0.0,0.0,0.7103001023058074,0,0
CLI-02978,Mateo Jorge Luis Tejada Cuellar,Estudiante,6611.07,Bajo,2023-09-29,2538.45,3,0.0,0.0,0.0,0.38391154358619917,0,0
CLI-02979,Luis Miguel José Nieto,Profesionista Independiente,31585.62,Medio,2023-10-15,20766.21,5,0.0,0.0,0.0,0.657436914744281,0,0
CLI-02980,Estela Eugenia Uribe Trejo,Empresario / Comerciante,214052.95,Alto,2025-07-29,254260.81,8,0.0,0.0,0.0,1.1878351695915912,2,0
CLI-02981,Héctor Lerma de Jesús,Empresario / Comerciante,218661.93,Alto,2026-02-13,358890.42,9,0.0,0.0,0.0,1.6412952117672621,2,0
CLI-02982,Adalberto Perea Arroyo,Estudiante,3757.0,Bajo,2026-05-02,6701.2,9,0.0,0.0,0.0,1.7831825439063331,0,0
CLI-02983,Marisela Estévez Saiz,Empleado Sector Privado,16026.77,Medio,2023-11-20,11713.150000000001,4,0.0,0.0,0.0,0.7308034742200569,0,0
CLI-02984,Mateo Soliz Riojas,Profesionista Independiente,29814.38,Medio,2025-01-27,25370.04,9,0.0,0.0,0.0,0.8509044660842827,0,0
CLI-02985,Manuel Ocasio Pedraza,Empresario / Comerciante,154929.24,Alto,2024-09-24,144347.48,7,0.0,0.0,0.0,0.9316933866493722,2,0
CLI-02986,Sr. Felix Aguirre,Desempleado,836.2,Alto,2024-03-11,992.52,6,0.0,0.0,0.0,1.1855231724796942,0,0
CLI-02987,José Manuél Claudio Perea,Estudiante,2655.81,Bajo,2023-08-25,3762.65,9,0.0,0.0,0.0,1.416228484535966,0,0
CLI-02988,Dra. Caridad Ontiveros,Desempleado,3917.4,Alto,2026-03-19,2599.64,4,0.0,0.0,0.0,0.6634442629644752,0,0
CLI-02989,Julio Luis Manuel Piña Valencia,Jubilado,17833.46,Bajo,2024-07-23,7452.97,5,0.0,0.0,0.0,0.4178971496754037,0,0
CLI-02990,Genaro Esteban Hernádez,Empresario / Comerciante,194814.83,Alto,2023-11-11,112438.14,4,0.0,0.0,0.0,0.5771509430214167,2,0
CLI-02991,José Luis Enrique Zambrano,Jubilado,17140.59,Bajo,2025-05-17,14693.26,8,0.0,0.0,0.0,0.8571701924967288,0,0
CLI-02992,Marcos Pascual Corrales,Desempleado,1148.75,Alto,2025-07-17,503.98,3,0.0,0.0,0.0,0.4383387692976734,0,0
CLI-02993,Cornelio Ulibarri Noriega,Jubilado,16021.37,Bajo,2024-07-09,23297.65,10,0.0,0.0,0.0,1.4540701531671032,0,0
CLI-02994,Miguel Ángel Zamudio Ojeda,Profesionista Independiente,38642.61,Medio,2025-04-25,26378.49,3,0.0,0.0,0.0,0.6826093628416187,0,0
CLI-02995,Mitzy Irma Roldán,Jubilado,9600.09,Bajo,2024-02-13,9094.19,5,0.0,0.0,0.0,0.94720391122258,0,0
CLI-02996,Elvia Ozuna,Empleado Sector Privado,32271.57,Medio,2025-03-19,33109.41,8,0.0,0.0,0.0,1.0259303798860768,0,0
CLI-02997,Elena Castellanos Bañuelos,Empresario / Comerciante,153941.16,Alto,2026-02-10,125812.37000000001,5,0.0,0.0,0.0,0.8172703955823408,2,0
CLI-02998,Ernesto Ignacio Zamora,Desempleado,1990.96,Alto,2026-02-07,2049.35,5,0.0,0.0,0.0,1.0288108194943673,0,0
CLI-02999,Octavio Darío Rivera,Empleado Sector Privado,41160.9,Medio,2025-10-20,35272.58,5,0.0,0.0,0.0,0.8569230283344549,0,0
CLI-03000,Marisela Amalia Sanabria Marroquín,Empleado Sector Privado,35383.37,Medio,2026-01-03,43277.32,8,0.0,0.0,0.0,1.2230631773294254,0,0
CLI-03001,Dr. Pascual Vallejo,Empleado Sector Privado,12052.17,Medio,2023-11-03,12199.47,8,0.0,0.0,0.0,1.012137885718031,0,0
CLI-03002,Francisca Marcela Ortega,Estudiante,4789.31,Bajo,2023-10-13,2447.13,5,0.0,0.0,0.0,0.5108500284950243,0,0
CLI-03003,Amalia Abigail Garibay,Estudiante,6424.81,Bajo,2025-01-08,4281.139999999999,4,0.0,0.0,0.0,0.6662412987623348,0,0
CLI-03004,Genaro Martín Laureano,Empleado Sector Privado,38385.62,Medio,2023-06-16,36198.63,5,0.0,0.0,0.0,0.9430012332422077,0,0
CLI-03005,Dra. Elvia Aranda,Empresario / Comerciante,132808.23,Alto,2026-05-23,10611.189999999999,3,0.0,0.0,0.0,0.07989798600594249,0,0
CLI-03006,Trinidad Rosa Morales,Profesionista Independiente,30734.25,Medio,2026-02-12,22744.65,5,0.0,0.0,0.0,0.7400183828015064,0,0
CLI-03007,Jacinto Aldo Cisneros Tijerina,Desempleado,849.35,Alto,2025-05-19,819.1700000000001,5,0.0,0.0,0.0,0.9633327453401541,0,0
CLI-03008,Sessa Abigail Fierro Corral,Desempleado,804.75,Alto,2024-12-10,1027.36,7,0.0,0.0,0.0,1.2750356810425068,0,0
CLI-03009,Lic. Adela Urrutia,Profesionista Independiente,26448.79,Medio,2024-05-09,50042.25,10,0.0,0.0,0.0,1.8919715430632909,0,1
CLI-03010,Mario Ordóñez,Estudiante,3846.64,Bajo,2025-08-21,3280.07,6,0.0,0.0,0.0,0.852488798328326,0,0
CLI-03011,Débora Mateo,Jubilado,12149.92,Bajo,2024-12-20,17127.75,7,0.0,0.0,0.0,1.4095846240449283,0,0
CLI-03012,Juan Blanco,Estudiante,2683.02,Bajo,2025-07-30,4622.9800000000005,10,0.0,0.0,0.0,1.7224089239275417,0,0
CLI-03013,Helena Sevilla Nevárez,Profesionista Independiente,30361.27,Medio,2024-05-26,25921.15,6,0.0,0.0,0.0,0.8537289866666755,0,0
CLI-03014,Gonzalo Alvaro Palomino,Desempleado,2275.69,Alto,2026-03-06,2459.27,7,0.0,0.0,0.0,1.0801953713505132,0,0
CLI-03015,Daniel Calvillo Ponce,Estudiante,6992.26,Bajo,2025-07-12,5014.25,5,0.0,0.0,0.0,0.717011808512768,0,0
CLI-03016,Ángel Óliver Cruz,Empleado Sector Privado,22906.99,Medio,2023-07-28,23992.559999999998,8,0.0,0.0,0.0,1.0473446164416869,0,0
CLI-03017,Ing. Zeferino Leiva,Profesionista Independiente,56502.59,Medio,2025-10-21,42976.91,6,0.0,0.0,0.0,0.7606049456326581,0,0
CLI-03018,Elvira Dolores Ramón,Empresario / Comerciante,233232.61,Alto,2024-11-09,232278.18,6,0.0,0.0,0.0,0.995903549235464,2,0
CLI-03019,Luz Granado Barela,Estudiante,5873.91,Bajo,2026-05-04,6771.92,5,0.0,0.0,0.0,1.1526848921940933,0,0
CLI-03020,María Cristina Cristal Saldivar Flórez,Empresario / Comerciante,81077.26,Alto,2025-12-05,33484.020000000004,4,0.0,0.0,0.0,0.412983949088202,0,0
CLI-03021,Dr. Hernán Laureano,Empresario / Comerciante,228411.67,Alto,2023-12-28,156694.31,4,0.0,0.0,0.0,0.686014090199112,2,0
CLI-03022,Lic. Pablo Molina,Jubilado,16647.07,Bajo,2024-11-22,10669.1,6,0.0,0.0,0.0,0.6408610727850136,0,0
CLI-03023,Camila Bernal Tello,Empresario / Comerciante,206797.81,Alto,2023-08-31,243497.57,9,0.0,0.0,0.0,1.1774611759129563,2,0
CLI-03024,Abel Guillermo Cabrera Vigil,Empresario / Comerciante,235558.0,Alto,2023-07-25,97042.1,5,0.0,0.0,0.0,0.4119651552265038,2,0
CLI-03025,Violeta Valdivia Rojo,Estudiante,7010.63,Bajo,2023-11-09,4444.99,4,0.0,0.0,0.0,0.6339453165669038,0,0
CLI-03026,Lic. Helena Urrutia,Profesionista Independiente,40422.42,Medio,2024-01-17,36533.46,8,0.0,0.0,0.0,0.9037696464079487,0,0
CLI-03027,Pedro Villegas Villegas,Desempleado,1262.01,Alto,2025-06-28,941.49,3,0.0,0.0,0.0,0.7454335278422182,0,0
CLI-03028,José Manuél José Manuél Lara,Jubilado,5243.34,Bajo,2026-05-06,6213.93,6,0.0,0.0,0.0,1.1848831311471033,0,0
CLI-03029,Evelio Esteban Aguayo Mojica,Jubilado,13911.41,Bajo,2023-11-01,15246.36,10,0.0,0.0,0.0,1.0958820218783087,0,0
CLI-03030,Fabiola Helena Moya Castillo,Profesionista Independiente,17979.59,Medio,2026-05-16,14136.369999999999,4,0.0,0.0,0.0,0.7862016763632338,0,0
CLI-03031,Maximiliano Jerónimo Luevano,Empleado Sector Privado,21255.18,Medio,2024-08-23,11380.19,3,0.0,0.0,0.0,0.5353826510690067,0,0
CLI-03032,Cecilia Nadia Regalado,Estudiante,4034.91,Bajo,2026-02-15,3201.89,6,0.0,0.0,0.0,0.7933501985921391,0,0
CLI-03033,Adela Rosa Haro Fuentes,Empresario / Comerciante,175302.17,Alto,2026-02-02,237958.85,9,0.0,0.0,0.0,1.3574132743863103,2,0
CLI-03034,Ing. Hernán Griego,Empleado Sector Privado,30842.39,Medio,2026-01-07,17309.21,3,0.0,0.0,0.0,0.5611967426408057,0,0
CLI-03035,Ing. Paulina Soria,Empresario / Comerciante,87475.78,Alto,2024-05-15,115098.33,8,0.0,0.0,0.0,1.3157586504670153,2,0
CLI-03036,Dr. Luis Manuel Contreras,Estudiante,7187.56,Bajo,2026-01-22,4191.59,4,0.0,0.0,0.0,0.5830917457738406,0,0
CLI-03037,Jaqueline Linda Carrero Bahena,Profesionista Independiente,46736.98,Medio,2024-11-20,50400.38,5,0.0,0.0,0.0,1.0783602543370507,0,0
CLI-03038,Mariano Espartaco Bustos,Profesionista Independiente,46942.8,Medio,2024-08-11,76713.61,10,0.0,0.0,0.0,1.6341585044244393,0,0
CLI-03039,Eloy Corrales,Profesionista Independiente,33624.13,Medio,2023-12-23,47932.02,9,0.0,0.0,0.0,1.4254820724856678,0,0
CLI-03040,Cristal Olivas,Empresario / Comerciante,225409.75,Alto,2025-07-16,379251.29,10,0.0,0.0,0.0,1.6824898102685875,2,0
CLI-03041,Javier Jorge Luis Corona Portillo,Profesionista Independiente,35335.78,Medio,2025-04-28,61039.270000000004,10,0.0,0.0,0.0,1.7273580105487825,0,0
CLI-03042,Fabiola Teresa Limón Barreto,Profesionista Independiente,24726.29,Medio,2026-04-01,24739.92,5,0.0,0.0,0.0,1.0005107717020343,0,0
CLI-03043,Lic. Reina Marín,Profesionista Independiente,22875.57,Medio,2025-08-05,23507.989999999998,9,0.0,0.0,0.0,1.0276011657341988,0,0
CLI-03044,Fabiola Zoé Espinosa,Profesionista Independiente,50322.48,Medio,2025-08-20,76671.99,9,0.0,0.0,0.0,1.523582828532526,0,0
CLI-03045,Alfredo Noriega Rojo,Empleado Sector Privado,42140.68,Medio,2025-06-15,32561.989999999998,6,0.0,0.0,0.0,0.7726789724567221,0,0
CLI-03046,Cristal Celia Armendáriz Gil,Empresario / Comerciante,151198.94,Alto,2024-10-01,222426.86000000002,9,0.0,0.0,0.0,1.4710777001631086,2,0
CLI-03047,Leonel Flavio Valdez,Empresario / Comerciante,230991.16,Alto,2024-08-22,246534.46,10,0.0,0.0,0.0,1.0672849675937053,2,0
CLI-03048,Armando Emilio Valdés,Empleado Sector Privado,18276.99,Medio,2024-02-23,15039.64,7,0.0,0.0,0.0,0.8228278930013638,0,0
CLI-03049,Zeferino Hernán Alfaro Zepeda,Empresario / Comerciante,196488.21,Alto,2024-02-28,285548.85,10,0.0,0.0,0.0,1.4532546087390752,2,0
CLI-03050,Nelly Hernandes Zayas,Jubilado,9034.66,Bajo,2025-05-13,16208.78,10,0.0,0.0,0.0,1.7938678524867029,0,0
CLI-03051,Ing. Conchita Jaime,Profesionista Independiente,21448.28,Medio,2024-07-26,18151.690000000002,7,0.0,0.0,0.0,0.8462610399976132,0,0
CLI-03052,Arcelia Laboy Soria,Estudiante,6932.83,Bajo,2024-03-30,9409.14,7,0.0,0.0,0.0,1.3569902925223145,0,0
CLI-03053,Óliver Urías Campos,Jubilado,13797.32,Bajo,2023-06-14,9429.39,5,0.0,0.0,0.0,0.6833723235872193,0,0
CLI-03054,Sra. Delia Alcala,Empleado Sector Privado,18771.17,Medio,2023-07-09,16178.880000000001,7,0.0,0.0,0.0,0.8618545431881345,0,0
CLI-03055,Cristal Paredes Menéndez,Estudiante,4756.21,Bajo,2024-04-29,5930.28,8,0.0,0.0,0.0,1.2465878109227888,0,0
CLI-03056,Frida Otero Almanza,Desempleado,3459.24,Alto,2025-03-16,2278.29,4,0.0,0.0,0.0,0.6584196471921023,0,0
CLI-03057,Francisca Pelayo,Estudiante,2024.66,Bajo,2024-12-12,1661.56,3,0.0,0.0,0.0,0.8202561140566531,0,0
CLI-03058,Gerónimo Abelardo Echeverría Arguello,Estudiante,6122.31,Bajo,2025-05-31,4007.93,6,0.0,0.0,0.0,0.6545365170144904,0,0
CLI-03059,Alfredo Vega Sáenz,Jubilado,16334.38,Bajo,2024-05-10,7537.219999999999,3,0.0,0.0,0.0,0.4614046321542566,0,0
CLI-03060,Lic. Miguel Ángel Caraballo,Profesionista Independiente,36009.42,Medio,2025-07-16,22096.79,4,0.0,0.0,0.0,0.6136221127107099,0,0
CLI-03061,Daniel Teodoro Valenzuela,Estudiante,2618.62,Bajo,2025-07-07,2002.94,3,0.0,0.0,0.0,0.7645918110260267,0,0
CLI-03062,Socorro Carreón,Desempleado,2982.22,Alto,2025-01-10,2107.86,4,0.0,0.0,0.0,0.706572093241531,0,0
CLI-03063,Gerónimo Berríos Arreola,Estudiante,5465.36,Bajo,2024-05-03,1217.7,3,0.0,0.0,0.0,0.22276249643272675,0,0
CLI-03064,Amalia Ortiz,Profesionista Independiente,43748.29,Medio,2026-05-14,29825.8,4,0.0,0.0,0.0,0.6817436351538505,0,0
CLI-03065,Eugenia Emilia de la Fuente Quintanilla,Empleado Sector Privado,22589.05,Medio,2023-09-10,29858.28,6,0.0,0.0,0.0,1.321744750454293,0,0
CLI-03066,Ana Luisa Adriana Delgado,Empleado Sector Privado,21456.72,Medio,2025-07-08,36332.83,10,0.0,0.0,0.0,1.693228823938424,0,0
CLI-03067,Caridad Delia Santana,Jubilado,9148.95,Bajo,2024-07-19,8289.48,6,0.0,0.0,0.0,0.9059590489565515,0,0
CLI-03068,Sra. Fabiola Rendón,Empresario / Comerciante,184224.81,Alto,2024-10-13,290749.16000000003,10,0.0,0.0,0.0,1.5782216400622695,2,0
CLI-03069,Laura Rivera,Profesionista Independiente,21719.43,Medio,2023-06-19,20782.32,6,0.0,0.0,0.0,0.9568097869148999,0,0
CLI-03070,Samuel Pablo Bustos Zarate,Profesionista Independiente,20150.72,Medio,2025-03-01,22152.3,8,0.0,0.0,0.0,1.0992758930751318,0,0
CLI-03071,Hugo Piña,Jubilado,12275.13,Bajo,2025-12-15,8355.58,5,0.0,0.0,0.0,0.6806363243139328,0,0
CLI-03072,Pamela Linda Ramírez,Estudiante,3239.46,Bajo,2026-01-28,2950.5,6,0.0,0.0,0.0,0.9105188769495689,0,0
CLI-03073,Mónica Abril Escamilla Jaramillo,Profesionista Independiente,39721.45,Medio,2024-09-22,40676.58,8,0.0,0.0,0.0,1.024019918207462,0,0
CLI-03074,Srita. Itzel Cintrón,Profesionista Independiente,21370.06,Medio,2024-09-21,20439.83,6,0.0,0.0,0.0,0.9564256522605804,0,0
CLI-03075,María Cristina Antonia Saucedo Rivas,Desempleado,3216.01,Alto,2024-12-04,5917.88,10,0.0,0.0,0.0,1.8395590936925903,0,1
CLI-03076,Cristian Lomeli Castillo,Jubilado,8182.73,Bajo,2025-12-23,9783.310000000001,9,0.0,0.0,0.0,1.195458550074355,0,0
CLI-03077,Dr. Jacobo Godínez,Estudiante,3868.27,Bajo,2023-10-27,1984.79,4,0.0,0.0,0.0,0.5129623934230488,0,0
CLI-03078,Victoria Valencia,Profesionista Independiente,39325.97,Medio,2024-10-25,11430.65,3,0.0,0.0,0.0,0.29065676811612995,0,0
CLI-03079,Asunción Nevárez,Estudiante,2780.44,Bajo,2026-05-31,2463.38,4,0.0,0.0,0.0,0.8856491601472619,0,0
CLI-03080,Hugo Salazar Reyna,Empresario / Comerciante,230658.48,Alto,2025-03-04,207145.87,5,0.0,0.0,0.0,0.8980592083186869,2,0
CLI-03081,Lorenzo Fernando Abreu Anaya,Estudiante,2635.56,Bajo,2024-07-17,2371.41,5,0.0,0.0,0.0,0.8994333525502928,0,0
CLI-03082,Lic. Zacarías Valladares,Estudiante,2516.72,Bajo,2025-04-14,3431.62,8,0.0,0.0,0.0,1.3629871471013457,0,0
CLI-03083,Alvaro Octavio Quesada Valdez,Empresario / Comerciante,85796.6,Alto,2025-08-09,118669.22,10,0.0,0.0,0.0,1.3831298311374676,2,0
CLI-03084,Gilberto Rentería,Jubilado,16586.59,Bajo,2025-04-05,10508.74,5,0.0,0.0,0.0,0.6335302476128238,0,0
CLI-03085,Alejandra Eva Laboy Vanegas,Desempleado,3344.7,Alto,2025-07-19,2188.94,4,0.0,0.0,0.0,0.6542547150073229,0,0
CLI-03086,Srita. Nayeli Preciado,Desempleado,1783.35,Alto,2024-01-27,2173.35,7,0.0,0.0,0.0,1.2180065570095553,0,0
CLI-03087,Benito Julio César Acosta Duarte,Profesionista Independiente,29059.83,Medio,2026-02-01,26610.519999999997,5,0.0,0.0,0.0,0.9156834130339703,0,0
CLI-03088,Bianca Cristal Galindo Orellana,Empleado Sector Privado,35525.66,Medio,2026-02-21,45494.1,8,0.0,0.0,0.0,1.2805622594412194,0,0
CLI-03089,Lic. Magdalena Verduzco,Desempleado,3237.2,Alto,2025-01-16,4091.94,10,0.0,0.0,0.0,1.2636464702612564,0,0
CLI-03090,Ing. Bernardo Urías,Estudiante,7842.09,Bajo,2024-01-27,9349.33,7,0.0,0.0,0.0,1.1920467570817115,0,0
CLI-03091,Lic. Salvador Tamez,Empresario / Comerciante,163557.86,Alto,2026-05-19,117396.68,5,0.0,0.0,0.0,0.7177641125647366,2,0
CLI-03092,Carlota Puente,Estudiante,6877.11,Bajo,2025-04-23,4303.98,3,0.0,0.0,0.0,0.6257503878245623,0,0
CLI-03093,Camilo de la Torre Rentería,Desempleado,1873.1,Alto,2023-10-13,1792.53,5,0.0,0.0,0.0,0.956475108051865,0,0
CLI-03094,Juan Rascón,Empresario / Comerciante,112078.34,Alto,2025-07-29,54419.92,3,0.0,0.0,0.0,0.4855481839918044,0,0
CLI-03095,Adán Farías,Desempleado,2840.86,Alto,2023-08-26,1807.74,6,0.0,0.0,0.0,0.6361115607383896,0,0
CLI-03096,Srita. Abril Peres,Empresario / Comerciante,144109.17,Alto,2025-05-30,121683.66,5,0.0,0.0,0.0,0.8443794077822543,2,0
CLI-03097,Guillermina Velázquez,Empleado Sector Privado,16742.82,Medio,2024-07-18,11891.69,3,0.0,0.0,0.0,0.7102136788379235,0,0
CLI-03098,Marco Antonio Gabino Elizondo,Jubilado,8354.69,Bajo,2024-01-28,12885.699999999999,10,0.0,0.0,0.0,1.5421467287560928,0,0
CLI-03099,Leticia Guajardo,Profesionista Independiente,32643.46,Medio,2023-09-25,28318.600000000002,5,0.0,0.0,0.0,0.8674856315589231,0,0
CLI-03100,Javier Nicolás Arreola,Desempleado,3669.06,Alto,2023-07-23,4503.15,8,0.0,0.0,0.0,1.2269962888890098,0,0
CLI-03101,Rafaél José Manuél Santiago Peralta,Profesionista Independiente,50495.04,Medio,2024-09-13,82330.71,10,0.0,0.0,0.0,1.6304389413506486,0,0
CLI-03102,Ricardo Alemán Almaraz,Profesionista Independiente,35397.74,Medio,2024-08-24,40112.26,5,0.0,0.0,0.0,1.1331550219019095,0,0
CLI-03103,Olivia Villaseñor Escobar,Estudiante,2392.19,Bajo,2024-12-01,2726.87,8,0.0,0.0,0.0,1.139428963015891,0,0
CLI-03104,Cristal Sandra Salcedo,Estudiante,4108.64,Bajo,2024-11-28,5434.78,7,0.0,0.0,0.0,1.3224467349938192,0,0
CLI-03105,Evelio Pascual Sandoval Trejo,Empresario / Comerciante,219153.25,Alto,2025-08-04,289573.99,9,0.0,0.0,0.0,1.3213250028233539,2,0
CLI-03106,Jacobo Esteban Orta Rael,Profesionista Independiente,49557.37,Medio,2026-05-22,66184.87,10,0.0,0.0,0.0,1.3354932779266144,0,0
CLI-03107,José Luis Pascual Arenas Sierra,Jubilado,12470.82,Bajo,2025-12-25,8269.77,7,0.0,0.0,0.0,0.6630764395252658,0,0
CLI-03108,José Emilio Jerónimo Cantú,Jubilado,6338.12,Bajo,2025-07-01,6405.59,8,0.0,0.0,0.0,1.0104856825553075,0,0
CLI-03109,Dolores Montalvo,Desempleado,3187.03,Alto,2023-10-13,1844.99,3,0.0,0.0,0.0,0.5787241650800024,0,0
CLI-03110,Blanca Valentín Aguilera,Profesionista Independiente,40026.74,Medio,2025-03-31,46716.89,9,0.0,0.0,0.0,1.1671128572335085,0,0
CLI-03111,Karina Lilia Velasco Vega,Estudiante,6754.59,Bajo,2024-06-15,2186.54,3,0.0,0.0,0.0,0.32366381026675684,0,0
CLI-03112,Dr. Rodolfo de Jesús,Jubilado,10992.67,Bajo,2026-01-07,14550.25,9,0.0,0.0,0.0,1.3235116207781388,0,0
CLI-03113,Raquel Zelaya Enríquez,Jubilado,10374.74,Bajo,2023-08-19,13724.73,8,0.0,0.0,0.0,1.322771195114758,0,0
CLI-03114,Bernardo Rodolfo Jáquez Rosario,Jubilado,8167.98,Bajo,2026-02-25,6038.65,4,0.0,0.0,0.0,0.7392171360439125,0,0
CLI-03115,José Carlos Avilés Jimínez,Empleado Sector Privado,44138.43,Medio,2024-06-04,55494.85,9,0.0,0.0,0.0,1.2572624974994013,0,0
CLI-03116,Lic. Benjamín Aguayo,Empresario / Comerciante,63211.99,Alto,2024-02-09,31126.39,3,0.0,0.0,0.0,0.49240496296726355,0,0
CLI-03117,Cecilia Rebeca Martínez Armas,Empleado Sector Privado,38859.22,Medio,2024-07-03,50990.05,7,0.0,0.0,0.0,1.3121400239113417,0,0
CLI-03118,Eduardo Pablo Rivero,Jubilado,10604.93,Bajo,2026-01-09,11411.17,6,0.0,0.0,0.0,1.0759235635158821,0,0
CLI-03119,Lic. Camila Alarcón,Empresario / Comerciante,163442.24,Alto,2025-12-30,89810.89,4,0.0,0.0,0.0,0.5494928392266331,2,0
CLI-03120,Lic. Jacobo Gaitán,Profesionista Independiente,39503.71,Medio,2024-08-16,47598.61,9,0.0,0.0,0.0,1.2048844302362933,0,0
CLI-03121,Dr. José Carlos Barreto,Empleado Sector Privado,17711.82,Medio,2025-08-07,29646.84,8,0.0,0.0,0.0,1.6737504248335386,0,0
CLI-03122,Perla Miranda,Desempleado,311.58,Alto,2024-02-04,389.14,4,0.0,0.0,0.0,1.2449292980996864,0,0
CLI-03123,Sr. Jonás Valle,Desempleado,2296.75,Alto,2025-07-15,1281.65,5,0.0,0.0,0.0,0.5577847894679578,0,0
CLI-03124,Emilio Razo Escobar,Empresario / Comerciante,72864.57,Alto,2025-01-19,37073.05,3,0.0,0.0,0.0,0.5087869346249538,0,0
CLI-03125,Srita. Carla Jurado,Jubilado,11017.81,Bajo,2025-11-27,6252.51,4,0.0,0.0,0.0,0.5674396781503629,0,0
CLI-03126,Ana Ramírez,Jubilado,6269.5,Bajo,2026-02-27,6543.73,7,0.0,0.0,0.0,1.0435738776812056,0,0
CLI-03127,Dr. Martín Sanabria,Empresario / Comerciante,85234.8,Alto,2026-05-02,66935.95,4,0.0,0.0,0.0,0.7853032411263811,0,0
CLI-03128,Rebeca Nancy Caraballo,Empresario / Comerciante,63921.53,Alto,2026-01-19,46914.979999999996,4,0.0,0.0,0.0,0.7339349678431063,0,0
CLI-03129,Eloy Benito Zedillo Sevilla,Estudiante,6113.05,Bajo,2026-01-09,2989.6800000000003,4,0.0,0.0,0.0,0.48898520620537944,0,0
CLI-03130,Modesto Vanegas,Jubilado,15027.46,Bajo,2023-12-28,13728.41,7,0.0,0.0,0.0,0.9134941304697887,0,0
CLI-03131,Alta  Gracia Laura Garibay Abreu,Empresario / Comerciante,115481.65,Alto,2026-02-04,183172.31,10,0.0,0.0,0.0,1.5861457110656882,2,0
CLI-03132,Claudio Juan Carlos Caballero del Río,Desempleado,2640.66,Alto,2023-10-04,1369.88,3,0.0,0.0,0.0,0.5185678702028271,0,0
CLI-03133,Srita. Dulce María Baca,Estudiante,3305.67,Bajo,2026-01-14,2345.43,4,0.0,0.0,0.0,0.7093027123964593,0,0
CLI-03134,Angélica Úrsula Sauceda Guardado,Empleado Sector Privado,41279.63,Medio,2024-08-25,44116.9,7,0.0,0.0,0.0,1.0687070425039542,0,0
CLI-03135,Víctor Madrigal,Desempleado,3239.36,Alto,2025-08-08,4322.85,6,0.0,0.0,0.0,1.3340647335481244,0,0
CLI-03136,Iván Terrazas Ulibarri,Empleado Sector Privado,33809.09,Medio,2025-11-21,36507.65,7,0.0,0.0,0.0,1.0797856497867946,0,0
CLI-03137,Luz Sofía Cintrón Gracia,Empresario / Comerciante,156251.16,Alto,2024-10-28,113350.42000000001,6,0.0,0.0,0.0,0.7254326596189135,2,0
CLI-03138,José Carlos Martín Quesada Díaz,Empresario / Comerciante,173114.43,Alto,2024-01-29,201326.55,7,0.0,0.0,0.0,1.1629613258621718,2,0
CLI-03139,Abraham Bueno,Empresario / Comerciante,89133.32,Alto,2025-01-26,109021.08,9,0.0,0.0,0.0,1.2231100209212342,0,0
CLI-03140,Gloria Yuridia Jaime,Desempleado,3509.7,Alto,2023-11-09,1356.49,4,0.0,0.0,0.0,0.38638733016207594,0,0
CLI-03141,María del Carmen Lorena Cruz,Profesionista Independiente,40662.44,Medio,2024-11-05,41997.64,6,0.0,0.0,0.0,1.0328108000700382,0,0
CLI-03142,Soledad Zoé Solorzano Castañeda,Desempleado,1218.2,Alto,2026-05-23,2386.21,9,0.0,0.0,0.0,1.9571932414698163,0,1
CLI-03143,Ing. Soledad Merino,Empresario / Comerciante,193558.24,Alto,2026-02-01,119825.59,5,0.0,0.0,0.0,0.6190641686751819,2,0
CLI-03144,Josefina Benítez Valle,Profesionista Independiente,59563.02,Medio,2025-05-31,78868.25,8,0.0,0.0,0.0,1.3240921281001519,0,0
CLI-03145,Elisa Florencia Santiago,Jubilado,5105.55,Bajo,2024-07-04,8239.22,10,0.0,0.0,0.0,1.6134611430417796,0,0
CLI-03146,Srita. Abril Carmona,Jubilado,10254.57,Bajo,2026-04-17,15034.25,9,0.0,0.0,0.0,1.4659594737298853,0,0
CLI-03147,Ana María Sevilla Naranjo,Empleado Sector Privado,40132.67,Medio,2023-12-13,54024.14,7,0.0,0.0,0.0,1.3461051531046127,0,0
CLI-03148,Ing. Liliana Colunga,Estudiante,4215.34,Bajo,2023-10-12,8467.87,9,0.0,0.0,0.0,2.0083461011208774,0,1
CLI-03149,Daniela Paulina Altamirano Bravo,Jubilado,17582.69,Bajo,2024-08-21,19198.57,5,0.0,0.0,0.0,1.0918396536790629,0,0
CLI-03150,Dra. Cynthia Peres,Estudiante,6220.12,Bajo,2023-11-09,12215.68,10,0.0,0.0,0.0,1.9635821202613035,0,1
CLI-03151,Ing. Martha Santana,Profesionista Independiente,19936.42,Medio,2024-09-30,27536.95,10,0.0,0.0,0.0,1.3811691783590858,0,0
CLI-03152,Dr. Timoteo Medina,Profesionista Independiente,53955.58,Medio,2026-04-15,55427.34,6,0.0,0.0,0.0,1.0272582139194144,0,0
CLI-03153,Bianca Catalina Núñez Rolón,Empleado Sector Privado,26246.61,Medio,2024-01-14,30170.54,9,0.0,0.0,0.0,1.1494585602270073,0,0
CLI-03154,Esparta Frida Ramos,Jubilado,10125.49,Bajo,2024-01-01,19457.98,10,0.0,0.0,0.0,1.9214930346052779,0,1
CLI-03155,Paola Ángela Alba,Profesionista Independiente,47029.81,Medio,2024-11-07,21752.43,4,0.0,0.0,0.0,0.4625144665805246,0,0
CLI-03156,Daniel Gustavo Montez Ramón,Empresario / Comerciante,126313.01,Alto,2025-01-13,183425.57,10,0.0,0.0,0.0,1.4521395528492842,2,0
CLI-03157,Celia Salazar Peralta,Jubilado,7745.81,Bajo,2023-06-26,9867.1,10,0.0,0.0,0.0,1.2736984642711,0,0
CLI-03158,Laura Zamora,Empleado Sector Privado,27670.76,Medio,2025-09-23,18451.19,5,0.0,0.0,0.0,0.6667877287169302,0,0
CLI-03159,Armando Gregorio García,Empleado Sector Privado,30328.91,Medio,2025-02-09,52805.96,10,0.0,0.0,0.0,1.7410523143655883,0,0
CLI-03160,Guillermina Jimínez,Profesionista Independiente,52798.32,Medio,2025-05-26,74618.21,7,0.0,0.0,0.0,1.413241875084755,0,0
CLI-03161,Esperanza Dalia Mireles,Empleado Sector Privado,21519.54,Medio,2024-10-09,11627.85,3,0.0,0.0,0.0,0.5403140441643193,0,0
CLI-03162,Eugenio Alonzo Benavides,Desempleado,502.2,Alto,2023-06-24,938.0,8,0.0,0.0,0.0,1.8640699523052464,0,1
CLI-03163,Dr. Abel Lovato,Estudiante,2430.48,Bajo,2025-06-18,2420.79,7,0.0,0.0,0.0,0.9956035007485153,0,0
CLI-03164,Judith Graciela Macías Navarrete,Estudiante,2863.98,Bajo,2026-03-18,870.64,4,0.0,0.0,0.0,0.30389042855447507,0,0
CLI-03165,Ing. Samuel Peralta,Empresario / Comerciante,181585.34,Alto,2024-08-10,152721.86,6,0.0,0.0,0.0,0.8410426687381881,2,0
CLI-03166,Úrsula Segura,Empleado Sector Privado,14793.89,Medio,2026-02-07,20841.76,10,0.0,0.0,0.0,1.4087134138881734,0,0
CLI-03167,Sr. Julio César Uribe,Desempleado,3223.77,Alto,2026-05-16,1369.91,3,0.0,0.0,0.0,0.4248085910002884,0,0
CLI-03168,Lorenzo Arias de la Rosa,Empresario / Comerciante,228716.49,Alto,2026-05-12,206487.53,5,0.0,0.0,0.0,0.9028060337668099,2,0
CLI-03169,Lourdes Ofelia Paz Iglesias,Desempleado,2417.72,Alto,2026-01-30,1789.12,5,0.0,0.0,0.0,0.7396970298339618,0,0
CLI-03170,Marisela Sonia Trujillo Guerrero,Empresario / Comerciante,174649.7,Alto,2024-08-15,300367.05,10,0.0,0.0,0.0,1.7198158953843299,2,0
CLI-03171,Verónica Ponce Hinojosa,Empresario / Comerciante,151882.98,Alto,2025-08-24,140580.91,5,0.0,0.0,0.0,0.925580894048207,2,0
CLI-03172,Mariano Alejandro Alcaraz Escobedo,Jubilado,15660.93,Bajo,2024-08-25,11126.16,4,0.0,0.0,0.0,0.7103952067210108,0,0
CLI-03173,Guadalupe Carolina Granado Perea,Empresario / Comerciante,121061.45,Alto,2024-06-06,104327.76,4,0.0,0.0,0.0,0.8617681205030957,2,0
CLI-03174,Humberto José Carlos Pacheco Ramírez,Empleado Sector Privado,26017.47,Medio,2023-07-16,35277.76,8,0.0,0.0,0.0,1.3558737312378475,0,0
CLI-03175,Ing. Julio Zambrano,Estudiante,5467.63,Bajo,2025-03-07,9428.369999999999,9,0.0,0.0,0.0,1.7240826312988808,0,0
CLI-03176,Pamela Caridad Mondragón Candelaria,Desempleado,947.0,Alto,2025-03-29,1494.5900000000001,8,0.0,0.0,0.0,1.5765717299578061,0,0
CLI-03177,Sra. Rocío Arevalo,Jubilado,8500.26,Bajo,2024-11-17,4497.26,3,0.0,0.0,0.0,0.5290109936644686,0,0
CLI-03178,Gloria Ozuna,Jubilado,12492.58,Bajo,2023-12-12,20804.91,9,0.0,0.0,0.0,1.665248071409476,0,0
CLI-03179,Alicia Arredondo,Estudiante,7869.4,Bajo,2025-07-30,9610.27,7,0.0,0.0,0.0,1.2210650030494004,0,0
CLI-03180,Tomás Zarate,Jubilado,11282.49,Bajo,2025-02-25,5042.59,3,0.0,0.0,0.0,0.44689985102127094,0,0
CLI-03181,José Emilio Óliver Corona Delgadillo,Profesionista Independiente,20092.4,Medio,2024-08-13,11485.079999999998,3,0.0,0.0,0.0,0.5715846994535517,0,0
CLI-03182,Abel Eduardo Báez Peralta,Empresario / Comerciante,242347.55,Alto,2026-04-19,267080.5,8,0.0,0.0,0.0,1.102051157310411,2,0
CLI-03183,Miguel Ángel Borrego Robledo,Estudiante,2852.52,Bajo,2026-05-11,2096.02,4,0.0,0.0,0.0,0.7345383946844599,0,0
CLI-03184,Leonor Violeta Farías,Desempleado,2105.63,Alto,2023-10-02,3246.08,9,0.0,0.0,0.0,1.5408875787395033,0,0
CLI-03185,Lucía Araceli Perea,Profesionista Independiente,35922.13,Medio,2024-09-05,54201.03999999999,7,0.0,0.0,0.0,1.5088061647189428,0,0
CLI-03186,Rodolfo Cadena,Estudiante,5140.14,Bajo,2024-06-02,7534.82,9,0.0,0.0,0.0,1.4655932341854139,0,0
CLI-03187,Lic. Graciela Garay,Jubilado,6149.8,Bajo,2025-08-28,7081.83,7,0.0,0.0,0.0,1.1513673018143982,0,0
CLI-03188,Bernardo Arriaga Sáenz,Empresario / Comerciante,176132.57,Alto,2025-09-09,123765.28,7,0.0,0.0,0.0,0.7026785410640345,2,0
CLI-03189,Alma Estévez,Desempleado,3841.64,Alto,2026-03-09,7029.22,10,0.0,0.0,0.0,1.8292684196281723,0,1
CLI-03190,Rebeca Teresa Ayala,Estudiante,6104.44,Bajo,2026-02-10,5707.04,6,0.0,0.0,0.0,0.934746717681281,0,0
CLI-03191,Barbara Verónica Casares Ortega,Jubilado,15375.28,Bajo,2024-01-17,21709.61,10,0.0,0.0,0.0,1.4118896117916686,0,0
CLI-03192,Mónica Rivera,Profesionista Independiente,42586.76,Medio,2024-12-18,48053.6,7,0.0,0.0,0.0,1.1283429792973378,0,0
CLI-03193,Ricardo Rodolfo Jiménez Batista,Profesionista Independiente,39076.5,Medio,2024-04-04,53585.43,10,0.0,0.0,0.0,1.371260443989508,0,0
CLI-03194,Raquel Rebeca de la Garza,Estudiante,4813.21,Bajo,2024-01-04,4428.51,5,0.0,0.0,0.0,0.9198830129969403,0,0
CLI-03195,Pamela Chacón,Jubilado,16778.72,Bajo,2024-11-21,23294.4,8,0.0,0.0,0.0,1.3882472413127276,0,0
CLI-03196,Lic. Evelio Villareal,Jubilado,14539.59,Bajo,2025-06-20,31361.48,10,0.0,0.0,0.0,2.1568230725163144,0,1
CLI-03197,Lic. Ana Mondragón,Empresario / Comerciante,120582.91,Alto,2025-09-18,50803.59,4,0.0,0.0,0.0,0.4213131751989133,0,0
CLI-03198,Natividad Barela Soria,Profesionista Independiente,28014.38,Medio,2024-05-05,42940.05,9,0.0,0.0,0.0,1.5327313068750095,0,0
CLI-03199,Maximiliano Omar Loya Cornejo,Estudiante,6170.31,Bajo,2026-05-08,5521.82,7,0.0,0.0,0.0,0.894756542776169,0,0
CLI-03200,Berta Rodrígez,Jubilado,14742.53,Bajo,2024-06-13,3357.13,4,0.0,0.0,0.0,0.22770191399210366,0,0
CLI-03201,Verónica Esparta Beltrán,Desempleado,3140.09,Alto,2024-03-15,4543.59,10,0.0,0.0,0.0,1.4465010553661308,0,0
CLI-03202,Sr. Bernardo Cabán,Profesionista Independiente,17763.8,Medio,2024-08-13,12790.88,5,0.0,0.0,0.0,0.7200126092047194,0,0
CLI-03203,Pascual Quintana Noriega,Empresario / Comerciante,165628.22,Alto,2026-02-21,229384.26,9,0.0,0.0,0.0,1.384926282934859,2,0
CLI-03204,Sr. Aldo Polanco,Jubilado,5671.06,Bajo,2024-04-02,7897.65,10,0.0,0.0,0.0,1.392377725200368,0,0
CLI-03205,Gabino Israel Cortés,Profesionista Independiente,51400.31,Medio,2025-02-25,50874.94,8,0.0,0.0,0.0,0.9897595995121526,0,0
CLI-03206,Raquel Rosario Mota Castellanos,Jubilado,5354.88,Bajo,2024-06-20,11159.77,10,0.0,0.0,0.0,2.0836482520146085,0,1
CLI-03207,Angélica Araceli Bueno,Empresario / Comerciante,66502.03,Alto,2023-10-18,57894.76,6,0.0,0.0,0.0,0.8705582287002562,0,0
CLI-03208,Nancy María del Carmen Urías Leiva,Jubilado,5999.21,Bajo,2024-11-23,8978.92,7,0.0,0.0,0.0,1.4964342914664654,0,0
CLI-03209,Sergio Genaro Benavides Zarate,Profesionista Independiente,26342.29,Medio,2024-09-06,49199.95,10,0.0,0.0,0.0,1.8676463721881358,0,1
CLI-03210,Abel Ferrer,Jubilado,8652.64,Bajo,2024-03-01,3776.51,3,0.0,0.0,0.0,0.4364071072982006,0,0
CLI-03211,Benito Lerma,Profesionista Independiente,15639.14,Medio,2024-01-09,23505.92,10,0.0,0.0,0.0,1.502922608109646,0,0
CLI-03212,Paulina Arce Córdova,Estudiante,5622.93,Bajo,2025-09-03,7710.49,9,0.0,0.0,0.0,1.3710145752169745,0,0
CLI-03213,Ing. Aurelio Ornelas,Jubilado,14606.57,Bajo,2024-09-18,9611.539999999999,4,0.0,0.0,0.0,0.6579834975974785,0,0
CLI-03214,Sr. Benjamín Magaña,Desempleado,1786.61,Alto,2026-01-29,1938.54,5,0.0,0.0,0.0,1.084431167872187,0,0
CLI-03215,Porfirio Bonilla,Empleado Sector Privado,20621.34,Medio,2025-08-30,13239.609999999999,4,0.0,0.0,0.0,0.6420032838174523,0,0
CLI-03216,Amador Aguirre,Desempleado,944.78,Alto,2024-07-08,735.89,4,0.0,0.0,0.0,0.7780773541415551,0,0
CLI-03217,Dra. Rosario Santana,Empleado Sector Privado,38379.28,Medio,2024-10-06,16681.23,5,0.0,0.0,0.0,0.43463023198371664,0,0
CLI-03218,Elsa Florencia Gamez Toro,Estudiante,4057.09,Bajo,2025-10-21,5846.58,9,0.0,0.0,0.0,1.4407221131123262,0,0
CLI-03219,Dr. Rolando Cadena,Estudiante,7804.07,Bajo,2024-09-03,6282.78,6,0.0,0.0,0.0,0.8049613904808028,0,0
CLI-03220,Linda Cruz,Jubilado,17141.24,Bajo,2024-07-17,6381.919999999999,3,0.0,0.0,0.0,0.3722920691811571,0,0
CLI-03221,Verónica Zarate,Empleado Sector Privado,39641.27,Medio,2024-04-20,27633.41,5,0.0,0.0,0.0,0.6970693151527398,0,0
CLI-03222,Tomás Ángel Ramos,Empresario / Comerciante,204073.56,Alto,2024-09-08,378552.72000000003,10,0.0,0.0,0.0,1.8549726139309086,2,1
CLI-03223,Carolina Cecilia Anguiano Prieto,Empleado Sector Privado,33802.02,Medio,2024-08-19,29009.45,4,0.0,0.0,0.0,0.8581910728686373,0,0
CLI-03224,Modesto Pablo Velázquez de la Rosa,Desempleado,2550.3,Alto,2023-08-15,822.59,3,0.0,0.0,0.0,0.32241994277427194,0,0
CLI-03225,José Carlos Martín Niño Urbina,Empleado Sector Privado,31065.99,Medio,2026-06-10,36669.59,8,0.0,0.0,0.0,1.1803393247945808,0,0
CLI-03226,Ignacio René Miranda,Profesionista Independiente,17444.66,Medio,2024-05-08,15909.099999999999,5,0.0,0.0,0.0,0.911923080009584,0,0
CLI-03227,Srita. Elsa Báez,Profesionista Independiente,48996.78,Medio,2024-03-07,36714.99,4,0.0,0.0,0.0,0.7493194589632428,0,0
CLI-03228,Dra. Soledad Almanza,Estudiante,2315.14,Bajo,2025-05-03,2396.17,5,0.0,0.0,0.0,1.0345531789960885,0,0
CLI-03229,Isabel Merino Pulido,Empresario / Comerciante,129748.96,Alto,2025-03-11,224788.42,9,0.0,0.0,0.0,1.7324739059649807,2,0
CLI-03230,Verónica Bianca Nieves,Profesionista Independiente,36431.98,Medio,2024-09-02,30867.579999999998,5,0.0,0.0,0.0,0.8472428003418879,0,0
CLI-03231,Ramiro José Emilio Casárez Amaya,Jubilado,8037.6,Bajo,2025-06-03,9778.79,7,0.0,0.0,0.0,1.2164792376782028,0,0
CLI-03232,Dr. Luis Miguel Riojas,Desempleado,2822.43,Alto,2024-04-22,2944.38,4,0.0,0.0,0.0,1.0428379665867404,0,0
CLI-03233,Trinidad Luna Angulo,Empresario / Comerciante,102525.03,Alto,2025-07-12,78334.70999999999,7,0.0,0.0,0.0,0.764047042492526,0,0
CLI-03234,Trinidad Ocampo,Jubilado,16313.61,Bajo,2023-08-06,23640.52,9,0.0,0.0,0.0,1.4490398483322617,0,0
CLI-03235,Lic. Hernán Ocasio,Estudiante,3732.75,Bajo,2025-02-02,7430.84,10,0.0,0.0,0.0,1.990181452962839,0,1
CLI-03236,Ana María Aguayo,Empresario / Comerciante,126400.82,Alto,2023-12-20,58592.229999999996,4,0.0,0.0,0.0,0.46353944903641414,0,0
CLI-03237,Elisa Nancy Véliz Bétancourt,Profesionista Independiente,58279.32,Medio,2026-04-12,81695.89,6,0.0,0.0,0.0,1.4017749044617462,0,0
CLI-03238,Sra. Abigail Téllez,Desempleado,3823.48,Alto,2025-04-02,4206.25,5,0.0,0.0,0.0,1.0998227209973643,0,0
CLI-03239,Dr. Rodrigo Laboy,Estudiante,7506.27,Bajo,2025-09-03,7774.9,7,0.0,0.0,0.0,1.0356494438058041,0,0
CLI-03240,Isabela Arias Luna,Desempleado,1415.31,Alto,2024-07-09,1221.69,5,0.0,0.0,0.0,0.8625865806214742,0,0
CLI-03241,Caridad Leonor Sepúlveda,Empresario / Comerciante,172097.11,Alto,2025-06-20,236388.51,10,0.0,0.0,0.0,1.373568309378877,2,0
CLI-03242,Agustín Eugenio Villarreal,Desempleado,3433.42,Alto,2024-02-07,3361.72,5,0.0,0.0,0.0,0.9788319425113993,0,0
CLI-03243,Rodrigo Lorenzo Magaña Ordóñez,Profesionista Independiente,27164.68,Medio,2025-04-24,37953.99,9,0.0,0.0,0.0,1.397130128897933,0,0
CLI-03244,Irma Munguía,Estudiante,3532.06,Bajo,2023-08-27,2592.8,5,0.0,0.0,0.0,0.7338680916825642,0,0
CLI-03245,Cristina Carmen Navarrete,Jubilado,10085.0,Bajo,2024-12-01,9160.970000000001,6,0.0,0.0,0.0,0.9082857426135238,0,0
CLI-03246,Israel Nicolás Quezada Castañeda,Desempleado,2996.36,Alto,2025-07-10,4023.01,9,0.0,0.0,0.0,1.3421844556543092,0,0
CLI-03247,Serafín Gabino Brito Alonso,Desempleado,2687.56,Alto,2025-01-20,3936.15,10,0.0,0.0,0.0,1.4640365102508406,0,0
CLI-03248,Serafín Soria,Empleado Sector Privado,29158.43,Medio,2023-12-04,45201.45,9,0.0,0.0,0.0,1.5501486140161176,0,0
CLI-03249,Mateo Hugo Serrano,Desempleado,2761.11,Alto,2023-07-24,4135.68,9,0.0,0.0,0.0,1.49729011516558,0,0
CLI-03250,Olga Sandoval Ortiz,Empleado Sector Privado,22337.9,Medio,2026-04-01,27524.18,8,0.0,0.0,0.0,1.2321188599259587,0,0
CLI-03251,María Teresa Colón Cabrera,Estudiante,6036.81,Bajo,2025-07-05,10433.95,10,0.0,0.0,0.0,1.7281017455004382,0,0
CLI-03252,Reynaldo Tello Uribe,Estudiante,2071.77,Bajo,2025-04-25,1252.47,4,0.0,0.0,0.0,0.6042493860872167,0,0
CLI-03253,Esteban Tafoya Caldera,Estudiante,5151.59,Bajo,2023-10-14,6112.38,5,0.0,0.0,0.0,1.1862733110920916,0,0
CLI-03254,María José Carreón Navarro,Desempleado,1783.77,Alto,2023-10-16,1444.94,4,0.0,0.0,0.0,0.8095945135787805,0,0
CLI-03255,Felix Cortés,Empleado Sector Privado,35933.27,Medio,2024-01-15,44468.090000000004,10,0.0,0.0,0.0,1.237484162054774,0,0
CLI-03256,Mónica Gloria Robledo,Profesionista Independiente,23688.58,Medio,2024-04-03,23370.9,6,0.0,0.0,0.0,0.9865476720144468,0,0
CLI-03257,Alta  Gracia Bernal Nava,Estudiante,5716.38,Bajo,2025-03-05,5012.72,5,0.0,0.0,0.0,0.876751239203971,0,0
CLI-03258,José María Gabriel Armendáriz Sisneros,Estudiante,7631.03,Bajo,2026-05-28,6716.17,6,0.0,0.0,0.0,0.8799978511614865,0,0
CLI-03259,Dr. Flavio Zayas,Desempleado,3575.87,Alto,2023-08-05,5617.68,9,0.0,0.0,0.0,1.5705574985951405,0,0
CLI-03260,Dra. María del Carmen Montañez,Empleado Sector Privado,43366.14,Medio,2025-07-15,40965.6,9,0.0,0.0,0.0,0.9446230486953947,0,0
CLI-03261,Gonzalo Ornelas Pacheco,Desempleado,487.16,Alto,2024-01-25,505.90000000000003,4,0.0,0.0,0.0,1.0363405440839069,0,0
CLI-03262,Miguel Roberto Rascón,Estudiante,2518.32,Bajo,2023-10-08,1893.73,3,0.0,0.0,0.0,0.7516829938237302,0,0
CLI-03263,Georgina Sofía Esquibel Aranda,Jubilado,6688.79,Bajo,2023-07-09,8710.48,8,0.0,0.0,0.0,1.3020558193904441,0,0
CLI-03264,Olivia Irma de la Crúz,Desempleado,3055.43,Alto,2024-07-31,4248.53,8,0.0,0.0,0.0,1.3900301986304282,0,0
CLI-03265,Dr. Luis Miguel Fierro,Desempleado,2264.28,Alto,2024-08-05,4389.45,10,0.0,0.0,0.0,1.937707479870038,0,1
CLI-03266,Enrique Adalberto Lemus,Empleado Sector Privado,41568.05,Medio,2025-02-03,50196.37,8,0.0,0.0,0.0,1.2075419091848383,0,0
CLI-03267,Luis Manuel Ramón,Desempleado,737.05,Alto,2024-12-31,1673.1899999999998,10,0.0,0.0,0.0,2.267041528351738,0,1
CLI-03268,Jacobo Guerra,Profesionista Independiente,36013.0,Medio,2024-01-01,49231.5,7,0.0,0.0,0.0,1.367010051646582,0,0
CLI-03269,Diana Sonia Badillo Tamayo,Estudiante,5832.68,Bajo,2025-01-22,4128.0,3,0.0,0.0,0.0,0.7076150903032048,0,0
CLI-03270,Wilfrido Hernán Valentín Portillo,Profesionista Independiente,49621.16,Medio,2024-06-26,17645.06,4,0.0,0.0,0.0,0.35558830973903593,0,0
CLI-03271,Esperanza Zaragoza Puga,Desempleado,3613.57,Alto,2024-07-12,2152.8,3,0.0,0.0,0.0,0.5955895168719931,0,0
CLI-03272,Georgina Lilia Treviño Garza,Profesionista Independiente,26580.15,Medio,2025-10-17,36140.0,7,0.0,0.0,0.0,1.3596100996382774,0,0
CLI-03273,Luis Manuel Trujillo Baca,Estudiante,3663.72,Bajo,2025-04-02,5488.74,6,0.0,0.0,0.0,1.497724246327141,0,0
CLI-03274,Porfirio Calderón,Estudiante,4296.79,Bajo,2025-04-24,3905.02,8,0.0,0.0,0.0,0.9086111699268694,0,0
CLI-03275,Renato Francisco Henríquez Castillo,Profesionista Independiente,59818.14,Medio,2026-03-15,109877.56999999999,8,0.0,0.0,0.0,1.8368296501755124,0,1
CLI-03276,Jerónimo Luis Manuel Loera Lara,Profesionista Independiente,58002.26,Medio,2023-07-12,85238.09,9,0.0,0.0,0.0,1.469539643116611,0,0
CLI-03277,Srita. Isabela Luevano,Profesionista Independiente,23006.83,Medio,2023-07-28,26023.370000000003,10,0.0,0.0,0.0,1.1310658154202287,0,0
CLI-03278,Estela Casárez Cruz,Estudiante,4950.33,Bajo,2025-10-10,6267.55,10,0.0,0.0,0.0,1.2658316048415275,0,0
CLI-03279,Jaime Holguín Rosas,Empleado Sector Privado,32139.96,Medio,2025-12-30,61287.45,10,0.0,0.0,0.0,1.9068332122002578,0,1
CLI-03280,Trinidad Guerrero Arellano,Empleado Sector Privado,33300.94,Medio,2025-02-02,41656.14,6,0.0,0.0,0.0,1.2508622620784253,0,0
CLI-03281,Dra. Ruby Bermúdez,Estudiante,2863.24,Bajo,2025-06-17,2288.77,5,0.0,0.0,0.0,0.7990845739183868,0,0
CLI-03282,Estela Lomeli Leyva,Empresario / Comerciante,93677.3,Alto,2025-03-07,154960.98,9,0.0,0.0,0.0,1.654182238576063,2,0
CLI-03283,Ernesto Lucas Cazares,Desempleado,425.0,Alto,2024-08-09,1153.95,10,0.0,0.0,0.0,2.7088028169014087,0,1
CLI-03284,Lic. Enrique de Jesús,Empresario / Comerciante,193080.06,Alto,2025-04-03,303214.23,10,0.0,0.0,0.0,1.5703986191084718,2,0
CLI-03285,Ramiro Fernández Patiño,Estudiante,2209.17,Bajo,2025-01-24,1081.74,3,0.0,0.0,0.0,0.489437464086473,0,0
CLI-03286,Adalberto Montenegro Aguirre,Estudiante,5428.07,Bajo,2025-12-30,5080.64,5,0.0,0.0,0.0,0.9358214206116334,0,0
CLI-03287,Esteban Lorenzo Flórez,Profesionista Independiente,49975.67,Medio,2025-11-10,52028.61,7,0.0,0.0,0.0,1.0410579576430363,0,0
CLI-03288,Renato Cristobal Otero Aguirre,Estudiante,7379.07,Bajo,2024-11-21,8882.3,9,0.0,0.0,0.0,1.203552269829419,0,0
CLI-03289,Wilfrido Homero Gaona Granados,Empleado Sector Privado,33544.56,Medio,2023-09-03,43798.41,9,0.0,0.0,0.0,1.305639554087039,0,0
CLI-03290,Ing. Marcos Fajardo,Estudiante,7597.36,Bajo,2025-07-29,7498.91,5,0.0,0.0,0.0,0.9869116493559137,0,0
CLI-03291,Pilar Ochoa,Desempleado,1561.94,Alto,2025-08-30,1808.3799999999999,7,0.0,0.0,0.0,1.1570373782742778,0,0
CLI-03292,Darío Camacho Cepeda,Empleado Sector Privado,35101.82,Medio,2025-07-19,35406.5,5,0.0,0.0,0.0,1.0086511568016472,0,0
CLI-03293,Pascual José Eduardo Vega Treviño,Empresario / Comerciante,164928.05,Alto,2026-04-23,69980.36,3,0.0,0.0,0.0,0.42430584545293876,2,0
CLI-03294,Francisco Javier Barreto Munguía,Jubilado,14198.87,Bajo,2024-12-22,22076.14,10,0.0,0.0,0.0,1.5546719793913606,0,0
CLI-03295,Vicente Gerardo Rojas Pabón,Empresario / Comerciante,145627.89,Alto,2024-04-23,176106.28,8,0.0,0.0,0.0,1.209281207870224,2,0
CLI-03296,Rosario Solorio,Empresario / Comerciante,218809.83,Alto,2024-01-24,386635.72,10,0.0,0.0,0.0,1.7669862136165746,2,0
CLI-03297,Rebeca Vela Villa,Estudiante,5240.77,Bajo,2024-03-08,3350.85,3,0.0,0.0,0.0,0.6392592578461092,0,0
CLI-03298,Clemente Varela,Estudiante,4306.54,Bajo,2024-10-19,7859.97,10,0.0,0.0,0.0,1.8247004090501773,0,0
CLI-03299,Pascual Tovar,Desempleado,3271.91,Alto,2024-03-01,4852.6,9,0.0,0.0,0.0,1.4826561072562339,0,0
CLI-03300,Indira Oquendo,Empresario / Comerciante,74240.73,Alto,2024-09-24,154671.87,10,0.0,0.0,0.0,2.0833548733306726,2,1
CLI-03301,Gregorio Zelaya,Jubilado,17155.55,Bajo,2026-02-14,26578.2,8,0.0,0.0,0.0,1.5491576103587261,0,0
CLI-03302,Amalia Berríos Pabón,Profesionista Independiente,30004.79,Medio,2025-12-21,21629.65,5,0.0,0.0,0.0,0.7208492094359122,0,0
CLI-03303,Srita. Concepción Tamayo,Profesionista Independiente,33027.67,Medio,2024-06-05,20903.75,5,0.0,0.0,0.0,0.6328971163537618,0,0
CLI-03304,Miriam Oquendo,Desempleado,3988.06,Alto,2025-09-05,2524.14,4,0.0,0.0,0.0,0.6327656139541646,0,0
CLI-03305,Angélica Ángela Saavedra Valle,Desempleado,362.67,Alto,2023-07-29,428.21000000000004,4,0.0,0.0,0.0,1.1774685841559656,0,0
CLI-03306,Rodrigo Nieto Jurado,Jubilado,16093.45,Bajo,2025-08-05,9060.86,7,0.0,0.0,0.0,0.5629804062891245,0,0
CLI-03307,Miguel Ángel Marcos Moya,Profesionista Independiente,18620.56,Medio,2024-08-12,10015.46,4,0.0,0.0,0.0,0.5378421571554691,0,0
CLI-03308,Alberto Federico Carrero Marrero,Empresario / Comerciante,202090.62,Alto,2023-09-29,82865.73,3,0.0,0.0,0.0,0.41004040642556083,2,0
CLI-03309,Mercedes Noelia Tafoya,Profesionista Independiente,44150.67,Medio,2023-10-01,30217.8,4,0.0,0.0,0.0,0.6844089929101209,0,0
CLI-03310,Sr. Mauricio Barrios,Empleado Sector Privado,30297.69,Medio,2024-02-03,14541.47,4,0.0,0.0,0.0,0.4799372514125198,0,0
CLI-03311,Karla Burgos Llamas,Empresario / Comerciante,182146.82,Alto,2025-11-07,107739.8,5,0.0,0.0,0.0,0.5914965109107537,2,0
CLI-03312,Nayeli Trinidad Domínguez Anguiano,Profesionista Independiente,46314.7,Medio,2025-07-30,51956.85,8,0.0,0.0,0.0,1.1217977921093711,0,0
CLI-03313,Jorge Luis Portillo,Estudiante,5783.7,Bajo,2024-08-02,1996.74,3,0.0,0.0,0.0,0.34517606790326205,0,0
CLI-03314,Carla Luz Palomo Ordóñez,Profesionista Independiente,36892.66,Medio,2025-11-18,47352.96,9,0.0,0.0,0.0,1.2834985740097349,0,0
CLI-03315,Estela Figueroa Arriaga,Desempleado,1751.93,Alto,2026-05-31,1460.35,5,0.0,0.0,0.0,0.8330908821230738,0,0
CLI-03316,Fabiola Casillas Meléndez,Empleado Sector Privado,16618.12,Medio,2024-03-23,14743.73,4,0.0,0.0,0.0,0.8871546748564304,0,0
CLI-03317,Lic. Óliver Lerma,Empleado Sector Privado,12837.03,Medio,2023-11-05,8221.03,6,0.0,0.0,0.0,0.6403653831623699,0,0
CLI-03318,Santiago Ignacio Niño,Jubilado,8100.31,Bajo,2024-05-27,8352.28,8,0.0,0.0,0.0,1.0309789404429655,0,0
CLI-03319,Octavio Raúl Ceballos,Empresario / Comerciante,62598.53,Alto,2025-01-12,100317.02,10,0.0,0.0,0.0,1.6025203384114866,0,0
CLI-03320,Yuridia Padrón Mora,Jubilado,13364.3,Bajo,2026-05-26,7468.27,5,0.0,0.0,0.0,0.5587805735748543,0,0
CLI-03321,Enrique Luis Manuel Molina,Empresario / Comerciante,156788.01,Alto,2024-03-18,178466.4,7,0.0,0.0,0.0,1.1382583511433613,2,0
CLI-03322,Ricardo Castro,Empresario / Comerciante,243314.83,Alto,2025-07-27,171064.08000000002,3,0.0,0.0,0.0,0.7030536402008863,2,0
CLI-03323,Marcos Jaime,Estudiante,2222.26,Bajo,2025-12-29,3554.73,10,0.0,0.0,0.0,1.5988818221890375,0,0
CLI-03324,Gabriel Aranda Valdés,Estudiante,4026.31,Bajo,2025-09-30,5430.24,6,0.0,0.0,0.0,1.3483541122982834,0,0
CLI-03325,Andrés de la Fuente Muñoz,Desempleado,171.26,Alto,2024-05-25,419.88,6,0.0,0.0,0.0,2.437478230581679,0,1
CLI-03326,Diana Rocío Espino,Estudiante,3270.07,Bajo,2023-08-24,4700.27,6,0.0,0.0,0.0,1.4369212520673664,0,0
CLI-03327,Diana Abrego Ocasio,Desempleado,2669.27,Alto,2024-09-28,3814.08,7,0.0,0.0,0.0,1.4283499421406824,0,0
CLI-03328,Cristobal Jorge Quezada,Empresario / Comerciante,238017.96,Alto,2023-11-30,115937.88,5,0.0,0.0,0.0,0.4870951456976369,2,0
CLI-03329,Estefanía María Elena Abreu,Jubilado,6936.4,Bajo,2023-07-29,4091.56,3,0.0,0.0,0.0,0.5897829157897772,0,0
CLI-03330,Lic. Cristal Cortés,Jubilado,8028.81,Bajo,2025-08-29,3925.22,5,0.0,0.0,0.0,0.4888309935104317,0,0
CLI-03331,Sr. Martín Garza,Estudiante,2221.27,Bajo,2024-07-16,2921.48,7,0.0,0.0,0.0,1.3146377352886913,0,0
CLI-03332,Jos Segovia,Empleado Sector Privado,28133.53,Medio,2026-04-29,29251.12,10,0.0,0.0,0.0,1.0396875298787647,0,0
CLI-03333,Eloy Pelayo,Estudiante,4827.32,Bajo,2024-08-14,1666.48,3,0.0,0.0,0.0,0.34514696623256125,0,0
CLI-03334,Leticia Vélez,Jubilado,5595.42,Bajo,2023-06-22,6332.780000000001,5,0.0,0.0,0.0,1.1315769724216553,0,0
CLI-03335,Rubén Julio Godoy,Desempleado,2595.15,Alto,2024-02-24,1578.01,3,0.0,0.0,0.0,0.6078269745584808,0,0
CLI-03336,Angélica Perea Alvarez,Estudiante,3033.49,Bajo,2023-07-19,3701.4700000000003,7,0.0,0.0,0.0,1.2197997027507095,0,0
CLI-03337,Dr. Ignacio Ocampo,Estudiante,7427.97,Bajo,2026-01-14,4778.67,4,0.0,0.0,0.0,0.6432479872714522,0,0
CLI-03338,Pedro Luis Amador Salas,Estudiante,4737.11,Bajo,2023-06-23,1429.72,3,0.0,0.0,0.0,0.3017490096262012,0,0
CLI-03339,Karina Nayeli Malave,Empleado Sector Privado,39566.62,Medio,2024-07-09,48678.81,10,0.0,0.0,0.0,1.2302688410371914,0,0
CLI-03340,Elisa Ybarra,Estudiante,6906.8,Bajo,2024-04-11,7600.2,8,0.0,0.0,0.0,1.1002345175019543,0,0
CLI-03341,Lic. Eduardo Barragán,Estudiante,2685.08,Bajo,2026-03-03,3345.26,6,0.0,0.0,0.0,1.2454059447224208,0,0
CLI-03342,Abelardo Solís,Jubilado,15389.28,Bajo,2025-12-24,16771.46,8,0.0,0.0,0.0,1.0897436563857186,0,0
CLI-03343,Sr. César Saiz,Empleado Sector Privado,14082.63,Medio,2026-02-20,24559.91,10,0.0,0.0,0.0,1.7438622002992128,0,0
CLI-03344,Juana Carla Estévez,Empleado Sector Privado,26064.98,Medio,2026-02-01,45060.43,8,0.0,0.0,0.0,1.7287065362591394,0,0
CLI-03345,Alfredo Arevalo,Desempleado,2713.59,Alto,2023-10-11,3400.46,6,0.0,0.0,0.0,1.2526606227828143,0,0
CLI-03346,Víctor Alonso Cotto,Profesionista Independiente,20436.11,Medio,2024-01-05,7146.59,3,0.0,0.0,0.0,0.34968691757298365,0,0
CLI-03347,Esther Cortés Merino,Desempleado,2303.87,Alto,2024-03-16,3396.4,9,0.0,0.0,0.0,1.4735755161896333,0,0
CLI-03348,Hernán Joaquín Gaitán,Empleado Sector Privado,22612.47,Medio,2024-05-05,36488.12,10,0.0,0.0,0.0,1.6135568756144016,0,0
CLI-03349,Lic. Germán Casárez,Empleado Sector Privado,37219.52,Medio,2023-10-21,45003.380000000005,7,0.0,0.0,0.0,1.2091013236784443,0,0
CLI-03350,Mauro Gutiérrez,Jubilado,7254.82,Bajo,2024-01-01,12547.710000000001,9,0.0,0.0,0.0,1.7293303858144222,0,0
CLI-03351,Estela Caridad Pacheco Suárez,Estudiante,2724.47,Bajo,2025-03-22,3926.22,10,0.0,0.0,0.0,1.440566214267631,0,0
CLI-03352,Rubén Ordóñez,Empleado Sector Privado,36999.15,Medio,2024-09-26,46269.92,9,0.0,0.0,0.0,1.2505333086487487,0,0
CLI-03353,Lic. Juana Valdés,Empleado Sector Privado,34977.76,Medio,2025-09-09,16705.91,5,0.0,0.0,0.0,0.47760155019789147,0,0
CLI-03354,Úrsula Almaraz,Jubilado,7145.08,Bajo,2023-06-27,7357.45,7,0.0,0.0,0.0,1.0295784542014643,0,0
CLI-03355,Ricardo Felipe Caballero,Empleado Sector Privado,42547.29,Medio,2025-03-07,50077.0,10,0.0,0.0,0.0,1.1769450664174752,0,0
CLI-03356,Guadalupe Marcela Ferrer Alcala,Estudiante,2800.23,Bajo,2025-09-07,3576.81,9,0.0,0.0,0.0,1.2768712315661335,0,0
CLI-03357,Sandra Eugenia Macías Crespo,Desempleado,2449.77,Alto,2025-07-10,2896.08,9,0.0,0.0,0.0,1.181702077306316,0,0
CLI-03358,Lic. Alfredo Cervantes,Empleado Sector Privado,12515.8,Medio,2024-04-22,10781.57,4,0.0,0.0,0.0,0.861367921513486,0,0
CLI-03359,Mitzy Sosa,Empresario / Comerciante,66144.52,Alto,2025-05-14,52361.82,6,0.0,0.0,0.0,0.7916155168180702,0,0
CLI-03360,Emiliano Evelio Almonte Aguayo,Estudiante,3076.48,Bajo,2025-08-14,2609.95,5,0.0,0.0,0.0,0.8480802474752069,0,0
CLI-03361,Ing. Sergio Pedroza,Estudiante,6240.45,Bajo,2025-03-07,6218.51,6,0.0,0.0,0.0,0.996324572014516,0,0
CLI-03362,Clara Arenas Alba,Jubilado,16529.9,Bajo,2024-02-14,22717.24,9,0.0,0.0,0.0,1.3742288683616741,0,0
CLI-03363,Estela Montenegro,Empresario / Comerciante,188700.71,Alto,2025-01-31,62295.65,3,0.0,0.0,0.0,0.33012763901291625,2,0
CLI-03364,Blanca Olga Zavala Casares,Empresario / Comerciante,188471.67,Alto,2024-08-14,68409.70999999999,3,0.0,0.0,0.0,0.3629688590924084,2,0
CLI-03365,Emiliano Alonso Niño,Empleado Sector Privado,16721.9,Medio,2025-03-05,25131.0,8,0.0,0.0,0.0,1.502789587930323,0,0
CLI-03366,Socorro Montes,Profesionista Independiente,38538.91,Medio,2025-12-07,32598.21,9,0.0,0.0,0.0,0.845829946151924,0,0
CLI-03367,Celia Benavides,Empresario / Comerciante,97850.75,Alto,2023-10-04,88029.90000000001,7,0.0,0.0,0.0,0.8996251983229734,0,0
CLI-03368,Federico Echeverría,Empleado Sector Privado,32147.75,Medio,2024-01-30,32314.18,6,0.0,0.0,0.0,1.0051457677203623,0,0
CLI-03369,Modesto Felipe Colunga Aragón,Estudiante,5577.63,Bajo,2024-09-30,5366.29,5,0.0,0.0,0.0,0.9619368913156097,0,0
CLI-03370,Rodolfo Abraham Sánchez,Desempleado,1999.55,Alto,2024-05-23,879.89,3,0.0,0.0,0.0,0.43982404838669364,0,0
CLI-03371,Dra. Marisol Escobar,Estudiante,5763.15,Bajo,2023-07-18,2437.58,3,0.0,0.0,0.0,0.42288628852476084,0,0
CLI-03372,Carmen Eva Garica,Profesionista Independiente,30653.41,Medio,2025-09-02,39865.18,10,0.0,0.0,0.0,1.3004712861868815,0,0
CLI-03373,Sr. Agustín Tello,Estudiante,5346.26,Bajo,2026-02-02,7013.04,8,0.0,0.0,0.0,1.3115202926358545,0,0
CLI-03374,Agustín Palacios,Empleado Sector Privado,15877.76,Medio,2023-09-17,26078.370000000003,10,0.0,0.0,0.0,1.6423429789227875,0,0
CLI-03375,Rodolfo Omar Segovia,Jubilado,17698.29,Bajo,2024-07-21,32334.23,10,0.0,0.0,0.0,1.8268659364302182,0,0
CLI-03376,Guillermo Zeferino Aguayo,Jubilado,9704.72,Bajo,2026-04-07,8884.86,6,0.0,0.0,0.0,0.9154251307476418,0,0
CLI-03377,Ing. Elena Suárez,Jubilado,11598.03,Bajo,2026-04-30,14831.869999999999,10,0.0,0.0,0.0,1.2787164099066903,0,0
CLI-03378,Marcos Guillermo Urías Arreola,Empresario / Comerciante,204066.26,Alto,2026-03-31,207081.72,8,0.0,0.0,0.0,1.0147718943254298,2,0
CLI-03379,Luis Genaro Gaitán,Desempleado,832.43,Alto,2025-04-21,908.73,5,0.0,0.0,0.0,1.0903495194557433,0,0
CLI-03380,Wilfrido Velázquez Blanco,Estudiante,3162.31,Bajo,2023-07-01,2859.77,6,0.0,0.0,0.0,0.9040435493201742,0,0
CLI-03381,Sandra Caridad Fernández Valladares,Empleado Sector Privado,34613.04,Medio,2026-04-01,33732.78,5,0.0,0.0,0.0,0.9745403888133254,0,0
CLI-03382,Micaela Elisa Lozada Aguilar,Empresario / Comerciante,149502.97,Alto,2023-11-01,109278.48999999999,3,0.0,0.0,0.0,0.7309403890746178,2,0
CLI-03383,Cynthia Sepúlveda,Empleado Sector Privado,34114.71,Medio,2025-11-11,41150.3,7,0.0,0.0,0.0,1.2061979656879487,0,0
CLI-03384,Silvano Samuel Benítez Meza,Estudiante,2324.17,Bajo,2025-07-24,2686.86,6,0.0,0.0,0.0,1.1555542175410831,0,0
CLI-03385,Ing. Iván Briseño,Profesionista Independiente,27827.9,Medio,2026-06-02,31468.600000000002,7,0.0,0.0,0.0,1.1307884968503965,0,0
CLI-03386,Amelia Yolanda Paredes Tapia,Empresario / Comerciante,100276.36,Alto,2024-03-09,155963.6,8,0.0,0.0,0.0,1.5553221584612917,2,0
CLI-03387,Aldonza Sofía Tello,Jubilado,15467.0,Bajo,2025-05-24,22166.1,9,0.0,0.0,0.0,1.4330294802172225,0,0
CLI-03388,Ernesto Gustavo Chavarría,Empresario / Comerciante,58663.5,Alto,2024-04-06,72050.3,7,0.0,0.0,0.0,1.2281754723896054,0,0
CLI-03389,Sessa Quiñónez Véliz,Desempleado,209.83,Alto,2026-02-28,565.4,7,0.0,0.0,0.0,2.6817815301427688,0,1
CLI-03390,Lorena Elisa Montez Olivas,Jubilado,7286.54,Bajo,2026-01-19,6103.52,5,0.0,0.0,0.0,0.8375281645109324,0,0
CLI-03391,Pablo Badillo Ortega,Estudiante,4910.37,Bajo,2024-12-09,7831.66,9,0.0,0.0,0.0,1.5945978413355133,0,0
CLI-03392,Dr. Porfirio Alba,Estudiante,2425.16,Bajo,2023-07-28,3541.53,9,0.0,0.0,0.0,1.4597264813532498,0,0
CLI-03393,Teodoro Leonel Lara de Anda,Empleado Sector Privado,35806.3,Medio,2025-07-17,32746.84,6,0.0,0.0,0.0,0.9145297188003563,0,0
CLI-03394,Cristobal Madrid Trejo,Jubilado,12536.9,Bajo,2024-03-17,8561.82,4,0.0,0.0,0.0,0.6828751226281913,0,0
CLI-03395,Eduardo Samuel Orozco,Empresario / Comerciante,89750.28,Alto,2024-10-03,120518.42,8,0.0,0.0,0.0,1.3428044703095041,2,0
CLI-03396,Cornelio Armenta,Desempleado,3593.49,Alto,2024-01-23,3899.1800000000003,6,0.0,0.0,0.0,1.0847658499536792,0,0
CLI-03397,Alvaro Rolando Cortez,Empleado Sector Privado,37706.18,Medio,2023-06-29,15302.44,3,0.0,0.0,0.0,0.4058229758894725,0,0
CLI-03398,Ing. Maximiliano Jaimes,Profesionista Independiente,25250.19,Medio,2025-08-21,12726.16,3,0.0,0.0,0.0,0.5039825845831425,0,0
CLI-03399,Homero Carrasco Coronado,Empleado Sector Privado,36345.68,Medio,2024-08-17,22648.47,4,0.0,0.0,0.0,0.623123487482213,0,0
CLI-03400,Elias Óscar Polanco Gómez,Empleado Sector Privado,24392.57,Medio,2025-06-19,33403.46,8,0.0,0.0,0.0,1.3693551210421435,0,0
CLI-03401,Reina Amelia Quiroz Anguiano,Empleado Sector Privado,14426.48,Medio,2024-12-05,14878.96,8,0.0,0.0,0.0,1.031293060187919,0,0
CLI-03402,Ing. Margarita Pizarro,Jubilado,11297.3,Bajo,2025-01-31,21278.6,9,0.0,0.0,0.0,1.8833452820335803,0,1
CLI-03403,Ing. Luis Manuel Tejada,Empresario / Comerciante,78988.25,Alto,2025-11-02,64481.78999999999,4,0.0,0.0,0.0,0.8163362736068515,0,0
CLI-03404,Ilse Hermelinda Lara Fernández,Jubilado,10914.88,Bajo,2026-04-07,8726.3,5,0.0,0.0,0.0,0.7994133317698618,0,0
CLI-03405,Julia Emilia Pérez,Empresario / Comerciante,124697.02,Alto,2024-05-21,89843.35,5,0.0,0.0,0.0,0.7204873822375046,2,0
CLI-03406,Jerónimo Felix Almaraz,Empresario / Comerciante,193964.24,Alto,2023-10-26,271238.11,10,0.0,0.0,0.0,1.3983851436473875,2,0
CLI-03407,Leonardo Samaniego,Desempleado,1434.36,Alto,2023-08-11,1406.63,6,0.0,0.0,0.0,0.9799841154832238,0,0
CLI-03408,Jerónimo Roberto Vallejo,Profesionista Independiente,24099.49,Medio,2026-02-10,20193.66,7,0.0,0.0,0.0,0.8378941672970134,0,0
CLI-03409,Carla Lourdes Durán Estrada,Empleado Sector Privado,13059.12,Medio,2025-04-02,14292.74,8,0.0,0.0,0.0,1.094380449796786,0,0
CLI-03410,Óscar Quintana Aragón,Jubilado,5775.47,Bajo,2023-08-10,3232.28,4,0.0,0.0,0.0,0.5595597311160623,0,0
CLI-03411,Lorenzo Blanco Aragón,Empleado Sector Privado,15666.61,Medio,2024-10-12,21555.06,10,0.0,0.0,0.0,1.3757720545762884,0,0
CLI-03412,Raquel Henríquez Adame,Empresario / Comerciante,141715.78,Alto,2023-10-31,89115.85,6,0.0,0.0,0.0,0.628830615541787,2,0
CLI-03413,Beatriz Lourdes Bonilla,Empleado Sector Privado,37091.21,Medio,2025-09-19,15573.96,4,0.0,0.0,0.0,0.4198714500969341,0,0
CLI-03414,Esteban Aparicio Olmos,Empleado Sector Privado,41251.5,Medio,2024-04-25,42855.61,7,0.0,0.0,0.0,1.0388609175201504,0,0
CLI-03415,Francisca Isabela Ramírez,Jubilado,7038.25,Bajo,2026-04-12,6146.09,4,0.0,0.0,0.0,0.8731171644706468,0,0
CLI-03416,Dr. Eloy del Valle,Desempleado,3811.04,Alto,2024-07-21,2489.66,4,0.0,0.0,0.0,0.6531043745606027,0,0
CLI-03417,Ing. Vicente Matías,Empleado Sector Privado,31078.01,Medio,2024-09-14,46158.2,9,0.0,0.0,0.0,1.4851888782815155,0,0
CLI-03418,Rolando Romero,Jubilado,16115.05,Bajo,2023-12-16,9731.14,4,0.0,0.0,0.0,0.6038166920554354,0,0
CLI-03419,Ing. Nancy Tórrez,Estudiante,4470.18,Bajo,2025-04-11,2568.27,3,0.0,0.0,0.0,0.5744054142306952,0,0
CLI-03420,Wilfrido Mateo Hidalgo,Jubilado,11359.77,Bajo,2025-07-08,10297.04,8,0.0,0.0,0.0,0.9063681423002139,0,0
CLI-03421,Pedro Víctor Salas,Empleado Sector Privado,31522.17,Medio,2024-02-12,22113.21,5,0.0,0.0,0.0,0.7014906812988668,0,0
CLI-03422,Silvano Israel Muñoz Nava,Empresario / Comerciante,105834.18,Alto,2025-11-01,57632.47,4,0.0,0.0,0.0,0.5445492699119518,0,0
CLI-03423,Sofía Frida Vanegas,Desempleado,1712.44,Alto,2023-12-21,1248.43,3,0.0,0.0,0.0,0.7286102810719955,0,0
CLI-03424,Silvia Elisa Aguilera Leal,Empleado Sector Privado,20178.44,Medio,2025-03-04,8415.58,3,0.0,0.0,0.0,0.41703734097675654,0,0
CLI-03425,Ing. Luis Perales,Empresario / Comerciante,165893.41,Alto,2023-07-14,103897.17,6,0.0,0.0,0.0,0.6262849363037609,2,0
CLI-03426,Dra. Caridad Palomo,Jubilado,17301.28,Bajo,2024-10-14,19748.09,7,0.0,0.0,0.0,1.1413576707809607,0,0
CLI-03427,Gerónimo Murillo,Jubilado,16677.27,Bajo,2025-01-17,19340.49,10,0.0,0.0,0.0,1.1596220711140905,0,0
CLI-03428,Adela Terrazas,Empresario / Comerciante,246036.81,Alto,2025-05-01,168429.58000000002,4,0.0,0.0,0.0,0.6845678719055417,2,0
CLI-03429,Sofía María del Carmen Villa Espino,Estudiante,7947.64,Bajo,2024-08-04,9169.02,6,0.0,0.0,0.0,1.1535331830350852,0,0
CLI-03430,Sra. Olivia Villaseñor,Desempleado,3074.43,Alto,2025-11-11,1654.5300000000002,4,0.0,0.0,0.0,0.5379833063994304,0,0
CLI-03431,Alfonso Julio Colunga,Estudiante,4554.19,Bajo,2024-12-04,5419.889999999999,7,0.0,0.0,0.0,1.189827427615533,0,0
CLI-03432,José María Alfredo Peres Guzmán,Empresario / Comerciante,145853.87,Alto,2026-02-11,96218.29000000001,5,0.0,0.0,0.0,0.6596851376988647,2,0
CLI-03433,Raúl Isaac Ybarra Aguilera,Desempleado,3285.17,Alto,2026-01-22,3307.65,5,0.0,0.0,0.0,1.0065364847223364,0,0
CLI-03434,Lic. Mauricio Esparza,Empresario / Comerciante,149057.01,Alto,2023-12-08,185936.74,8,0.0,0.0,0.0,1.247411930428965,2,0
CLI-03435,Alejandra María Elena Barrios Sandoval,Estudiante,5350.92,Bajo,2024-06-18,8180.96,10,0.0,0.0,0.0,1.5286028191751746,0,0
CLI-03436,Leonardo Tello Luna,Estudiante,6158.96,Bajo,2024-10-27,5756.29,6,0.0,0.0,0.0,0.9344687303164306,0,0
CLI-03437,Elias Ricardo Sanches,Empresario / Comerciante,239986.78,Alto,2024-05-05,186608.91999999998,4,0.0,0.0,0.0,0.7775767582832759,2,0
CLI-03438,Conchita Flores,Empleado Sector Privado,23827.39,Medio,2024-08-30,18320.65,7,0.0,0.0,0.0,0.768858072240718,0,0
CLI-03439,Dra. Martha Lucero,Empleado Sector Privado,33372.13,Medio,2023-08-08,67136.6,9,0.0,0.0,0.0,2.0116962358640023,0,1
CLI-03440,Angélica Tania Almanza,Estudiante,2095.58,Bajo,2025-09-05,2312.4700000000003,8,0.0,0.0,0.0,1.1029724599109028,0,0
CLI-03441,Lic. Abril Tamez,Desempleado,1219.35,Alto,2026-04-20,1604.72,8,0.0,0.0,0.0,1.3149670176588686,0,0
CLI-03442,Esperanza Malave Rosales,Desempleado,1837.13,Alto,2025-11-21,3279.68,9,0.0,0.0,0.0,1.7842481217324127,0,0
CLI-03443,Carlota Elsa Soria Robledo,Jubilado,14714.73,Bajo,2024-04-02,13651.39,5,0.0,0.0,0.0,0.927673312842788,0,0
CLI-03444,María Eugenia Itzel Martínez Brito,Estudiante,7858.52,Bajo,2023-10-22,7225.63,6,0.0,0.0,0.0,0.9193474919587964,0,0
CLI-03445,Sara Palacios,Empresario / Comerciante,204367.0,Alto,2023-12-21,83763.77,3,0.0,0.0,0.0,0.40986734713849526,2,0
CLI-03446,Lourdes Serna,Desempleado,1621.44,Alto,2023-09-10,3309.25,10,0.0,0.0,0.0,2.039674810778827,0,1
CLI-03447,Antonio Oquendo,Profesionista Independiente,43206.49,Medio,2023-09-29,47322.96,10,0.0,0.0,0.0,1.0952489950237794,0,0
CLI-03448,Iván Luis Miguel Salcido Nazario,Desempleado,2533.61,Alto,2025-01-10,3744.08,9,0.0,0.0,0.0,1.477181893861383,0,0
CLI-03449,Hugo Modesto Castillo Gollum,Desempleado,282.79,Alto,2023-11-28,270.07,3,0.0,0.0,0.0,0.9516543923323584,0,0
CLI-03450,Zacarías Echeverría,Desempleado,1331.62,Alto,2024-01-01,2084.94,8,0.0,0.0,0.0,1.5645420299860426,0,0
CLI-03451,Itzel Pizarro Reséndez,Estudiante,3779.54,Bajo,2025-02-15,5343.38,10,0.0,0.0,0.0,1.4133906796383586,0,0
CLI-03452,Eloy del Río Corrales,Profesionista Independiente,46412.47,Medio,2025-03-18,25291.61,5,0.0,0.0,0.0,0.544919610621658,0,0
CLI-03453,Alonso José Manuél de la O,Jubilado,12051.66,Bajo,2025-11-19,17767.12,10,0.0,0.0,0.0,1.4741243841608407,0,0
CLI-03454,Srita. Asunción Guerra,Empleado Sector Privado,37993.83,Medio,2024-09-05,54849.96,9,0.0,0.0,0.0,1.4436164078112732,0,0
CLI-03455,René Teodoro Cantú Dávila,Estudiante,5722.73,Bajo,2024-05-16,1988.53,3,0.0,0.0,0.0,0.34741855398490146,0,0
CLI-03456,Dulce Minerva Muñiz Gaytán,Profesionista Independiente,48109.24,Medio,2025-11-12,63977.799999999996,7,0.0,0.0,0.0,1.3298166876739754,0,0
CLI-03457,Silvia Rosa Sisneros Chapa,Estudiante,5088.42,Bajo,2023-11-20,6599.75,8,0.0,0.0,0.0,1.296758766224835,0,0
CLI-03458,Concepción Mayte Viera,Desempleado,1455.96,Alto,2025-10-30,496.85,3,0.0,0.0,0.0,0.3410182846474852,0,0
CLI-03459,Amanda Ivonne Bañuelos Saucedo,Estudiante,2665.8,Bajo,2025-02-14,3099.61,8,0.0,0.0,0.0,1.162295635218239,0,0
CLI-03460,Adriana Alba,Profesionista Independiente,35940.88,Medio,2025-01-25,52216.7,7,0.0,0.0,0.0,1.4528093689033517,0,0
CLI-03461,Lic. Jerónimo Segovia,Estudiante,4193.43,Bajo,2024-01-03,7388.79,9,0.0,0.0,0.0,1.7615718941548673,0,0
CLI-03462,Verónica Noemí Zavala,Empleado Sector Privado,33389.7,Medio,2023-12-15,26035.75,6,0.0,0.0,0.0,0.7797305836655117,0,0
CLI-03463,Emiliano Javier Valdés Jáquez,Desempleado,268.02,Alto,2025-06-12,900.52,10,0.0,0.0,0.0,3.3474091145639733,0,1
CLI-03464,Ernesto Alejandro Llamas,Desempleado,3094.3,Alto,2024-08-05,4168.110000000001,8,0.0,0.0,0.0,1.3465932219817143,0,0
CLI-03465,Celia Romero,Empleado Sector Privado,44381.3,Medio,2023-08-25,91991.81,10,0.0,0.0,0.0,2.072713897206769,0,1
CLI-03466,Amalia Micaela Acosta Pedraza,Empleado Sector Privado,29807.92,Medio,2025-05-05,20510.29,4,0.0,0.0,0.0,0.6880588092423342,0,0
CLI-03467,Arturo Gilberto Montes,Desempleado,1913.97,Alto,2024-12-13,578.26,3,0.0,0.0,0.0,0.30196817704716,0,0
CLI-03468,Serafín Gerónimo Solís,Jubilado,16324.71,Bajo,2023-08-07,18516.86,8,0.0,0.0,0.0,1.1342146834655278,0,0
CLI-03469,Jacinto Roque,Desempleado,839.18,Alto,2024-02-28,1033.24,6,0.0,0.0,0.0,1.2297840938846438,0,0
CLI-03470,Fidel José Manuél Tórrez,Desempleado,3043.54,Alto,2024-11-04,1921.35,3,0.0,0.0,0.0,0.631080557325573,0,0
CLI-03471,Srita. Adela Cabán,Profesionista Independiente,30872.03,Medio,2025-10-31,39232.12,9,0.0,0.0,0.0,1.2707570329183757,0,0
CLI-03472,Abel Tomás Angulo,Profesionista Independiente,37660.47,Medio,2025-11-01,10003.71,3,0.0,0.0,0.0,0.2656218676541303,0,0
CLI-03473,Rodrigo Montemayor Centeno,Empresario / Comerciante,105429.07,Alto,2023-08-28,94226.67,6,0.0,0.0,0.0,0.893736198790345,2,0
CLI-03474,Ing. Antonio Caldera,Estudiante,4236.88,Bajo,2025-09-03,6804.97,10,0.0,0.0,0.0,1.6057486290314968,0,0
CLI-03475,Lucía Navarro,Empresario / Comerciante,147245.38,Alto,2024-03-22,215862.75,7,0.0,0.0,0.0,1.465996990893766,2,0
CLI-03476,Zeferino Caballero Cardona,Jubilado,15784.28,Bajo,2023-07-17,27580.53,10,0.0,0.0,0.0,1.7472309645441828,0,0
CLI-03477,Esperanza Zaragoza Mayorga,Empresario / Comerciante,191965.06,Alto,2024-05-18,189595.03,8,0.0,0.0,0.0,0.9876487020674384,2,0
CLI-03478,Ángela Mónica Caldera,Desempleado,3301.52,Alto,2023-06-30,1730.46,4,0.0,0.0,0.0,0.5239816867119654,0,0
CLI-03479,Lic. Eric Maestas,Profesionista Independiente,35339.03,Medio,2026-05-13,39552.09,7,0.0,0.0,0.0,1.1191866560384922,0,0
CLI-03480,Alvaro Raúl Granados Quiroz,Profesionista Independiente,50995.67,Medio,2024-07-12,35573.76,4,0.0,0.0,0.0,0.6975702531165271,0,0
CLI-03481,Genaro Modesto Zúñiga,Desempleado,3235.18,Alto,2023-10-29,1774.47,3,0.0,0.0,0.0,0.5483224048106101,0,0
CLI-03482,Alejandro Espinoza Santana,Estudiante,3130.12,Bajo,2024-03-24,2068.44,3,0.0,0.0,0.0,0.6606070671197527,0,0
CLI-03483,Amelia Abril Fonseca,Empresario / Comerciante,67461.75,Alto,2026-01-12,78256.43,7,0.0,0.0,0.0,1.1599946637218315,0,0
CLI-03484,Esmeralda Tania Espinal,Empresario / Comerciante,229589.17,Alto,2024-09-13,103543.78,3,0.0,0.0,0.0,0.45099396023793176,2,0
CLI-03485,Ángel Leonardo Mayorga,Profesionista Independiente,58121.54,Medio,2025-05-31,81024.12,10,0.0,0.0,0.0,1.3940223534621852,0,0
CLI-03486,Gloria Gallardo,Estudiante,2656.19,Bajo,2025-07-15,4434.11,8,0.0,0.0,0.0,1.6687214689201748,0,0
CLI-03487,Abelardo Solano,Profesionista Independiente,20041.11,Medio,2025-09-13,13444.29,3,0.0,0.0,0.0,0.6708021261234471,0,0
CLI-03488,Jonás Barajas,Empleado Sector Privado,28378.85,Medio,2024-02-13,39629.56,9,0.0,0.0,0.0,1.3963977963238001,0,0
CLI-03489,Olivia Ana María Lebrón Rendón,Empleado Sector Privado,29182.69,Medio,2025-02-01,19899.46,5,0.0,0.0,0.0,0.6818692221579931,0,0
CLI-03490,Omar Nicolás Bermúdez Nevárez,Desempleado,90.76,Alto,2023-06-19,325.85,5,0.0,0.0,0.0,3.551111595466434,0,1
CLI-03491,María Rubio Suárez,Empresario / Comerciante,243914.92,Alto,2025-06-28,288698.31,7,0.0,0.0,0.0,1.1835976511906232,2,0
CLI-03492,Patricio Duarte,Jubilado,17112.38,Bajo,2023-11-10,29129.879999999997,8,0.0,0.0,0.0,1.7021698811105694,0,0
CLI-03493,Gilberto Rafaél Lira Alfaro,Empresario / Comerciante,119340.05,Alto,2026-03-19,172254.11000000002,8,0.0,0.0,0.0,1.4433768598483088,2,0
CLI-03494,Aldo Arroyo Menchaca,Empresario / Comerciante,197541.85,Alto,2023-11-26,159500.07,7,0.0,0.0,0.0,0.8074201116365386,2,0
CLI-03495,Lorenzo Oswaldo Alba,Estudiante,3749.1,Bajo,2026-02-26,4492.3,8,0.0,0.0,0.0,1.1979147222740727,0,0
CLI-03496,Helena Jaimes Zaragoza,Estudiante,2132.22,Bajo,2026-03-18,3921.38,9,0.0,0.0,0.0,1.838244531740749,0,1
CLI-03497,Vicente Óscar Carmona,Empleado Sector Privado,39553.27,Medio,2024-03-29,25548.940000000002,8,0.0,0.0,0.0,0.6459211609770578,0,0
CLI-03498,Isaac Miguel Brito,Jubilado,13380.74,Bajo,2026-03-26,3081.9700000000003,4,0.0,0.0,0.0,0.2303116037226848,0,0
CLI-03499,Enrique Isaac de Jesús,Empresario / Comerciante,165740.92,Alto,2023-10-07,118005.57,6,0.0,0.0,0.0,0.7119838481417374,2,0
CLI-03500,Salvador Luis Manuel Correa Santillán,Desempleado,2584.2,Alto,2024-06-12,2888.79,5,0.0,0.0,0.0,1.1174338542472537,0,0
CLI-03501,Micaela Segovia,Profesionista Independiente,36876.68,Medio,2024-10-15,42008.34,8,0.0,0.0,0.0,1.139126430946849,0,0
CLI-03502,Héctor Héctor Rael,Desempleado,2787.45,Alto,2024-11-07,4547.4,9,0.0,0.0,0.0,1.6307984722695403,0,0
CLI-03503,Luis Manuel Quintana Aranda,Jubilado,10788.33,Bajo,2025-08-04,9331.25,8,0.0,0.0,0.0,0.8648590783672387,0,0
CLI-03504,Lic. Rolando Elizondo,Profesionista Independiente,40526.32,Medio,2026-03-19,10121.71,3,0.0,0.0,0.0,0.2497502919018578,0,0
CLI-03505,Rosalia Elsa Hernádez Duarte,Profesionista Independiente,22728.17,Medio,2024-12-14,9736.15,3,0.0,0.0,0.0,0.4283548409378785,0,0
CLI-03506,Zacarías Barraza Navarrete,Profesionista Independiente,25205.19,Medio,2024-01-15,34935.44,9,0.0,0.0,0.0,1.3859865374338607,0,0
CLI-03507,María Cristina Reynoso,Profesionista Independiente,58682.58,Medio,2026-05-11,55408.58,5,0.0,0.0,0.0,0.9441922254913555,0,0
CLI-03508,Sara Sessa Concepción Sandoval,Estudiante,2890.03,Bajo,2026-02-05,3613.84,6,0.0,0.0,0.0,1.2500181596178523,0,0
CLI-03509,Srita. Karina Zedillo,Profesionista Independiente,35516.69,Medio,2024-07-01,22688.61,4,0.0,0.0,0.0,0.6387974555777698,0,0
CLI-03510,Nancy Cervántez Santiago,Empleado Sector Privado,32414.8,Medio,2026-05-05,16692.81,4,0.0,0.0,0.0,0.5149590631728972,0,0
CLI-03511,Jos Cristobal Vela Mares,Empleado Sector Privado,35489.8,Medio,2025-12-22,26989.15,4,0.0,0.0,0.0,0.76045482209474,0,0
CLI-03512,Lic. Tania Lira,Profesionista Independiente,23202.62,Medio,2026-04-17,30016.97,10,0.0,0.0,0.0,1.2936330624273282,0,0
CLI-03513,Gabriela María Villanueva Soliz,Empleado Sector Privado,39697.95,Medio,2024-02-04,23473.769999999997,4,0.0,0.0,0.0,0.5912944800807074,0,0
CLI-03514,María del Carmen Valdés,Desempleado,3618.84,Alto,2023-11-15,3134.48,4,0.0,0.0,0.0,0.8659167256011315,0,0
CLI-03515,Hermelinda Ocasio,Empleado Sector Privado,17321.41,Medio,2025-03-01,33754.04,9,0.0,0.0,0.0,1.9485764394215355,0,1
CLI-03516,José Luis Bernardo Laureano Alva,Estudiante,2246.91,Bajo,2025-12-10,4023.2200000000003,10,0.0,0.0,0.0,1.7897602662028287,0,0
CLI-03517,Aldo Orellana,Profesionista Independiente,40853.63,Medio,2026-06-06,30112.94,7,0.0,0.0,0.0,0.7370753327101481,0,0
CLI-03518,Ana María Mónica Cuellar,Empresario / Comerciante,102081.44,Alto,2023-06-26,105517.0,6,0.0,0.0,0.0,1.03364496381552,2,0
CLI-03519,José Mercado Borrego,Empleado Sector Privado,18770.13,Medio,2024-04-27,22250.629999999997,7,0.0,0.0,0.0,1.1853644399671195,0,0
CLI-03520,Ana María Elvia Hernandes Sánchez,Desempleado,138.76,Alto,2023-12-15,457.13,6,0.0,0.0,0.0,3.27082140812822,0,1
CLI-03521,Víctor Ángel Verdugo Ibarra,Profesionista Independiente,59011.02,Medio,2023-10-13,70909.05,9,0.0,0.0,0.0,1.2016035038285422,0,0
CLI-03522,Ana Luisa Gallegos Haro,Empleado Sector Privado,24306.19,Medio,2025-12-18,16001.810000000001,4,0.0,0.0,0.0,0.6583159139332848,0,0
CLI-03523,Micaela Bermúdez Gurule,Jubilado,17681.05,Bajo,2023-12-12,29162.13,9,0.0,0.0,0.0,1.6492505111115512,0,0
CLI-03524,Samuel Javier Quiroz Cervántez,Jubilado,8920.28,Bajo,2025-03-03,9400.0,7,0.0,0.0,0.0,1.053660461279099,0,0
CLI-03525,Juana Indira Matos,Estudiante,4427.37,Bajo,2024-09-25,5050.53,8,0.0,0.0,0.0,1.1404941321524624,0,0
CLI-03526,Georgina Cabrera,Empresario / Comerciante,203703.63,Alto,2024-11-25,274378.45999999996,7,0.0,0.0,0.0,1.3469426787206553,2,0
CLI-03527,Agustín Sisneros Quintero,Empresario / Comerciante,235562.26,Alto,2023-07-07,99102.26,3,0.0,0.0,0.0,0.42070338133374446,2,0
CLI-03528,Jorge Luis Antonio Vaca Cabrera,Empleado Sector Privado,12141.71,Medio,2025-01-13,9241.43,4,0.0,0.0,0.0,0.761068163531864,0,0
CLI-03529,Miguel Meléndez,Desempleado,2184.58,Alto,2023-12-12,3047.48,9,0.0,0.0,0.0,1.3943575618371324,0,0
CLI-03530,Darío Naranjo,Jubilado,9306.65,Bajo,2024-03-06,8829.98,7,0.0,0.0,0.0,0.9486798493712162,0,0
CLI-03531,Sr. Jorge Quiroz,Desempleado,1182.23,Alto,2024-09-19,1239.4299999999998,5,0.0,0.0,0.0,1.0474971053810331,0,0
CLI-03532,Karina Francisca Burgos,Profesionista Independiente,58632.25,Medio,2023-11-07,107563.02,10,0.0,0.0,0.0,1.8345055066877582,0,1
CLI-03533,Lic. Benito Armenta,Jubilado,13669.54,Bajo,2025-11-04,18243.0,9,0.0,0.0,0.0,1.3344754486655244,0,0
CLI-03534,Cynthia Tejada Patiño,Jubilado,14471.07,Bajo,2026-01-07,12037.5,6,0.0,0.0,0.0,0.8317745837326658,0,0
CLI-03535,Ángela Leonor Hurtado,Empresario / Comerciante,117736.89,Alto,2023-08-31,74104.69,6,0.0,0.0,0.0,0.6294039242592169,2,0
CLI-03536,Esperanza Margarita Lozada Jaimes,Estudiante,6389.84,Bajo,2025-08-24,6559.39,8,0.0,0.0,0.0,1.0263736848364222,0,0
CLI-03537,Sr. Serafín Narváez,Estudiante,2836.54,Bajo,2025-09-09,2963.97,8,0.0,0.0,0.0,1.0445562000888093,0,0
CLI-03538,Angélica Treviño Urrutia,Jubilado,6519.39,Bajo,2025-07-08,4034.4700000000003,6,0.0,0.0,0.0,0.6187467314071704,0,0
CLI-03539,Srita. Dulce Cardenas,Estudiante,4409.78,Bajo,2025-03-31,6802.78,9,0.0,0.0,0.0,1.5423077097474824,0,0
CLI-03540,Ing. Lorena Irizarry,Empleado Sector Privado,26717.1,Medio,2025-06-06,38496.01,10,0.0,0.0,0.0,1.4408213907426053,0,0
CLI-03541,Irene Aragón Vásquez,Estudiante,3958.2,Bajo,2025-03-21,3604.1899999999996,4,0.0,0.0,0.0,0.9103328955344513,0,0
CLI-03542,Pedro Nicolás Ocasio Corral,Jubilado,13337.06,Bajo,2025-05-01,6017.6,3,0.0,0.0,0.0,0.45116006375739803,0,0
CLI-03543,Silvia Rosas,Jubilado,11843.64,Bajo,2025-01-30,11517.439999999999,7,0.0,0.0,0.0,0.9723756906077348,0,0
CLI-03544,Aurelio Jorge Luis Saiz Sosa,Profesionista Independiente,23807.21,Medio,2024-10-21,24490.41,6,0.0,0.0,0.0,1.0286539811266786,0,0
CLI-03545,Ing. Sandra Casanova,Estudiante,5230.47,Bajo,2024-06-30,6763.22,10,0.0,0.0,0.0,1.2927953328605535,0,0
CLI-03546,Bernardo Javier Serrano Miramontes,Empresario / Comerciante,185412.68,Alto,2025-02-17,140484.76,6,0.0,0.0,0.0,0.7576828203830485,2,0
CLI-03547,Maximiliano Bruno Madrid Rico,Estudiante,7855.04,Bajo,2025-09-12,2235.6,3,0.0,0.0,0.0,0.28457085249056774,0,0
CLI-03548,Helena Mena Meraz,Empresario / Comerciante,88890.01,Alto,2023-10-11,158445.52000000002,9,0.0,0.0,0.0,1.7824695658199858,2,0
CLI-03549,Rodolfo Óliver Lugo,Profesionista Independiente,42142.73,Medio,2025-01-18,42571.6,6,0.0,0.0,0.0,1.0101526371775824,0,0
CLI-03550,Vanesa Lourdes Hernandes,Jubilado,17264.23,Bajo,2025-07-22,26135.03,8,0.0,0.0,0.0,1.5137377260540403,0,0
CLI-03551,Víctor Omar Noriega,Desempleado,1444.26,Alto,2024-03-23,1025.8600000000001,3,0.0,0.0,0.0,0.7098099995848499,0,0
CLI-03552,Isabela Guadalupe Calderón Armas,Empleado Sector Privado,35626.8,Medio,2025-06-21,57134.89,10,0.0,0.0,0.0,1.6036603438887609,0,0
CLI-03553,Ing. Leonardo Guajardo,Empresario / Comerciante,123925.99,Alto,2024-09-26,90516.44,7,0.0,0.0,0.0,0.7304013435652718,2,0
CLI-03554,Sra. Arcelia Guerra,Profesionista Independiente,15548.59,Medio,2026-01-21,17488.4,7,0.0,0.0,0.0,1.1246856026428993,0,0
CLI-03555,Karla Barbara Vega,Profesionista Independiente,30810.98,Medio,2026-06-03,11495.51,4,0.0,0.0,0.0,0.3730857283433262,0,0
CLI-03556,Amanda Porras Rocha,Empresario / Comerciante,224860.35,Alto,2024-03-08,92564.65,3,0.0,0.0,0.0,0.4116521136246847,2,0
CLI-03557,Renato Casillas,Estudiante,3294.17,Bajo,2025-04-11,3583.2,7,0.0,0.0,0.0,1.087409754276714,0,0
CLI-03558,José Manuél Romo,Empresario / Comerciante,198305.54,Alto,2025-09-10,179326.16999999998,8,0.0,0.0,0.0,0.9042877254577685,2,0
CLI-03559,Abigail Pabón Luevano,Empresario / Comerciante,210737.1,Alto,2023-12-30,134058.0,5,0.0,0.0,0.0,0.6361355635264815,2,0
CLI-03560,Luis Miguel Concepción,Profesionista Independiente,22370.57,Medio,2026-04-22,40632.02,9,0.0,0.0,0.0,1.8162346227823973,0,0
CLI-03561,María Teresa Collado Valentín,Desempleado,3881.44,Alto,2023-07-18,4388.49,7,0.0,0.0,0.0,1.1303432892716951,0,0
CLI-03562,Natividad del Valle,Empresario / Comerciante,195721.1,Alto,2024-08-13,109099.92,4,0.0,0.0,0.0,0.5574225904994888,2,0
CLI-03563,Reynaldo Claudio Montero Vargas,Empresario / Comerciante,77913.54,Alto,2025-11-22,86199.78,7,0.0,0.0,0.0,1.10633753340519,0,0
CLI-03564,Ana María Linda Quintero,Jubilado,12773.16,Bajo,2024-01-28,13012.880000000001,8,0.0,0.0,0.0,1.0186877258465528,0,0
CLI-03565,Julio César Llamas,Empleado Sector Privado,18856.87,Medio,2024-10-19,15221.75,6,0.0,0.0,0.0,0.807182889690087,0,0
CLI-03566,Sra. Clara Bueno,Empresario / Comerciante,247676.49,Alto,2026-02-08,277971.83999999997,8,0.0,0.0,0.0,1.1223136991577232,2,0
CLI-03567,Violeta Escobar,Jubilado,17826.3,Bajo,2023-12-30,27117.77,9,0.0,0.0,0.0,1.521137244563114,0,0
CLI-03568,Rebeca Cristal Esquibel,Estudiante,7598.92,Bajo,2023-07-10,3884.33,3,0.0,0.0,0.0,0.5111014326466594,0,0
CLI-03569,Sr. Óliver Velásquez,Jubilado,14829.48,Bajo,2024-03-16,17912.27,7,0.0,0.0,0.0,1.2078010961209618,0,0
CLI-03570,Anel Diana Tovar Santillán,Estudiante,2039.71,Bajo,2026-03-21,2732.3,7,0.0,0.0,0.0,1.3388967565210148,0,0
CLI-03571,Alejandra Samaniego,Desempleado,3657.64,Alto,2023-12-09,3250.8,6,0.0,0.0,0.0,0.888526884306737,0,0
CLI-03572,Verónica Tórrez Irizarry,Empresario / Comerciante,84978.6,Alto,2023-08-10,26971.48,3,0.0,0.0,0.0,0.31738770246035514,0,0
CLI-03573,Graciela Sandra Ayala Núñez,Empresario / Comerciante,192049.4,Alto,2026-01-25,91316.66,6,0.0,0.0,0.0,0.4754827899343089,2,0
CLI-03574,Nayeli Judith Salcedo,Empleado Sector Privado,18575.5,Medio,2025-07-06,17523.45,4,0.0,0.0,0.0,0.9433127876618308,0,0
CLI-03575,Pascual Eduardo Monroy Moreno,Empresario / Comerciante,107892.63,Alto,2025-04-18,113675.03,8,0.0,0.0,0.0,1.0535842570131342,2,0
CLI-03576,Rebeca Guzmán Tamayo,Empresario / Comerciante,58446.58,Alto,2026-05-26,100610.54999999999,10,0.0,0.0,0.0,1.7213809365588786,0,0
CLI-03577,Lic. Mauro Valdés,Profesionista Independiente,52556.33,Medio,2024-08-04,44921.4,7,0.0,0.0,0.0,0.854712368379444,0,0
CLI-03578,Pedro Benítez,Profesionista Independiente,37234.52,Medio,2024-02-05,22660.800000000003,3,0.0,0.0,0.0,0.6085801943950294,0,0
CLI-03579,Horacio Israel Valles Becerra,Desempleado,1853.81,Alto,2025-05-23,2987.27,10,0.0,0.0,0.0,1.610553102474108,0,0
CLI-03580,Lic. Guillermo Ramón,Estudiante,6747.32,Bajo,2024-02-24,2503.2799999999997,5,0.0,0.0,0.0,0.37094862128648315,0,0
CLI-03581,Natividad Sandra Romo Ozuna,Empleado Sector Privado,20668.34,Medio,2023-09-25,21355.77,8,0.0,0.0,0.0,1.0332100589568898,0,0
CLI-03582,Margarita Pelayo Delgado,Desempleado,3336.97,Alto,2024-03-10,3721.6,7,0.0,0.0,0.0,1.114929133575197,0,0
CLI-03583,Joaquín Martín Escalante Barraza,Empresario / Comerciante,74835.38,Alto,2025-07-25,61382.2,7,0.0,0.0,0.0,0.8202187224983356,0,0
CLI-03584,Ing. Esparta Aranda,Desempleado,3570.75,Alto,2025-11-08,2599.14,4,0.0,0.0,0.0,0.727693707566319,0,0
CLI-03585,Victoria Nelly Sevilla,Empresario / Comerciante,85874.46,Alto,2025-06-12,97096.57,10,0.0,0.0,0.0,1.1306672476630693,0,0
CLI-03586,Horacio Gaytán Rubio,Desempleado,2579.14,Alto,2026-01-08,3637.81,9,0.0,0.0,0.0,1.4099273682823412,0,0
CLI-03587,Dra. Mariana Frías,Estudiante,2716.13,Bajo,2025-07-31,1571.9,3,0.0,0.0,0.0,0.5785148299860514,0,0
CLI-03588,Leonardo Romo,Profesionista Independiente,37187.26,Medio,2024-10-17,26916.7,3,0.0,0.0,0.0,0.7237956279750652,0,0
CLI-03589,Gilberto Rincón Acosta,Estudiante,5593.35,Bajo,2026-02-03,10956.04,10,0.0,0.0,0.0,1.9584116117153914,0,1
CLI-03590,Ing. Liliana Cardona,Profesionista Independiente,41147.96,Medio,2025-01-15,33938.05,6,0.0,0.0,0.0,0.8247608202005592,0,0
CLI-03591,Paola Judith Leal Valadez,Jubilado,10668.89,Bajo,2024-07-30,8905.880000000001,5,0.0,0.0,0.0,0.834674021943994,0,0
CLI-03592,Héctor Godoy Olvera,Profesionista Independiente,43259.82,Medio,2025-11-15,44065.83,10,0.0,0.0,0.0,1.0186082926768378,0,0
CLI-03593,Mitzy Laura Nájera,Empresario / Comerciante,244851.75,Alto,2026-02-03,371335.57,10,0.0,0.0,0.0,1.5165668753975603,2,0
CLI-03594,Ing. Francisca Velásquez,Estudiante,4239.21,Bajo,2026-02-11,2048.0,3,0.0,0.0,0.0,0.4829949460050328,0,0
CLI-03595,Lic. Silvia Olivares,Desempleado,2301.05,Alto,2026-02-20,2155.3199999999997,5,0.0,0.0,0.0,0.936261158532612,0,0
CLI-03596,María José Sierra,Profesionista Independiente,22328.13,Medio,2023-08-17,22512.94,6,0.0,0.0,0.0,1.0082318478149395,0,0
CLI-03597,Humberto Zedillo Terán,Estudiante,2876.82,Bajo,2023-11-30,1191.45,3,0.0,0.0,0.0,0.41401130022030563,0,0
CLI-03598,Zoé Casas Covarrubias,Empresario / Comerciante,225663.45,Alto,2024-03-09,310371.62,8,0.0,0.0,0.0,1.3753678082657679,2,0
CLI-03599,Mauro Eduardo Jaramillo Barragán,Empleado Sector Privado,23793.72,Medio,2023-12-03,27264.57,8,0.0,0.0,0.0,1.1458243677588977,0,0
CLI-03600,Ricardo Bruno Bahena Cordero,Estudiante,3636.02,Bajo,2025-11-13,2655.87,5,0.0,0.0,0.0,0.7302324430440306,0,0
CLI-03601,Itzel Peralta Verdugo,Empresario / Comerciante,177249.43,Alto,2024-09-22,247855.31,7,0.0,0.0,0.0,1.3983340407129055,2,0
CLI-03602,Felipe René Solorio Soria,Profesionista Independiente,17192.17,Medio,2026-05-14,16706.67,6,0.0,0.0,0.0,0.9717038800872672,0,0
CLI-03603,Violeta Indira Mora,Profesionista Independiente,38832.55,Medio,2023-12-29,17913.48,5,0.0,0.0,0.0,0.46128875675800945,0,0
CLI-03604,Lic. Augusto Cisneros,Estudiante,5083.2,Bajo,2025-10-03,7574.52,8,0.0,0.0,0.0,1.4898155068644037,0,0
CLI-03605,Espartaco Emilio Rivera Luna,Desempleado,732.99,Alto,2024-08-08,1557.8600000000001,10,0.0,0.0,0.0,2.1224539843867083,0,1
CLI-03606,Benito Carlos Concepción Serrato,Estudiante,5592.57,Bajo,2026-05-02,6916.44,8,0.0,0.0,0.0,1.2364983364827828,0,0
CLI-03607,Bianca Paola Soto Córdova,Empleado Sector Privado,29942.51,Medio,2026-04-25,19736.6,6,0.0,0.0,0.0,0.6591278043222054,0,0
CLI-03608,Ing. Cornelio Nieves,Profesionista Independiente,52206.99,Medio,2025-12-30,2426.54,3,0.0,0.0,0.0,0.04647832640176341,0,0
CLI-03609,Lic. Jerónimo Marroquín,Desempleado,3199.51,Alto,2023-10-01,3341.28,8,0.0,0.0,0.0,1.0439836151113415,0,0
CLI-03610,Antonia Hernádez Mascareñas,Profesionista Independiente,45844.97,Medio,2025-12-16,36238.740000000005,6,0.0,0.0,0.0,0.7904454851756872,0,0
CLI-03611,Carmen Carrero Salinas,Desempleado,1450.09,Alto,2024-02-19,2312.06,9,0.0,0.0,0.0,1.593326396019544,0,0
CLI-03612,Dra. Carla Nevárez,Jubilado,12540.61,Bajo,2025-07-14,12034.87,9,0.0,0.0,0.0,0.9595952991681291,0,0
CLI-03613,Ofelia Martínez Lira,Empleado Sector Privado,12425.62,Medio,2026-04-02,11882.95,7,0.0,0.0,0.0,0.956249567460822,0,0
CLI-03614,Dolores Navarrete Adame,Jubilado,8658.43,Bajo,2026-02-12,5830.67,3,0.0,0.0,0.0,0.6733318474772588,0,0
CLI-03615,Graciela Castillo,Empresario / Comerciante,132398.9,Alto,2025-06-14,24896.739999999998,3,0.0,0.0,0.0,0.1880419849259705,0,0
CLI-03616,Mario Guillermo Espinoza,Empleado Sector Privado,15379.79,Medio,2025-01-22,11226.73,6,0.0,0.0,0.0,0.7299189443455114,0,0
CLI-03617,Rosalia Perla Gollum Gaitán,Empleado Sector Privado,28611.64,Medio,2025-10-08,33847.68,8,0.0,0.0,0.0,1.18296249489736,0,0
CLI-03618,Ing. Delia Figueroa,Empleado Sector Privado,38238.52,Medio,2023-07-18,29034.920000000002,7,0.0,0.0,0.0,0.7592909116014009,0,0
CLI-03619,Ing. Manuel Gamez,Jubilado,12974.57,Bajo,2023-11-26,8855.57,4,0.0,0.0,0.0,0.6824802301555923,0,0
CLI-03620,Israel Daniel Carrión,Jubilado,15998.91,Bajo,2024-03-09,29638.71,9,0.0,0.0,0.0,1.8524297949175963,0,1
CLI-03621,Angélica Nazario,Desempleado,2204.45,Alto,2025-06-16,1093.45,5,0.0,0.0,0.0,0.4957945090571086,0,0
CLI-03622,Darío Negrón,Estudiante,4504.08,Bajo,2026-04-05,1796.46,3,0.0,0.0,0.0,0.3987631740168876,0,0
CLI-03623,Cynthia Citlali Osorio,Estudiante,2699.39,Bajo,2025-03-15,1795.6100000000001,4,0.0,0.0,0.0,0.664944693173949,0,0
CLI-03624,Óliver Hugo Urías,Empleado Sector Privado,42472.52,Medio,2024-12-04,69143.85,9,0.0,0.0,0.0,1.627928412808734,0,0
CLI-03625,Lucía Ofelia Feliciano Baca,Empresario / Comerciante,119641.98,Alto,2024-07-28,117776.29000000001,7,0.0,0.0,0.0,0.9843978309467051,2,0
CLI-03626,Fernando Vicente Calderón Carreón,Desempleado,1450.27,Alto,2025-01-16,2361.64,8,0.0,0.0,0.0,1.6272919580780971,0,0
CLI-03627,Jos Darío Adame Nazario,Empresario / Comerciante,227945.28,Alto,2023-06-30,159226.17,3,0.0,0.0,0.0,0.6985249770252886,2,0
CLI-03628,Mariana Miramontes,Jubilado,11800.57,Bajo,2026-03-21,12051.95,7,0.0,0.0,0.0,1.0212158212847953,0,0
CLI-03629,Srita. María Elena Amador,Profesionista Independiente,22749.32,Medio,2025-02-06,43701.18,9,0.0,0.0,0.0,1.9209039697024042,0,1
CLI-03630,Wendolin Nancy Pedraza Zambrano,Profesionista Independiente,16294.18,Medio,2023-12-25,21997.64,10,0.0,0.0,0.0,1.3499476532324282,0,0
CLI-03631,Flavio Venegas,Estudiante,3334.15,Bajo,2024-02-14,874.45,3,0.0,0.0,0.0,0.26219210530261006,0,0
CLI-03632,Nancy Linda Guajardo Rosario,Desempleado,569.44,Alto,2025-02-07,1402.09,10,0.0,0.0,0.0,2.457909683752892,0,1
CLI-03633,José Emilio Ernesto Sisneros Cabán,Empleado Sector Privado,22145.13,Medio,2025-07-31,15692.75,5,0.0,0.0,0.0,0.708600103042834,0,0
CLI-03634,Miguel Muñiz Tamayo,Empleado Sector Privado,16297.2,Medio,2026-03-13,8877.630000000001,4,0.0,0.0,0.0,0.5447000282239757,0,0
CLI-03635,Andrés Jaramillo,Estudiante,4548.83,Bajo,2024-06-05,3836.69,7,0.0,0.0,0.0,0.8432600778490625,0,0
CLI-03636,Norma Carla Muro Candelaria,Estudiante,2466.41,Bajo,2025-02-13,3939.13,10,0.0,0.0,0.0,1.5964634981620405,0,0
CLI-03637,Gonzalo Amaya,Empresario / Comerciante,201466.81,Alto,2026-04-17,96971.67000000001,4,0.0,0.0,0.0,0.4813258753346255,2,0
CLI-03638,Carlos Gollum Montalvo,Estudiante,3178.11,Bajo,2025-04-07,1356.01,3,0.0,0.0,0.0,0.426537615873625,0,0
CLI-03639,Arturo Gonzalo Amaya,Estudiante,6758.33,Bajo,2024-10-26,6592.32,7,0.0,0.0,0.0,0.9752919298214467,0,0
CLI-03640,René Vaca Carvajal,Jubilado,12711.29,Bajo,2025-02-28,7998.63,4,0.0,0.0,0.0,0.629204494233533,0,0
CLI-03641,Augusto Eugenio Lomeli,Empresario / Comerciante,73784.44,Alto,2026-04-25,86578.55,5,0.0,0.0,0.0,1.1733825806283733,0,0
CLI-03642,Augusto Cristian Zapata,Profesionista Independiente,16947.67,Medio,2025-08-10,27778.39,10,0.0,0.0,0.0,1.6389716715234883,0,0
CLI-03643,Raquel Otero Trujillo,Profesionista Independiente,45041.39,Medio,2025-02-14,76920.59,10,0.0,0.0,0.0,1.7077377554787834,0,0
CLI-03644,Miguel Mauro Alvarez,Estudiante,6694.22,Bajo,2026-04-01,6286.63,6,0.0,0.0,0.0,0.9389728791585639,0,0
CLI-03645,Marcos Raúl Tejeda Hernandes,Jubilado,7670.22,Bajo,2024-04-26,5782.9,5,0.0,0.0,0.0,0.7538435868088778,0,0
CLI-03646,Teodoro Rico Cortez,Empleado Sector Privado,18097.8,Medio,2024-11-15,20501.82,6,0.0,0.0,0.0,1.13277233849758,0,0
CLI-03647,Jacobo Mario Ibarra Vanegas,Profesionista Independiente,16316.66,Medio,2024-01-10,12598.76,6,0.0,0.0,0.0,0.7720935477268187,0,0
CLI-03648,Gabriela María Elena Nevárez Quesada,Empleado Sector Privado,39913.43,Medio,2024-01-26,46287.75,7,0.0,0.0,0.0,1.1596745838535085,0,0
CLI-03649,Dra. Delia Urbina,Profesionista Independiente,57695.62,Medio,2024-02-10,52544.49,7,0.0,0.0,0.0,0.9107030879798503,0,0
CLI-03650,Elvira Susana González,Profesionista Independiente,30849.15,Medio,2025-03-17,20503.38,3,0.0,0.0,0.0,0.6646120035072763,0,0
CLI-03651,Alejandra Cadena Abrego,Jubilado,15150.43,Bajo,2023-11-23,12626.880000000001,5,0.0,0.0,0.0,0.8333787635886514,0,0
CLI-03652,Lic. Manuel Pedroza,Jubilado,8143.69,Bajo,2026-06-06,7769.18,7,0.0,0.0,0.0,0.9538951144856342,0,0
CLI-03653,Sessa Indira Carvajal Zarate,Jubilado,5888.38,Bajo,2025-07-31,4878.42,6,0.0,0.0,0.0,0.8283418628106863,0,0
CLI-03654,Salvador Prieto,Jubilado,14922.17,Bajo,2026-02-25,8917.02,4,0.0,0.0,0.0,0.5975285411879648,0,0
CLI-03655,Leonor Elena Zarate,Jubilado,7820.97,Bajo,2024-05-26,7486.26,6,0.0,0.0,0.0,0.9570811445198588,0,0
CLI-03656,Lic. Jaime Arenas,Empleado Sector Privado,43820.71,Medio,2025-11-02,34603.130000000005,5,0.0,0.0,0.0,0.7896344072378738,0,0
CLI-03657,Óliver Alfredo Villaseñor,Empleado Sector Privado,41754.79,Medio,2024-01-27,54428.89,8,0.0,0.0,0.0,1.303505214486422,0,0
CLI-03658,Jaqueline Bonilla,Jubilado,5056.28,Bajo,2026-03-25,3917.72,4,0.0,0.0,0.0,0.7746693874968362,0,0
CLI-03659,Angélica Castellanos Esparza,Desempleado,394.74,Alto,2026-05-29,779.98,7,0.0,0.0,0.0,1.9709405165007328,0,1
CLI-03660,Dulce María Rincón,Empleado Sector Privado,42375.75,Medio,2025-12-05,37775.04,5,0.0,0.0,0.0,0.8914095583073266,0,0
CLI-03661,Ángel Romero,Desempleado,1898.86,Alto,2025-03-01,671.41,3,0.0,0.0,0.0,0.3533997241902035,0,0
CLI-03662,Luis Miguel Narváez Regalado,Desempleado,2357.52,Alto,2024-01-11,4812.82,10,0.0,0.0,0.0,2.0406102131845394,0,1
CLI-03663,Natividad Nayeli Haro,Empresario / Comerciante,184705.14,Alto,2025-03-17,106110.65,3,0.0,0.0,0.0,0.5744836094782771,2,0
CLI-03664,Sofía Carrión,Estudiante,3085.09,Bajo,2025-01-19,3719.83,9,0.0,0.0,0.0,1.2053536999893069,0,0
CLI-03665,Silvia Barrios,Profesionista Independiente,59158.55,Medio,2024-08-02,46552.990000000005,8,0.0,0.0,0.0,0.786905748945014,0,0
CLI-03666,Iván Palomo Gamez,Empresario / Comerciante,92854.8,Alto,2024-12-22,84322.3,5,0.0,0.0,0.0,0.9080994402072892,0,0
CLI-03667,Claudia Flórez Carrión,Empleado Sector Privado,25450.07,Medio,2026-01-04,32028.43,6,0.0,0.0,0.0,1.2584315708534062,0,0
CLI-03668,José Carlos Israel Raya Vaca,Profesionista Independiente,20562.69,Medio,2024-08-22,8976.67,3,0.0,0.0,0.0,0.43653011691967736,0,0
CLI-03669,Octavio Collazo,Estudiante,5118.37,Bajo,2024-06-06,7793.71,9,0.0,0.0,0.0,1.5223963104835165,0,0
CLI-03670,José Manuél Brito,Empresario / Comerciante,202454.74,Alto,2024-08-03,472948.98,10,0.0,0.0,0.0,2.3360611064917203,2,1
CLI-03671,Susana Vaca,Desempleado,1153.09,Alto,2026-03-10,2041.53,9,0.0,0.0,0.0,1.768952161443215,0,0
CLI-03672,Evelio Quintanilla Caldera,Desempleado,162.43,Alto,2024-11-25,587.39,7,0.0,0.0,0.0,3.5941381631279445,0,1
CLI-03673,Cristian David Luevano,Profesionista Independiente,37217.08,Medio,2026-03-20,33648.06,7,0.0,0.0,0.0,0.904078340419495,0,0
CLI-03674,Nancy Sierra Hernández,Empresario / Comerciante,106722.29,Alto,2025-08-13,88932.61,5,0.0,0.0,0.0,0.8333008661933118,2,0
CLI-03675,Lic. Inés Mondragón,Jubilado,14570.27,Bajo,2024-04-20,14569.960000000001,6,0.0,0.0,0.0,0.9999100970608602,0,0
CLI-03676,Sr. Fidel Melgar,Desempleado,3904.72,Alto,2023-08-21,6557.22,10,0.0,0.0,0.0,1.6788761099105929,0,0
CLI-03677,Mateo Alonso,Empresario / Comerciante,95174.69,Alto,2025-05-29,58082.84,4,0.0,0.0,0.0,0.6102697022737633,0,0
CLI-03678,Leonor Asunción Caraballo,Empresario / Comerciante,108117.87,Alto,2024-11-05,136488.95,9,0.0,0.0,0.0,1.2623971190227943,2,0
CLI-03679,Serafín Raúl Loera,Empresario / Comerciante,87757.0,Alto,2024-05-06,57105.7,4,0.0,0.0,0.0,0.6507178832699013,0,0
CLI-03680,Isaac Tejeda Verdugo,Estudiante,7368.53,Bajo,2026-05-24,12185.3,10,0.0,0.0,0.0,1.6534704384133045,0,0
CLI-03681,Gloria Muñoz Alba,Empresario / Comerciante,237816.4,Alto,2024-09-02,178393.44,8,0.0,0.0,0.0,0.750127787117343,2,0
CLI-03682,Carlota Villalpando,Profesionista Independiente,23068.38,Medio,2025-03-23,19927.43,7,0.0,0.0,0.0,0.8638043155039277,0,0
CLI-03683,Lic. Diego Reséndez,Desempleado,1966.59,Alto,2023-09-01,2000.07,6,0.0,0.0,0.0,1.0165075041040055,0,0
CLI-03684,Dr. Rubén Martínez,Estudiante,4378.22,Bajo,2025-05-24,2619.63,3,0.0,0.0,0.0,0.5981955690739447,0,0
CLI-03685,Alma Sandra Escobedo,Jubilado,13561.13,Bajo,2025-10-29,8131.83,4,0.0,0.0,0.0,0.5995982931884594,0,0
CLI-03686,Anel Aguilar Perales,Estudiante,2715.31,Bajo,2025-05-13,3237.33,8,0.0,0.0,0.0,1.1918116857059762,0,0
CLI-03687,Omar Modesto Badillo León,Empresario / Comerciante,130124.86,Alto,2026-06-05,170819.41999999998,10,0.0,0.0,0.0,1.3127246190726423,2,0
CLI-03688,Ignacio Caldera,Jubilado,17708.42,Bajo,2024-12-07,19388.98,6,0.0,0.0,0.0,1.094839921352591,0,0
CLI-03689,Lorenzo Felix Rivero,Desempleado,3701.16,Alto,2025-04-04,5255.63,8,0.0,0.0,0.0,1.4196117941958208,0,0
CLI-03690,Gilberto Ochoa Espinosa,Empleado Sector Privado,14135.44,Medio,2026-02-21,17305.91,8,0.0,0.0,0.0,1.2242056698857704,0,0
CLI-03691,Mercedes Hilda Briseño,Empleado Sector Privado,23174.84,Medio,2024-07-18,9487.31,3,0.0,0.0,0.0,0.40936207705955857,0,0
CLI-03692,Israel Villanueva Melgar,Jubilado,15972.38,Bajo,2023-09-09,16277.39,10,0.0,0.0,0.0,1.0190322899724418,0,0
CLI-03693,Mitzy Rocha,Empresario / Comerciante,74552.43,Alto,2023-08-28,106894.09,10,0.0,0.0,0.0,1.4337917115282288,0,0
CLI-03694,Berta Yuridia Escamilla,Empresario / Comerciante,195040.1,Alto,2023-10-21,304310.72,9,0.0,0.0,0.0,1.5602389445096443,2,0
CLI-03695,Dr. Gustavo Borrego,Profesionista Independiente,49416.77,Medio,2023-08-23,34943.979999999996,4,0.0,0.0,0.0,0.7071136556748716,0,0
CLI-03696,Aurelio Daniel Matías Alva,Jubilado,12717.45,Bajo,2025-05-28,20614.17,9,0.0,0.0,0.0,1.620808353219142,0,0
CLI-03697,Socorro Marisol Roldán Rodarte,Desempleado,3772.9,Alto,2026-05-31,5680.45,10,0.0,0.0,0.0,1.5051935663372107,0,0
CLI-03698,Eva Tania Sandoval Parra,Profesionista Independiente,36412.18,Medio,2024-11-01,47064.37,7,0.0,0.0,0.0,1.2925091958461195,0,0
CLI-03699,Srita. María del Carmen Méndez,Jubilado,17351.8,Bajo,2025-02-28,11507.849999999999,5,0.0,0.0,0.0,0.6631696325665022,0,0
CLI-03700,Dr. Cornelio Rosado,Empresario / Comerciante,152282.9,Alto,2025-02-26,81198.35,4,0.0,0.0,0.0,0.5332037726903501,2,0
CLI-03701,Lic. Conchita Muñoz,Empleado Sector Privado,37343.99,Medio,2023-08-14,53814.09,10,0.0,0.0,0.0,1.44099891310722,0,0
CLI-03702,Julia Nevárez Montoya,Estudiante,2733.14,Bajo,2023-10-24,4154.26,8,0.0,0.0,0.0,1.5194028103901045,0,0
CLI-03703,Lic. Modesto Lira,Empresario / Comerciante,149454.76,Alto,2026-03-26,210478.84999999998,9,0.0,0.0,0.0,1.4083020286404482,2,0
CLI-03704,Ing. Camilo Casas,Desempleado,3769.61,Alto,2025-04-01,5385.6,8,0.0,0.0,0.0,1.4283100081949605,0,0
CLI-03705,Ignacio Jesús Campos,Estudiante,2597.62,Bajo,2024-09-26,2695.58,6,0.0,0.0,0.0,1.0373121118131932,0,0
CLI-03706,Ana Luisa Sofía Samaniego Sevilla,Estudiante,6981.87,Bajo,2023-11-19,4436.82,5,0.0,0.0,0.0,0.6353863096405918,0,0
CLI-03707,Sandra Eloisa García,Empresario / Comerciante,185621.49,Alto,2025-12-14,151735.16,7,0.0,0.0,0.0,0.8174395247041456,2,0
CLI-03708,Juana Acevedo,Empleado Sector Privado,24626.89,Medio,2026-04-06,20076.13,5,0.0,0.0,0.0,0.8151786450239952,0,0
CLI-03709,Emilio Cervantes,Desempleado,1307.82,Alto,2024-11-07,1550.7,7,0.0,0.0,0.0,1.18480768936905,0,0
CLI-03710,Joaquín Martín Lira,Profesionista Independiente,42988.5,Medio,2025-07-14,74506.70999999999,10,0.0,0.0,0.0,1.7331373940148174,0,0
CLI-03711,Sra. Amelia Tello,Estudiante,6561.03,Bajo,2025-10-16,5376.59,5,0.0,0.0,0.0,0.8193485857272826,0,0
CLI-03712,Sr. Humberto Ávila,Desempleado,3006.44,Alto,2026-04-03,4612.23,10,0.0,0.0,0.0,1.5336066554943737,0,0
CLI-03713,Manuel Pascual Garrido Colunga,Empresario / Comerciante,208546.28,Alto,2025-08-03,328590.83,9,0.0,0.0,0.0,1.5756179126383236,2,0
CLI-03714,Amador Chávez Girón,Empleado Sector Privado,21687.58,Medio,2024-08-19,10757.48,4,0.0,0.0,0.0,0.49599743275032293,0,0
CLI-03715,María Cristina Llamas Gallegos,Empresario / Comerciante,148050.07,Alto,2024-12-28,94280.48999999999,4,0.0,0.0,0.0,0.6368105951547665,2,0
CLI-03716,Amador Ignacio Cotto Fierro,Profesionista Independiente,39409.72,Medio,2025-05-15,38905.78,6,0.0,0.0,0.0,0.9871877499319981,0,0
CLI-03717,Indira Ana María Casas,Jubilado,12106.06,Bajo,2024-03-11,18337.54,9,0.0,0.0,0.0,1.5146154392561035,0,0
CLI-03718,José Francisco Javier Hernádez,Estudiante,7944.27,Bajo,2025-08-30,3146.97,3,0.0,0.0,0.0,0.39608093872203204,0,0
CLI-03719,Flavio Omar Galarza Sepúlveda,Estudiante,4301.78,Bajo,2026-01-11,2076.35,3,0.0,0.0,0.0,0.4825601122994901,0,0
CLI-03720,Josefina Marín Murillo,Profesionista Independiente,53379.34,Medio,2025-05-08,33057.33,5,0.0,0.0,0.0,0.6192791203652881,0,0
CLI-03721,Abraham Marco Antonio Uribe,Empresario / Comerciante,141931.25,Alto,2025-06-02,188320.85,10,0.0,0.0,0.0,1.3268362193934078,2,0
CLI-03722,Srita. Débora Rodríquez,Estudiante,3061.22,Bajo,2024-01-08,3711.7,6,0.0,0.0,0.0,1.2120944935373683,0,0
CLI-03723,Úrsula Andrea Portillo,Desempleado,3441.44,Alto,2023-11-10,5404.93,9,0.0,0.0,0.0,1.5700869150951071,0,0
CLI-03724,Francisca Garay,Profesionista Independiente,54811.51,Medio,2025-04-28,60247.67,8,0.0,0.0,0.0,1.0991591153187474,0,0
CLI-03725,Mónica Quiñones Nieves,Empleado Sector Privado,28218.83,Medio,2025-11-13,46208.32,9,0.0,0.0,0.0,1.6374414728933517,0,0
CLI-03726,Esperanza Clara Sisneros,Empleado Sector Privado,22311.17,Medio,2024-05-23,18368.07,4,0.0,0.0,0.0,0.8232309990467086,0,0
CLI-03727,Elena Arriaga,Empresario / Comerciante,147490.99,Alto,2024-06-28,49194.090000000004,3,0.0,0.0,0.0,0.33353736701226966,2,0
CLI-03728,Flavio Rosales Reyes,Estudiante,5413.13,Bajo,2025-07-14,6577.469999999999,9,0.0,0.0,0.0,1.2148710873215085,0,0
CLI-03729,José Eduardo José Carlos Vega,Empresario / Comerciante,182015.72,Alto,2025-06-18,125044.35,5,0.0,0.0,0.0,0.6869937552989638,2,0
CLI-03730,Federico Nazario,Desempleado,2157.57,Alto,2025-04-28,3897.6499999999996,10,0.0,0.0,0.0,1.8056630083805478,0,0
CLI-03731,Clemente Alfaro Cazares,Empresario / Comerciante,145182.21,Alto,2026-04-28,185671.69,7,0.0,0.0,0.0,1.278878528722433,2,0
CLI-03732,Lic. Rubén Cardona,Empleado Sector Privado,28720.61,Medio,2025-04-28,23596.04,5,0.0,0.0,0.0,0.8215430820208198,0,0
CLI-03733,Ángel Sanches,Empresario / Comerciante,102678.2,Alto,2023-06-23,69175.65,4,0.0,0.0,0.0,0.6737065540050955,0,0
CLI-03734,Rocío Frida Piña Barajas,Jubilado,17621.32,Bajo,2023-07-05,18155.64,6,0.0,0.0,0.0,1.0302638926089187,0,0
CLI-03735,Ruby Gastélum,Jubilado,13794.34,Bajo,2025-06-23,17448.97,7,0.0,0.0,0.0,1.2648452303458995,0,0
CLI-03736,Alfonso Claudio Maestas,Profesionista Independiente,29421.73,Medio,2024-12-19,31483.92,8,0.0,0.0,0.0,1.0700543423400888,0,0
CLI-03737,Flavio Roque,Estudiante,5542.78,Bajo,2024-03-12,7005.63,8,0.0,0.0,0.0,1.2636919213965923,0,0
CLI-03738,Rosario Dalia Fajardo Tijerina,Empleado Sector Privado,39618.83,Medio,2024-10-28,75777.94,9,0.0,0.0,0.0,1.91262658118422,0,1
CLI-03739,Dra. Itzel Lomeli,Profesionista Independiente,51429.9,Medio,2023-07-03,50141.59,9,0.0,0.0,0.0,0.974931218392056,0,0
CLI-03740,Celia Espino Blanco,Jubilado,5349.7,Bajo,2026-06-05,5580.65,8,0.0,0.0,0.0,1.042975685424337,0,0
CLI-03741,Eduardo Laureano Lebrón,Desempleado,1365.03,Alto,2025-12-12,2213.2799999999997,9,0.0,0.0,0.0,1.6202279598544687,0,0
CLI-03742,Ángel Rodrigo Pichardo,Estudiante,4568.89,Bajo,2025-03-29,5125.83,8,0.0,0.0,0.0,1.1216528187768195,0,0
CLI-03743,Ing. Augusto Santacruz,Profesionista Independiente,33536.83,Medio,2025-08-30,26955.83,7,0.0,0.0,0.0,0.8037440108677276,0,0
CLI-03744,Noelia Gaytán Guerrero,Estudiante,5967.44,Bajo,2024-12-13,5235.549999999999,7,0.0,0.0,0.0,0.877205769011668,0,0
CLI-03745,Sr. José Luis Vela,Empleado Sector Privado,19742.53,Medio,2024-08-06,17541.04,6,0.0,0.0,0.0,0.888444974125701,0,0
CLI-03746,Frida Berta Colón Vanegas,Profesionista Independiente,41663.93,Medio,2024-02-29,36074.27,8,0.0,0.0,0.0,0.8658185673178858,0,0
CLI-03747,Raúl Claudio Bernal Orta,Desempleado,262.0,Alto,2026-01-18,262.98,3,0.0,0.0,0.0,0.9999239543726236,0,0
CLI-03748,Luis Manuel Espino,Profesionista Independiente,20151.21,Medio,2026-02-07,12274.11,4,0.0,0.0,0.0,0.6090701714601029,0,0
CLI-03749,Ing. Cristian Elizondo,Empleado Sector Privado,12650.5,Medio,2025-11-28,8508.47,6,0.0,0.0,0.0,0.6725265778761411,0,0
CLI-03750,Héctor José Olivera Palomino,Profesionista Independiente,16681.99,Medio,2025-04-28,27689.08,9,0.0,0.0,0.0,1.6597192709460353,0,0
CLI-03751,Amanda Amador,Desempleado,3453.47,Alto,2025-10-16,4799.14,8,0.0,0.0,0.0,1.3892550810978241,0,0
CLI-03752,Natalia Caldera,Jubilado,11691.88,Bajo,2025-12-05,9037.060000000001,5,0.0,0.0,0.0,0.7728686174834601,0,0
CLI-03753,Verónica Georgina Escobedo,Empresario / Comerciante,103323.78,Alto,2023-12-25,66164.4,6,0.0,0.0,0.0,0.6403536499182481,0,0
CLI-03754,Lorena Guadalupe Mondragón,Desempleado,1878.8,Alto,2026-02-18,1688.2800000000002,7,0.0,0.0,0.0,0.8981168209383978,0,0
CLI-03755,Ana Heredia Pichardo,Estudiante,7914.59,Bajo,2024-06-08,11401.4,9,0.0,0.0,0.0,1.4403727327969236,0,0
CLI-03756,Daniela Ornelas Ontiveros,Empresario / Comerciante,164070.71,Alto,2023-12-05,121178.12,7,0.0,0.0,0.0,0.7385680322341981,2,0
CLI-03757,Aurora Garrido Torres,Profesionista Independiente,40764.24,Medio,2025-01-15,27271.37,4,0.0,0.0,0.0,0.6689858811085131,0,0
CLI-03758,Elvia Sandra Palomino Venegas,Empresario / Comerciante,70011.34,Alto,2025-05-01,69675.05,7,0.0,0.0,0.0,0.9951824206989798,0,0
CLI-03759,Francisca Carla Aponte Laboy,Desempleado,823.63,Alto,2025-10-10,702.4,4,0.0,0.0,0.0,0.8517759480009216,0,0
CLI-03760,Claudio Sergio Granado Sosa,Empresario / Comerciante,150553.7,Alto,2024-03-02,90269.09,5,0.0,0.0,0.0,0.599576698701535,2,0
CLI-03761,Guillermina Galván,Desempleado,1358.16,Alto,2026-05-29,1375.69,6,0.0,0.0,0.0,1.0121619235410106,0,0
CLI-03762,Estela Armas Chavarría,Jubilado,8893.77,Bajo,2024-01-22,8860.35,8,0.0,0.0,0.0,0.9961303102834587,0,0
CLI-03763,Mariano Munguía Valle,Empresario / Comerciante,90351.73,Alto,2024-11-19,134884.01,9,0.0,0.0,0.0,1.4928603706827677,2,0
CLI-03764,Lic. Jacinto Rosales,Desempleado,3389.34,Alto,2025-09-26,5527.64,8,0.0,0.0,0.0,1.6304087495649404,0,0
CLI-03765,Yolanda Venegas,Estudiante,7042.28,Bajo,2025-03-31,2303.32,3,0.0,0.0,0.0,0.32702377301484536,0,0
CLI-03766,Soledad Isabel Marín Chacón,Jubilado,7783.04,Bajo,2025-07-18,9979.99,7,0.0,0.0,0.0,1.2821092902914168,0,0
CLI-03767,Dr. Pedro Carrasco,Profesionista Independiente,17138.91,Medio,2023-08-29,27358.95,10,0.0,0.0,0.0,1.5962131656467275,0,0
CLI-03768,Ofelia Elisa Puente Enríquez,Jubilado,10226.36,Bajo,2023-07-06,5889.95,3,0.0,0.0,0.0,0.5759013078643951,0,0
CLI-03769,Amanda Colunga,Empleado Sector Privado,32610.89,Medio,2026-03-20,30344.04,8,0.0,0.0,0.0,0.9304594121959813,0,0
CLI-03770,Lic. Isabel Caraballo,Estudiante,6306.24,Bajo,2024-06-12,9580.92,8,0.0,0.0,0.0,1.51903526740698,0,0
CLI-03771,Genaro Quezada,Jubilado,6231.54,Bajo,2025-06-19,7596.73,5,0.0,0.0,0.0,1.2188818683875273,0,0
CLI-03772,Ing. Horacio Valencia,Profesionista Independiente,27301.42,Medio,2023-12-13,14038.04,3,0.0,0.0,0.0,0.5141683411214099,0,0
CLI-03773,Paola Roldán,Jubilado,15415.41,Bajo,2023-12-04,14332.54,6,0.0,0.0,0.0,0.9296937484148385,0,0
CLI-03774,Concepción Posada,Empresario / Comerciante,135421.18,Alto,2026-01-14,183884.85,7,0.0,0.0,0.0,1.3578636084576399,2,0
CLI-03775,Antonia Zoé Tamez,Profesionista Independiente,50804.33,Medio,2023-09-11,29381.519999999997,6,0.0,0.0,0.0,0.5783157003408893,0,0
CLI-03776,José Omar Alarcón Godoy,Desempleado,3294.96,Alto,2023-08-15,6306.96,10,0.0,0.0,0.0,1.9135426400805835,0,1
CLI-03777,Virginia de Anda,Jubilado,15453.65,Bajo,2026-02-07,20606.12,10,0.0,0.0,0.0,1.3333281568977622,0,0
CLI-03778,Gloria Verdugo,Empresario / Comerciante,182691.34,Alto,2026-02-03,110956.24,4,0.0,0.0,0.0,0.607339311544206,2,0
CLI-03779,Carolina Cisneros,Profesionista Independiente,24003.46,Medio,2024-07-31,21593.739999999998,5,0.0,0.0,0.0,0.8995719962040387,0,0
CLI-03780,Lic. Timoteo Benítez,Empresario / Comerciante,100252.96,Alto,2026-01-04,66400.59,6,0.0,0.0,0.0,0.662323862319254,0,0
CLI-03781,Paulina Violeta Botello,Jubilado,10891.97,Bajo,2024-06-20,13155.34,6,0.0,0.0,0.0,1.2076908317933495,0,0
CLI-03782,Pedro Aldo Lemus,Jubilado,7347.81,Bajo,2024-03-09,9354.960000000001,9,0.0,0.0,0.0,1.2729897765760716,0,0
CLI-03783,Humberto César Barela Ferrer,Estudiante,5767.06,Bajo,2024-06-24,5630.37,6,0.0,0.0,0.0,0.9761288890892258,0,0
CLI-03784,Daniel Alfredo Bustos Zamora,Jubilado,16215.23,Bajo,2023-09-21,24784.75,9,0.0,0.0,0.0,1.5283916175337917,0,0
CLI-03785,Ing. Silvano Jaramillo,Jubilado,11489.65,Bajo,2024-02-14,12566.49,4,0.0,0.0,0.0,1.0936274275171554,0,0
CLI-03786,Bernardo Velasco,Desempleado,3848.47,Alto,2025-02-08,2444.9300000000003,3,0.0,0.0,0.0,0.6351341873037069,0,0
CLI-03787,Esmeralda Haro Narváez,Desempleado,3752.41,Alto,2025-09-20,2165.58,4,0.0,0.0,0.0,0.576963347995556,0,0
CLI-03788,Ofelia Prieto,Profesionista Independiente,57172.33,Medio,2026-02-04,9550.04,3,0.0,0.0,0.0,0.16703662354457927,0,0
CLI-03789,Cristobal Sierra Ortega,Jubilado,15516.14,Bajo,2026-03-04,17844.96,6,0.0,0.0,0.0,1.1500160467715055,0,0
CLI-03790,Zacarías Nicolás Osorio,Empresario / Comerciante,236927.19,Alto,2026-02-05,342544.5,10,0.0,0.0,0.0,1.4457735063100765,2,0
CLI-03791,Juan Carlos Córdova Villegas,Desempleado,2507.03,Alto,2023-08-16,2918.3,7,0.0,0.0,0.0,1.1635825727762428,0,0
CLI-03792,Lilia Andrea Altamirano,Jubilado,7608.42,Bajo,2025-04-09,13857.39,10,0.0,0.0,0.0,1.821083604269445,0,0
CLI-03793,Daniela Piña Ulloa,Empresario / Comerciante,79548.74,Alto,2024-05-16,97369.97,10,0.0,0.0,0.0,1.2240136799944286,0,0
CLI-03794,Rafaél Méndez Anguiano,Empleado Sector Privado,36632.31,Medio,2023-09-19,29994.45,6,0.0,0.0,0.0,0.8187753167813665,0,0
CLI-03795,Citlali Macías,Profesionista Independiente,52985.49,Medio,2025-12-06,89840.79,10,0.0,0.0,0.0,1.6955414483956193,0,0
CLI-03796,Carlota Trujillo Ulloa,Empresario / Comerciante,113730.64,Alto,2026-06-09,145627.83000000002,9,0.0,0.0,0.0,1.280451332628282,2,0
CLI-03797,Esperanza Montenegro Rodríguez,Estudiante,5803.56,Bajo,2026-04-14,6471.26,6,0.0,0.0,0.0,1.1148579737309976,0,0
CLI-03798,Serafín Aranda,Empresario / Comerciante,103386.95,Alto,2023-10-17,127390.5,7,0.0,0.0,0.0,1.2321600341238994,2,0
CLI-03799,Cristian Lara,Profesionista Independiente,44071.92,Medio,2025-12-24,30177.67,5,0.0,0.0,0.0,0.6847213663174575,0,0
CLI-03800,Cornelio Gerardo Delgadillo,Profesionista Independiente,45908.47,Medio,2023-08-02,55280.78,9,0.0,0.0,0.0,1.2041258590003325,0,0
CLI-03801,Homero Mondragón,Empleado Sector Privado,25393.58,Medio,2024-11-11,19105.53,6,0.0,0.0,0.0,0.7523467606079721,0,0
CLI-03802,Delia Leiva Segovia,Estudiante,2899.77,Bajo,2023-09-20,3481.85,7,0.0,0.0,0.0,1.2003192255849309,0,0
CLI-03803,Isaac Serafín Iglesias,Estudiante,3473.52,Bajo,2025-07-02,4078.0699999999997,9,0.0,0.0,0.0,1.1737074473596352,0,0
CLI-03804,Ing. Vanesa Cepeda,Profesionista Independiente,35887.19,Medio,2026-04-17,25143.670000000002,5,0.0,0.0,0.0,0.7006112595814946,0,0
CLI-03805,Indira Margarita Mireles Pabón,Jubilado,17886.81,Bajo,2026-04-26,16356.79,5,0.0,0.0,0.0,0.9144098690672586,0,0
CLI-03806,Germán Silvano Muñoz,Empresario / Comerciante,179384.41,Alto,2024-02-24,202609.31,7,0.0,0.0,0.0,1.1294637061063104,2,0
CLI-03807,Ing. Gregorio Riojas,Estudiante,3211.94,Bajo,2025-08-08,2045.0900000000001,4,0.0,0.0,0.0,0.6365167105517066,0,0
CLI-03808,Esteban Gurule,Profesionista Independiente,21139.38,Medio,2024-06-20,19384.29,7,0.0,0.0,0.0,0.9169319567576363,0,0
CLI-03809,Ing. María Elena Villegas,Profesionista Independiente,50535.14,Medio,2025-06-08,88284.53,10,0.0,0.0,0.0,1.7469583153758874,0,0
CLI-03810,Octavio Padilla,Profesionista Independiente,44640.18,Medio,2025-07-15,36580.87,5,0.0,0.0,0.0,0.8194422728073049,0,0
CLI-03811,Tomás Eloy Roque,Empleado Sector Privado,33261.7,Medio,2024-05-15,22249.13,3,0.0,0.0,0.0,0.6688912806236416,0,0
CLI-03812,Dr. Zeferino Escalante,Estudiante,7782.72,Bajo,2024-05-22,5114.4,6,0.0,0.0,0.0,0.6570637176054637,0,0
CLI-03813,Pablo Hernández Caraballo,Empresario / Comerciante,206446.75,Alto,2024-09-06,162310.41,4,0.0,0.0,0.0,0.7862057590843203,2,0
CLI-03814,Miriam Domínguez,Estudiante,7157.5,Bajo,2024-02-04,10720.490000000002,9,0.0,0.0,0.0,1.4975888803520292,0,0
CLI-03815,Omar Leal,Estudiante,3883.43,Bajo,2026-04-06,4455.54,8,0.0,0.0,0.0,1.1470254323028088,0,0
CLI-03816,Dra. Alta  Gracia Aguilera,Profesionista Independiente,54022.73,Medio,2024-05-20,56622.729999999996,8,0.0,0.0,0.0,1.0481084886215741,0,0
CLI-03817,Dulce María Elvia Estévez,Empresario / Comerciante,229354.65,Alto,2024-11-17,282272.81,6,0.0,0.0,0.0,1.230720978532685,2,0
CLI-03818,Enrique Augusto Salcido Jaime,Desempleado,2629.72,Alto,2025-09-14,856.94,4,0.0,0.0,0.0,0.3257435226858047,0,0
CLI-03819,Vanesa Eva Valverde,Estudiante,4381.37,Bajo,2024-06-14,3031.91,4,0.0,0.0,0.0,0.6918425418209782,0,0
CLI-03820,Carla Olivia Salazar,Desempleado,3371.0,Alto,2026-05-03,1694.47,3,0.0,0.0,0.0,0.502511862396204,0,0
CLI-03821,Dalia Nava,Empleado Sector Privado,15693.77,Medio,2025-05-10,12264.52,8,0.0,0.0,0.0,0.7814399319008817,0,0
CLI-03822,Marisol Eva Archuleta,Desempleado,2000.99,Alto,2025-04-27,1010.32,4,0.0,0.0,0.0,0.5046578654239032,0,0
CLI-03823,Ángel Ulibarri Peralta,Estudiante,5131.75,Bajo,2026-06-08,1540.41,3,0.0,0.0,0.0,0.3001139739905509,0,0
CLI-03824,Timoteo Peralta,Jubilado,17345.77,Bajo,2024-08-07,15438.08,8,0.0,0.0,0.0,0.889968564752977,0,0
CLI-03825,Maximiliano Salinas,Jubilado,8273.5,Bajo,2023-12-25,2485.56,3,0.0,0.0,0.0,0.30038793884826875,0,0
CLI-03826,Sra. Olivia Ferrer,Estudiante,3428.46,Bajo,2025-11-05,1409.2800000000002,4,0.0,0.0,0.0,0.41093349973465215,0,0
CLI-03827,Augusto Matías,Estudiante,6639.15,Bajo,2024-03-24,6523.8,5,0.0,0.0,0.0,0.9824778054712621,0,0
CLI-03828,Trinidad Aguirre,Profesionista Independiente,29817.87,Medio,2024-10-23,35093.29,6,0.0,0.0,0.0,1.176881954279287,0,0
CLI-03829,Celia Adriana Almonte,Jubilado,14584.07,Bajo,2024-04-17,10897.79,4,0.0,0.0,0.0,0.74718804914889,0,0
CLI-03830,Evelio René Leiva Rivero,Desempleado,2975.84,Alto,2023-10-23,1538.6,4,0.0,0.0,0.0,0.5168568011717122,0,0
CLI-03831,Sr. Leonardo Pedroza,Empresario / Comerciante,93601.68,Alto,2026-06-06,116965.89,9,0.0,0.0,0.0,1.2495997977835678,2,0
CLI-03832,Luis Manuel Julio César Lozada,Estudiante,3050.93,Bajo,2024-02-24,1870.81,5,0.0,0.0,0.0,0.6129924342956752,0,0
CLI-03833,Cristina de la Torre Rolón,Profesionista Independiente,34776.39,Medio,2024-02-18,73355.02,10,0.0,0.0,0.0,2.1092732950920126,0,1
CLI-03834,Sra. Ana Luisa Escobar,Profesionista Independiente,53830.5,Medio,2024-04-09,88248.73,8,0.0,0.0,0.0,1.6393511234128715,0,0
CLI-03835,Zeferino Luis Saiz,Estudiante,4942.15,Bajo,2024-09-06,3716.5699999999997,7,0.0,0.0,0.0,0.7518626786563224,0,0
CLI-03836,Delia Romero,Profesionista Independiente,46482.8,Medio,2025-08-10,52857.060000000005,8,0.0,0.0,0.0,1.1371071211906083,0,0
CLI-03837,Dra. Aida Valdivia,Estudiante,3898.94,Bajo,2025-04-15,5343.68,9,0.0,0.0,0.0,1.3701954389041884,0,0
CLI-03838,Mitzy Acevedo Salcedo,Empresario / Comerciante,144970.82,Alto,2024-01-15,68729.61,6,0.0,0.0,0.0,0.47408944717669954,2,0
CLI-03839,Carlos Angulo,Empleado Sector Privado,43789.41,Medio,2024-07-14,39444.270000000004,9,0.0,0.0,0.0,0.90075132888685,0,0
CLI-03840,Horacio Briones Rodríquez,Empleado Sector Privado,23978.93,Medio,2024-10-23,12219.279999999999,4,0.0,0.0,0.0,0.5095627885485904,0,0
CLI-03841,Dra. Yeni Malave,Desempleado,1470.96,Alto,2025-09-12,645.69,3,0.0,0.0,0.0,0.43866001793527,0,0
CLI-03842,Modesto Gustavo Zamudio Palomo,Profesionista Independiente,15948.34,Medio,2024-06-11,18742.23,10,0.0,0.0,0.0,1.1751100672504315,0,0
CLI-03843,Dr. Luis Manuel Mora,Jubilado,5452.52,Bajo,2024-07-21,4782.92,6,0.0,0.0,0.0,0.8770335489738736,0,0
CLI-03844,Rolando Claudio Tirado,Desempleado,2648.89,Alto,2026-04-06,2627.6899999999996,5,0.0,0.0,0.0,0.9916222937555897,0,0
CLI-03845,Beatriz Arredondo,Estudiante,6144.09,Bajo,2025-07-16,1897.7899999999997,4,0.0,0.0,0.0,0.30883030191583843,0,0
CLI-03846,Roberto Guerra Palacios,Desempleado,958.7,Alto,2024-08-24,1573.58,8,0.0,0.0,0.0,1.6396582265291235,0,0
CLI-03847,Dra. Rosalia Alfaro,Jubilado,10000.97,Bajo,2026-03-18,17544.72,10,0.0,0.0,0.0,1.7541264370918932,0,0
CLI-03848,Mateo Mejía Alcaraz,Desempleado,3833.93,Alto,2024-04-23,6162.98,10,0.0,0.0,0.0,1.6070645357281619,0,0
CLI-03849,Sr. Iván Zaragoza,Profesionista Independiente,55642.07,Medio,2024-01-22,59179.340000000004,6,0.0,0.0,0.0,1.0635527478983458,0,0
CLI-03850,Graciela Niño Véliz,Desempleado,488.22,Alto,2023-08-08,1131.37,9,0.0,0.0,0.0,2.3125996484199334,0,1
CLI-03851,Verónica Abril Almonte Galindo,Empleado Sector Privado,40302.36,Medio,2024-08-02,66411.9,9,0.0,0.0,0.0,1.6478005803982594,0,0
CLI-03852,Sr. Miguel Ángel Valentín,Empresario / Comerciante,51573.22,Alto,2025-10-02,94114.68000000001,9,0.0,0.0,0.0,1.8248396194843084,0,0
CLI-03853,María Eugenia Martha Delgado,Empresario / Comerciante,235501.48,Alto,2023-07-04,151933.07,5,0.0,0.0,0.0,0.6451442464639863,2,0
CLI-03854,Lic. Luisa Olvera,Profesionista Independiente,28539.97,Medio,2026-05-16,21307.989999999998,4,0.0,0.0,0.0,0.7465755368510599,0,0
CLI-03855,Marco Antonio Reynoso,Empleado Sector Privado,21814.96,Medio,2025-07-06,29346.64,8,0.0,0.0,0.0,1.3451913186492825,0,0
CLI-03856,Ruby Judith Griego Barrera,Empleado Sector Privado,42224.4,Medio,2023-08-11,49749.92,10,0.0,0.0,0.0,1.178198903977227,0,0
CLI-03857,Sra. Francisca Rivas,Desempleado,1268.74,Alto,2023-07-25,1348.54,6,0.0,0.0,0.0,1.062059949280955,0,0
CLI-03858,Sra. María Holguín,Desempleado,1625.16,Alto,2023-11-08,3054.11,9,0.0,0.0,0.0,1.878111624932356,0,1
CLI-03859,Óscar Mariano Gaona Olivera,Estudiante,3644.22,Bajo,2025-04-25,4254.75,6,0.0,0.0,0.0,1.1672135015170553,0,0
CLI-03860,Emiliano Bahena,Estudiante,6939.19,Bajo,2026-02-28,6954.63,5,0.0,0.0,0.0,1.0020806346800304,0,0
CLI-03861,Darío Sepúlveda Ulloa,Empresario / Comerciante,144218.26,Alto,2024-12-04,146778.56,8,0.0,0.0,0.0,1.0177458960751844,2,0
CLI-03862,Felipe Antonio Gracia,Empresario / Comerciante,235299.44,Alto,2026-04-09,164887.32,5,0.0,0.0,0.0,0.7007522807862153,2,0
CLI-03863,Joaquín Canales,Profesionista Independiente,47282.37,Medio,2023-10-14,65024.45,9,0.0,0.0,0.0,1.3752076047033026,0,0
CLI-03864,Julio César Samaniego Aguayo,Estudiante,6946.41,Bajo,2024-08-17,2908.54,3,0.0,0.0,0.0,0.4186509792858058,0,0
CLI-03865,Amador Alberto Salas,Desempleado,1043.88,Alto,2025-04-25,2228.36,10,0.0,0.0,0.0,2.1326468111170658,0,1
CLI-03866,Ing. Ana María Villanueva,Estudiante,4111.14,Bajo,2023-08-02,2392.1099999999997,4,0.0,0.0,0.0,0.5817190076213358,0,0
CLI-03867,Sandra Benavídez Sotelo,Jubilado,14480.01,Bajo,2024-04-12,21903.35,10,0.0,0.0,0.0,1.5125567898924177,0,0
CLI-03868,Sr. Ramón Camarillo,Jubilado,14591.21,Bajo,2026-04-20,5125.360000000001,4,0.0,0.0,0.0,0.35123946269961853,0,0
CLI-03869,Luis Miguel Rolando Venegas Badillo,Empresario / Comerciante,189042.02,Alto,2024-08-28,71311.76999999999,3,0.0,0.0,0.0,0.37722508876550953,2,0
CLI-03870,Dr. José Villagómez,Estudiante,5848.24,Bajo,2023-11-16,3588.89,3,0.0,0.0,0.0,0.6135651811175469,0,0
CLI-03871,Lic. Augusto de la Torre,Empleado Sector Privado,32795.16,Medio,2023-10-20,37359.93,7,0.0,0.0,0.0,1.1391556206580282,0,0
CLI-03872,Dolores Mesa,Desempleado,544.37,Alto,2025-11-22,673.66,5,0.0,0.0,0.0,1.2352347947265159,0,0
CLI-03873,Gerardo Arenas,Empresario / Comerciante,90015.06,Alto,2024-08-07,54243.69,4,0.0,0.0,0.0,0.6026001360201725,0,0
CLI-03874,Bernardo Homero Saiz,Profesionista Independiente,29117.48,Medio,2023-12-26,41599.23,10,0.0,0.0,0.0,1.428619557064792,0,0
CLI-03875,Laura Dolores Cordero,Estudiante,2664.97,Bajo,2023-09-18,3229.12,8,0.0,0.0,0.0,1.2112364355187792,0,0
CLI-03876,Aida Anel de la Rosa,Empleado Sector Privado,29040.07,Medio,2024-11-28,46026.66,9,0.0,0.0,0.0,1.584881686521881,0,0
CLI-03877,Cristal Tirado,Desempleado,3052.65,Alto,2023-10-29,3734.79,9,0.0,0.0,0.0,1.2230576523177181,0,0
CLI-03878,Mauricio Aparicio,Jubilado,13914.79,Bajo,2025-02-25,10524.4,3,0.0,0.0,0.0,0.7562919532416054,0,0
CLI-03879,Sessa Ana Luisa Sepúlveda Verduzco,Profesionista Independiente,35317.05,Medio,2023-09-05,36972.55,6,0.0,0.0,0.0,1.0468457346880702,0,0
CLI-03880,Estela Posada,Desempleado,534.04,Alto,2026-02-02,807.45,6,0.0,0.0,0.0,1.509139503588517,0,0
CLI-03881,Sandra Gallegos Ocampo,Empleado Sector Privado,34686.41,Medio,2025-09-13,62249.99,9,0.0,0.0,0.0,1.7945989625630738,0,0
CLI-03882,Jos Octavio Jurado,Profesionista Independiente,50978.79,Medio,2026-05-08,34645.5,8,0.0,0.0,0.0,0.6795928347292133,0,0
CLI-03883,Soledad Rosales,Empleado Sector Privado,14785.17,Medio,2025-02-17,4409.68,3,0.0,0.0,0.0,0.29823003522886593,0,0
CLI-03884,Silvano Lovato,Profesionista Independiente,23185.02,Medio,2026-02-04,16919.559999999998,4,0.0,0.0,0.0,0.7297311052090871,0,0
CLI-03885,Esmeralda Leticia Polanco,Empresario / Comerciante,238951.43,Alto,2024-10-03,269668.35,10,0.0,0.0,0.0,1.1285440788361096,2,0
CLI-03886,Sra. Yeni Roldán,Jubilado,7918.33,Bajo,2026-04-22,5487.31,4,0.0,0.0,0.0,0.6929007883242648,0,0
CLI-03887,Dr. Claudio Pabón,Estudiante,7538.67,Bajo,2025-07-27,5513.81,4,0.0,0.0,0.0,0.7313065425940393,0,0
CLI-03888,Víctor Mauro Ruelas,Desempleado,2448.01,Alto,2023-11-01,3876.69,7,0.0,0.0,0.0,1.5829620948873218,0,0
CLI-03889,Lic. Felipe Ponce,Empleado Sector Privado,41925.88,Medio,2023-10-21,23395.43,3,0.0,0.0,0.0,0.5580055086378953,0,0
CLI-03890,Sra. Cristal Reyes,Empresario / Comerciante,89653.24,Alto,2024-10-28,32519.36,4,0.0,0.0,0.0,0.3627197107465302,0,0
CLI-03891,Claudio Rincón,Desempleado,3407.32,Alto,2026-02-22,5041.81,7,0.0,0.0,0.0,1.4792654445591964,0,0
CLI-03892,Sra. Isabela Salas,Estudiante,4406.21,Bajo,2025-03-06,3836.19,6,0.0,0.0,0.0,0.8704350371323354,0,0
CLI-03893,Lorenzo Urías Escamilla,Empresario / Comerciante,170078.55,Alto,2023-07-20,250847.74000000002,8,0.0,0.0,0.0,1.4748847818564903,2,0
CLI-03894,Violeta Yáñez Rosas,Empleado Sector Privado,14939.02,Medio,2024-06-07,19850.63,9,0.0,0.0,0.0,1.3286883150089492,0,0
CLI-03895,Agustín Cazares Vélez,Profesionista Independiente,22655.53,Medio,2023-12-31,14454.09,5,0.0,0.0,0.0,0.6379657432095737,0,0
CLI-03896,Luis Miguel Tomás Rincón Trejo,Jubilado,6525.56,Bajo,2024-02-16,4443.62,4,0.0,0.0,0.0,0.6808517810301291,0,0
CLI-03897,Elvia Elsa Gaytán,Desempleado,2103.35,Alto,2023-11-30,3087.55,9,0.0,0.0,0.0,1.467222657827833,0,0
CLI-03898,Ing. Gabriel Zavala,Empresario / Comerciante,215451.49,Alto,2024-08-31,258315.87,7,0.0,0.0,0.0,1.1989458557661599,2,0
CLI-03899,Sr. Patricio Vásquez,Empresario / Comerciante,73702.47,Alto,2024-01-22,113127.48000000001,9,0.0,0.0,0.0,1.5349003242316814,0,0
CLI-03900,Genaro Niño Patiño,Desempleado,812.58,Alto,2023-11-29,1936.62,10,0.0,0.0,0.0,2.3803682489736717,0,1
CLI-03901,Marcela Pamela Esquibel,Profesionista Independiente,27958.29,Medio,2023-09-14,53068.869999999995,10,0.0,0.0,0.0,1.8980764533004948,0,1
CLI-03902,Antonia Débora Zayas Ríos,Empresario / Comerciante,126414.7,Alto,2026-06-04,71947.56,5,0.0,0.0,0.0,0.5691346881755984,2,0
CLI-03903,Karina Eugenia Piña,Empresario / Comerciante,221267.55,Alto,2025-12-19,222458.74,6,0.0,0.0,0.0,1.0053789388505505,2,0
CLI-03904,Margarita Leonor Negrete,Jubilado,7802.37,Bajo,2023-07-09,10232.45,7,0.0,0.0,0.0,1.3112860212959274,0,0
CLI-03905,Arcelia Josefina Elizondo,Profesionista Independiente,47701.86,Medio,2025-03-02,28892.75,3,0.0,0.0,0.0,0.605681713842734,0,0
CLI-03906,Dr. Rafaél Saldaña,Empleado Sector Privado,25804.92,Medio,2026-03-11,19432.06,5,0.0,0.0,0.0,0.7530078369614415,0,0
CLI-03907,José María Vásquez Gallardo,Empresario / Comerciante,208492.71,Alto,2023-10-09,233370.96000000002,9,0.0,0.0,0.0,1.1193189473198017,2,0
CLI-03908,Alejandra María Cristina Nava,Estudiante,3741.16,Bajo,2024-03-13,6300.9,10,0.0,0.0,0.0,1.6837601812856746,0,0
CLI-03909,Cristian Pantoja Bahena,Profesionista Independiente,25596.85,Medio,2025-12-12,14372.29,3,0.0,0.0,0.0,0.5614647323896343,0,0
CLI-03910,Gustavo Oswaldo Flores Nava,Empresario / Comerciante,231465.65,Alto,2026-05-14,320419.76,9,0.0,0.0,0.0,1.3843020582014731,2,0
CLI-03911,Eva Rosa Villaseñor Casares,Profesionista Independiente,41230.64,Medio,2026-01-24,16794.65,3,0.0,0.0,0.0,0.4073243266578773,0,0
CLI-03912,Sra. Esparta Vergara,Desempleado,1832.66,Alto,2025-02-12,3151.58,9,0.0,0.0,0.0,1.7187373886107564,0,0
CLI-03913,Claudia Colunga Rodrígez,Estudiante,4813.29,Bajo,2023-10-17,1950.23,3,0.0,0.0,0.0,0.40509192425051255,0,0
CLI-03914,Roberto Báez,Profesionista Independiente,58847.96,Medio,2025-03-08,60824.64,7,0.0,0.0,0.0,1.0335720461330158,0,0
CLI-03915,Ing. Luz Ulibarri,Empresario / Comerciante,187370.49,Alto,2025-04-30,93524.27,3,0.0,0.0,0.0,0.49913820934017233,2,0
CLI-03916,Jaime Cristian Cabrera Venegas,Desempleado,1533.98,Alto,2026-03-14,1101.77,4,0.0,0.0,0.0,0.7177748244276798,0,0
CLI-03917,Emiliano Augusto Marrero Abrego,Empresario / Comerciante,197220.82,Alto,2025-06-03,214778.34,10,0.0,0.0,0.0,1.0890191561968143,2,0
CLI-03918,Ignacio Velasco,Profesionista Independiente,18287.5,Medio,2024-09-27,21788.59,8,0.0,0.0,0.0,1.191382016020997,0,0
CLI-03919,Teodoro Héctor Zambrano Rolón,Jubilado,5763.78,Bajo,2023-11-15,2941.09,3,0.0,0.0,0.0,0.5101825221430827,0,0
CLI-03920,Antonio Santiago Calderón Calderón,Profesionista Independiente,56897.91,Medio,2024-05-16,69100.83,10,0.0,0.0,0.0,1.2144490992885453,0,0
CLI-03921,Arcelia Carranza,Empresario / Comerciante,231645.31,Alto,2024-04-22,290074.43,7,0.0,0.0,0.0,1.2522298757964243,2,0
CLI-03922,Jerónimo Ocasio Delgadillo,Jubilado,17211.19,Bajo,2023-09-20,28186.12,9,0.0,0.0,0.0,1.6375673287362038,0,0
CLI-03923,Claudio Roberto Hernádez,Jubilado,14224.36,Bajo,2024-08-02,20664.77,10,0.0,0.0,0.0,1.4526711450536225,0,0
CLI-03924,Eric Zapata Quintana,Estudiante,2032.17,Bajo,2025-04-08,4315.29,10,0.0,0.0,0.0,2.122444261916121,0,1
CLI-03925,Genaro Barragán Terán,Jubilado,13055.55,Bajo,2026-02-16,10156.56,5,0.0,0.0,0.0,0.7778900245470665,0,0
CLI-03926,Asunción Yeni Garibay Jaime,Profesionista Independiente,58988.57,Medio,2024-09-19,94116.63,9,0.0,0.0,0.0,1.5954791669103539,0,0
CLI-03927,Adán Salgado Henríquez,Desempleado,1483.6,Alto,2026-02-19,1374.25,4,0.0,0.0,0.0,0.9256702141991109,0,0
CLI-03928,Ofelia Karla Cintrón Márquez,Jubilado,5534.62,Bajo,2025-11-07,7134.0599999999995,6,0.0,0.0,0.0,1.2887553697688785,0,0
CLI-03929,Luis Villagómez,Empleado Sector Privado,20589.62,Medio,2024-10-26,17034.88,8,0.0,0.0,0.0,0.8273126307027181,0,0
CLI-03930,Elisa Delia Montenegro,Jubilado,11406.92,Bajo,2024-11-08,11094.6,5,0.0,0.0,0.0,0.9725348705110134,0,0
CLI-03931,Benito Julio Ulloa,Profesionista Independiente,54505.35,Medio,2023-11-26,46015.09,5,0.0,0.0,0.0,0.8442152152914293,0,0
CLI-03932,Dr. Gabriel Luna,Empleado Sector Privado,14958.38,Medio,2024-08-07,15492.11,5,0.0,0.0,0.0,1.035611770006511,0,0
CLI-03933,Berta Paredes Almanza,Desempleado,2121.7,Alto,2023-08-25,3765.25,10,0.0,0.0,0.0,1.773802233005135,0,0
CLI-03934,Srita. Elisa del Valle,Empleado Sector Privado,20593.4,Medio,2025-12-06,23669.61,8,0.0,0.0,0.0,1.1493226313949423,0,0
CLI-03935,Ramiro Garrido Bernal,Profesionista Independiente,16987.3,Medio,2023-06-25,16902.39,7,0.0,0.0,0.0,0.9949429901755914,0,0
CLI-03936,Lic. Jerónimo Arce,Empleado Sector Privado,28473.95,Medio,2025-09-04,29143.65,8,0.0,0.0,0.0,1.0234837989179963,0,0
CLI-03937,Miriam Barbara Quintana Tamez,Profesionista Independiente,48652.05,Medio,2026-04-02,41990.11,4,0.0,0.0,0.0,0.8630519566604765,0,0
CLI-03938,Srita. Ivonne Berríos,Empresario / Comerciante,106585.1,Alto,2024-09-06,188074.48,10,0.0,0.0,0.0,1.7645310223378095,2,0
CLI-03939,Sra. Ana Luisa Santana,Profesionista Independiente,42581.92,Medio,2023-07-06,28925.35,5,0.0,0.0,0.0,0.6792711725734167,0,0
CLI-03940,Sr. Marco Antonio Rodarte,Profesionista Independiente,38263.77,Medio,2024-03-03,26969.04,3,0.0,0.0,0.0,0.7048007867288894,0,0
CLI-03941,Ana Paulina Escobar Carmona,Empresario / Comerciante,228534.36,Alto,2026-04-29,161715.76,4,0.0,0.0,0.0,0.7076181121380954,2,0
CLI-03942,Estefanía Soledad Camacho Montez,Profesionista Independiente,48159.12,Medio,2024-08-25,39463.58,5,0.0,0.0,0.0,0.8194244532613291,0,0
CLI-03943,Salma Fuentes,Empresario / Comerciante,202735.08,Alto,2023-08-14,116472.03,3,0.0,0.0,0.0,0.5745007499405138,2,0
CLI-03944,Juan Carlos Salas Dávila,Empleado Sector Privado,30337.27,Medio,2026-02-06,28088.45,9,0.0,0.0,0.0,0.9258421788717682,0,0
CLI-03945,María Teresa Beatriz Jaimes Carrasco,Desempleado,2546.61,Alto,2024-06-09,3976.42,10,0.0,0.0,0.0,1.5608433001911595,0,0
CLI-03946,Karla Francisca Saavedra,Empresario / Comerciante,60644.44,Alto,2024-10-31,76510.01000000001,9,0.0,0.0,0.0,1.261595430752914,0,0
CLI-03947,Ana María Villagómez,Empleado Sector Privado,13800.72,Medio,2024-06-23,15506.36,7,0.0,0.0,0.0,1.1235092437754135,0,0
CLI-03948,Pedro Ojeda Arredondo,Empleado Sector Privado,13183.45,Medio,2024-08-15,17956.66,8,0.0,0.0,0.0,1.3619574574593554,0,0
CLI-03949,Anel Cepeda,Profesionista Independiente,22359.97,Medio,2024-02-03,12390.810000000001,3,0.0,0.0,0.0,0.5541266769733156,0,0
CLI-03950,Fabiola Carolina Treviño Esquibel,Empresario / Comerciante,137285.97,Alto,2025-11-09,146296.6,7,0.0,0.0,0.0,1.0656262571750255,2,0
CLI-03951,Omar Jacobo Tirado Avilés,Empresario / Comerciante,58158.34,Alto,2025-05-06,54209.76,6,0.0,0.0,0.0,0.932090357283972,0,0
CLI-03952,Benjamín Emilio Calderón Macías,Profesionista Independiente,59496.84,Medio,2026-03-01,93671.51999999999,8,0.0,0.0,0.0,1.5743684140466274,0,0
CLI-03953,Esther Rebeca Balderas,Jubilado,11307.59,Bajo,2023-12-05,5210.88,4,0.0,0.0,0.0,0.4607895414017132,0,0
CLI-03954,Leonor Valdés Munguía,Empresario / Comerciante,72498.18,Alto,2025-12-07,91442.77,6,0.0,0.0,0.0,1.2612938518752903,0,0
CLI-03955,Evelio Bruno Contreras,Desempleado,3467.52,Alto,2024-04-22,4990.81,10,0.0,0.0,0.0,1.4388874793860207,0,0
CLI-03956,Tomás Palomo Villanueva,Estudiante,4097.63,Bajo,2023-08-19,4822.97,8,0.0,0.0,0.0,1.1767273454788552,0,0
CLI-03957,Dra. Elena Moreno,Empleado Sector Privado,40649.71,Medio,2026-01-01,24116.769999999997,3,0.0,0.0,0.0,0.5932681126602708,0,0
CLI-03958,Julio César Romero,Empleado Sector Privado,39553.47,Medio,2025-11-18,23510.510000000002,6,0.0,0.0,0.0,0.5943831379866802,0,0
CLI-03959,Lic. Susana Batista,Desempleado,2034.95,Alto,2023-07-26,3597.42,10,0.0,0.0,0.0,1.7669490901053562,0,0
CLI-03960,Ramón Claudio Muñoz,Profesionista Independiente,40346.13,Medio,2026-02-05,28879.04,6,0.0,0.0,0.0,0.715764417444314,0,0
CLI-03961,Flavio Palomino,Desempleado,2342.71,Alto,2023-07-07,2958.55,9,0.0,0.0,0.0,1.2623362105379932,0,0
CLI-03962,Abelardo Isaac Porras,Jubilado,17974.06,Bajo,2024-07-21,12430.58,4,0.0,0.0,0.0,0.6915459531150382,0,0
CLI-03963,Dra. Alma Almanza,Estudiante,5156.09,Bajo,2025-08-27,8741.76,9,0.0,0.0,0.0,1.695095489898373,0,0
CLI-03964,Aida Frida Villalpando,Jubilado,7347.4,Bajo,2026-02-06,10493.1,9,0.0,0.0,0.0,1.4279434979043057,0,0
CLI-03965,Bernardo Magaña,Estudiante,3476.94,Bajo,2025-06-19,1132.94,4,0.0,0.0,0.0,0.3257503004652179,0,0
CLI-03966,Lic. Ricardo Márquez,Empresario / Comerciante,185381.7,Alto,2024-07-08,188492.22,5,0.0,0.0,0.0,1.0167735177014898,2,0
CLI-03967,Raúl Genaro Tirado,Profesionista Independiente,16168.3,Medio,2024-08-22,11211.18,4,0.0,0.0,0.0,0.6933621121508043,0,0
CLI-03968,Antonio Jorge Loera Montoya,Desempleado,3925.34,Alto,2025-12-13,5357.71,9,0.0,0.0,0.0,1.364555794964267,0,0
CLI-03969,Srita. Amalia Prieto,Estudiante,4365.02,Bajo,2025-09-27,8138.47,10,0.0,0.0,0.0,1.8640478055528833,0,1
CLI-03970,Oswaldo Héctor Rosales,Jubilado,17078.93,Bajo,2025-09-16,7057.45,3,0.0,0.0,0.0,0.4132013421600674,0,0
CLI-03971,Aurora Lourdes Vallejo,Estudiante,7021.86,Bajo,2024-01-09,6741.33,8,0.0,0.0,0.0,0.9599123434042541,0,0
CLI-03972,Magdalena Saldivar Morales,Empleado Sector Privado,12952.86,Medio,2023-12-17,17290.38,7,0.0,0.0,0.0,1.3347666255463622,0,0
CLI-03973,Sr. Abelardo Rivas,Empresario / Comerciante,216139.85,Alto,2026-04-06,130145.94,6,0.0,0.0,0.0,0.6021348578947477,2,0
CLI-03974,Yeni María Luisa Serrato Nava,Desempleado,1919.42,Alto,2025-12-18,2347.61,7,0.0,0.0,0.0,1.2224461315753845,0,0
CLI-03975,Felix Granados Arellano,Desempleado,3820.81,Alto,2024-04-07,5750.83,8,0.0,0.0,0.0,1.5047399007276656,0,0
CLI-03976,Dra. Linda Lozada,Jubilado,13554.08,Bajo,2023-11-08,20536.8,8,0.0,0.0,0.0,1.5150629874556254,0,0
CLI-03977,Rocío Calderón Montoya,Profesionista Independiente,58639.67,Medio,2025-02-09,33597.91,3,0.0,0.0,0.0,0.5729455342171228,0,0
CLI-03978,Luis Miguel Adalberto Farías Lebrón,Desempleado,2489.46,Alto,2025-02-23,2857.55,6,0.0,0.0,0.0,1.1473984725713322,0,0
CLI-03979,Miguel Tafoya,Empresario / Comerciante,114983.09,Alto,2025-07-22,103758.91,6,0.0,0.0,0.0,0.9023762330945091,2,0
CLI-03980,Srita. Frida Avilés,Desempleado,3999.28,Alto,2025-06-26,3051.7799999999997,5,0.0,0.0,0.0,0.7628915975881687,0,0
CLI-03981,Felipe Leonel Molina del Valle,Jubilado,6681.16,Bajo,2025-07-29,7676.02,9,0.0,0.0,0.0,1.1487333437092198,0,0
CLI-03982,Lic. José Eduardo Galindo,Estudiante,6809.35,Bajo,2024-10-03,9884.18,8,0.0,0.0,0.0,1.451346847078344,0,0
CLI-03983,Eric Ricardo Becerra,Profesionista Independiente,29542.69,Medio,2025-02-17,39786.33,7,0.0,0.0,0.0,1.3466946749035074,0,0
CLI-03984,Uriel Horacio Mateo,Estudiante,6462.8,Bajo,2025-04-01,7737.0199999999995,8,0.0,0.0,0.0,1.1969770104273028,0,0
CLI-03985,José Manuél Méndez,Jubilado,17374.7,Bajo,2023-06-15,7756.46,4,0.0,0.0,0.0,0.44639697969002684,0,0
CLI-03986,Noelia Micaela Rosario,Empresario / Comerciante,68510.2,Alto,2024-08-09,94034.55,9,0.0,0.0,0.0,1.372542737537804,0,0
CLI-03987,Mónica Márquez,Profesionista Independiente,23010.49,Medio,2025-01-30,12773.43,4,0.0,0.0,0.0,0.5550892184730324,0,0
CLI-03988,Óliver Sanches,Empresario / Comerciante,67837.66,Alto,2024-04-17,73378.83,7,0.0,0.0,0.0,1.0816668548582768,0,0
CLI-03989,Patricia Aldonza Roldán Briseño,Empleado Sector Privado,17377.04,Medio,2024-12-18,18068.1,7,0.0,0.0,0.0,1.0397087358528347,0,0
CLI-03990,Patricia Calvillo Acevedo,Empresario / Comerciante,106987.18,Alto,2023-09-01,69074.82,3,0.0,0.0,0.0,0.6456303864595136,0,0
CLI-03991,Lucas Carrasco,Desempleado,616.54,Alto,2023-11-09,1154.34,8,0.0,0.0,0.0,1.8692554328464552,0,1
CLI-03992,Paulina Noemí Casanova Velásquez,Profesionista Independiente,37088.03,Medio,2025-02-05,53608.42,10,0.0,0.0,0.0,1.4453982754469448,0,0
CLI-03993,Mauro Mata Ramírez,Empresario / Comerciante,197177.86,Alto,2023-11-23,263539.51,8,0.0,0.0,0.0,1.3365505308226249,2,0
CLI-03994,Linda Minerva Tejeda Collazo,Profesionista Independiente,55668.04,Medio,2024-07-02,77262.74,8,0.0,0.0,0.0,1.387894240676685,0,0
CLI-03995,Anabel Sara Cuellar Vera,Jubilado,6706.73,Bajo,2025-07-10,3081.43,4,0.0,0.0,0.0,0.4593849185939208,0,0
CLI-03996,Srita. Cynthia Nieves,Desempleado,384.45,Alto,2025-01-14,539.21,5,0.0,0.0,0.0,1.3989103645090155,0,0
CLI-03997,Lucas Ramón Villegas,Profesionista Independiente,38069.4,Medio,2024-12-22,48755.0,9,0.0,0.0,0.0,1.2806537362360257,0,0
CLI-03998,Ing. Rocío Gallardo,Empresario / Comerciante,139088.48,Alto,2025-09-02,174354.41,10,0.0,0.0,0.0,1.2535413174310521,2,0
CLI-03999,Benito Nieves Jáquez,Empresario / Comerciante,145287.94,Alto,2026-04-10,253542.82,10,0.0,0.0,0.0,1.7450937421664718,2,0
CLI-04000,Mauricio Hernandes Rivas,Jubilado,12804.43,Bajo,2025-12-24,15295.060000000001,9,0.0,0.0,0.0,1.1944198671969626,0,0
CLI-04001,Violeta Raquel Urbina Oquendo,Estudiante,6538.94,Bajo,2025-07-01,9544.31,10,0.0,0.0,0.0,1.4593880066177978,0,0
CLI-04002,Teresa Tórrez Páez,Profesionista Independiente,42624.05,Medio,2024-12-22,39081.11,5,0.0,0.0,0.0,0.916857810137466,0,0
CLI-04003,Graciela Arredondo Meraz,Empresario / Comerciante,176137.25,Alto,2026-05-20,72441.34,3,0.0,0.0,0.0,0.4112754611789319,2,0
CLI-04004,Lic. Abigail Carvajal,Estudiante,2242.63,Bajo,2026-03-22,2391.1,6,0.0,0.0,0.0,1.0657283063606744,0,0
CLI-04005,Gregorio Diego Alonzo Montemayor,Profesionista Independiente,58797.23,Medio,2025-05-11,63199.17,7,0.0,0.0,0.0,1.0748481714500588,0,0
CLI-04006,Dra. Marisela Villaseñor,Desempleado,896.92,Alto,2024-10-20,1589.3,8,0.0,0.0,0.0,1.7699795081967213,0,0
CLI-04007,Darío Alva,Desempleado,2854.54,Alto,2024-03-07,2597.56,6,0.0,0.0,0.0,0.9096563171939458,0,0
CLI-04008,Patricia Miramontes Espinal,Empresario / Comerciante,155455.74,Alto,2024-01-06,161493.65,7,0.0,0.0,0.0,1.0388333757674322,2,0
CLI-04009,Francisco Javier Vanegas Esquibel,Desempleado,2098.71,Alto,2024-05-15,3559.2599999999998,10,0.0,0.0,0.0,1.695119802258407,0,0
CLI-04010,Sofía Rael Solorio,Profesionista Independiente,36069.86,Medio,2023-09-09,43332.21,9,0.0,0.0,0.0,1.2013079255665098,0,0
CLI-04011,Sessa Elizondo Valverde,Estudiante,7443.25,Bajo,2026-04-01,8459.27,10,0.0,0.0,0.0,1.1363495315176144,0,0
CLI-04012,Gabino Munguía Ortiz,Empresario / Comerciante,110078.65,Alto,2024-10-26,126650.46,6,0.0,0.0,0.0,1.1505347264458055,2,0
CLI-04013,Pamela Vallejo,Empleado Sector Privado,34582.36,Medio,2025-05-29,31743.6,5,0.0,0.0,0.0,0.9178865211477427,0,0
CLI-04014,Martín Roberto Casanova,Profesionista Independiente,52869.21,Medio,2023-10-17,57729.84,6,0.0,0.0,0.0,1.091916222765145,0,0
CLI-04015,Aurelio Mario Venegas,Jubilado,10560.51,Bajo,2024-01-31,4747.34,3,0.0,0.0,0.0,0.4494944378218645,0,0
CLI-04016,Ing. Luis Miranda,Jubilado,5620.47,Bajo,2024-06-28,2618.85,4,0.0,0.0,0.0,0.46586568993519484,0,0
CLI-04017,Wendolin Quintanilla Peralta,Estudiante,7503.81,Bajo,2025-01-19,9444.73,6,0.0,0.0,0.0,1.2584902216045442,0,0
CLI-04018,Bernardo Barrios Sevilla,Jubilado,6399.22,Bajo,2023-12-19,4172.29,5,0.0,0.0,0.0,0.6518979035095668,0,0
CLI-04019,Gabino Zamora Aguayo,Empresario / Comerciante,132603.88,Alto,2024-03-17,77333.76000000001,5,0.0,0.0,0.0,0.5831893969513038,2,0
CLI-04020,Santiago Gregorio Guardado Valle,Empresario / Comerciante,182171.05,Alto,2025-11-28,116700.39,4,0.0,0.0,0.0,0.6406053508208313,2,0
CLI-04021,Eric Saucedo,Jubilado,15566.72,Bajo,2025-06-22,11766.33,5,0.0,0.0,0.0,0.7558158805528363,0,0
CLI-04022,Luz Madrigal,Profesionista Independiente,26468.71,Medio,2025-05-24,43266.38,8,0.0,0.0,0.0,1.6345619200210353,0,0
CLI-04023,Araceli Trinidad Rubio Prieto,Estudiante,6611.88,Bajo,2024-05-15,6420.85,7,0.0,0.0,0.0,0.970961215083292,0,0
CLI-04024,Noelia Alarcón Samaniego,Estudiante,2683.61,Bajo,2025-10-20,1167.6599999999999,4,0.0,0.0,0.0,0.4349458580575949,0,0
CLI-04025,Rafaél Villagómez Fajardo,Desempleado,1851.52,Alto,2024-03-12,2008.6,7,0.0,0.0,0.0,1.0842528015891866,0,0
CLI-04026,Sergio Ruelas,Empleado Sector Privado,39816.02,Medio,2025-09-07,58926.53,10,0.0,0.0,0.0,1.479933204443728,0,0
CLI-04027,Caridad Andrea Ruelas,Estudiante,2499.74,Bajo,2025-05-08,3791.63,9,0.0,0.0,0.0,1.5162032038516602,0,0
CLI-04028,Abraham Urías Vásquez,Desempleado,1190.59,Alto,2023-09-15,1635.54,7,0.0,0.0,0.0,1.3725694240468618,0,0
CLI-04029,Ricardo Serafín Tafoya Lerma,Jubilado,14413.23,Bajo,2024-05-16,25673.23,10,0.0,0.0,0.0,1.781103118238019,0,0
CLI-04030,Dra. Cynthia Delgadillo,Desempleado,1799.79,Alto,2025-05-10,1580.49,6,0.0,0.0,0.0,0.8776648026699393,0,0
CLI-04031,Lic. Estefanía Sevilla,Profesionista Independiente,30360.05,Medio,2023-11-15,55921.03,10,0.0,0.0,0.0,1.8418674584706392,0,1
CLI-04032,Carla Solano,Empleado Sector Privado,18965.26,Medio,2025-01-24,29455.59,9,0.0,0.0,0.0,1.5530521041048684,0,0
CLI-04033,Srita. Wendolin Estrada,Estudiante,6482.18,Bajo,2024-08-10,6076.03,10,0.0,0.0,0.0,0.9371990288716339,0,0
CLI-04034,Victoria Pedraza Nieto,Jubilado,8371.13,Bajo,2025-04-06,11301.26,10,0.0,0.0,0.0,1.3498667603106977,0,0
CLI-04035,Benito Federico Mena,Desempleado,425.32,Alto,2024-07-20,775.41,7,0.0,0.0,0.0,1.8188449990617377,0,0
CLI-04036,Natividad Correa Ordóñez,Jubilado,5232.9,Bajo,2025-11-07,6645.61,9,0.0,0.0,0.0,1.2697242973690748,0,0
CLI-04037,Flavio Mascareñas Burgos,Empresario / Comerciante,73335.65,Alto,2024-07-03,51695.67,7,0.0,0.0,0.0,0.7049090734305427,0,0
CLI-04038,Ramiro Rafaél Fernández Espino,Empleado Sector Privado,33641.43,Medio,2023-10-16,41102.43,8,0.0,0.0,0.0,1.2217437919912444,0,0
CLI-04039,Adán Núñez Tovar,Empresario / Comerciante,188361.25,Alto,2026-01-25,189210.3,5,0.0,0.0,0.0,1.0045022290825258,2,0
CLI-04040,Lic. María Elena del Valle,Desempleado,3863.22,Alto,2025-12-06,1536.75,3,0.0,0.0,0.0,0.39768698469548835,0,0
CLI-04041,Hugo Ramón Rael Cedillo,Jubilado,14436.85,Bajo,2026-03-07,13498.43,6,0.0,0.0,0.0,0.9349335254210287,0,0
CLI-04042,Dra. Esperanza Santillán,Profesionista Independiente,42832.47,Medio,2023-06-29,52866.6,8,0.0,0.0,0.0,1.234235750687488,0,0
CLI-04043,Asunción Enríquez Olvera,Jubilado,9689.47,Bajo,2024-05-29,14123.21,8,0.0,0.0,0.0,1.45743292121022,0,0
CLI-04044,Soledad Estela Santillán,Desempleado,3852.57,Alto,2023-12-25,2318.71,4,0.0,0.0,0.0,0.6017043935882831,0,0
CLI-04045,Pedro Olivas,Desempleado,1579.99,Alto,2026-05-12,2084.2799999999997,8,0.0,0.0,0.0,1.3183385094149866,0,0
CLI-04046,Marco Antonio Mariano Tamez Pedraza,Profesionista Independiente,18943.58,Medio,2026-03-19,28942.6,9,0.0,0.0,0.0,1.5277509451252018,0,0
CLI-04047,Jonás Abelardo Lovato Menchaca,Empleado Sector Privado,12457.91,Medio,2024-01-26,13905.59,9,0.0,0.0,0.0,1.116116096833511,0,0
CLI-04048,Ing. Andrés Sarabia,Estudiante,6895.81,Bajo,2026-03-03,3285.4,4,0.0,0.0,0.0,0.47636516012475333,0,0
CLI-04049,Mariana Alonso,Desempleado,3882.08,Alto,2023-09-29,6917.72,10,0.0,0.0,0.0,1.7815033427073355,0,0
CLI-04050,Lic. Humberto Crespo,Estudiante,3255.38,Bajo,2026-05-26,3229.3199999999997,7,0.0,0.0,0.0,0.9916901590109262,0,0
CLI-04051,Leonor Alma Téllez,Desempleado,580.62,Alto,2024-10-14,1128.15,8,0.0,0.0,0.0,1.9396685120869297,0,1
CLI-04052,Camila Hinojosa Quintero,Empleado Sector Privado,26381.02,Medio,2025-09-01,16238.25,4,0.0,0.0,0.0,0.6155044230881487,0,0
CLI-04053,Sra. Fabiola Maldonado,Desempleado,3432.76,Alto,2025-01-25,4314.41,9,0.0,0.0,0.0,1.2564681282326078,0,0
CLI-04054,Lic. Aida Arredondo,Jubilado,7481.89,Bajo,2023-08-03,8145.650000000001,7,0.0,0.0,0.0,1.088570057825252,0,0
CLI-04055,Barbara Delia Ramírez,Profesionista Independiente,49637.45,Medio,2025-03-29,31128.489999999998,3,0.0,0.0,0.0,0.6271043918575218,0,0
CLI-04056,Ing. Natalia Valadez,Empleado Sector Privado,27641.64,Medio,2025-03-13,39006.92,9,0.0,0.0,0.0,1.4111141338164517,0,0
CLI-04057,Gustavo Limón Feliciano,Estudiante,2698.75,Bajo,2023-11-28,2934.76,6,0.0,0.0,0.0,1.0870488008148904,0,0
CLI-04058,Adalberto Cristobal Montez,Empleado Sector Privado,36379.78,Medio,2023-07-24,41667.96,7,0.0,0.0,0.0,1.145328934673748,0,0
CLI-04059,Francisco Javier Elias Ornelas Chapa,Empresario / Comerciante,242773.37,Alto,2025-05-05,192733.66,6,0.0,0.0,0.0,0.7938797658088866,2,0
CLI-04060,Lic. Miguel Valdés,Empresario / Comerciante,53925.56,Alto,2023-10-19,37221.35,5,0.0,0.0,0.0,0.6902229624882432,0,0
CLI-04061,Hugo Viera,Empresario / Comerciante,167045.25,Alto,2024-08-06,98305.73999999999,4,0.0,0.0,0.0,0.588494144585706,2,0
CLI-04062,Ing. Ana María Orozco,Empleado Sector Privado,21729.44,Medio,2023-10-08,28440.61,8,0.0,0.0,0.0,1.308791262395055,0,0
CLI-04063,Mario Germán Lucio Sepúlveda,Empresario / Comerciante,60184.44,Alto,2023-09-10,96400.58,10,0.0,0.0,0.0,1.6017259323849755,0,0
CLI-04064,Francisco Héctor Cisneros Mireles,Estudiante,2615.98,Bajo,2025-01-12,1893.23,5,0.0,0.0,0.0,0.7234407599599538,0,0
CLI-04065,Marisela Carrera Abrego,Desempleado,1727.15,Alto,2024-06-28,1879.8899999999999,7,0.0,0.0,0.0,1.0878048780487803,0,0
CLI-04066,Carmen Sánchez Guillen,Empresario / Comerciante,219723.25,Alto,2025-03-09,207931.16,5,0.0,0.0,0.0,0.9463277721962869,2,0
CLI-04067,Mario Valles,Desempleado,2314.65,Alto,2024-01-22,1736.01,5,0.0,0.0,0.0,0.7496858333513268,0,0
CLI-04068,Ángela Elsa Roque Adame,Desempleado,2217.22,Alto,2023-09-28,4882.25,10,0.0,0.0,0.0,2.2009764586019425,0,1
CLI-04069,José Manuél Bernardo Rodríguez,Profesionista Independiente,16665.77,Medio,2025-02-07,15415.3,9,0.0,0.0,0.0,0.9249122655439536,0,0
CLI-04070,Cecilia Débora Cepeda Lucio,Empresario / Comerciante,147220.19,Alto,2024-12-09,72994.8,3,0.0,0.0,0.0,0.4958172121825669,2,0
CLI-04071,Hermelinda Graciela Robles,Jubilado,14419.98,Bajo,2023-07-09,17636.1,10,0.0,0.0,0.0,1.2229474002460303,0,0
CLI-04072,Augusto Patiño,Desempleado,3620.29,Alto,2026-01-15,3058.98,6,0.0,0.0,0.0,0.8447210800571068,0,0
CLI-04073,María Elena Hidalgo Guerrero,Empresario / Comerciante,96381.16,Alto,2024-06-08,113481.46,10,0.0,0.0,0.0,1.1774114628682322,2,0
CLI-04074,Alejandro Espinosa,Estudiante,5169.85,Bajo,2023-07-12,8737.4,10,0.0,0.0,0.0,1.6897415318564644,0,0
CLI-04075,Emiliano Cisneros Parra,Empresario / Comerciante,165280.67,Alto,2026-05-03,181550.49,7,0.0,0.0,0.0,1.098430878632821,2,0
CLI-04076,Dra. Abigail Barragán,Jubilado,5825.64,Bajo,2025-05-15,5960.76,7,0.0,0.0,0.0,1.0230184119835788,0,0
CLI-04077,Dra. Amanda de la Torre,Desempleado,1668.55,Alto,2024-04-13,2871.87,10,0.0,0.0,0.0,1.7201461471654038,0,0
CLI-04078,Abel Villarreal Zarate,Empresario / Comerciante,73388.15,Alto,2025-11-12,101597.70000000001,7,0.0,0.0,0.0,1.384369487860263,0,0
CLI-04079,Rolando Andrés Carmona Medina,Jubilado,17206.54,Bajo,2026-03-28,8774.18,3,0.0,0.0,0.0,0.5099032168456386,0,0
CLI-04080,Sr. David Carrero,Profesionista Independiente,35174.64,Medio,2025-11-28,31176.79,8,0.0,0.0,0.0,0.8863176334531512,0,0
CLI-04081,José Eduardo Maya Santacruz,Empresario / Comerciante,54161.38,Alto,2024-05-13,18765.39,3,0.0,0.0,0.0,0.3464653879685494,0,0
CLI-04082,Germán Juan Espino,Profesionista Independiente,47679.41,Medio,2024-07-20,41653.43,10,0.0,0.0,0.0,0.8735963050653297,0,0
CLI-04083,Sr. Humberto Carmona,Empresario / Comerciante,118769.48,Alto,2023-11-26,103264.23000000001,5,0.0,0.0,0.0,0.8694435688059863,2,0
CLI-04084,Alberto Bétancourt Espinoza,Empleado Sector Privado,28751.99,Medio,2023-10-19,36533.86,8,0.0,0.0,0.0,1.2706108129971874,0,0
CLI-04085,Sra. Irene Valencia,Jubilado,16817.91,Bajo,2025-06-14,4899.09,3,0.0,0.0,0.0,0.2912846314059591,0,0
CLI-04086,Srita. Elisa Mercado,Profesionista Independiente,56478.1,Medio,2024-02-04,86080.68,9,0.0,0.0,0.0,1.5241156463187266,0,0
CLI-04087,Teodoro Matos,Desempleado,2627.83,Alto,2025-12-18,3310.79,9,0.0,0.0,0.0,1.2594157857297734,0,0
CLI-04088,Alvaro César Jaimes,Empleado Sector Privado,41144.72,Medio,2023-11-02,28855.59,3,0.0,0.0,0.0,0.701302346878363,0,0
CLI-04089,Hugo Rivas Camacho,Desempleado,2845.54,Alto,2026-03-25,3438.71,6,0.0,0.0,0.0,1.2080315049147385,0,0
CLI-04090,Jaqueline Miriam Zelaya Trejo,Empresario / Comerciante,216616.15,Alto,2023-10-05,205429.09,4,0.0,0.0,0.0,0.9483509962161353,2,0
CLI-04091,Carmen Perla León Carreón,Desempleado,2610.0,Alto,2025-12-02,3221.81,8,0.0,0.0,0.0,1.2339371888165453,0,0
CLI-04092,Gabriel Ballesteros,Profesionista Independiente,50818.77,Medio,2025-10-15,40150.590000000004,7,0.0,0.0,0.0,0.7900584752744848,0,0
CLI-04093,Homero Lorenzo Naranjo,Empleado Sector Privado,32520.8,Medio,2023-06-21,29687.58,6,0.0,0.0,0.0,0.9128516871759866,0,0
CLI-04094,Carmen Débora Robledo Gutiérrez,Profesionista Independiente,46081.39,Medio,2023-11-10,41121.09,6,0.0,0.0,0.0,0.8923384833121719,0,0
CLI-04095,Bianca Karina Pérez,Estudiante,6002.34,Bajo,2025-03-10,6026.4400000000005,8,0.0,0.0,0.0,1.003847858025699,0,0
CLI-04096,Srita. Olivia Valles,Empleado Sector Privado,17718.61,Medio,2025-01-16,11044.48,5,0.0,0.0,0.0,0.6232913704082651,0,0
CLI-04097,Sra. Florencia Palacios,Empleado Sector Privado,31989.72,Medio,2025-12-18,25232.16,5,0.0,0.0,0.0,0.7887337327825069,0,0
CLI-04098,Sr. Horacio Cotto,Estudiante,6760.89,Bajo,2023-10-19,8846.78,9,0.0,0.0,0.0,1.3083294759305462,0,0
CLI-04099,Alonso Juan Carlos Guerra Olivo,Empresario / Comerciante,110730.38,Alto,2025-02-27,75646.54000000001,4,0.0,0.0,0.0,0.683153592053129,0,0
CLI-04100,Dra. Isabela Casas,Empleado Sector Privado,30375.41,Medio,2025-06-15,44867.35,10,0.0,0.0,0.0,1.4770458391890287,0,0
CLI-04101,Dra. Josefina Olivares,Estudiante,4152.72,Bajo,2024-02-21,6081.63,9,0.0,0.0,0.0,1.4641405776027272,0,0
CLI-04102,Amanda Bianca Mena,Profesionista Independiente,31066.97,Medio,2026-04-30,42686.81,10,0.0,0.0,0.0,1.373981306149066,0,0
CLI-04103,Lic. Marco Antonio Anguiano,Empleado Sector Privado,17765.59,Medio,2025-08-04,8503.5,4,0.0,0.0,0.0,0.47862307848607977,0,0
CLI-04104,Perla Amalia Zepeda Urbina,Jubilado,5415.61,Bajo,2025-11-24,7881.59,7,0.0,0.0,0.0,1.4550779915851428,0,0
CLI-04105,Itzel Llamas,Estudiante,4026.41,Bajo,2025-10-29,6068.91,9,0.0,0.0,0.0,1.506901457760695,0,0
CLI-04106,Leonardo Colunga,Estudiante,5705.38,Bajo,2024-01-05,7638.02,7,0.0,0.0,0.0,1.3385053221131435,0,0
CLI-04107,Olivia Montañez,Estudiante,5371.89,Bajo,2024-05-23,5100.58,6,0.0,0.0,0.0,0.9493177787001036,0,0
CLI-04108,Sra. Marisela Mares,Empresario / Comerciante,101564.43,Alto,2024-03-22,113405.28,10,0.0,0.0,0.0,1.1165736215560749,2,0
CLI-04109,Javier Marrero,Profesionista Independiente,50319.86,Medio,2023-10-19,42685.96,6,0.0,0.0,0.0,0.8482756455275208,0,0
CLI-04110,Porfirio Medrano Ramos,Estudiante,6620.57,Bajo,2023-08-22,5733.04,5,0.0,0.0,0.0,0.8658127906221637,0,0
CLI-04111,Florencia Esmeralda Ulibarri Cortés,Jubilado,8477.39,Bajo,2026-02-07,6887.3,6,0.0,0.0,0.0,0.8123358326286005,0,0
CLI-04112,Daniela Ángela Guajardo,Empleado Sector Privado,40162.47,Medio,2025-01-12,20647.02,3,0.0,0.0,0.0,0.5140746056055415,0,0
CLI-04113,Darío Enrique Puga Rangel,Jubilado,12855.76,Bajo,2024-02-22,10426.76,8,0.0,0.0,0.0,0.8109943718324056,0,0
CLI-04114,Esparta Dalia Benítez,Estudiante,6238.43,Bajo,2025-07-03,6032.73,6,0.0,0.0,0.0,0.9668719738822296,0,0
CLI-04115,Pilar Marisol Ontiveros Carbajal,Empresario / Comerciante,209797.38,Alto,2025-11-02,193384.59,6,0.0,0.0,0.0,0.9217639812090065,2,0
CLI-04116,Sr. Pascual Amaya,Estudiante,7847.96,Bajo,2025-04-01,4193.58,4,0.0,0.0,0.0,0.5342847969667319,0,0
CLI-04117,José Luis Patricio Bañuelos Toro,Jubilado,12925.53,Bajo,2023-10-06,13249.56,7,0.0,0.0,0.0,1.024989691742486,0,0
CLI-04118,Carlota Pedroza Briseño,Estudiante,6941.66,Bajo,2023-11-17,5360.08,6,0.0,0.0,0.0,0.7720499059438314,0,0
CLI-04119,Sra. Asunción Pineda,Estudiante,5043.83,Bajo,2023-12-09,4654.36,8,0.0,0.0,0.0,0.9225999686808078,0,0
CLI-04120,Antonia Bétancourt,Empleado Sector Privado,32787.56,Medio,2024-08-16,26804.51,4,0.0,0.0,0.0,0.8174957973146731,0,0
CLI-04121,Rosa Nevárez Alva,Empleado Sector Privado,42062.53,Medio,2024-03-15,41610.85,6,0.0,0.0,0.0,0.989238183290846,0,0
CLI-04122,Esperanza Eugenia Jaramillo,Empleado Sector Privado,36035.53,Medio,2025-05-24,33218.630000000005,5,0.0,0.0,0.0,0.9218043468669155,0,0
CLI-04123,Pedro Garica Reynoso,Desempleado,1766.07,Alto,2026-04-27,2020.63,6,0.0,0.0,0.0,1.143491768860317,0,0
CLI-04124,Dra. Aurora Melgar,Jubilado,11479.08,Bajo,2023-11-25,7286.9,5,0.0,0.0,0.0,0.6347429634636692,0,0
CLI-04125,Emilio Cabrera,Estudiante,2925.77,Bajo,2026-03-31,2592.47,6,0.0,0.0,0.0,0.8857785203483703,0,0
CLI-04126,Claudia Carolina Padrón,Profesionista Independiente,30057.34,Medio,2025-04-30,8731.36,3,0.0,0.0,0.0,0.29048044569327514,0,0
CLI-04127,Citlali Socorro Villareal,Empleado Sector Privado,16058.45,Medio,2025-10-04,17699.21,6,0.0,0.0,0.0,1.102105613828618,0,0
CLI-04128,José María Nájera Caldera,Empleado Sector Privado,26490.58,Medio,2023-08-04,27572.91,4,0.0,0.0,0.0,1.0408178749625352,0,0
CLI-04129,Laura Vega,Empresario / Comerciante,203843.86,Alto,2024-12-01,185809.57,8,0.0,0.0,0.0,0.911524430883369,2,0
CLI-04130,Jaqueline Olivera,Estudiante,3471.9,Bajo,2025-08-10,4058.48,6,0.0,0.0,0.0,1.1686141265225027,0,0
CLI-04131,Pablo Luis Miguel Mena,Empresario / Comerciante,118264.01,Alto,2025-03-12,98250.86,5,0.0,0.0,0.0,0.830768627170454,2,0
CLI-04132,Felix Suárez Gonzales,Jubilado,7226.4,Bajo,2024-09-01,9341.91,8,0.0,0.0,0.0,1.2925685585411075,0,0
CLI-04133,Humberto Mauro Alva,Profesionista Independiente,31759.64,Medio,2025-03-10,12446.7,4,0.0,0.0,0.0,0.39189071756740423,0,0
CLI-04134,Fabiola Nieves Bermúdez,Empresario / Comerciante,122128.68,Alto,2024-08-13,61728.69,5,0.0,0.0,0.0,0.5054356156505119,0,0
CLI-04135,Luis Miguel Suárez Casanova,Desempleado,981.81,Alto,2026-05-29,1911.31,10,0.0,0.0,0.0,1.9447400820097476,0,1
CLI-04136,Mauro Fernández Mares,Jubilado,10482.39,Bajo,2026-03-13,6788.59,4,0.0,0.0,0.0,0.6475567540652404,0,0
CLI-04137,Timoteo Federico Toledo,Empleado Sector Privado,16553.81,Medio,2025-06-08,13515.33,5,0.0,0.0,0.0,0.8163989801151447,0,0
CLI-04138,Elvira Tania Leyva,Empresario / Comerciante,132681.88,Alto,2024-04-27,79431.68,3,0.0,0.0,0.0,0.598658093644033,2,0
CLI-04139,Ing. Gerardo Alejandro,Empresario / Comerciante,229613.05,Alto,2024-09-26,59091.7,3,0.0,0.0,0.0,0.25735228310288505,2,0
CLI-04140,Ing. Mariana Ávalos,Jubilado,15329.9,Bajo,2023-06-22,25147.55,8,0.0,0.0,0.0,1.640317920017742,0,0
CLI-04141,Teresa Anabel Olivares Guzmán,Profesionista Independiente,57468.31,Medio,2025-09-24,30300.5,5,0.0,0.0,0.0,0.5272466295488845,0,0
CLI-04142,Lic. Rodrigo Ceja,Empresario / Comerciante,79116.86,Alto,2026-01-02,52760.19,5,0.0,0.0,0.0,0.6668556252659008,0,0
CLI-04143,César Esteban Villareal,Estudiante,6305.75,Bajo,2025-03-22,6396.19,8,0.0,0.0,0.0,1.014181630792405,0,0
CLI-04144,Lic. José Briseño,Jubilado,17267.36,Bajo,2025-12-07,10927.99,6,0.0,0.0,0.0,0.6328331121195064,0,0
CLI-04145,Lic. Victoria Aponte,Estudiante,4029.82,Bajo,2025-07-04,2886.2400000000002,5,0.0,0.0,0.0,0.7160428895361242,0,0
CLI-04146,Dr. José Luis Cantú,Empresario / Comerciante,246388.98,Alto,2026-05-24,126727.24,3,0.0,0.0,0.0,0.5143360131771593,2,0
CLI-04147,Ing. Anel Ayala,Empleado Sector Privado,26324.39,Medio,2025-04-19,26359.510000000002,6,0.0,0.0,0.0,1.0012960871614818,0,0
CLI-04148,Ing. Francisco Samaniego,Empresario / Comerciante,201838.48,Alto,2024-02-23,238422.95,7,0.0,0.0,0.0,1.181250318322263,2,0
CLI-04149,Isabela Vaca Gamez,Desempleado,3690.08,Alto,2024-04-19,1651.19,4,0.0,0.0,0.0,0.44734603422304586,0,0
CLI-04150,Omar Germán Gómez Hernádez,Empleado Sector Privado,41782.87,Medio,2024-03-09,70280.65,9,0.0,0.0,0.0,1.6820043236780124,0,0
CLI-04151,Ignacio Echeverría Badillo,Estudiante,7866.4,Bajo,2024-09-15,13741.22,10,0.0,0.0,0.0,1.7466024353661946,0,0
CLI-04152,Irma Nancy Figueroa,Desempleado,3196.28,Alto,2026-04-30,4106.9,8,0.0,0.0,0.0,1.2844980733623579,0,0
CLI-04153,Dulce Villa,Jubilado,17644.59,Bajo,2024-09-03,11930.68,4,0.0,0.0,0.0,0.6761281430657745,0,0
CLI-04154,Esteban Mariano Díaz,Empresario / Comerciante,130400.56,Alto,2023-12-29,25561.64,3,0.0,0.0,0.0,0.19602250157130022,0,0
CLI-04155,Jaime Ricardo Zamora Palomo,Desempleado,2803.16,Alto,2025-07-06,2465.93,4,0.0,0.0,0.0,0.879382774164099,0,0
CLI-04156,Ing. Paola Solís,Profesionista Independiente,47469.8,Medio,2023-10-09,36706.770000000004,5,0.0,0.0,0.0,0.7732494501883264,0,0
CLI-04157,Sessa Arredondo Páez,Profesionista Independiente,55915.39,Medio,2026-01-12,41391.39,7,0.0,0.0,0.0,0.7402371648098169,0,0
CLI-04158,Pascual Cintrón Leal,Estudiante,6962.02,Bajo,2023-12-23,3021.81,3,0.0,0.0,0.0,0.4339797961229466,0,0
CLI-04159,Genaro Jerónimo Villaseñor,Jubilado,12935.21,Bajo,2024-07-31,15880.509999999998,8,0.0,0.0,0.0,1.2276014381337346,0,0
CLI-04160,Julio Emiliano Crespo,Empleado Sector Privado,35109.74,Medio,2024-03-27,43857.29,8,0.0,0.0,0.0,1.2491132342981095,0,0
CLI-04161,Leonor Mota,Empresario / Comerciante,178775.87,Alto,2024-08-24,297096.06,10,0.0,0.0,0.0,1.6618260516586962,2,0
CLI-04162,Fernando Herrera Beltrán,Jubilado,13116.68,Bajo,2024-09-16,14961.81,8,0.0,0.0,0.0,1.140583548310372,0,0
CLI-04163,Lic. Flavio Alejandro,Jubilado,13476.48,Bajo,2024-05-13,14545.17,7,0.0,0.0,0.0,1.0792202993437943,0,0
CLI-04164,Nayeli Zoé Montaño Perales,Desempleado,1381.0,Alto,2023-06-15,1673.27,7,0.0,0.0,0.0,1.2107597684515194,0,0
CLI-04165,Alfonso Gilberto Salazar Vallejo,Desempleado,1618.02,Alto,2025-06-10,1096.62,4,0.0,0.0,0.0,0.6773356721967609,0,0
CLI-04166,Ivonne Zúñiga,Empleado Sector Privado,41072.16,Medio,2025-11-07,62082.590000000004,10,0.0,0.0,0.0,1.5115123842431408,0,0
CLI-04167,Juan Carlos Eloy Alarcón Lemus,Estudiante,2221.82,Bajo,2026-01-11,565.02,3,0.0,0.0,0.0,0.2541906227224876,0,0
CLI-04168,Sofía Inés Torres Gamboa,Profesionista Independiente,32549.71,Medio,2026-04-22,22632.54,3,0.0,0.0,0.0,0.6953009627132558,0,0
CLI-04169,Homero Gilberto Terrazas,Desempleado,2960.21,Alto,2024-04-21,5106.7,10,0.0,0.0,0.0,1.7245315259640484,0,0
CLI-04170,Silvano Casanova Cornejo,Empleado Sector Privado,29175.5,Medio,2026-01-08,14136.8,4,0.0,0.0,0.0,0.48452693092043253,0,0
CLI-04171,Helena Sonia Irizarry,Jubilado,8691.06,Bajo,2024-11-28,7278.31,5,0.0,0.0,0.0,0.8373515599294069,0,0
CLI-04172,Eloy Terán,Estudiante,5070.03,Bajo,2025-07-01,5622.66,7,0.0,0.0,0.0,1.10878066191681,0,0
CLI-04173,Esmeralda Ivonne Saavedra Reyna,Profesionista Independiente,38460.11,Medio,2024-06-23,18160.1,4,0.0,0.0,0.0,0.4721678599499598,0,0
CLI-04174,Dra. Úrsula Figueroa,Desempleado,640.11,Alto,2023-08-21,1108.42,9,0.0,0.0,0.0,1.7289076757498714,0,0
CLI-04175,Eduardo Pablo Carrera,Estudiante,7341.92,Bajo,2024-11-02,8212.35,9,0.0,0.0,0.0,1.1184038502394142,0,0
CLI-04176,Jaime Reynoso,Jubilado,12702.55,Bajo,2025-07-16,11485.12,6,0.0,0.0,0.0,0.9040874401250045,0,0
CLI-04177,Micaela Helena Rubio Valdés,Empleado Sector Privado,39463.56,Medio,2025-06-04,55468.65,10,0.0,0.0,0.0,1.4055306837324426,0,0
CLI-04178,Esther Dávila Pichardo,Profesionista Independiente,47692.92,Medio,2023-12-14,63781.2,8,0.0,0.0,0.0,1.3373025324821277,0,0
CLI-04179,Mario Rodríguez Carbajal,Jubilado,6435.74,Bajo,2026-04-24,1311.02,4,0.0,0.0,0.0,0.20367763805901745,0,0
CLI-04180,Rebeca Ocampo,Estudiante,7049.5,Bajo,2026-05-20,7788.85,10,0.0,0.0,0.0,1.1047230692858663,0,0
CLI-04181,Abril Reina Arguello Nájera,Profesionista Independiente,43214.53,Medio,2024-12-06,19819.25,3,0.0,0.0,0.0,0.45861406767428287,0,0
CLI-04182,Manuel Aguirre Tórrez,Profesionista Independiente,20571.59,Medio,2025-07-29,21721.07,7,0.0,0.0,0.0,1.0558257370608173,0,0
CLI-04183,Ilse Medina,Desempleado,3765.37,Alto,2024-12-17,5295.67,10,0.0,0.0,0.0,1.4060408297644682,0,0
CLI-04184,David José Eduardo Tamayo,Empresario / Comerciante,109592.22,Alto,2024-05-19,62678.14,4,0.0,0.0,0.0,0.5719162189047826,0,0
CLI-04185,Gerónimo Sandoval,Desempleado,20.85,Alto,2025-11-28,260.09,4,0.0,0.0,0.0,11.903432494279174,0,1
CLI-04186,Helena Magdalena Reyna,Profesionista Independiente,59232.78,Medio,2025-04-07,32610.86,4,0.0,0.0,0.0,0.550544976194327,0,0
CLI-04187,Bernardo Israel Escalante Gollum,Desempleado,3956.0,Alto,2025-05-06,1087.85,3,0.0,0.0,0.0,0.27491786707101334,0,0
CLI-04188,Pascual Lugo Páez,Jubilado,14290.41,Bajo,2025-11-03,10871.8,6,0.0,0.0,0.0,0.760722699859566,0,0
CLI-04189,Martín Humberto Quiroz Pelayo,Desempleado,2662.08,Alto,2025-12-29,1710.19,3,0.0,0.0,0.0,0.6421849888099495,0,0
CLI-04190,Ing. Alta  Gracia Salinas,Jubilado,8039.89,Bajo,2024-01-23,5389.89,5,0.0,0.0,0.0,0.6703101273615234,0,0
CLI-04191,Gonzalo Ramiro Macías Magaña,Profesionista Independiente,27804.1,Medio,2023-08-17,37796.31,10,0.0,0.0,0.0,1.3593301228911243,0,0
CLI-04192,Francisco Javier Maximiliano Carvajal,Desempleado,2291.06,Alto,2025-11-17,1366.8,5,0.0,0.0,0.0,0.596319468076752,0,0
CLI-04193,Luisa Indira Serrato Malave,Empleado Sector Privado,35573.58,Medio,2023-08-30,42595.41,7,0.0,0.0,0.0,1.1973552463584953,0,0
CLI-04194,Dra. Adriana Elizondo,Jubilado,14587.66,Bajo,2025-10-30,14972.740000000002,8,0.0,0.0,0.0,1.0263272980520488,0,0
CLI-04195,Alvaro Alarcón Macías,Estudiante,3967.08,Bajo,2025-06-23,2320.49,3,0.0,0.0,0.0,0.584789117154896,0,0
CLI-04196,Mariano Jaramillo,Jubilado,7503.22,Bajo,2024-12-08,10302.220000000001,10,0.0,0.0,0.0,1.3728568725330548,0,0
CLI-04197,Lic. Mario Miranda,Profesionista Independiente,35443.93,Medio,2025-12-14,54112.54,10,0.0,0.0,0.0,1.526665167627641,0,0
CLI-04198,Lorena Lilia Espinoza Ozuna,Empleado Sector Privado,35484.13,Medio,2026-01-20,44561.03,7,0.0,0.0,0.0,1.255766288583415,0,0
CLI-04199,Timoteo Leonardo Rascón,Empresario / Comerciante,66389.43,Alto,2025-05-30,18040.02,3,0.0,0.0,0.0,0.2717262111421782,0,0
CLI-04200,Rufino Ernesto Barreto Malave,Estudiante,4549.32,Bajo,2025-01-02,1847.07,4,0.0,0.0,0.0,0.40592090226621425,0,0
CLI-04201,Dulce Margarita Chapa Benítez,Empleado Sector Privado,27716.35,Medio,2025-07-27,36023.64,9,0.0,0.0,0.0,1.2996783603050075,0,0
CLI-04202,Micaela Eugenia Arteaga Vaca,Empresario / Comerciante,65614.54,Alto,2024-03-04,31159.55,3,0.0,0.0,0.0,0.47488064565192944,0,0
CLI-04203,Alejandra Gaona,Desempleado,2105.02,Alto,2025-02-22,2706.3,6,0.0,0.0,0.0,1.2850305315239172,0,0
CLI-04204,Eugenia Hidalgo Dávila,Jubilado,12266.59,Bajo,2024-12-24,12457.779999999999,9,0.0,0.0,0.0,1.0155034525933782,0,0
CLI-04205,Hilda Lourdes Farías,Empresario / Comerciante,224402.96,Alto,2025-07-25,228224.49,7,0.0,0.0,0.0,1.017025234314047,2,0
CLI-04206,Jacinto Velasco,Jubilado,11484.75,Bajo,2026-01-17,5643.81,3,0.0,0.0,0.0,0.4913749646300851,0,0
CLI-04207,Dr. José Carlos Polanco,Empresario / Comerciante,249302.36,Alto,2024-07-11,134319.05,4,0.0,0.0,0.0,0.5387775359305226,2,0
CLI-04208,Santiago Roberto Ruiz,Desempleado,3724.14,Alto,2025-07-04,4453.07,6,0.0,0.0,0.0,1.195410105392012,0,0
CLI-04209,Luis Manuel Ortega Barreto,Empresario / Comerciante,196343.39,Alto,2024-11-16,199997.14,9,0.0,0.0,0.0,1.0186037910224988,2,0
CLI-04210,Lic. Claudio Salas,Empresario / Comerciante,214762.37,Alto,2025-07-17,125882.76999999999,3,0.0,0.0,0.0,0.5861463712363985,2,0
CLI-04211,Antonio Martínez Serna,Empleado Sector Privado,28690.93,Medio,2025-09-02,18632.48,7,0.0,0.0,0.0,0.6493979317529354,0,0
CLI-04212,Lic. Rufino Páez,Empresario / Comerciante,192230.11,Alto,2023-12-16,203783.11,7,0.0,0.0,0.0,1.0600943312453432,2,0
CLI-04213,José Mateo Serna,Empleado Sector Privado,43945.05,Medio,2024-05-03,54900.630000000005,6,0.0,0.0,0.0,1.2492733704166814,0,0
CLI-04214,Itzel Elsa Juárez,Jubilado,16222.53,Bajo,2024-06-01,10842.33,3,0.0,0.0,0.0,0.6683089315333962,0,0
CLI-04215,Fidel Vela Otero,Estudiante,6166.82,Bajo,2026-04-25,5859.63,8,0.0,0.0,0.0,0.9500325884996644,0,0
CLI-04216,Jacobo Francisco Valles,Empresario / Comerciante,144671.11,Alto,2023-11-19,159078.44,7,0.0,0.0,0.0,1.0995791794285714,2,0
CLI-04217,Alfonso Venegas Briones,Desempleado,627.36,Alto,2026-05-14,1429.77,10,0.0,0.0,0.0,2.275399452543128,0,1
CLI-04218,Sergio Jos Aguayo,Jubilado,9801.32,Bajo,2023-08-15,11388.42,5,0.0,0.0,0.0,1.1618086330582964,0,0
CLI-04219,Srita. Yuridia Bueno,Estudiante,5609.6,Bajo,2025-03-19,7752.46,7,0.0,0.0,0.0,1.381752397248066,0,0
CLI-04220,Juana Collado Lugo,Empresario / Comerciante,72067.23,Alto,2023-07-14,85583.3,10,0.0,0.0,0.0,1.1875315933248258,0,0
CLI-04221,Dra. Laura Palacios,Profesionista Independiente,40729.41,Medio,2025-11-28,17550.969999999998,5,0.0,0.0,0.0,0.430905802323129,0,0
CLI-04222,David Sotelo,Estudiante,5136.66,Bajo,2024-12-27,7510.61,9,0.0,0.0,0.0,1.4618736934713468,0,0
CLI-04223,Isaac Fidel Ulloa,Estudiante,4228.8,Bajo,2024-04-18,5879.61,8,0.0,0.0,0.0,1.3900444465459358,0,0
CLI-04224,Karla Cornejo Tamayo,Profesionista Independiente,28646.7,Medio,2025-09-02,21873.97,7,0.0,0.0,0.0,0.7635506515357254,0,0
CLI-04225,Dr. Evelio Cuellar,Empresario / Comerciante,55595.56,Alto,2023-12-30,25445.7,5,0.0,0.0,0.0,0.45768479200871426,0,0
CLI-04226,Rubén Tamez,Empleado Sector Privado,16690.61,Medio,2025-12-18,19784.78,7,0.0,0.0,0.0,1.1853128607725676,0,0
CLI-04227,Elvira Cornejo Aparicio,Jubilado,10482.84,Bajo,2023-10-03,9865.01,4,0.0,0.0,0.0,0.9409729641047555,0,0
CLI-04228,Rosario Wendolin Valenzuela Mojica,Profesionista Independiente,55007.57,Medio,2025-03-05,86176.06999999999,10,0.0,0.0,0.0,1.5665935326077371,0,0
CLI-04229,Elsa Segovia Olivares,Empleado Sector Privado,18041.55,Medio,2026-01-29,9164.7,4,0.0,0.0,0.0,0.5079492643778181,0,0
CLI-04230,Sra. Marcela Montenegro,Desempleado,1955.17,Alto,2025-03-26,1648.52,5,0.0,0.0,0.0,0.8427283927266035,0,0
CLI-04231,Dolores Ariadna Mendoza,Estudiante,5285.22,Bajo,2025-04-23,7501.87,8,0.0,0.0,0.0,1.4191369258184485,0,0
CLI-04232,Sra. Patricia Quezada,Estudiante,7222.56,Bajo,2025-01-16,7364.33,7,0.0,0.0,0.0,1.0194876210621908,0,0
CLI-04233,Leonel Naranjo,Empresario / Comerciante,146235.29,Alto,2026-06-01,113077.43,5,0.0,0.0,0.0,0.7732514959180105,2,0
CLI-04234,Sr. Jorge Cornejo,Profesionista Independiente,40459.38,Medio,2024-07-02,8173.07,3,0.0,0.0,0.0,0.20200181016589563,0,0
CLI-04235,Raúl Francisco Verduzco,Profesionista Independiente,50160.72,Medio,2026-01-28,58523.98,7,0.0,0.0,0.0,1.1667060060938899,0,0
CLI-04236,Itzel Camacho,Empresario / Comerciante,216892.0,Alto,2026-04-17,297691.07,10,0.0,0.0,0.0,1.372525023859691,2,0
CLI-04237,Mariana Clara Gaitán,Jubilado,6726.52,Bajo,2025-06-14,9342.38,8,0.0,0.0,0.0,1.3886811187480674,0,0
CLI-04238,Óliver Tomás Verduzco,Empleado Sector Privado,28657.21,Medio,2024-05-27,37179.26,8,0.0,0.0,0.0,1.2973336436574372,0,0
CLI-04239,Wilfrido Nicolás Ornelas Rolón,Empresario / Comerciante,202335.76,Alto,2025-06-22,124225.38,5,0.0,0.0,0.0,0.6139535890561854,2,0
CLI-04240,Diego Jesús Lozano,Desempleado,1796.3,Alto,2024-03-02,2488.86,7,0.0,0.0,0.0,1.384777165748623,0,0
CLI-04241,Lic. María Eugenia Caballero,Desempleado,1300.87,Alto,2026-04-18,1433.9,6,0.0,0.0,0.0,1.1014156559410695,0,0
CLI-04242,Carla Hurtado Briones,Jubilado,13638.53,Bajo,2024-12-27,17612.9,6,0.0,0.0,0.0,1.2913128238289737,0,0
CLI-04243,Emiliano Abraham Pelayo,Empresario / Comerciante,127447.02,Alto,2023-12-22,13749.63,3,0.0,0.0,0.0,0.10788421820911771,0,0
CLI-04244,Dr. Agustín Mejía,Empresario / Comerciante,117799.58,Alto,2025-08-28,152957.96,7,0.0,0.0,0.0,1.298448275891341,2,0
CLI-04245,Jacinto Urrutia Miramontes,Estudiante,7748.48,Bajo,2024-01-17,10672.54,10,0.0,0.0,0.0,1.3771943407815752,0,0
CLI-04246,Aldo Luis Manuel Ontiveros,Empresario / Comerciante,197182.56,Alto,2024-08-17,263105.2,10,0.0,0.0,0.0,1.33431610627174,2,0
CLI-04247,Lic. Oswaldo Granados,Desempleado,354.12,Alto,2026-01-21,720.32,7,0.0,0.0,0.0,2.0283847713448977,0,1
CLI-04248,Julio César Camilo Aranda Zaragoza,Empleado Sector Privado,35337.88,Medio,2024-11-01,48730.9,10,0.0,0.0,0.0,1.3789599444011809,0,0
CLI-04249,Aldo Bernabé Lerma,Jubilado,13191.42,Bajo,2025-04-19,5795.68,6,0.0,0.0,0.0,0.4393189422410748,0,0
CLI-04250,Sra. Alta  Gracia Aguilera,Desempleado,1235.39,Alto,2024-12-31,2171.63,9,0.0,0.0,0.0,1.7564279879326101,0,0
CLI-04251,Clemente Antonio Ramón,Desempleado,495.13,Alto,2023-10-16,494.91999999999996,4,0.0,0.0,0.0,0.9975611230927377,0,0
CLI-04252,Elena Yeni Zaragoza Carrión,Jubilado,6106.98,Bajo,2024-03-17,5895.08,9,0.0,0.0,0.0,0.9651439592140119,0,0
CLI-04253,Gloria Carolina Herrera Guillen,Jubilado,12043.85,Bajo,2026-04-20,11743.91,7,0.0,0.0,0.0,0.9750150479250468,0,0
CLI-04254,Cristobal Felix García Reyna,Estudiante,7743.76,Bajo,2023-06-30,7408.990000000001,7,0.0,0.0,0.0,0.9566455254907835,0,0
CLI-04255,Irma Villaseñor Rodríquez,Jubilado,7462.15,Bajo,2026-04-22,13470.81,10,0.0,0.0,0.0,1.8049764509623953,0,0
CLI-04256,Ana Leiva Mesa,Empresario / Comerciante,150527.76,Alto,2023-06-15,109338.98000000001,5,0.0,0.0,0.0,0.7263660446017094,2,0
CLI-04257,Dr. Claudio Bustamante,Estudiante,2721.7,Bajo,2026-03-27,2069.15,5,0.0,0.0,0.0,0.7599625371873509,0,0
CLI-04258,Sr. Elias Botello,Jubilado,7336.66,Bajo,2025-05-15,4376.05,3,0.0,0.0,0.0,0.5963822253961072,0,0
CLI-04259,Ana Luisa Caldera Chavarría,Estudiante,3649.78,Bajo,2025-07-17,6406.85,10,0.0,0.0,0.0,1.7549263445072012,0,0
CLI-04260,Sr. Rolando Meza,Empleado Sector Privado,20094.46,Medio,2024-04-13,29207.0,8,0.0,0.0,0.0,1.4534128604172287,0,0
CLI-04261,Amador Patricio Núñez,Desempleado,3355.67,Alto,2024-12-14,3614.46,9,0.0,0.0,0.0,1.0767993279053347,0,0
CLI-04262,Armando Peres Arias,Jubilado,10774.98,Bajo,2024-09-01,8142.7,6,0.0,0.0,0.0,0.7556342903383265,0,0
CLI-04263,Julio Robles Angulo,Jubilado,12889.11,Bajo,2025-01-12,10905.76,5,0.0,0.0,0.0,0.8460563951742848,0,0
CLI-04264,Soledad Longoria Ruelas,Empresario / Comerciante,167778.61,Alto,2023-10-20,325225.65,10,0.0,0.0,0.0,1.9384098580274447,2,1
CLI-04265,Citlali Esther Vanegas del Río,Empresario / Comerciante,222394.87,Alto,2025-10-21,263878.11,9,0.0,0.0,0.0,1.1865243270929446,2,0
CLI-04266,Pilar Yáñez,Estudiante,4039.74,Bajo,2024-12-20,5173.56,8,0.0,0.0,0.0,1.2803496389275233,0,0
CLI-04267,Araceli Alicia Arevalo Aguirre,Empleado Sector Privado,25692.9,Medio,2023-10-24,29962.39,8,0.0,0.0,0.0,1.1661285363452025,0,0
CLI-04268,Gonzalo Octavio Haro,Jubilado,9125.97,Bajo,2024-06-24,6607.96,3,0.0,0.0,0.0,0.724003694544849,0,0
CLI-04269,Srita. Hermelinda Gaytán,Profesionista Independiente,19096.13,Medio,2025-08-28,22919.82,10,0.0,0.0,0.0,1.2001709157344584,0,0
CLI-04270,Marisol Báez Sanches,Estudiante,5250.68,Bajo,2023-12-23,5099.84,9,0.0,0.0,0.0,0.9710873472869633,0,0
CLI-04271,Samuel Jerónimo Cervantes,Profesionista Independiente,21481.54,Medio,2024-01-23,20035.21,6,0.0,0.0,0.0,0.9326276129359005,0,0
CLI-04272,Olga Gallegos Tafoya,Profesionista Independiente,49573.71,Medio,2023-06-19,9491.74,4,0.0,0.0,0.0,0.19146334895352893,0,0
CLI-04273,Octavio Quintero,Empleado Sector Privado,22124.21,Medio,2026-05-25,28295.829999999998,9,0.0,0.0,0.0,1.2788954319529622,0,0
CLI-04274,Lic. Diego Véliz,Empresario / Comerciante,185721.71,Alto,2023-10-06,262983.81,8,0.0,0.0,0.0,1.4160024371817534,2,0
CLI-04275,Eloy Figueroa Córdova,Estudiante,5686.85,Bajo,2023-09-28,4817.87,6,0.0,0.0,0.0,0.8470458960767249,0,0
CLI-04276,Iván Rufino de la Rosa,Profesionista Independiente,23165.6,Medio,2024-01-01,14699.91,4,0.0,0.0,0.0,0.6345303151951517,0,0
CLI-04277,Octavio Miguel Molina,Desempleado,234.01,Alto,2024-08-08,282.72,3,0.0,0.0,0.0,1.2030126377600954,0,0
CLI-04278,Sr. Daniel Armas,Empresario / Comerciante,69748.84,Alto,2024-07-19,122969.23,9,0.0,0.0,0.0,1.763003757427974,0,0
CLI-04279,Flavio Andrés Sierra Lira,Empleado Sector Privado,25623.15,Medio,2026-02-21,31642.84,10,0.0,0.0,0.0,1.234883498574587,0,0
CLI-04280,Andrés Aldo Ceballos Fuentes,Profesionista Independiente,26607.04,Medio,2025-02-01,67246.06,10,0.0,0.0,0.0,2.5272834827367965,0,1
CLI-04281,Gilberto Agustín Saucedo,Estudiante,2311.27,Bajo,2024-10-29,2303.0099999999998,6,0.0,0.0,0.0,0.9959952773681273,0,0
CLI-04282,Blanca Mónica Acosta,Empleado Sector Privado,36820.41,Medio,2025-09-26,33277.06,7,0.0,0.0,0.0,0.9037421434974922,0,0
CLI-04283,Vicente Rangel Alva,Jubilado,8074.38,Bajo,2025-07-01,6956.46,6,0.0,0.0,0.0,0.8614405761710284,0,0
CLI-04284,Ing. Julia Carvajal,Jubilado,14781.07,Bajo,2026-05-07,6671.6,4,0.0,0.0,0.0,0.45133056466381233,0,0
CLI-04285,Javier Varela,Empresario / Comerciante,239871.41,Alto,2025-11-20,468776.92,9,0.0,0.0,0.0,1.9542761087029559,2,1
CLI-04286,Aldo Felix Zamora,Profesionista Independiente,17728.44,Medio,2023-12-28,6460.05,3,0.0,0.0,0.0,0.3643685305345234,0,0
CLI-04287,Emiliano David Briseño Badillo,Empresario / Comerciante,160624.22,Alto,2024-02-26,133168.75,6,0.0,0.0,0.0,0.8290650123311893,2,0
CLI-04288,Salvador Cadena Piña,Estudiante,4905.03,Bajo,2025-05-13,5184.400000000001,7,0.0,0.0,0.0,1.056740378676853,0,0
CLI-04289,Armando Luna Zarate,Empresario / Comerciante,176708.26,Alto,2026-03-23,299818.86,9,0.0,0.0,0.0,1.6966788271310738,2,0
CLI-04290,Dra. Isabela Munguía,Estudiante,3614.96,Bajo,2023-10-09,5671.16,9,0.0,0.0,0.0,1.5683691191274238,0,0
CLI-04291,Mercedes Guajardo Concepción,Jubilado,13776.27,Bajo,2023-11-16,7472.1,3,0.0,0.0,0.0,0.5423498269250729,0,0
CLI-04292,Adán Israel Valencia Batista,Empleado Sector Privado,37178.28,Medio,2025-03-03,36297.61,5,0.0,0.0,0.0,0.9762859850970756,0,0
CLI-04293,Sr. Carlos Ramos,Desempleado,3140.86,Alto,2024-04-16,1311.0,3,0.0,0.0,0.0,0.41726875163119936,0,0
CLI-04294,Wendolin Anabel Saucedo,Profesionista Independiente,40571.05,Medio,2023-10-20,43160.73,8,0.0,0.0,0.0,1.0638045156702705,0,0
CLI-04295,Joaquín Genaro Mireles Muro,Empresario / Comerciante,66781.67,Alto,2023-08-26,48120.62,6,0.0,0.0,0.0,0.7205554974067374,0,0
CLI-04296,Norma Yeni Montes,Desempleado,2001.73,Alto,2024-05-03,3930.67,10,0.0,0.0,0.0,1.9626559745946783,0,1
CLI-04297,Bernabé Genaro Cordero Olivas,Empleado Sector Privado,24319.07,Medio,2023-06-26,16603.739999999998,5,0.0,0.0,0.0,0.6827176073095184,0,0
CLI-04298,Dr. Camilo Arce,Empleado Sector Privado,37806.78,Medio,2026-04-15,62987.659999999996,8,0.0,0.0,0.0,1.6659973158963577,0,0
CLI-04299,Virginia Saldivar Abreu,Jubilado,17383.96,Bajo,2023-11-20,17388.66,6,0.0,0.0,0.0,1.000212827639523,0,0
CLI-04300,Augusto Víctor Vásquez,Jubilado,10872.65,Bajo,2025-09-14,18650.02,10,0.0,0.0,0.0,1.7151572838927132,0,0
CLI-04301,Elisa Paz Rodríguez,Estudiante,6875.86,Bajo,2023-09-26,5590.69,6,0.0,0.0,0.0,0.8129713270300689,0,0
CLI-04302,Silvia Magdalena Chacón,Jubilado,8760.24,Bajo,2024-08-07,12158.58,8,0.0,0.0,0.0,1.3877693111933926,0,0
CLI-04303,José Carlos Leonardo Contreras Mireles,Empleado Sector Privado,12017.92,Medio,2023-12-13,22417.02,9,0.0,0.0,0.0,1.8651442891707408,0,1
CLI-04304,Ing. Abril Armendáriz,Empresario / Comerciante,104660.59,Alto,2024-05-26,84198.46,6,0.0,0.0,0.0,0.8044829053332747,0,0
CLI-04305,Isaac Aurelio Márquez Patiño,Profesionista Independiente,52776.95,Medio,2024-06-21,60646.64,6,0.0,0.0,0.0,1.1490904819152696,0,0
CLI-04306,Óscar Eloy Ochoa,Empresario / Comerciante,249848.37,Alto,2025-06-17,247717.55,5,0.0,0.0,0.0,0.9914675790457266,2,0
CLI-04307,Adriana Lucio Madrigal,Desempleado,851.02,Alto,2024-06-17,1363.1,8,0.0,0.0,0.0,1.5998450740592942,0,0
CLI-04308,Aurora Almonte,Jubilado,8657.05,Bajo,2025-09-11,5375.42,5,0.0,0.0,0.0,0.6208580454028333,0,0
CLI-04309,Julia Alma Granado Guillen,Empleado Sector Privado,36393.04,Medio,2026-02-12,19847.03,5,0.0,0.0,0.0,0.5453373684262588,0,0
CLI-04310,Srita. Jaqueline Leyva,Jubilado,5909.16,Bajo,2024-11-24,9265.78,10,0.0,0.0,0.0,1.567771430891888,0,0
CLI-04311,Karina Heredia Cortés,Estudiante,4371.83,Bajo,2025-08-20,3960.71,5,0.0,0.0,0.0,0.9057543970380738,0,0
CLI-04312,Hermelinda Franco,Estudiante,6982.99,Bajo,2024-12-05,10741.52,10,0.0,0.0,0.0,1.5380205298117553,0,0
CLI-04313,Bruno Hugo Negrete Padilla,Desempleado,2225.92,Alto,2026-05-20,2219.4300000000003,4,0.0,0.0,0.0,0.9966366102060246,0,0
CLI-04314,Alfonso Montaño,Profesionista Independiente,54522.57,Medio,2025-04-28,68415.46,7,0.0,0.0,0.0,1.254786874740594,0,0
CLI-04315,Sra. Carmen Miranda,Empleado Sector Privado,32144.7,Medio,2025-11-17,26714.25,5,0.0,0.0,0.0,0.8310364994384941,0,0
CLI-04316,Mario Quesada,Profesionista Independiente,54776.92,Medio,2024-08-02,85767.07,9,0.0,0.0,0.0,1.5657233790549188,0,0
CLI-04317,Lic. Adalberto Sarabia,Profesionista Independiente,43582.64,Medio,2024-03-22,16037.63,4,0.0,0.0,0.0,0.36797362496569813,0,0
CLI-04318,Evelio Valdés Ornelas,Desempleado,1810.87,Alto,2025-03-28,1136.6,4,0.0,0.0,0.0,0.6273076986759536,0,0
CLI-04319,Lic. Gabriel Escobedo,Empleado Sector Privado,33855.14,Medio,2023-12-16,27349.32,6,0.0,0.0,0.0,0.8078097503141233,0,0
CLI-04320,Estela Conchita Torres,Profesionista Independiente,30373.34,Medio,2024-10-06,14159.869999999999,3,0.0,0.0,0.0,0.4661786889855055,0,0
CLI-04321,José Carlos Pedro Alcala,Empresario / Comerciante,241798.54,Alto,2026-04-15,344114.45,10,0.0,0.0,0.0,1.4231393905877572,2,0
CLI-04322,Pedro Emilio Medina Lugo,Profesionista Independiente,15714.36,Medio,2024-04-15,24805.95,10,0.0,0.0,0.0,1.5784525457895968,0,0
CLI-04323,Martha Collado,Desempleado,534.9,Alto,2025-11-22,909.73,7,0.0,0.0,0.0,1.6975741742862476,0,0
CLI-04324,Isabela Leonor Meraz Zúñiga,Estudiante,5652.72,Bajo,2025-05-29,5256.36,5,0.0,0.0,0.0,0.929717071238052,0,0
CLI-04325,Gabino Angulo Espinosa,Estudiante,7408.67,Bajo,2024-01-04,12672.41,9,0.0,0.0,0.0,1.7102529532354342,0,0
CLI-04326,Nicolás Rodolfo Rosario Córdova,Desempleado,694.14,Alto,2024-12-10,1132.6,8,0.0,0.0,0.0,1.6293120810196506,0,0
CLI-04327,Miguel Ángel Campos Sosa,Jubilado,16638.49,Bajo,2023-12-16,8600.529999999999,5,0.0,0.0,0.0,0.5168746157484393,0,0
CLI-04328,Isaac Alonzo Arce,Desempleado,1955.91,Alto,2026-04-24,2808.38,7,0.0,0.0,0.0,1.4351094327281275,0,0
CLI-04329,Camilo Rodrigo Miranda Sarabia,Empresario / Comerciante,157626.29,Alto,2024-02-09,168610.46,9,0.0,0.0,0.0,1.06967809952198,2,0
CLI-04330,Martha Gloria Téllez,Desempleado,2605.07,Alto,2025-07-15,3278.92,6,0.0,0.0,0.0,1.2581856972376029,0,0
CLI-04331,José Eduardo Alfonso Concepción,Jubilado,5402.32,Bajo,2023-08-11,7483.42,9,0.0,0.0,0.0,1.3849670202764228,0,0
CLI-04332,Miguel Héctor Rojas,Desempleado,1780.71,Alto,2025-07-30,3509.08,10,0.0,0.0,0.0,1.9695012095122102,0,1
CLI-04333,Inés Guadalupe Ferrer,Estudiante,4117.97,Bajo,2026-02-09,5821.79,10,0.0,0.0,0.0,1.4134091775371027,0,0
CLI-04334,René Acuña,Empresario / Comerciante,215493.37,Alto,2025-09-21,136383.56,3,0.0,0.0,0.0,0.6328868823811963,2,0
CLI-04335,Trinidad Esmeralda Tirado,Profesionista Independiente,32403.8,Medio,2024-06-17,56703.61,10,0.0,0.0,0.0,1.749852182392732,0,0
CLI-04336,Arcelia Rivero,Desempleado,3935.18,Alto,2025-07-04,3263.98,5,0.0,0.0,0.0,0.8292252894938749,0,0
CLI-04337,Ignacio Pablo Lozada,Estudiante,4776.16,Bajo,2023-07-23,9640.06,10,0.0,0.0,0.0,2.0179479021008295,0,1
CLI-04338,Ing. Alberto Armas,Empleado Sector Privado,26671.06,Medio,2023-12-16,21978.61,4,0.0,0.0,0.0,0.8240312146868296,0,0
CLI-04339,Pedro Emilio Lomeli,Empleado Sector Privado,36523.77,Medio,2024-09-26,4603.5599999999995,3,0.0,0.0,0.0,0.12603939737334416,0,0
CLI-04340,Esparta Carla Corral Romero,Profesionista Independiente,45624.95,Medio,2024-02-19,76233.01,9,0.0,0.0,0.0,1.6708257033552179,0,0
CLI-04341,Paola Mónica Echeverría,Desempleado,1431.28,Alto,2026-06-09,2099.38,6,0.0,0.0,0.0,1.4657608847432066,0,0
CLI-04342,Itzel Escalante,Estudiante,6897.68,Bajo,2026-01-26,13260.82,10,0.0,0.0,0.0,1.9222257011486255,0,1
CLI-04343,Cristina Amador,Desempleado,1212.71,Alto,2025-02-24,1813.19,10,0.0,0.0,0.0,1.49392358965486,0,0
CLI-04344,Rubén Feliciano,Desempleado,884.59,Alto,2024-11-19,1016.4599999999999,5,0.0,0.0,0.0,1.1477771880892962,0,0
CLI-04345,Sr. Arturo Osorio,Empresario / Comerciante,243459.3,Alto,2024-05-17,149922.21,7,0.0,0.0,0.0,0.6157973599802514,2,0
CLI-04346,Dra. Eloisa Pulido,Estudiante,3684.54,Bajo,2025-04-29,4406.08,8,0.0,0.0,0.0,1.1955045936280708,0,0
CLI-04347,Lic. Esperanza Maldonado,Desempleado,2827.87,Alto,2025-10-16,1523.68,4,0.0,0.0,0.0,0.5386178933637813,0,0
CLI-04348,Rodrigo Franco,Empleado Sector Privado,12235.47,Medio,2024-05-27,7897.09,5,0.0,0.0,0.0,0.6453732162952225,0,0
CLI-04349,Jos Limón Maya,Desempleado,1584.34,Alto,2024-10-26,2273.42,7,0.0,0.0,0.0,1.4340267702827154,0,0
CLI-04350,Estela Cadena Nieves,Profesionista Independiente,40609.6,Medio,2026-01-02,38909.79,7,0.0,0.0,0.0,0.9581190625107731,0,0
CLI-04351,Luis Manuel Oswaldo Pelayo Barrientos,Empresario / Comerciante,84095.42,Alto,2024-09-09,136713.63,9,0.0,0.0,0.0,1.6256771691351428,2,0
CLI-04352,Alma María del Carmen Salinas,Empleado Sector Privado,33774.67,Medio,2024-03-11,43384.85,9,0.0,0.0,0.0,1.2845000558094037,0,0
CLI-04353,Eugenia Linares Nazario,Jubilado,13738.28,Bajo,2026-06-04,26378.17,10,0.0,0.0,0.0,1.9199091946593998,0,1
CLI-04354,Vicente Lucas Olivo,Jubilado,12346.82,Bajo,2024-06-14,16333.5,9,0.0,0.0,0.0,1.3227841027808958,0,0
CLI-04355,Roberto Juan Zayas,Estudiante,5528.99,Bajo,2023-07-15,6955.47,7,0.0,0.0,0.0,1.2577726180336675,0,0
CLI-04356,Nelly Conchita Núñez Verdugo,Desempleado,260.2,Alto,2024-01-25,252.48000000000002,3,0.0,0.0,0.0,0.9666156202143952,0,0
CLI-04357,Dra. Elvira Jasso,Profesionista Independiente,57010.35,Medio,2024-04-22,32510.019999999997,5,0.0,0.0,0.0,0.5702376807425188,0,0
CLI-04358,Dr. Eloy Jiménez,Empleado Sector Privado,41073.1,Medio,2024-04-20,50862.31,7,0.0,0.0,0.0,1.2383061345227284,0,0
CLI-04359,Dr. Jos Solorzano,Desempleado,3129.01,Alto,2024-02-09,1199.06,3,0.0,0.0,0.0,0.383085038066971,0,0
CLI-04360,Hugo Julio César Tapia,Empleado Sector Privado,39973.02,Medio,2025-05-01,24160.66,3,0.0,0.0,0.0,0.6044090636868646,0,0
CLI-04361,Abraham Portillo,Estudiante,7951.71,Bajo,2025-11-11,11673.84,10,0.0,0.0,0.0,1.467907166236415,0,0
CLI-04362,Ing. José Luis Peralta,Desempleado,2710.94,Alto,2024-10-31,3388.86,7,0.0,0.0,0.0,1.24960729219673,0,0
CLI-04363,Timoteo Maximiliano Cordero Ontiveros,Jubilado,8287.97,Bajo,2025-08-18,7273.34,7,0.0,0.0,0.0,0.8774721105276049,0,0
CLI-04364,Sra. Cristal Soria,Jubilado,16480.33,Bajo,2025-05-20,6172.21,4,0.0,0.0,0.0,0.37449708245633084,0,0
CLI-04365,Lorenzo Rafaél Loya Calvillo,Estudiante,7627.34,Bajo,2025-03-12,5484.12,7,0.0,0.0,0.0,0.7189139445803412,0,0
CLI-04366,Octavio Jerónimo Garrido,Desempleado,2692.4,Alto,2025-03-21,4128.13,8,0.0,0.0,0.0,1.5326835969406698,0,0
CLI-04367,Abril Claudia Castillo,Desempleado,207.45,Alto,2024-12-09,285.39,4,0.0,0.0,0.0,1.3691053010314225,0,0
CLI-04368,Ofelia Elvira Iglesias,Profesionista Independiente,34464.67,Medio,2023-12-24,48680.93,7,0.0,0.0,0.0,1.4124469363282364,0,0
CLI-04369,Dr. Abelardo Leyva,Empresario / Comerciante,104807.12,Alto,2024-06-22,103296.17,7,0.0,0.0,0.0,0.9855741139140747,2,0
CLI-04370,Silvano Francisco Serrano Jáquez,Desempleado,2073.18,Alto,2025-01-30,1939.26,5,0.0,0.0,0.0,0.9349526077775314,0,0
CLI-04371,María Eugenia Rolón Arias,Empresario / Comerciante,122294.37,Alto,2024-02-07,91048.21,5,0.0,0.0,0.0,0.7444943336775547,2,0
CLI-04372,Martha Sandra Gil Munguía,Estudiante,7302.81,Bajo,2024-12-15,9610.65,8,0.0,0.0,0.0,1.3158406365992543,0,0
CLI-04373,Genaro Jesús Zavala,Empleado Sector Privado,13549.83,Medio,2025-08-07,5041.74,4,0.0,0.0,0.0,0.37206134236795824,0,0
CLI-04374,Víctor Toledo,Empresario / Comerciante,156482.06,Alto,2025-11-23,265602.7,10,0.0,0.0,0.0,1.6973255763275592,2,0
CLI-04375,Dr. Mario Negrete,Profesionista Independiente,15232.17,Medio,2024-11-09,10277.76,3,0.0,0.0,0.0,0.6746960744218046,0,0
CLI-04376,Felix Villanueva,Empleado Sector Privado,23045.29,Medio,2023-11-02,17528.74,6,0.0,0.0,0.0,0.760588363680228,0,0
CLI-04377,Lic. Celia Zaragoza,Jubilado,15499.75,Bajo,2023-07-25,18656.47,9,0.0,0.0,0.0,1.20358498782317,0,0
CLI-04378,Dra. Irma Mares,Desempleado,902.51,Alto,2023-12-01,1052.96,5,0.0,0.0,0.0,1.1654104547819062,0,0
CLI-04379,Leonardo Vigil,Desempleado,1695.28,Alto,2026-04-30,960.69,3,0.0,0.0,0.0,0.5663510741151225,0,0
CLI-04380,Elsa Valdez,Estudiante,7501.97,Bajo,2023-10-08,7795.51,5,0.0,0.0,0.0,1.0389898933355723,0,0
CLI-04381,Débora Alemán Molina,Empleado Sector Privado,17427.89,Medio,2023-12-21,22265.71,7,0.0,0.0,0.0,1.277517386362528,0,0
CLI-04382,Humberto de la Fuente Patiño,Profesionista Independiente,17827.99,Medio,2023-12-30,19016.2,7,0.0,0.0,0.0,1.0665887411457406,0,0
CLI-04383,Rubén del Valle,Desempleado,386.9,Alto,2024-05-07,1090.49,10,0.0,0.0,0.0,2.811265790152101,0,1
CLI-04384,Elias Toledo Gollum,Empresario / Comerciante,136389.79,Alto,2023-10-02,69103.67,3,0.0,0.0,0.0,0.5066593572777164,2,0
CLI-04385,Arturo Ávila,Estudiante,5555.18,Bajo,2023-06-17,7427.84,10,0.0,0.0,0.0,1.3368609368307003,0,0
CLI-04386,Anel Zambrano Alcaraz,Desempleado,3740.24,Alto,2024-12-25,4645.8099999999995,6,0.0,0.0,0.0,1.2417834728592658,0,0
CLI-04387,Dr. Leonardo Salgado,Profesionista Independiente,26121.91,Medio,2026-01-14,24791.35,7,0.0,0.0,0.0,0.949027118341716,0,0
CLI-04388,Cristina Sara Ramos Hernádez,Empresario / Comerciante,97671.84,Alto,2023-07-18,145579.61,10,0.0,0.0,0.0,1.4904820009329103,2,0
CLI-04389,Beatriz Chávez Tórrez,Profesionista Independiente,52463.29,Medio,2024-04-01,28169.379999999997,4,0.0,0.0,0.0,0.5369248302035536,0,0
CLI-04390,Jacinto Trujillo,Profesionista Independiente,38385.38,Medio,2024-07-29,30147.739999999998,7,0.0,0.0,0.0,0.7853759588687446,0,0
CLI-04391,Soledad Nelly Toro Figueroa,Empleado Sector Privado,43137.07,Medio,2025-10-27,39143.08,8,0.0,0.0,0.0,0.9073906180781848,0,0
CLI-04392,Alberto Paredes,Jubilado,13054.37,Bajo,2025-03-07,6562.81,3,0.0,0.0,0.0,0.5026904637708468,0,0
CLI-04393,Abigail Casas,Estudiante,5752.09,Bajo,2024-03-13,5709.39,6,0.0,0.0,0.0,0.9924040819802924,0,0
CLI-04394,Srita. Helena Ferrer,Jubilado,6622.74,Bajo,2023-10-15,7998.35,8,0.0,0.0,0.0,1.2075277713195265,0,0
CLI-04395,Alonso Alberto Almaraz,Estudiante,7500.29,Bajo,2023-12-10,10461.66,10,0.0,0.0,0.0,1.39464812052327,0,0
CLI-04396,Augusto Armando Quezada Mercado,Empresario / Comerciante,112655.89,Alto,2026-03-06,91992.2,4,0.0,0.0,0.0,0.8165696745223483,2,0
CLI-04397,Mariano Joaquín Cervantes Barreto,Desempleado,260.11,Alto,2023-08-21,912.34,10,0.0,0.0,0.0,3.494082953544483,0,1
CLI-04398,Eugenia Ana Negrón,Empleado Sector Privado,14046.07,Medio,2025-10-19,4282.29,4,0.0,0.0,0.0,0.3048528981488666,0,0
CLI-04399,Alfonso Benavídez,Empresario / Comerciante,60957.77,Alto,2024-04-03,45239.76,5,0.0,0.0,0.0,0.7421370214654922,0,0
CLI-04400,Genaro Martín Cordero Solorzano,Jubilado,13140.41,Bajo,2023-06-13,7283.16,4,0.0,0.0,0.0,0.554214502096807,0,0
CLI-04401,Bruno Solorzano Tafoya,Estudiante,2610.97,Bajo,2025-08-14,1119.75,3,0.0,0.0,0.0,0.42869941078955737,0,0
CLI-04402,Araceli Irene Acevedo,Estudiante,5355.55,Bajo,2024-12-11,9621.53,10,0.0,0.0,0.0,1.7962177147604335,0,0
CLI-04403,María Elena Mayorga Arellano,Profesionista Independiente,53246.82,Medio,2024-03-08,39529.36,4,0.0,0.0,0.0,0.7423657907497434,0,0
CLI-04404,Jacobo Palomino,Empresario / Comerciante,69166.05,Alto,2024-08-13,34781.83,5,0.0,0.0,0.0,0.5028670443513205,0,0
CLI-04405,Wendolin Camila Calvillo Muñoz,Empresario / Comerciante,96622.4,Alto,2025-04-08,120031.04,10,0.0,0.0,0.0,1.242256430636885,2,0
CLI-04406,Amanda Villaseñor,Jubilado,15237.17,Bajo,2025-06-06,11834.18,5,0.0,0.0,0.0,0.776614252236325,0,0
CLI-04407,Gilberto Abel Cardona,Jubilado,5137.89,Bajo,2024-08-01,5176.27,7,0.0,0.0,0.0,1.0072739443732013,0,0
CLI-04408,Israel Mondragón,Empresario / Comerciante,142841.82,Alto,2025-04-20,43668.47,4,0.0,0.0,0.0,0.30570994047863237,2,0
CLI-04409,Ing. Ana Sotelo,Empresario / Comerciante,225987.63,Alto,2025-01-09,370163.28,9,0.0,0.0,0.0,1.6379730254570772,2,0
CLI-04410,Octavio Homero Muñiz,Jubilado,6316.61,Bajo,2025-02-03,3005.54,3,0.0,0.0,0.0,0.47574003460169273,0,0
CLI-04411,Juan Bruno Soria,Desempleado,3750.34,Alto,2025-10-26,2893.54,4,0.0,0.0,0.0,0.7713350429446544,0,0
CLI-04412,Eugenia Orosco,Estudiante,4724.46,Bajo,2024-07-15,7267.09,8,0.0,0.0,0.0,1.537858748143038,0,0
CLI-04413,Abel Olivo,Profesionista Independiente,41451.6,Medio,2025-08-25,52677.49,6,0.0,0.0,0.0,1.2707885633229279,0,0
CLI-04414,Sra. Rosa Casares,Estudiante,2616.14,Bajo,2025-12-16,1559.59,3,0.0,0.0,0.0,0.5959138601679697,0,0
CLI-04415,Emilio Parra Lucio,Jubilado,14272.89,Bajo,2024-11-02,14602.550000000001,7,0.0,0.0,0.0,1.0230252580060517,0,0
CLI-04416,Rodrigo Marcos Montaño,Jubilado,15262.41,Bajo,2024-03-19,21123.210000000003,8,0.0,0.0,0.0,1.3839115898740846,0,0
CLI-04417,Camilo Augusto Noriega Murillo,Empleado Sector Privado,41844.21,Medio,2023-07-20,70596.53,10,0.0,0.0,0.0,1.687087482653331,0,0
CLI-04418,Salma Urbina,Empleado Sector Privado,33033.0,Medio,2023-08-02,16287.09,4,0.0,0.0,0.0,0.4930402010050251,0,0
CLI-04419,Roberto de la Fuente Linares,Profesionista Independiente,30992.6,Medio,2023-06-28,34078.33,10,0.0,0.0,0.0,1.0995279670641682,0,0
CLI-04420,Leonor Susana Ríos Casares,Empresario / Comerciante,194924.61,Alto,2024-12-18,109838.67,4,0.0,0.0,0.0,0.5634901950544108,2,0
CLI-04421,Gabriela Elisa de la O,Empresario / Comerciante,87184.68,Alto,2023-07-01,108257.84,8,0.0,0.0,0.0,1.2416929018618654,0,0
CLI-04422,Zacarías Terán,Empleado Sector Privado,38301.84,Medio,2023-08-15,32277.23,4,0.0,0.0,0.0,0.8426850332769059,0,0
CLI-04423,Julio Eugenio Alba,Estudiante,2766.08,Bajo,2026-01-23,2161.13,6,0.0,0.0,0.0,0.7810146435954147,0,0
CLI-04424,Ricardo Ordóñez Segovia,Jubilado,10666.03,Bajo,2025-12-30,12728.17,9,0.0,0.0,0.0,1.1932252932634482,0,0
CLI-04425,Adriana Beatriz Barragán,Desempleado,3017.49,Alto,2026-03-02,2321.42,5,0.0,0.0,0.0,0.7690666525315639,0,0
CLI-04426,Sr. Adán de Jesús,Profesionista Independiente,41264.97,Medio,2024-01-16,30001.08,6,0.0,0.0,0.0,0.727017443186238,0,0
CLI-04427,Lic. Nadia Serna,Jubilado,15081.44,Bajo,2024-04-26,20775.6,8,0.0,0.0,0.0,1.3774694280235822,0,0
CLI-04428,Lic. José Manuél Cedillo,Empleado Sector Privado,27494.28,Medio,2025-11-07,33071.67,10,0.0,0.0,0.0,1.2028126282038225,0,0
CLI-04429,Rodrigo Vargas Arriaga,Jubilado,9457.7,Bajo,2024-06-03,6174.32,4,0.0,0.0,0.0,0.6527662363749774,0,0
CLI-04430,Lucía Macías Perea,Profesionista Independiente,58662.2,Medio,2024-02-24,30754.2,5,0.0,0.0,0.0,0.524250296608436,0,0
CLI-04431,Enrique Wilfrido Barreto,Jubilado,12623.72,Bajo,2025-12-25,16265.52,9,0.0,0.0,0.0,1.288386593920499,0,0
CLI-04432,María Elena Hidalgo Granado,Desempleado,578.4,Alto,2025-03-11,666.74,5,0.0,0.0,0.0,1.1507421470486712,0,0
CLI-04433,Sr. Santiago Alva,Empleado Sector Privado,28734.56,Medio,2023-12-29,35783.590000000004,9,0.0,0.0,0.0,1.245272060123415,0,0
CLI-04434,Joaquín Oswaldo Vanegas de la O,Jubilado,16163.13,Bajo,2023-11-07,21534.27,8,0.0,0.0,0.0,1.332225736863042,0,0
CLI-04435,Guillermo Benavídez Cortés,Empresario / Comerciante,118763.22,Alto,2025-05-12,49610.33,3,0.0,0.0,0.0,0.4177211789880825,0,0
CLI-04436,Francisco Diego Puga,Empleado Sector Privado,33138.31,Medio,2025-04-25,29275.949999999997,4,0.0,0.0,0.0,0.8834206264403212,0,0
CLI-04437,Lic. Vicente Loera,Empleado Sector Privado,37913.71,Medio,2024-01-18,20663.92,3,0.0,0.0,0.0,0.5450106304386872,0,0
CLI-04438,Margarita Camila Villareal,Profesionista Independiente,23521.0,Medio,2023-12-23,34417.490000000005,9,0.0,0.0,0.0,1.4632042343338154,0,0
CLI-04439,Beatriz Marisol Rangel,Empresario / Comerciante,188956.32,Alto,2024-11-10,99972.79000000001,3,0.0,0.0,0.0,0.5290760368531899,2,0
CLI-04440,Sr. Roberto Cabrera,Empresario / Comerciante,169952.46,Alto,2025-12-07,226286.64,8,0.0,0.0,0.0,1.331462389762468,2,0
CLI-04441,Norma Limón,Profesionista Independiente,53340.39,Medio,2026-05-19,34367.84,4,0.0,0.0,0.0,0.6442996704810279,0,0
CLI-04442,Darío Cornejo Vázquez,Jubilado,17519.84,Bajo,2025-10-13,23036.949999999997,7,0.0,0.0,0.0,1.3148313665326548,0,0
CLI-04443,Ofelia Escobedo,Jubilado,8895.21,Bajo,2023-06-27,4464.73,4,0.0,0.0,0.0,0.5018687733315648,0,0
CLI-04444,Eugenio Gregorio Sandoval Pichardo,Profesionista Independiente,22302.6,Medio,2023-09-08,33499.53,9,0.0,0.0,0.0,1.5019786043508672,0,0
CLI-04445,Gustavo Jerónimo Olivares,Empresario / Comerciante,225221.1,Alto,2023-11-07,379358.35,9,0.0,0.0,0.0,1.6843744463798178,2,0
CLI-04446,José Emilio Domínguez,Estudiante,4975.58,Bajo,2024-05-29,5804.07,6,0.0,0.0,0.0,1.1662768407219415,0,0
CLI-04447,Ing. José Luis Mojica,Estudiante,5832.6,Bajo,2026-04-14,6640.120000000001,7,0.0,0.0,0.0,1.1382542512342293,0,0
CLI-04448,Eva Meza,Desempleado,921.1,Alto,2023-11-28,1351.53,7,0.0,0.0,0.0,1.4657087083830387,0,0
CLI-04449,Homero Mesa Carrero,Jubilado,7770.8,Bajo,2023-10-04,5307.68,3,0.0,0.0,0.0,0.6829408888545768,0,0
CLI-04450,Tomás Julio César Balderas Padilla,Empresario / Comerciante,196917.24,Alto,2026-03-01,223039.65,9,0.0,0.0,0.0,1.1326510433975034,2,0
CLI-04451,Elvia Oquendo Camarillo,Profesionista Independiente,51327.21,Medio,2023-12-05,64570.91,7,0.0,0.0,0.0,1.258000425107363,0,0
CLI-04452,María Cristina Verdugo Rico,Empresario / Comerciante,91063.27,Alto,2025-02-24,112437.15,9,0.0,0.0,0.0,1.234701052344679,2,0
CLI-04453,Aurelio Horacio Benavides,Empleado Sector Privado,39260.78,Medio,2026-05-24,36369.45,5,0.0,0.0,0.0,0.926332173426676,0,0
CLI-04454,Francisca Raquel Lozano,Estudiante,4176.9,Bajo,2025-10-30,6648.71,10,0.0,0.0,0.0,1.5913999856387182,0,0
CLI-04455,Emilio Bermúdez,Estudiante,4147.32,Bajo,2024-02-07,3669.6800000000003,4,0.0,0.0,0.0,0.8846183515254369,0,0
CLI-04456,Modesto Rodríguez Baeza,Jubilado,6497.46,Bajo,2023-08-02,6863.33,9,0.0,0.0,0.0,1.0561471487090788,0,0
CLI-04457,Rebeca Fernández,Profesionista Independiente,34818.37,Medio,2025-01-01,7023.610000000001,3,0.0,0.0,0.0,0.20171559680717946,0,0
CLI-04458,Alfonso René Verduzco Galarza,Desempleado,2342.75,Alto,2025-08-11,1361.11,4,0.0,0.0,0.0,0.5807402666666667,0,0
CLI-04459,Sr. Adán Mendoza,Profesionista Independiente,16975.72,Medio,2025-03-05,9296.029999999999,4,0.0,0.0,0.0,0.5475751499700766,0,0
CLI-04460,Ariadna Rebeca Bañuelos,Estudiante,3194.74,Bajo,2025-04-18,2771.15,5,0.0,0.0,0.0,0.8671387534655511,0,0
CLI-04461,Martín Corona Bermúdez,Profesionista Independiente,22836.6,Medio,2025-09-06,28148.38,10,0.0,0.0,0.0,1.2325454513609138,0,0
CLI-04462,Dalia Karina Rael Zayas,Profesionista Independiente,47347.65,Medio,2025-01-30,49695.6,7,0.0,0.0,0.0,1.04956741110887,0,0
CLI-04463,Espartaco Holguín Zayas,Profesionista Independiente,53139.04,Medio,2024-12-25,44679.29,5,0.0,0.0,0.0,0.8407838985442991,0,0
CLI-04464,Silvano Óscar Garza,Empleado Sector Privado,17891.87,Medio,2023-09-15,31997.45,10,0.0,0.0,0.0,1.7882793537314026,0,0
CLI-04465,Ana Vásquez,Estudiante,3056.46,Bajo,2025-04-13,2714.2799999999997,6,0.0,0.0,0.0,0.8877565037645626,0,0
CLI-04466,Georgina Serna Nájera,Profesionista Independiente,55979.2,Medio,2024-10-30,63615.33,7,0.0,0.0,0.0,1.136389830690137,0,0
CLI-04467,Cornelio Gustavo Ríos,Estudiante,6988.67,Bajo,2024-01-17,5707.09,5,0.0,0.0,0.0,0.8165034973038785,0,0
CLI-04468,Magdalena Vásquez Gollum,Empleado Sector Privado,24504.45,Medio,2024-09-07,41034.45,8,0.0,0.0,0.0,1.6745030187162446,0,0
CLI-04469,Srita. Elisa Rael,Estudiante,4030.3,Bajo,2024-08-13,3162.52,5,0.0,0.0,0.0,0.7844913551459827,0,0
CLI-04470,Ignacio Fernández,Empleado Sector Privado,22067.39,Medio,2024-02-03,22608.68,6,0.0,0.0,0.0,1.0244825290834538,0,0
CLI-04471,Óscar Muñiz,Empleado Sector Privado,24198.14,Medio,2024-04-09,24122.99,7,0.0,0.0,0.0,0.9968531939564795,0,0
CLI-04472,Gabriel Silvano Velásquez Girón,Profesionista Independiente,44740.89,Medio,2025-04-13,67784.78,10,0.0,0.0,0.0,1.515018252469889,0,0
CLI-04473,Dr. Clemente Mata,Jubilado,17702.32,Bajo,2025-02-04,28108.68,10,0.0,0.0,0.0,1.5877631992191295,0,0
CLI-04474,Reina Sauceda Montez,Jubilado,16461.63,Bajo,2024-08-10,22446.45,9,0.0,0.0,0.0,1.3634789823983167,0,0
CLI-04475,Nayeli Uribe Ponce,Desempleado,261.51,Alto,2025-09-09,275.53,3,0.0,0.0,0.0,1.0495981105481695,0,0
CLI-04476,Claudio Franco,Empleado Sector Privado,41129.86,Medio,2023-09-15,61054.81,10,0.0,0.0,0.0,1.484403924449914,0,0
CLI-04477,Bianca Concepción Bueno Colunga,Empleado Sector Privado,38231.64,Medio,2025-07-09,22641.59,3,0.0,0.0,0.0,0.5922057697297388,0,0
CLI-04478,Serafín Emilio Cantú Blanco,Empleado Sector Privado,29574.31,Medio,2025-08-14,8433.25,3,0.0,0.0,0.0,0.28514494015447345,0,0
CLI-04479,Humberto Israel Archuleta,Desempleado,1497.02,Alto,2026-04-22,2097.35,8,0.0,0.0,0.0,1.4000814408352358,0,0
CLI-04480,Patricio Barragán Alfaro,Jubilado,10584.02,Bajo,2023-11-24,7364.53,4,0.0,0.0,0.0,0.695750220594765,0,0
CLI-04481,Pascual Gerónimo Trujillo Ybarra,Desempleado,978.2,Alto,2024-07-23,851.75,5,0.0,0.0,0.0,0.8698427287581699,0,0
CLI-04482,Roberto Nazario,Estudiante,6578.49,Bajo,2024-05-29,2399.42,3,0.0,0.0,0.0,0.36468176104834876,0,0
CLI-04483,Uriel Pulido,Jubilado,7458.33,Bajo,2024-08-24,8241.74,6,0.0,0.0,0.0,1.104890117477039,0,0
CLI-04484,Dolores Bustos Altamirano,Jubilado,8824.38,Bajo,2025-05-14,7259.24,6,0.0,0.0,0.0,0.8225413523270386,0,0
CLI-04485,María del Carmen Aldonza Jaimes Barrera,Empleado Sector Privado,22813.46,Medio,2025-12-17,19597.62,5,0.0,0.0,0.0,0.8589999500316904,0,0
CLI-04486,Zeferino Santiago Salazar Acuña,Estudiante,5776.75,Bajo,2026-04-01,5991.43,7,0.0,0.0,0.0,1.0369832547271862,0,0
CLI-04487,Arcelia Lebrón de León,Profesionista Independiente,54278.32,Medio,2023-10-23,60605.46,9,0.0,0.0,0.0,1.1165478860088889,0,0
CLI-04488,Jorge Luis Durán,Jubilado,17589.0,Bajo,2024-10-01,32840.85,10,0.0,0.0,0.0,1.8670181921546332,0,1
CLI-04489,Francisco Ureña,Empresario / Comerciante,91847.51,Alto,2024-08-24,71950.94,6,0.0,0.0,0.0,0.7833653480061898,0,0
CLI-04490,Yeni del Río Ruelas,Estudiante,6707.99,Bajo,2025-10-18,11015.51,9,0.0,0.0,0.0,1.641902879569056,0,0
CLI-04491,Abraham Almaraz Montalvo,Desempleado,2459.55,Alto,2025-03-28,1369.58,4,0.0,0.0,0.0,0.5566153908678954,0,0
CLI-04492,Uriel Jaime Sisneros,Empleado Sector Privado,28784.26,Medio,2024-12-26,32338.42,6,0.0,0.0,0.0,1.1234367867443267,0,0
CLI-04493,Luisa Muñiz,Desempleado,3004.55,Alto,2025-09-11,3849.47,7,0.0,0.0,0.0,1.2807872103275606,0,0
CLI-04494,Camilo Sotelo,Profesionista Independiente,37436.45,Medio,2026-01-21,21423.300000000003,3,0.0,0.0,0.0,0.5722425004908188,0,0
CLI-04495,Esther Pulido Hernandes,Empresario / Comerciante,85799.7,Alto,2024-11-08,86168.5,10,0.0,0.0,0.0,1.0042866783138134,0,0
CLI-04496,Dr. Óliver Salinas,Desempleado,1495.51,Alto,2025-12-21,854.6099999999999,4,0.0,0.0,0.0,0.5710686864772035,0,0
CLI-04497,Genaro Frías Cintrón,Desempleado,1933.19,Alto,2024-05-19,1646.87,6,0.0,0.0,0.0,0.8514520290147296,0,0
CLI-04498,Margarita Navarro,Empresario / Comerciante,144751.63,Alto,2026-04-10,180949.06,7,0.0,0.0,0.0,1.2500571492207084,2,0
CLI-04499,Fabiola Catalina Mondragón,Jubilado,10212.3,Bajo,2023-08-15,17844.95,10,0.0,0.0,0.0,1.7472266554394762,0,0
CLI-04500,Ernesto Esquivel de la Crúz,Jubilado,13446.58,Bajo,2025-05-04,16889.02,8,0.0,0.0,0.0,1.2559151906885848,0,0
CLI-04501,Ángel Uriel Arredondo Candelaria,Empleado Sector Privado,19244.37,Medio,2026-02-03,14105.78,5,0.0,0.0,0.0,0.7329440795370523,0,0
CLI-04502,Cynthia Diana Caraballo Prieto,Empleado Sector Privado,26918.64,Medio,2026-01-31,22859.13,8,0.0,0.0,0.0,0.8491618015694118,0,0
CLI-04503,Eugenio Silvano Ozuna Cano,Empleado Sector Privado,25064.7,Medio,2026-04-16,45093.03,10,0.0,0.0,0.0,1.7989934452259462,0,0
CLI-04504,Ing. Carlos Maldonado,Profesionista Independiente,34126.03,Medio,2024-10-12,57084.85,9,0.0,0.0,0.0,1.6727166120227865,0,0
CLI-04505,Sra. Margarita Curiel,Empresario / Comerciante,164274.08,Alto,2025-08-12,125303.65,8,0.0,0.0,0.0,0.7627672438205478,2,0
CLI-04506,Sr. Octavio Rosales,Profesionista Independiente,26453.82,Medio,2024-05-13,16846.92,4,0.0,0.0,0.0,0.6368185457319309,0,0
CLI-04507,Mariano Quesada,Estudiante,2805.98,Bajo,2024-05-09,1904.36,5,0.0,0.0,0.0,0.6784373240992098,0,0
CLI-04508,Jacobo Zacarías Tello,Estudiante,3770.29,Bajo,2023-10-23,5572.92,10,0.0,0.0,0.0,1.4777224769243416,0,0
CLI-04509,Camilo Mora Correa,Jubilado,9570.47,Bajo,2024-12-31,14909.28,9,0.0,0.0,0.0,1.5576792279555807,0,0
CLI-04510,Sra. Conchita Orozco,Jubilado,5534.86,Bajo,2025-02-20,4206.18,4,0.0,0.0,0.0,0.7598060644597227,0,0
CLI-04511,Luis Manuel Godínez Reynoso,Jubilado,13074.64,Bajo,2023-11-15,10006.210000000001,5,0.0,0.0,0.0,0.7652558498092638,0,0
CLI-04512,Lucía Hermelinda Dávila,Empresario / Comerciante,140230.24,Alto,2024-06-23,219956.1,10,0.0,0.0,0.0,1.5685242460952353,2,0
CLI-04513,Cristal Girón Arevalo,Empresario / Comerciante,131790.56,Alto,2024-04-15,75240.74,5,0.0,0.0,0.0,0.5709071203042138,2,0
CLI-04514,Ing. Noelia Toledo,Empresario / Comerciante,113404.09,Alto,2024-01-19,159700.01,8,0.0,0.0,0.0,1.4082261210674054,2,0
CLI-04515,Adela Judith Ruiz Paredes,Empresario / Comerciante,54943.64,Alto,2023-12-20,29382.399999999998,3,0.0,0.0,0.0,0.5347637185356023,0,0
CLI-04516,Luisa Soledad Salazar de la Fuente,Empresario / Comerciante,96758.08,Alto,2025-03-10,109127.95,8,0.0,0.0,0.0,1.1278316205569543,2,0
CLI-04517,Roberto Jaime Abreu Peralta,Desempleado,303.55,Alto,2023-07-08,845.9,9,0.0,0.0,0.0,2.7775406337218844,0,1
CLI-04518,María del Carmen María José Castañeda Cervántez,Estudiante,3767.11,Bajo,2024-05-18,1964.1899999999998,4,0.0,0.0,0.0,0.5212666296896852,0,0
CLI-04519,Ramón Godoy Saiz,Jubilado,11666.28,Bajo,2025-04-22,4057.98,3,0.0,0.0,0.0,0.3478085723493393,0,0
CLI-04520,Ing. Raúl Barrios,Desempleado,312.64,Alto,2023-12-25,481.58,5,0.0,0.0,0.0,1.5354546613952302,0,0
CLI-04521,Antonio Gonzalo Gaitán,Profesionista Independiente,56697.27,Medio,2025-06-27,27225.6,4,0.0,0.0,0.0,0.4801839632849468,0,0
CLI-04522,Dra. Emilia Riojas,Estudiante,2711.53,Bajo,2023-08-25,2422.7,6,0.0,0.0,0.0,0.8931514121502803,0,0
CLI-04523,Laura Sandra Marroquín,Profesionista Independiente,16722.66,Medio,2025-08-08,25228.190000000002,9,0.0,0.0,0.0,1.5085328211647453,0,0
CLI-04524,Maximiliano Santiago Orellana,Empleado Sector Privado,23014.01,Medio,2024-03-22,32257.62,7,0.0,0.0,0.0,1.4015905272254934,0,0
CLI-04525,Antonia Cornejo Castañeda,Desempleado,1316.97,Alto,2025-10-11,1743.54,7,0.0,0.0,0.0,1.3228980932798167,0,0
CLI-04526,Gregorio Coronado,Profesionista Independiente,48534.51,Medio,2024-05-16,41441.34,4,0.0,0.0,0.0,0.853835470153708,0,0
CLI-04527,Wilfrido Francisco Javier Cordero Sánchez,Desempleado,3381.79,Alto,2024-06-19,3218.56,7,0.0,0.0,0.0,0.9514513168124537,0,0
CLI-04528,Lilia Elsa Perea Nájera,Empleado Sector Privado,35286.21,Medio,2025-01-09,21291.68,6,0.0,0.0,0.0,0.6033823586506273,0,0
CLI-04529,Cristobal Espartaco Alarcón,Empleado Sector Privado,44947.37,Medio,2023-07-28,28913.72,4,0.0,0.0,0.0,0.6432651506606357,0,0
CLI-04530,Lilia Griego,Desempleado,2959.28,Alto,2025-03-01,3328.44,7,0.0,0.0,0.0,1.1243666139689488,0,0
CLI-04531,Salma Noemí Orta,Profesionista Independiente,15384.02,Medio,2025-04-13,21254.15,9,0.0,0.0,0.0,1.3814834169861334,0,0
CLI-04532,Ing. Joaquín Guevara,Profesionista Independiente,27683.04,Medio,2023-10-04,31703.28,5,0.0,0.0,0.0,1.1451825672842546,0,0
CLI-04533,Mauro Lomeli Trujillo,Profesionista Independiente,50240.77,Medio,2024-07-04,31026.300000000003,5,0.0,0.0,0.0,0.6175399473386388,0,0
CLI-04534,Lic. Dulce Pantoja,Empresario / Comerciante,239163.0,Alto,2025-04-05,234918.80000000002,7,0.0,0.0,0.0,0.9822498369319798,2,0
CLI-04535,Israel Serrano,Jubilado,14851.48,Bajo,2024-11-30,19033.66,9,0.0,0.0,0.0,1.2815139289869437,0,0
CLI-04536,Esteban Oswaldo Anguiano,Estudiante,4832.02,Bajo,2023-10-10,7995.52,9,0.0,0.0,0.0,1.6543527649378649,0,0
CLI-04537,José Eduardo Lozada de la Fuente,Jubilado,17860.57,Bajo,2024-03-19,16201.99,5,0.0,0.0,0.0,0.9070865551012594,0,0
CLI-04538,Noemí Roybal Rincón,Empleado Sector Privado,40560.38,Medio,2024-09-09,25181.6,4,0.0,0.0,0.0,0.620827003420495,0,0
CLI-04539,Ana María Carolina Otero,Empleado Sector Privado,19488.57,Medio,2024-06-24,15484.55,6,0.0,0.0,0.0,0.7945044451981239,0,0
CLI-04540,Renato Adalberto Tafoya Rosado,Desempleado,839.5,Alto,2023-09-01,1120.68,8,0.0,0.0,0.0,1.3333491969066034,0,0
CLI-04541,Wilfrido Olivas,Empleado Sector Privado,29022.24,Medio,2023-11-15,50687.81,10,0.0,0.0,0.0,1.746455943581764,0,0
CLI-04542,Olivia Paulina Pedraza Botello,Jubilado,14849.08,Bajo,2024-04-01,5237.84,4,0.0,0.0,0.0,0.3527145981705149,0,0
CLI-04543,Enrique Alonso,Desempleado,3257.59,Alto,2025-02-18,1502.1100000000001,3,0.0,0.0,0.0,0.46096931494910376,0,0
CLI-04544,Blanca Matos,Profesionista Independiente,50636.17,Medio,2025-10-22,74411.58,8,0.0,0.0,0.0,1.4695051085990787,0,0
CLI-04545,Lic. Daniel Salinas,Profesionista Independiente,53061.08,Medio,2026-02-12,47025.43,5,0.0,0.0,0.0,0.8862341996393658,0,0
CLI-04546,Karina Guerrero Almonte,Empresario / Comerciante,204026.21,Alto,2023-09-12,370660.77,10,0.0,0.0,0.0,1.8167222401364995,2,0
CLI-04547,Srita. Berta Lovato,Desempleado,1670.75,Alto,2024-06-05,1697.2,6,0.0,0.0,0.0,1.0152235681172423,0,0
CLI-04548,Lic. Ana María Téllez,Empresario / Comerciante,139994.39,Alto,2024-06-23,108005.45000000001,4,0.0,0.0,0.0,0.7714929041592012,2,0
CLI-04549,Trinidad Diana Alcántar,Jubilado,5391.35,Bajo,2024-09-27,7651.91,10,0.0,0.0,0.0,1.4190306638107688,0,0
CLI-04550,Adela Preciado Méndez,Empleado Sector Privado,31057.78,Medio,2024-01-08,28022.58,4,0.0,0.0,0.0,0.9022434235987377,0,0
CLI-04551,María Cristina Yolanda Valdivia,Empleado Sector Privado,22083.87,Medio,2025-06-30,24969.64,8,0.0,0.0,0.0,1.1306220050197262,0,0
CLI-04552,Gloria Rendón,Desempleado,38.72,Alto,2025-04-22,411.2,8,0.0,0.0,0.0,10.352467270896273,0,1
CLI-04553,Lic. Blanca Olvera,Desempleado,3337.2,Alto,2024-01-24,3677.81,6,0.0,0.0,0.0,1.1017344676771914,0,0
CLI-04554,Espartaco Rufino Olivera,Profesionista Independiente,25147.08,Medio,2026-04-18,17041.17,4,0.0,0.0,0.0,0.6776330439540512,0,0
CLI-04555,Jaqueline Violeta Luevano,Empresario / Comerciante,187152.56,Alto,2026-06-08,128810.45999999999,4,0.0,0.0,0.0,0.688260805725523,2,0
CLI-04556,Ing. Alejandro Romero,Empresario / Comerciante,202568.32,Alto,2024-07-02,221289.53999999998,7,0.0,0.0,0.0,1.0924138956481662,2,0
CLI-04557,Margarita Elvira Cortés López,Desempleado,2150.42,Alto,2024-06-22,2235.86,7,0.0,0.0,0.0,1.0392484963419508,0,0
CLI-04558,Sr. Bernardo Arteaga,Profesionista Independiente,41412.98,Medio,2024-09-01,25934.85,6,0.0,0.0,0.0,0.6262341846883588,0,0
CLI-04559,Antonio Monroy,Jubilado,15209.65,Bajo,2026-01-07,20063.94,7,0.0,0.0,0.0,1.3190718345369856,0,0
CLI-04560,Camila Valadez,Empleado Sector Privado,17071.81,Medio,2025-12-13,26159.129999999997,10,0.0,0.0,0.0,1.5322099876938826,0,0
CLI-04561,Violeta Lilia Cortés Santana,Profesionista Independiente,40568.59,Medio,2023-11-02,32739.100000000002,8,0.0,0.0,0.0,0.8069862180022033,0,0
CLI-04562,Elvira Solorio,Jubilado,16878.78,Bajo,2023-12-05,20989.59,6,0.0,0.0,0.0,1.2434753296547705,0,0
CLI-04563,Ing. Ignacio Hernández,Jubilado,16270.28,Bajo,2025-02-23,19034.89,8,0.0,0.0,0.0,1.1698458879694775,0,0
CLI-04564,Francisca Garibay,Empresario / Comerciante,90840.92,Alto,2024-12-14,58021.58,4,0.0,0.0,0.0,0.638709309534629,0,0
CLI-04565,Dr. Vicente Armenta,Empresario / Comerciante,62741.85,Alto,2024-02-26,49776.22,5,0.0,0.0,0.0,0.7933369300246961,0,0
CLI-04566,Pablo Fuentes,Empresario / Comerciante,87667.74,Alto,2023-08-11,96107.27,10,0.0,0.0,0.0,1.096254719755297,0,0
CLI-04567,Gerardo Abraham Barajas,Estudiante,3973.05,Bajo,2025-10-12,4767.4400000000005,8,0.0,0.0,0.0,1.1996426818988186,0,0
CLI-04568,Judith Toro Correa,Empresario / Comerciante,177800.66,Alto,2024-09-20,129307.8,5,0.0,0.0,0.0,0.7272586768874937,2,0
CLI-04569,Guadalupe Porras Zúñiga,Profesionista Independiente,19195.87,Medio,2023-08-02,26705.52,10,0.0,0.0,0.0,1.3911392846854722,0,0
CLI-04570,Elsa Torres de la Garza,Estudiante,6049.31,Bajo,2025-12-09,4219.08,5,0.0,0.0,0.0,0.6973328639358974,0,0
CLI-04571,Alberto Tirado Gaitán,Empleado Sector Privado,13057.95,Medio,2023-08-26,14227.89,6,0.0,0.0,0.0,1.089512556522538,0,0
CLI-04572,Cornelio Alejandro,Desempleado,2413.46,Alto,2024-04-17,1100.31,3,0.0,0.0,0.0,0.4557168062423896,0,0
CLI-04573,Jesús Reynoso,Estudiante,3120.15,Bajo,2026-03-31,2470.62,6,0.0,0.0,0.0,0.7915736186982362,0,0
CLI-04574,Diana Garibay Granado,Estudiante,7468.07,Bajo,2025-02-20,4673.92,4,0.0,0.0,0.0,0.62577000884983,0,0
CLI-04575,Dra. Esperanza Hernandes,Empresario / Comerciante,106763.52,Alto,2024-07-17,44474.520000000004,3,0.0,0.0,0.0,0.4165664773278614,0,0
CLI-04576,Rolando Benito Valdez,Empleado Sector Privado,21606.48,Medio,2026-03-16,20614.87,6,0.0,0.0,0.0,0.9540617415820817,0,0
CLI-04577,Israel Ruelas Angulo,Jubilado,5909.73,Bajo,2025-06-13,3316.2599999999998,5,0.0,0.0,0.0,0.5610576020220852,0,0
CLI-04578,Cristian Valdés Guardado,Estudiante,4211.91,Bajo,2023-06-21,3602.68,4,0.0,0.0,0.0,0.8551523768606497,0,0
CLI-04579,Ana Alejandra Barragán,Estudiante,3030.95,Bajo,2024-04-07,2350.2799999999997,4,0.0,0.0,0.0,0.7751710945101337,0,0
CLI-04580,Víctor Márquez,Empresario / Comerciante,128221.05,Alto,2025-05-04,31960.07,3,0.0,0.0,0.0,0.24925564674718584,0,0
CLI-04581,Rosalia Vázquez Paz,Estudiante,2774.83,Bajo,2024-04-25,3093.9300000000003,8,0.0,0.0,0.0,1.114596354964101,0,0
CLI-04582,Sergio Guerra Orellana,Empresario / Comerciante,145650.23,Alto,2025-11-11,216906.63,10,0.0,0.0,0.0,1.4892193495379338,2,0
CLI-04583,Carlos Ocasio,Estudiante,4333.96,Bajo,2024-07-07,2803.45,5,0.0,0.0,0.0,0.6467072360529278,0,0
CLI-04584,Julio Mendoza,Empleado Sector Privado,16287.77,Medio,2023-08-07,16286.34,8,0.0,0.0,0.0,0.9998508174650388,0,0
CLI-04585,Dra. Fabiola Valadez,Empleado Sector Privado,22221.99,Medio,2024-10-13,22950.89,7,0.0,0.0,0.0,1.0327543683365739,0,0
CLI-04586,José Luis Montenegro Almonte,Desempleado,2659.17,Alto,2024-04-29,2157.87,6,0.0,0.0,0.0,0.8111774811384235,0,0
CLI-04587,Jaqueline Jiménez,Empleado Sector Privado,31922.41,Medio,2023-10-31,18493.25,4,0.0,0.0,0.0,0.5793005822372986,0,0
CLI-04588,Bernardo Becerra Vázquez,Profesionista Independiente,41437.14,Medio,2026-04-16,12140.77,4,0.0,0.0,0.0,0.2929853994411912,0,0
CLI-04589,Óscar Agustín Haro,Jubilado,14318.04,Bajo,2025-05-19,12672.55,4,0.0,0.0,0.0,0.8850139394819764,0,0
CLI-04590,Citlali Rosalia Ojeda Romo,Empresario / Comerciante,105088.2,Alto,2026-01-25,73863.29,7,0.0,0.0,0.0,0.7028628060733167,0,0
CLI-04591,Estefanía Valdez Malave,Estudiante,7946.51,Bajo,2023-08-02,4383.02,4,0.0,0.0,0.0,0.5514960031506724,0,0
CLI-04592,Sessa Fierro,Empresario / Comerciante,62794.01,Alto,2025-07-26,52489.29,6,0.0,0.0,0.0,0.8358831378480551,0,0
CLI-04593,Dr. Eugenio Orosco,Empresario / Comerciante,170969.72,Alto,2026-03-29,210339.92,8,0.0,0.0,0.0,1.2302686682257642,2,0
CLI-04594,Emilio Mesa,Empleado Sector Privado,29353.26,Medio,2026-02-01,28888.37,6,0.0,0.0,0.0,0.9841287090868582,0,0
CLI-04595,Magdalena Briones,Jubilado,16430.11,Bajo,2024-02-13,12032.189999999999,7,0.0,0.0,0.0,0.7322810205762117,0,0
CLI-04596,Estela Collazo Mascareñas,Empresario / Comerciante,142539.09,Alto,2023-06-13,106623.75,6,0.0,0.0,0.0,0.7480263973454766,2,0
CLI-04597,Liliana Ana Arreola,Estudiante,6423.74,Bajo,2024-09-13,4723.81,6,0.0,0.0,0.0,0.7352530997363318,0,0
CLI-04598,Ing. Jesús Armenta,Profesionista Independiente,44083.46,Medio,2024-06-12,27619.73,5,0.0,0.0,0.0,0.6265185056139964,0,0
CLI-04599,Srita. Arcelia Barrientos,Empresario / Comerciante,119356.37,Alto,2025-08-21,99519.24,7,0.0,0.0,0.0,0.8337921654942633,2,0
CLI-04600,Esther Ángela Vergara Velásquez,Desempleado,3169.39,Alto,2026-01-26,3029.26,5,0.0,0.0,0.0,0.9554849718804312,0,0
CLI-04601,Leonel Carrasco,Empresario / Comerciante,172605.5,Alto,2026-06-10,143700.86,5,0.0,0.0,0.0,0.8325344642293308,2,0
CLI-04602,Ernesto Camilo Madera Coronado,Empleado Sector Privado,25696.74,Medio,2024-11-21,35126.85,10,0.0,0.0,0.0,1.3669237061313562,0,0
CLI-04603,Gustavo Suárez,Empleado Sector Privado,41698.83,Medio,2024-08-05,52701.96,7,0.0,0.0,0.0,1.2638411235729257,0,0
CLI-04604,Sr. Clemente Robles,Desempleado,1728.31,Alto,2024-06-09,2901.65,8,0.0,0.0,0.0,1.677923564890043,0,0
CLI-04605,Sra. Nelly Zamora,Empresario / Comerciante,232166.62,Alto,2024-04-09,410195.2,9,0.0,0.0,0.0,1.7668062411114867,2,0
CLI-04606,Estefanía Ana Mayorga,Empleado Sector Privado,35051.23,Medio,2025-12-16,14673.3,3,0.0,0.0,0.0,0.41861245347300297,0,0
CLI-04607,Zacarías Marco Antonio Rodríguez de la Rosa,Estudiante,4361.31,Bajo,2024-03-02,3441.65,6,0.0,0.0,0.0,0.788951266645424,0,0
CLI-04608,Gloria Guardado,Estudiante,3438.17,Bajo,2023-08-27,5227.74,9,0.0,0.0,0.0,1.520058618794651,0,0
CLI-04609,Concepción Zoé Montañez,Empleado Sector Privado,21034.62,Medio,2023-08-31,17029.1,6,0.0,0.0,0.0,0.8095363958846946,0,0
CLI-04610,Jos Emiliano Tejeda,Desempleado,2150.95,Alto,2025-01-19,2537.87,8,0.0,0.0,0.0,1.1793350217244825,0,0
CLI-04611,Sra. Natalia Cintrón,Desempleado,3665.19,Alto,2024-03-26,4657.4400000000005,7,0.0,0.0,0.0,1.2703760579784464,0,0
CLI-04612,Florencia Orta,Desempleado,2906.15,Alto,2023-09-21,3881.59,7,0.0,0.0,0.0,1.3351873828319831,0,0
CLI-04613,Sr. Javier Viera,Empleado Sector Privado,41988.3,Medio,2024-06-11,52640.78,9,0.0,0.0,0.0,1.253671292448314,0,0
CLI-04614,Felipe Juan Ureña Fuentes,Empresario / Comerciante,248477.94,Alto,2024-01-16,230681.18,5,0.0,0.0,0.0,0.9283731651463097,2,0
CLI-04615,Aldonza Zoé Páez,Jubilado,6576.0,Bajo,2023-11-27,11663.44,10,0.0,0.0,0.0,1.773367796867873,0,0
CLI-04616,Elias Daniel Arreola,Profesionista Independiente,18444.01,Medio,2023-07-12,12957.91,3,0.0,0.0,0.0,0.702515748161698,0,0
CLI-04617,Asunción Ilse Mejía,Estudiante,5026.37,Bajo,2025-05-16,8826.11,9,0.0,0.0,0.0,1.755611781110203,0,0
CLI-04618,Mitzy Rael,Profesionista Independiente,33454.32,Medio,2024-06-04,22900.329999999998,4,0.0,0.0,0.0,0.684504885919489,0,0
CLI-04619,Adán Segovia,Empleado Sector Privado,20341.3,Medio,2025-05-03,20191.51,5,0.0,0.0,0.0,0.9925873672101975,0,0
CLI-04620,Lic. Nicolás Pérez,Jubilado,5580.26,Bajo,2026-06-07,3632.11,6,0.0,0.0,0.0,0.6507688228106199,0,0
CLI-04621,Úrsula Cadena,Estudiante,2439.17,Bajo,2025-08-22,1578.03,3,0.0,0.0,0.0,0.6466885503878828,0,0
CLI-04622,Lic. Josefina Fonseca,Desempleado,2702.49,Alto,2025-04-13,3010.26,6,0.0,0.0,0.0,1.113471845651362,0,0
CLI-04623,Jaqueline Olivia Madrigal,Empresario / Comerciante,126231.11,Alto,2024-10-18,147080.0,5,0.0,0.0,0.0,1.1651552049633014,2,0
CLI-04624,Natalia Rivas,Desempleado,1597.37,Alto,2025-01-29,945.04,4,0.0,0.0,0.0,0.5912523383196632,0,0
CLI-04625,Renato Felix Garibay Rodarte,Empleado Sector Privado,25090.25,Medio,2024-01-24,23235.579999999998,6,0.0,0.0,0.0,0.9260431425297663,0,0
CLI-04626,Eloisa Alma Mata Brito,Estudiante,3503.63,Bajo,2025-09-02,1983.8400000000001,3,0.0,0.0,0.0,0.5660626086063294,0,0
CLI-04627,José Emilio Estrada Franco,Desempleado,3668.55,Alto,2024-01-02,2897.2200000000003,8,0.0,0.0,0.0,0.7895300513686965,0,0
CLI-04628,Enrique Germán Henríquez Garibay,Profesionista Independiente,45163.3,Medio,2025-11-19,46426.33,8,0.0,0.0,0.0,1.027943087792792,0,0
CLI-04629,Eloy Uriel Sarabia Morales,Empresario / Comerciante,146951.85,Alto,2024-11-27,213406.25,9,0.0,0.0,0.0,1.4522089908429812,2,0
CLI-04630,Sara Rodríquez,Estudiante,2495.29,Bajo,2023-10-19,4105.03,8,0.0,0.0,0.0,1.6444523673130926,0,0
CLI-04631,Aida Sessa Saavedra Esparza,Desempleado,969.17,Alto,2026-04-06,1345.72,6,0.0,0.0,0.0,1.3870971066926416,0,0
CLI-04632,Antonia Madrigal,Empresario / Comerciante,78051.15,Alto,2024-01-22,99492.78,8,0.0,0.0,0.0,1.2746962127244414,0,0
CLI-04633,Marisol Berta Escobedo,Profesionista Independiente,52870.31,Medio,2025-12-01,18697.7,4,0.0,0.0,0.0,0.3536454837226466,0,0
CLI-04634,Oswaldo Escamilla,Empleado Sector Privado,39670.36,Medio,2025-01-24,52201.340000000004,8,0.0,0.0,0.0,1.3158444782331638,0,0
CLI-04635,Ángel Genaro Pelayo,Jubilado,6306.7,Bajo,2025-10-17,3424.13,4,0.0,0.0,0.0,0.5428492160375414,0,0
CLI-04636,Benito Carmona,Profesionista Independiente,20586.81,Medio,2024-07-23,7912.179999999999,4,0.0,0.0,0.0,0.3843138245398612,0,0
CLI-04637,Sr. Luis Manuel Velasco,Desempleado,1563.4,Alto,2026-01-07,2712.81,7,0.0,0.0,0.0,1.7340897468678087,0,0
CLI-04638,Rocío Zaragoza,Estudiante,6028.35,Bajo,2025-05-01,9938.109999999999,9,0.0,0.0,0.0,1.648288787348553,0,0
CLI-04639,Zeferino Collazo,Estudiante,6064.3,Bajo,2025-01-17,3945.6,4,0.0,0.0,0.0,0.6505201721266879,0,0
CLI-04640,Aldo Guillermo Sauceda Sanabria,Empleado Sector Privado,26541.71,Medio,2025-01-09,28242.809999999998,7,0.0,0.0,0.0,1.0640514853230887,0,0
CLI-04641,Camila Angélica Fonseca,Empleado Sector Privado,19150.19,Medio,2024-10-30,17748.31,9,0.0,0.0,0.0,0.9267471107539533,0,0
CLI-04642,Linda Abigail Negrón Rocha,Estudiante,7356.13,Bajo,2026-03-01,7892.8099999999995,8,0.0,0.0,0.0,1.0728110010289338,0,0
CLI-04643,Elias Acosta Zapata,Jubilado,7810.16,Bajo,2025-10-30,7942.8099999999995,8,0.0,0.0,0.0,1.0168540908136563,0,0
CLI-04644,Irene Concepción Castillo,Desempleado,191.02,Alto,2024-02-08,804.03,10,0.0,0.0,0.0,4.187220081241537,0,1
CLI-04645,Héctor Mena Castro,Desempleado,3246.05,Alto,2024-11-08,4239.16,7,0.0,0.0,0.0,1.305541953465453,0,0
CLI-04646,Frida Raya Olivárez,Desempleado,2650.16,Alto,2025-07-01,2119.83,5,0.0,0.0,0.0,0.799585841669307,0,0
CLI-04647,Luis Manuel Tapia,Desempleado,3588.04,Alto,2024-09-20,642.39,3,0.0,0.0,0.0,0.1789865813699485,0,0
CLI-04648,María Luisa Barbara Venegas Reséndez,Empresario / Comerciante,188069.34,Alto,2024-06-15,106050.56,4,0.0,0.0,0.0,0.563887745404193,2,0
CLI-04649,Manuel Esquivel Laboy,Empresario / Comerciante,60483.05,Alto,2023-08-11,89584.70999999999,10,0.0,0.0,0.0,1.4811294878567158,0,0
CLI-04650,Diana Laureano Sisneros,Estudiante,2291.99,Bajo,2025-04-20,2678.9,7,0.0,0.0,0.0,1.1682999053637393,0,0
CLI-04651,Lic. Socorro Alarcón,Empresario / Comerciante,203422.85,Alto,2025-06-26,98888.04000000001,3,0.0,0.0,0.0,0.48611822065111837,2,0
CLI-04652,Fidel Reynaldo Pantoja Botello,Empleado Sector Privado,24363.28,Medio,2024-01-21,23421.65,6,0.0,0.0,0.0,0.9613109847695069,0,0
CLI-04653,Luis Miguel Abel Ballesteros,Empleado Sector Privado,18599.53,Medio,2025-04-13,24798.67,8,0.0,0.0,0.0,1.3332238382454693,0,0
CLI-04654,Olga Alma Lucio Collazo,Estudiante,4530.1,Bajo,2025-10-25,4094.23,4,0.0,0.0,0.0,0.9035841186466862,0,0
CLI-04655,Gerardo Batista,Estudiante,4022.7,Bajo,2026-05-12,6104.08,8,0.0,0.0,0.0,1.517031587842036,0,0
CLI-04656,Alonso Lorenzo Uribe Vargas,Empleado Sector Privado,34438.66,Medio,2024-10-19,38564.44,9,0.0,0.0,0.0,1.1197683136244667,0,0
CLI-04657,Noemí Esparta Nevárez,Estudiante,3323.41,Bajo,2024-08-11,1096.96,3,0.0,0.0,0.0,0.32997133325913475,0,0
CLI-04658,David Romero Villarreal,Estudiante,6781.54,Bajo,2026-05-24,5013.84,4,0.0,0.0,0.0,0.7392274870476252,0,0
CLI-04659,Dr. Eloy de la O,Desempleado,671.53,Alto,2023-08-10,1312.86,9,0.0,0.0,0.0,1.952121094969741,0,1
CLI-04660,Patricio Cano,Empleado Sector Privado,13452.41,Medio,2024-11-29,10452.58,5,0.0,0.0,0.0,0.7769465139321555,0,0
CLI-04661,Gabriela Wendolin Valle Sarabia,Jubilado,6399.89,Bajo,2024-08-24,2520.89,3,0.0,0.0,0.0,0.39383429491836286,0,0
CLI-04662,Carlos Julio Ríos Suárez,Profesionista Independiente,29520.58,Medio,2025-10-30,38481.58,9,0.0,0.0,0.0,1.303506790625705,0,0
CLI-04663,Espartaco Bruno Carranza Bétancourt,Desempleado,758.19,Alto,2024-07-21,1761.6100000000001,10,0.0,0.0,0.0,2.320380932309435,0,1
CLI-04664,Darío Cristobal Tirado Almaraz,Empleado Sector Privado,42832.8,Medio,2024-10-17,19931.1,4,0.0,0.0,0.0,0.46531244017574896,0,0
CLI-04665,Francisco Javier Ignacio de la Rosa,Empresario / Comerciante,237784.65,Alto,2023-12-09,148119.24,5,0.0,0.0,0.0,0.6229107601741316,2,0
CLI-04666,Benjamín Zelaya Figueroa,Estudiante,3394.45,Bajo,2026-05-15,3339.08,6,0.0,0.0,0.0,0.9833983713498947,0,0
CLI-04667,Horacio Llamas,Estudiante,4139.46,Bajo,2024-01-15,1386.9,3,0.0,0.0,0.0,0.3349627819131208,0,0
CLI-04668,Zacarías Aldo Ballesteros Rascón,Empleado Sector Privado,12494.82,Medio,2024-01-15,5434.92,5,0.0,0.0,0.0,0.4349390436161853,0,0
CLI-04669,Darío Leiva Mateo,Desempleado,1264.96,Alto,2026-06-03,2176.02,9,0.0,0.0,0.0,1.7188694745489588,0,0
CLI-04670,Francisco Javier José Luis Peralta,Empresario / Comerciante,92553.59,Alto,2024-12-19,151681.91,10,0.0,0.0,0.0,1.6388372526959496,2,0
CLI-04671,Ing. Leonardo Rodríguez,Empleado Sector Privado,14178.54,Medio,2025-06-20,16557.4,8,0.0,0.0,0.0,1.1676965543310995,0,0
CLI-04672,Manuel Espartaco Alcaraz Rojo,Profesionista Independiente,44247.52,Medio,2025-09-23,50758.7,10,0.0,0.0,0.0,1.1471276327434228,0,0
CLI-04673,Dr. Rubén Osorio,Profesionista Independiente,16977.25,Medio,2024-05-02,23817.5,10,0.0,0.0,0.0,1.4028242015519856,0,0
CLI-04674,Srita. Cristal Urrutia,Empleado Sector Privado,25566.2,Medio,2025-06-16,36331.78,9,0.0,0.0,0.0,1.4210308520291624,0,0
CLI-04675,Lourdes Salcedo Soria,Jubilado,11494.49,Bajo,2025-07-19,7913.0,4,0.0,0.0,0.0,0.6883569121455458,0,0
CLI-04676,Darío René Paredes,Estudiante,6275.19,Bajo,2026-03-25,7172.16,8,0.0,0.0,0.0,1.142756991104476,0,0
CLI-04677,Angélica Amaya,Jubilado,7228.97,Bajo,2026-02-18,5550.32,6,0.0,0.0,0.0,0.767682300203182,0,0
CLI-04678,Mauricio Velasco Rubio,Estudiante,5599.2,Bajo,2025-06-17,4495.41,7,0.0,0.0,0.0,0.8027231170315345,0,0
CLI-04679,Sra. Elvia Badillo,Desempleado,2785.26,Alto,2025-03-06,3705.87,9,0.0,0.0,0.0,1.330051753964095,0,0
CLI-04680,Carmen Elizondo,Desempleado,3698.21,Alto,2023-12-31,3284.8,5,0.0,0.0,0.0,0.8879733780996484,0,0
CLI-04681,Cristina María Eugenia Aguirre,Desempleado,531.73,Alto,2025-11-20,1306.83,10,0.0,0.0,0.0,2.4530812982186094,0,1
CLI-04682,Mauro Caballero,Empleado Sector Privado,32966.66,Medio,2024-03-14,45263.770000000004,8,0.0,0.0,0.0,1.3729749093505574,0,0
CLI-04683,Clemente Héctor Rentería,Desempleado,1271.87,Alto,2024-10-13,2346.5,9,0.0,0.0,0.0,1.843471839229458,0,1
CLI-04684,Jerónimo Abel Ocampo Valdivia,Desempleado,1928.52,Alto,2024-02-05,1877.08,8,0.0,0.0,0.0,0.9728222563124508,0,0
CLI-04685,Soledad Silvia Fierro Patiño,Profesionista Independiente,15794.2,Medio,2025-02-03,18660.42,8,0.0,0.0,0.0,1.1813981462722851,0,0
CLI-04686,Ing. Rosalia Cadena,Jubilado,10835.85,Bajo,2026-01-12,15291.220000000001,10,0.0,0.0,0.0,1.411039185741244,0,0
CLI-04687,Jerónimo Montero Alvarado,Jubilado,13327.7,Bajo,2025-08-04,15280.119999999999,10,0.0,0.0,0.0,1.1464073765633556,0,0
CLI-04688,Verónica Paulina Rolón Escobar,Empleado Sector Privado,28612.86,Medio,2024-09-07,29425.739999999998,8,0.0,0.0,0.0,1.0283736622741566,0,0
CLI-04689,Carla Mónica Gómez,Desempleado,3953.52,Alto,2024-04-15,8203.92,10,0.0,0.0,0.0,2.0745678362987165,0,1
CLI-04690,Violeta Ana Luisa Toro,Empleado Sector Privado,12700.04,Medio,2023-07-22,15699.93,9,0.0,0.0,0.0,1.2361137355681109,0,0
CLI-04691,Luis Manuel Meléndez Matos,Estudiante,3853.09,Bajo,2025-07-19,4348.65,7,0.0,0.0,0.0,1.128320822814205,0,0
CLI-04692,José Emilio Diego Fierro Caraballo,Desempleado,1713.99,Alto,2023-07-30,2410.17,7,0.0,0.0,0.0,1.4053551332660832,0,0
CLI-04693,Juan Carlos Gamez,Empleado Sector Privado,32452.29,Medio,2025-03-19,48831.95,9,0.0,0.0,0.0,1.504684116772136,0,0
CLI-04694,Angélica Zúñiga Olivera,Estudiante,2825.33,Bajo,2024-12-29,5166.91,10,0.0,0.0,0.0,1.8281340112442637,0,1
CLI-04695,Isabel Osorio Villanueva,Empresario / Comerciante,109322.95,Alto,2025-01-14,122904.76,7,0.0,0.0,0.0,1.124225387026356,2,0
CLI-04696,Laura Balderas,Empleado Sector Privado,24399.68,Medio,2025-11-25,13199.84,5,0.0,0.0,0.0,0.5409619731909111,0,0
CLI-04697,Hilda Toro,Desempleado,151.63,Alto,2025-04-06,397.89,6,0.0,0.0,0.0,2.6068924850946735,0,1
CLI-04698,Rafaél Armando Segura Corrales,Desempleado,2392.3,Alto,2025-03-09,1973.91,4,0.0,0.0,0.0,0.8247649688714327,0,0
CLI-04699,Elias Héctor Lerma Orellana,Empresario / Comerciante,197851.13,Alto,2025-05-16,208671.38,6,0.0,0.0,0.0,1.0546835154112315,2,0
CLI-04700,Dra. Adela Bétancourt,Profesionista Independiente,21042.02,Medio,2023-08-12,17452.11,5,0.0,0.0,0.0,0.8293538665077541,0,0
CLI-04701,Lic. Rufino Terrazas,Profesionista Independiente,43962.09,Medio,2026-04-16,67835.9,8,0.0,0.0,0.0,1.5430193828504775,0,0
CLI-04702,Angélica Guajardo,Estudiante,5125.24,Bajo,2025-11-15,1486.78,4,0.0,0.0,0.0,0.29003324073785075,0,0
CLI-04703,Asunción Galván Piña,Empresario / Comerciante,179609.29,Alto,2025-09-21,219388.98,7,0.0,0.0,0.0,1.2214722218866192,2,0
CLI-04704,Yeni Luz Moya Guerra,Profesionista Independiente,48774.79,Medio,2024-03-22,26366.89,3,0.0,0.0,0.0,0.5405733049121295,0,0
CLI-04705,Ing. Jacinto Vela,Empleado Sector Privado,39948.85,Medio,2025-12-16,35920.76,6,0.0,0.0,0.0,0.899146304679492,0,0
CLI-04706,Sr. Aurelio Valentín,Profesionista Independiente,30422.78,Medio,2023-08-25,20578.06,4,0.0,0.0,0.0,0.676380778456852,0,0
CLI-04707,Lic. Ana Zapata,Empleado Sector Privado,29797.29,Medio,2025-03-21,17183.97,4,0.0,0.0,0.0,0.5766763797519925,0,0
CLI-04708,Eric Alonso,Desempleado,3953.51,Alto,2025-05-14,4633.11,9,0.0,0.0,0.0,1.171601538496552,0,0
CLI-04709,Carlota Girón,Desempleado,2785.11,Alto,2023-10-04,1157.55,3,0.0,0.0,0.0,0.41547175093589267,0,0
CLI-04710,Iván Hernán Hernández,Empleado Sector Privado,32066.09,Medio,2025-03-06,52883.44,10,0.0,0.0,0.0,1.6491499540494632,0,0
CLI-04711,Elena Badillo,Empresario / Comerciante,154294.39,Alto,2025-01-22,208464.07,9,0.0,0.0,0.0,1.3510712795761428,2,0
CLI-04712,Lic. Elias Tafoya,Empleado Sector Privado,26597.91,Medio,2025-06-18,20386.29,6,0.0,0.0,0.0,0.7664332861760125,0,0
CLI-04713,Mario Santiago Montaño Gastélum,Estudiante,2387.7,Bajo,2026-04-12,1825.91,6,0.0,0.0,0.0,0.7643948591283963,0,0
CLI-04714,Yeni Lorena Montaño,Empresario / Comerciante,63996.98,Alto,2026-03-07,35186.89,3,0.0,0.0,0.0,0.5498125097073376,0,0
CLI-04715,Raúl Hinojosa Hurtado,Empleado Sector Privado,13719.53,Medio,2025-03-27,12263.19,5,0.0,0.0,0.0,0.8937839864786564,0,0
CLI-04716,Cristina Mondragón,Empleado Sector Privado,42963.06,Medio,2025-05-18,72995.81,10,0.0,0.0,0.0,1.6989970221622446,0,0
CLI-04717,Elvira Delia Gil Guajardo,Empleado Sector Privado,15028.06,Medio,2024-06-22,3734.8999999999996,4,0.0,0.0,0.0,0.24851188297870924,0,0
CLI-04718,Ing. Carolina Jaime,Jubilado,12135.01,Bajo,2025-11-24,7870.58,3,0.0,0.0,0.0,0.6485311070112829,0,0
CLI-04719,José Emilio Juan Alfaro Collado,Empleado Sector Privado,19798.23,Medio,2023-12-05,33658.89,10,0.0,0.0,0.0,1.7000100508959186,0,0
CLI-04720,Patricia Alejandra Borrego,Estudiante,4557.44,Bajo,2025-06-24,5585.19,7,0.0,0.0,0.0,1.2252415299971042,0,0
CLI-04721,Julio Juan Carlos Navarro del Valle,Empresario / Comerciante,112292.59,Alto,2024-07-08,113673.03,9,0.0,0.0,0.0,1.0122842274434365,2,0
CLI-04722,Aldonza del Río Oquendo,Desempleado,790.15,Alto,2024-07-17,1714.7,10,0.0,0.0,0.0,2.1673513240219933,0,1
CLI-04723,Sr. Isaac Manzanares,Empresario / Comerciante,85287.1,Alto,2025-08-02,91396.79,9,0.0,0.0,0.0,1.0716241773471327,0,0
CLI-04724,Helena Mitzy Trujillo,Empleado Sector Privado,22002.32,Medio,2024-05-20,29171.03,10,0.0,0.0,0.0,1.3257558404822545,0,0
CLI-04725,Ing. Ruby Soria,Jubilado,10827.53,Bajo,2025-09-07,11994.59,9,0.0,0.0,0.0,1.1076840531447942,0,0
CLI-04726,Israel Gallardo Armas,Desempleado,805.6,Alto,2023-11-30,634.76,4,0.0,0.0,0.0,0.7869575998016365,0,0
CLI-04727,Elvia María Elena Arroyo,Empresario / Comerciante,66003.19,Alto,2023-07-10,93000.9,10,0.0,0.0,0.0,1.409015094344768,0,0
CLI-04728,Esmeralda Barraza,Profesionista Independiente,32921.0,Medio,2024-04-02,30027.59,9,0.0,0.0,0.0,0.9120828017738898,0,0
CLI-04729,José Eduardo Miguel Ángel Bustamante Raya,Empleado Sector Privado,27533.54,Medio,2023-10-13,19450.91,5,0.0,0.0,0.0,0.7064185564748857,0,0
CLI-04730,Eloy Óliver Ontiveros,Empresario / Comerciante,151058.51,Alto,2023-08-12,175527.9,7,0.0,0.0,0.0,1.1619784811959206,2,0
CLI-04731,Catalina Alejandra Martínez Jurado,Desempleado,1733.72,Alto,2025-12-26,1645.2,6,0.0,0.0,0.0,0.9483951300498064,0,0
CLI-04732,Dr. Miguel Ángel Montenegro,Empleado Sector Privado,39046.93,Medio,2023-09-15,33122.35,6,0.0,0.0,0.0,0.8482485499231329,0,0
CLI-04733,Leonor Alejandro Báez,Empresario / Comerciante,53962.22,Alto,2026-06-10,44391.369999999995,7,0.0,0.0,0.0,0.8226227048719479,0,0
CLI-04734,Roberto Jos Echeverría,Empresario / Comerciante,135479.46,Alto,2024-05-24,80775.14,4,0.0,0.0,0.0,0.5962124722635279,2,0
CLI-04735,Luz Georgina Patiño,Estudiante,6553.15,Bajo,2023-08-26,8944.27,10,0.0,0.0,0.0,1.3646727645842711,0,0
CLI-04736,Reina Sánchez,Profesionista Independiente,41783.25,Medio,2026-06-05,75153.01,7,0.0,0.0,0.0,1.7985966003936888,0,0
CLI-04737,Maximiliano Samuel Marín Badillo,Empleado Sector Privado,30244.12,Medio,2026-03-02,35990.22,7,0.0,0.0,0.0,1.1899513045410302,0,0
CLI-04738,Sr. Luis Miguel Anguiano,Empleado Sector Privado,20490.63,Medio,2024-05-06,10886.39,6,0.0,0.0,0.0,0.5312603243373025,0,0
CLI-04739,Omar Espartaco Borrego,Empresario / Comerciante,111169.46,Alto,2025-03-19,100380.53,5,0.0,0.0,0.0,0.9029424723078414,2,0
CLI-04740,Joaquín Vera,Profesionista Independiente,31881.61,Medio,2025-09-18,11946.24,3,0.0,0.0,0.0,0.37469454351447384,0,0
CLI-04741,Catalina Ángela Estévez Marrero,Jubilado,11250.98,Bajo,2026-02-12,18698.87,10,0.0,0.0,0.0,1.6618292958217131,0,0
CLI-04742,Alfonso Paz,Profesionista Independiente,21149.54,Medio,2025-07-11,22865.36,7,0.0,0.0,0.0,1.0810768897626255,0,0
CLI-04743,José María Maya Melgar,Empresario / Comerciante,89143.15,Alto,2024-03-19,116237.38,6,0.0,0.0,0.0,1.3039260568416438,2,0
CLI-04744,Alicia Anabel Salgado,Empleado Sector Privado,12137.96,Medio,2024-11-08,4264.45,3,0.0,0.0,0.0,0.3513027475170855,0,0
CLI-04745,David Cepeda,Jubilado,14494.79,Bajo,2025-11-25,9221.85,3,0.0,0.0,0.0,0.636174365108766,0,0
CLI-04746,Teresa Casárez Leal,Profesionista Independiente,37115.42,Medio,2024-03-29,25494.64,3,0.0,0.0,0.0,0.6868830560706016,0,0
CLI-04747,Sr. Iván León,Empresario / Comerciante,238057.0,Alto,2025-07-07,51610.439999999995,3,0.0,0.0,0.0,0.2167977551689084,2,0
CLI-04748,María del Carmen Minerva Bermúdez Zúñiga,Desempleado,1492.58,Alto,2025-02-06,2199.27,9,0.0,0.0,0.0,1.4724822239183706,0,0
CLI-04749,Margarita Peña,Empresario / Comerciante,111562.17,Alto,2025-12-08,70519.47,6,0.0,0.0,0.0,0.6321034979554633,0,0
CLI-04750,Estela María Eugenia Mota Valadez,Jubilado,5926.05,Bajo,2025-08-24,11202.64,9,0.0,0.0,0.0,1.8900869741270951,0,1
CLI-04751,Óscar Mateo Medina Lira,Estudiante,7954.83,Bajo,2024-12-02,6341.28,4,0.0,0.0,0.0,0.7970607717862247,0,0
CLI-04752,Zoé Lucio,Estudiante,4308.96,Bajo,2025-11-28,2966.63,4,0.0,0.0,0.0,0.6883196131750643,0,0
CLI-04753,Lucas Zavala,Jubilado,7110.71,Bajo,2023-07-29,6173.83,6,0.0,0.0,0.0,0.8681217316229148,0,0
CLI-04754,Ricardo Solorio,Empresario / Comerciante,241419.38,Alto,2026-01-16,106164.27,4,0.0,0.0,0.0,0.4397485829489623,2,0
CLI-04755,Srita. Andrea Soria,Desempleado,1394.31,Alto,2025-12-30,903.28,5,0.0,0.0,0.0,0.6473686850950685,0,0
CLI-04756,Hilda Yeni Macías Vigil,Desempleado,1954.49,Alto,2026-03-30,2511.31,8,0.0,0.0,0.0,1.284235664718306,0,0
CLI-04757,María José Lara,Desempleado,1472.72,Alto,2023-08-11,2647.56,10,0.0,0.0,0.0,1.7965149417799853,0,0
CLI-04758,Eugenia Chacón Arredondo,Estudiante,5905.44,Bajo,2024-01-05,6498.32,7,0.0,0.0,0.0,1.1002092631094196,0,0
CLI-04759,Srita. Soledad Crespo,Empresario / Comerciante,197132.84,Alto,2024-08-31,336433.13,10,0.0,0.0,0.0,1.7066229217672624,2,0
CLI-04760,Leonardo Juan Leal Navarrete,Empleado Sector Privado,27764.94,Medio,2023-10-02,32987.270000000004,7,0.0,0.0,0.0,1.1880480185435827,0,0
CLI-04761,Olivia Vanesa Valenzuela,Profesionista Independiente,43392.87,Medio,2024-03-13,65447.53,8,0.0,0.0,0.0,1.5082206311628807,0,0
CLI-04762,Alejandra Salazar Razo,Desempleado,113.02,Alto,2024-06-30,624.28,9,0.0,0.0,0.0,5.475179793018769,0,1
CLI-04763,Bianca Sonia Longoria,Desempleado,2581.33,Alto,2024-10-28,3325.92,10,0.0,0.0,0.0,1.287953127601817,0,0
CLI-04764,Luis Badillo Bahena,Profesionista Independiente,42244.6,Medio,2023-08-17,66259.82,9,0.0,0.0,0.0,1.568443104133922,0,0
CLI-04765,Julia Esquibel Crespo,Desempleado,589.47,Alto,2025-08-27,1181.49,9,0.0,0.0,0.0,2.000931461378224,0,1
CLI-04766,Abraham Vélez Serna,Empleado Sector Privado,31870.93,Medio,2025-02-09,19280.05,4,0.0,0.0,0.0,0.6049225760724248,0,0
CLI-04767,Francisco Raúl Valdez Gutiérrez,Desempleado,3366.06,Alto,2025-03-01,903.99,3,0.0,0.0,0.0,0.26848051415775187,0,0
CLI-04768,Esther Raquel Páez Bernal,Estudiante,2700.38,Bajo,2024-04-03,2181.4,4,0.0,0.0,0.0,0.8075131969585916,0,0
CLI-04769,Lic. Guillermina Lozada,Estudiante,5866.38,Bajo,2025-09-23,5586.799999999999,5,0.0,0.0,0.0,0.9521796781527699,0,0
CLI-04770,Mónica Narváez Montaño,Empresario / Comerciante,129533.38,Alto,2026-03-31,119097.20999999999,8,0.0,0.0,0.0,0.9194254837982008,2,0
CLI-04771,Francisco Espartaco Zarate Figueroa,Jubilado,17663.89,Bajo,2023-10-23,9065.39,6,0.0,0.0,0.0,0.5131868921912336,0,0
CLI-04772,Rocío Pulido Ocampo,Estudiante,5111.22,Bajo,2026-03-09,3850.36,6,0.0,0.0,0.0,0.7531678996600303,0,0
CLI-04773,Alicia Marisela Casillas,Empleado Sector Privado,40908.2,Medio,2025-02-23,29260.16,4,0.0,0.0,0.0,0.7152464482316937,0,0
CLI-04774,Sra. Miriam Casárez,Empleado Sector Privado,39381.74,Medio,2025-09-05,22023.66,6,0.0,0.0,0.0,0.5592211207244595,0,0
CLI-04775,Carlos Alfonso Amaya,Profesionista Independiente,46132.66,Medio,2026-01-24,33724.909999999996,7,0.0,0.0,0.0,0.7310261097862167,0,0
CLI-04776,Olga Llamas Chávez,Jubilado,17579.88,Bajo,2024-02-13,16962.620000000003,7,0.0,0.0,0.0,0.964833387179709,0,0
CLI-04777,Helena Candelaria Collazo,Desempleado,3546.6,Alto,2024-05-05,6048.16,10,0.0,0.0,0.0,1.704859623407374,0,0
CLI-04778,Israel Amador Cotto,Jubilado,9003.73,Bajo,2023-09-25,12606.2,8,0.0,0.0,0.0,1.399953135740883,0,0
CLI-04779,Pascual Santillán Valverde,Empresario / Comerciante,200492.45,Alto,2025-10-27,191581.07,8,0.0,0.0,0.0,0.9555477747527413,2,0
CLI-04780,Ernesto Óliver Saldivar Cornejo,Desempleado,3477.67,Alto,2025-06-13,3185.56,6,0.0,0.0,0.0,0.9157407859900479,0,0
CLI-04781,Lic. Leticia Salcido,Estudiante,5817.08,Bajo,2025-01-14,2111.38,3,0.0,0.0,0.0,0.3628997882462943,0,0
CLI-04782,Abel Miguel Ángel Garay Serrato,Profesionista Independiente,51640.26,Medio,2024-07-25,53570.520000000004,6,0.0,0.0,0.0,1.0373588870604629,0,0
CLI-04783,Joaquín Pedroza,Profesionista Independiente,48692.85,Medio,2025-10-14,33800.229999999996,7,0.0,0.0,0.0,0.6941375553586335,0,0
CLI-04784,Andrés Jorge Valles Malave,Desempleado,1591.88,Alto,2026-05-30,2784.98,10,0.0,0.0,0.0,1.7483928481743758,0,0
CLI-04785,Sra. Inés Sandoval,Profesionista Independiente,15288.91,Medio,2025-01-03,29251.6,8,0.0,0.0,0.0,1.9131309471409577,0,1
CLI-04786,Francisco Javier Aldo Cepeda,Empleado Sector Privado,38940.85,Medio,2025-03-21,30719.649999999998,6,0.0,0.0,0.0,0.7888595431393218,0,0
CLI-04787,Leticia Caridad Pulido,Estudiante,2581.22,Bajo,2026-04-01,2369.84,4,0.0,0.0,0.0,0.9177529412675915,0,0
CLI-04788,Ing. Emiliano Reynoso,Desempleado,1671.36,Alto,2023-10-13,2567.27,9,0.0,0.0,0.0,1.535118036786338,0,0
CLI-04789,Estela Mercado León,Empresario / Comerciante,180904.24,Alto,2024-01-13,232356.5,6,0.0,0.0,0.0,1.284410003822996,2,0
CLI-04790,Amelia Eva Rubio Medrano,Desempleado,1723.8,Alto,2025-12-03,2933.0099999999998,8,0.0,0.0,0.0,1.7004928107606678,0,0
CLI-04791,Natalia Isabela Perales Sepúlveda,Empleado Sector Privado,24363.5,Medio,2025-10-09,9610.32,3,0.0,0.0,0.0,0.39443945084036197,0,0
CLI-04792,Emiliano Carreón,Desempleado,537.33,Alto,2026-03-26,396.98,3,0.0,0.0,0.0,0.7374287147288837,0,0
CLI-04793,Cornelio Jaimes Rodríguez,Empresario / Comerciante,86396.87,Alto,2026-04-10,41465.35,3,0.0,0.0,0.0,0.4799348641349607,0,0
CLI-04794,Srita. Catalina Guzmán,Estudiante,4703.96,Bajo,2024-05-18,8191.09,10,0.0,0.0,0.0,1.7409478507787526,0,0
CLI-04795,Sandra Rebeca Arredondo de Anda,Empleado Sector Privado,18126.06,Medio,2024-09-09,34292.76,10,0.0,0.0,0.0,1.89179933204833,0,1
CLI-04796,Srita. Vanesa Rocha,Estudiante,6499.49,Bajo,2025-06-17,7296.87,7,0.0,0.0,0.0,1.1225107645731323,0,0
CLI-04797,David Carranza,Empleado Sector Privado,20558.61,Medio,2024-04-15,17962.87,6,0.0,0.0,0.0,0.8736970205174125,0,0
CLI-04798,Ing. Diego Cortés,Empresario / Comerciante,138146.09,Alto,2024-09-21,117775.26,6,0.0,0.0,0.0,0.8525352216973952,2,0
CLI-04799,Jaime Vicente Moreno Solano,Jubilado,6419.54,Bajo,2023-11-18,4614.69,6,0.0,0.0,0.0,0.7187386107710566,0,0
CLI-04800,Ing. Jonás Alvarado,Desempleado,664.5,Alto,2026-04-04,1379.5900000000001,10,0.0,0.0,0.0,2.0730127723516154,0,1
CLI-04801,Alvaro Gabriel Casanova de la Garza,Profesionista Independiente,18856.82,Medio,2023-07-09,13601.66,7,0.0,0.0,0.0,0.7212742512124943,0,0
CLI-04802,Santiago Horacio Orta,Estudiante,3660.57,Bajo,2023-12-20,3030.7999999999997,4,0.0,0.0,0.0,0.8277323661707955,0,0
CLI-04803,Vanesa Margarita Gutiérrez de la Rosa,Profesionista Independiente,16335.0,Medio,2023-09-28,29085.77,10,0.0,0.0,0.0,1.7804707394711068,0,0
CLI-04804,Ing. Susana Luevano,Empleado Sector Privado,27770.6,Medio,2024-08-13,8856.3,3,0.0,0.0,0.0,0.3188977228535626,0,0
CLI-04805,Gabriel Lozano,Desempleado,3042.13,Alto,2024-10-23,4990.72,10,0.0,0.0,0.0,1.639995662360793,0,0
CLI-04806,María Cristina Alarcón Chacón,Estudiante,2366.34,Bajo,2023-09-20,3325.4300000000003,8,0.0,0.0,0.0,1.4047116172581886,0,0
CLI-04807,Sr. Alonso Carrillo,Estudiante,5991.93,Bajo,2026-04-27,10344.93,9,0.0,0.0,0.0,1.7261890260690513,0,0
CLI-04808,Sra. Hermelinda Barrios,Estudiante,2581.05,Bajo,2025-01-19,3385.48,9,0.0,0.0,0.0,1.3111597374179431,0,0
CLI-04809,Olivia Raquel Menchaca,Jubilado,15293.22,Bajo,2024-05-10,15864.14,9,0.0,0.0,0.0,1.037263750619515,0,0
CLI-04810,Uriel Ruelas,Empresario / Comerciante,170596.97,Alto,2024-06-17,224535.27,9,0.0,0.0,0.0,1.3161661302300371,2,0
CLI-04811,Alfredo Benito Huerta,Profesionista Independiente,56945.78,Medio,2023-08-02,78901.34,9,0.0,0.0,0.0,1.3855276804061616,0,0
CLI-04812,Armando Sanches,Empresario / Comerciante,201382.33,Alto,2023-10-30,189044.56,7,0.0,0.0,0.0,0.9387299336047329,2,0
CLI-04813,Lucas Brito,Jubilado,10582.9,Bajo,2024-03-06,3882.1,3,0.0,0.0,0.0,0.36679295911714965,0,0
CLI-04814,José Porfirio Espinoza Meléndez,Profesionista Independiente,45683.7,Medio,2024-10-09,54895.06,8,0.0,0.0,0.0,1.2016071025967119,0,0
CLI-04815,Elisa Gálvez Espino,Profesionista Independiente,59975.03,Medio,2024-03-16,72488.61,6,0.0,0.0,0.0,1.208626346225317,0,0
CLI-04816,Cecilia Nadia Sosa,Empleado Sector Privado,43052.7,Medio,2025-10-25,56406.8,10,0.0,0.0,0.0,1.3101498825884885,0,0
CLI-04817,Angélica Pedroza,Desempleado,1593.89,Alto,2025-04-26,786.33,4,0.0,0.0,0.0,0.4930308673325433,0,0
CLI-04818,Cristina Adela Saldaña,Jubilado,5744.14,Bajo,2026-03-31,2382.34,3,0.0,0.0,0.0,0.41467048670702544,0,0
CLI-04819,Carlota Berta Maestas Luevano,Profesionista Independiente,54288.48,Medio,2026-01-10,39398.81,6,0.0,0.0,0.0,0.7257172107745367,0,0
CLI-04820,Amelia Amelia Terán,Estudiante,2018.51,Bajo,2025-08-14,3974.9,10,0.0,0.0,0.0,1.9682497239429366,0,1
CLI-04821,Porfirio Amador Nava,Desempleado,1607.23,Alto,2024-06-11,1762.15,7,0.0,0.0,0.0,1.0957077035001213,0,0
CLI-04822,Teodoro Robles,Empleado Sector Privado,12847.45,Medio,2026-05-13,12576.93,7,0.0,0.0,0.0,0.9788674898528616,0,0
CLI-04823,Dr. Alberto Cortez,Estudiante,7214.03,Bajo,2025-03-09,7441.13,6,0.0,0.0,0.0,1.0313373610366139,0,0
CLI-04824,Héctor Gerardo Corral,Profesionista Independiente,57797.79,Medio,2025-09-03,52251.88,6,0.0,0.0,0.0,0.9040306899158269,0,0
CLI-04825,Lic. Violeta Galindo,Empleado Sector Privado,24158.19,Medio,2024-01-02,15704.62,7,0.0,0.0,0.0,0.6500474560612339,0,0
CLI-04826,Lic. Augusto Haro,Jubilado,13920.4,Bajo,2023-12-14,19029.87,8,0.0,0.0,0.0,1.366950881376873,0,0
CLI-04827,Camila Paulina Peralta,Empresario / Comerciante,152982.8,Alto,2025-11-28,178500.36000000002,6,0.0,0.0,0.0,1.1667925623497393,2,0
CLI-04828,Mateo Ponce,Desempleado,751.74,Alto,2025-06-19,671.6099999999999,4,0.0,0.0,0.0,0.8922204213938411,0,0
CLI-04829,Cristian Rojo,Desempleado,3830.19,Alto,2024-09-07,4605.12,8,0.0,0.0,0.0,1.2020077312793152,0,0
CLI-04830,Dra. Arcelia Quiñones,Profesionista Independiente,15748.36,Medio,2025-09-22,16362.1,6,0.0,0.0,0.0,1.0389057079144803,0,0
CLI-04831,Reynaldo José Eduardo Guerra,Profesionista Independiente,54304.55,Medio,2026-04-06,21577.629999999997,4,0.0,0.0,0.0,0.3973374728733987,0,0
CLI-04832,Natalia Yeni Magaña,Desempleado,1302.1,Alto,2026-02-10,595.26,3,0.0,0.0,0.0,0.45680300821118874,0,0
CLI-04833,Cynthia Ana Casanova,Empresario / Comerciante,96711.73,Alto,2023-07-03,137830.46,9,0.0,0.0,0.0,1.4251532347396252,2,0
CLI-04834,Srita. Josefina Ferrer,Empresario / Comerciante,130033.04,Alto,2024-09-26,67731.41,4,0.0,0.0,0.0,0.5208744571805968,2,0
CLI-04835,Ing. Porfirio Tamayo,Jubilado,15321.48,Bajo,2024-07-13,22037.36,10,0.0,0.0,0.0,1.4382371522103472,0,0
CLI-04836,Humberto Maximiliano Trejo,Profesionista Independiente,34256.23,Medio,2023-12-02,57303.62,9,0.0,0.0,0.0,1.6727452861775456,0,0
CLI-04837,Pedro Vicente Benítez,Empresario / Comerciante,247374.29,Alto,2023-07-18,256837.94,8,0.0,0.0,0.0,1.038252203766997,2,0
CLI-04838,Ruby Esperanza Manzanares Altamirano,Desempleado,3620.81,Alto,2025-05-15,2181.9100000000003,5,0.0,0.0,0.0,0.6024363508853309,0,0
CLI-04839,Sr. Alonso Vaca,Desempleado,1539.43,Alto,2025-02-03,3193.42,9,0.0,0.0,0.0,2.0730705062872055,0,1
CLI-04840,Abigail Ortiz Ybarra,Jubilado,7536.0,Bajo,2025-12-19,4084.1400000000003,3,0.0,0.0,0.0,0.5418787315908187,0,0
CLI-04841,Eva Meraz,Empleado Sector Privado,40705.34,Medio,2025-11-15,64279.729999999996,9,0.0,0.0,0.0,1.5791085614673293,0,0
CLI-04842,Dra. Dalia Alvarado,Jubilado,15203.21,Bajo,2024-03-15,9622.84,3,0.0,0.0,0.0,0.632906280563081,0,0
CLI-04843,Lic. Anabel Zepeda,Desempleado,2018.55,Alto,2025-11-07,1706.87,5,0.0,0.0,0.0,0.8451734297244435,0,0
CLI-04844,Camilo Segovia Palomino,Empleado Sector Privado,28431.53,Medio,2025-07-02,12618.869999999999,5,0.0,0.0,0.0,0.4438180492555534,0,0
CLI-04845,Sr. Armando Jaime,Estudiante,3808.09,Bajo,2024-07-05,2390.92,6,0.0,0.0,0.0,0.6276879779684912,0,0
CLI-04846,Vanesa Díaz Menchaca,Desempleado,3985.22,Alto,2023-10-20,4168.38,7,0.0,0.0,0.0,1.0456974276382138,0,0
CLI-04847,Santiago Miguel Ángel Dávila,Empresario / Comerciante,83610.57,Alto,2025-10-23,107696.88,8,0.0,0.0,0.0,1.2880619273146048,0,0
CLI-04848,Sr. Ernesto Salgado,Empresario / Comerciante,241010.24,Alto,2023-12-30,236946.16,5,0.0,0.0,0.0,0.9831332347819132,2,0
CLI-04849,Elisa Minerva Elizondo Negrete,Empresario / Comerciante,182528.42,Alto,2023-11-02,260243.99,10,0.0,0.0,0.0,1.4257646246835167,2,0
CLI-04850,Zoé Yolanda Trujillo Padrón,Empleado Sector Privado,20030.75,Medio,2024-12-11,16052.619999999999,5,0.0,0.0,0.0,0.8013588428369962,0,0
CLI-04851,Dulce Norma Madrid Téllez,Empleado Sector Privado,36857.33,Medio,2025-02-21,47806.42,10,0.0,0.0,0.0,1.2970316343686759,0,0
CLI-04852,Natividad Zepeda Vergara,Desempleado,2799.64,Alto,2025-12-19,1594.79,5,0.0,0.0,0.0,0.5694376999542962,0,0
CLI-04853,Iván Lovato,Estudiante,4609.36,Bajo,2024-01-17,4859.79,8,0.0,0.0,0.0,1.0541020657822817,0,0
CLI-04854,Ilse Lucía Medrano Arroyo,Desempleado,116.89,Alto,2024-05-24,231.01,3,0.0,0.0,0.0,1.9595385528882856,0,1
CLI-04855,Sr. Gilberto Blanco,Profesionista Independiente,55619.18,Medio,2026-01-16,28713.48,4,0.0,0.0,0.0,0.5162421265087599,0,0
CLI-04856,Iván Diego Carreón,Profesionista Independiente,24916.92,Medio,2025-09-30,17686.21,4,0.0,0.0,0.0,0.70977874557748,0,0
CLI-04857,Teodoro Benjamín Barrientos Hurtado,Profesionista Independiente,44966.97,Medio,2023-10-01,29435.670000000002,4,0.0,0.0,0.0,0.6545919239850053,0,0
CLI-04858,Ivonne Georgina Valencia Ulloa,Desempleado,492.39,Alto,2026-02-26,953.4,8,0.0,0.0,0.0,1.9323456089503233,0,1
CLI-04859,Sofía Hilda Terán Sanches,Empleado Sector Privado,42450.29,Medio,2025-05-05,67240.48,9,0.0,0.0,0.0,1.5839443277224319,0,0
CLI-04860,Vanesa Anel de la Fuente,Desempleado,2901.66,Alto,2024-01-12,1774.73,3,0.0,0.0,0.0,0.6114150468880268,0,0
CLI-04861,Socorro Mitzy Cano,Estudiante,6773.24,Bajo,2026-02-01,10064.31,10,0.0,0.0,0.0,1.4856736696662651,0,0
CLI-04862,Tomás Marco Antonio Escalante,Profesionista Independiente,54237.33,Medio,2024-01-05,71507.64,8,0.0,0.0,0.0,1.3183967869217212,0,0
CLI-04863,Sr. Joaquín Zavala,Jubilado,14962.39,Bajo,2023-11-10,19122.54,9,0.0,0.0,0.0,1.2779550623221076,0,0
CLI-04864,René Velasco,Jubilado,5840.67,Bajo,2024-10-15,6264.91,10,0.0,0.0,0.0,1.07245188447824,0,0
CLI-04865,Rubén Terrazas,Profesionista Independiente,31965.46,Medio,2025-11-27,56857.55,10,0.0,0.0,0.0,1.7786626983406986,0,0
CLI-04866,Óscar Lucas Franco Marín,Desempleado,2971.87,Alto,2024-08-25,2485.89,7,0.0,0.0,0.0,0.8361919626488881,0,0
CLI-04867,Jaime Irizarry Sarabia,Desempleado,1526.6,Alto,2024-06-15,942.52,4,0.0,0.0,0.0,0.616993977481016,0,0
CLI-04868,Flavio Herrera Carrera,Desempleado,3140.33,Alto,2025-10-13,4308.88,9,0.0,0.0,0.0,1.371673781487459,0,0
CLI-04869,Bruno Caraballo Naranjo,Empresario / Comerciante,211689.5,Alto,2024-04-14,246300.64,8,0.0,0.0,0.0,1.163494063266892,2,0
CLI-04870,Beatriz Alcántar,Empleado Sector Privado,20550.1,Medio,2023-09-08,18418.34,7,0.0,0.0,0.0,0.8962216134416163,0,0
CLI-04871,Dr. Guillermo Rodríquez,Profesionista Independiente,18945.62,Medio,2023-06-20,28298.86,8,0.0,0.0,0.0,1.493609942037155,0,0
CLI-04872,Eloisa Gloria Regalado Burgos,Estudiante,4041.43,Bajo,2026-05-25,1763.9099999999999,4,0.0,0.0,0.0,0.4363489287384073,0,0
CLI-04873,Amador Aurelio Estrada Perea,Jubilado,17183.74,Bajo,2024-07-12,7186.68,4,0.0,0.0,0.0,0.4182012646103461,0,0
CLI-04874,Pilar Wendolin Perea Urrutia,Desempleado,3768.03,Alto,2025-11-30,6706.9400000000005,10,0.0,0.0,0.0,1.7794870298193435,0,0
CLI-04875,Karla Caridad Velásquez Pedroza,Jubilado,9780.58,Bajo,2024-02-04,8654.26,5,0.0,0.0,0.0,0.8847507253429405,0,0
CLI-04876,Martha Núñez,Profesionista Independiente,57933.09,Medio,2025-08-13,86234.56999999999,9,0.0,0.0,0.0,1.4884944253029606,0,0
CLI-04877,Patricia Alcántar Arriaga,Jubilado,14579.93,Bajo,2023-11-03,16540.12,8,0.0,0.0,0.0,1.1343666007586621,0,0
CLI-04878,Ofelia Nancy Moya Valles,Profesionista Independiente,17784.82,Medio,2025-05-27,17895.93,7,0.0,0.0,0.0,1.0061908868975398,0,0
CLI-04879,Ing. Cristobal Mora,Jubilado,7468.15,Bajo,2026-02-26,6678.42,8,0.0,0.0,0.0,0.8941338706546261,0,0
CLI-04880,Barbara Leonor Fonseca,Empresario / Comerciante,245969.9,Alto,2025-11-28,250757.31,7,0.0,0.0,0.0,1.0194592531067699,2,0
CLI-04881,Reina Martínez Barrera,Profesionista Independiente,49707.64,Medio,2025-02-08,45411.79,7,0.0,0.0,0.0,0.9135592927104825,0,0
CLI-04882,Sara Silvia Negrón,Desempleado,3735.7,Alto,2025-08-08,5801.25,10,0.0,0.0,0.0,1.5525062220675998,0,0
CLI-04883,Sandra Angélica Arredondo Matías,Empleado Sector Privado,29151.8,Medio,2024-03-13,29619.16,7,0.0,0.0,0.0,1.0159970911884966,0,0
CLI-04884,Marisol Zarate,Jubilado,12680.09,Bajo,2024-07-28,13945.16,5,0.0,0.0,0.0,1.0996814942564086,0,0
CLI-04885,José Eduardo Gollum,Estudiante,4371.87,Bajo,2024-07-13,6176.24,10,0.0,0.0,0.0,1.4123996368517702,0,0
CLI-04886,Adán Solorzano Salas,Jubilado,16080.71,Bajo,2025-02-26,15588.42,9,0.0,0.0,0.0,0.969326023165447,0,0
CLI-04887,Gerardo Elias Torres Rascón,Profesionista Independiente,21511.54,Medio,2024-04-10,32801.32,10,0.0,0.0,0.0,1.5247534693718174,0,0
CLI-04888,Abel Abelardo Cruz,Profesionista Independiente,52674.75,Medio,2023-12-09,85660.53,10,0.0,0.0,0.0,1.6261852939920172,0,0
CLI-04889,Horacio Alonso Meza,Empresario / Comerciante,185996.18,Alto,2026-02-27,196847.96,4,0.0,0.0,0.0,1.0583384113673122,2,0
CLI-04890,José María Julio Matos García,Empleado Sector Privado,31848.36,Medio,2023-12-21,25364.09,6,0.0,0.0,0.0,0.7963767560792431,0,0
CLI-04891,Arturo Martín Gálvez Castro,Empleado Sector Privado,36652.98,Medio,2024-07-26,32249.4,6,0.0,0.0,0.0,0.8798335133046943,0,0
CLI-04892,Graciela Juana Lemus,Desempleado,137.38,Alto,2025-04-30,398.88,6,0.0,0.0,0.0,2.882497470732765,0,1
CLI-04893,Germán Centeno,Profesionista Independiente,28900.11,Medio,2025-11-17,50769.33,10,0.0,0.0,0.0,1.7566567512458864,0,0
CLI-04894,Lic. Leonardo Gollum,Desempleado,493.86,Alto,2026-04-23,897.34,7,0.0,0.0,0.0,1.813320939255547,0,0
CLI-04895,Horacio Ledesma,Desempleado,2295.89,Alto,2025-08-01,2344.46,5,0.0,0.0,0.0,1.0207106130463366,0,0
CLI-04896,José Manuél Eloy Muñiz Guillen,Desempleado,3314.75,Alto,2024-06-20,2318.75,4,0.0,0.0,0.0,0.6993138807208023,0,0
CLI-04897,Elvira Guzmán Pedroza,Empresario / Comerciante,108299.02,Alto,2025-01-26,120647.06,8,0.0,0.0,0.0,1.1140077351786268,2,0
CLI-04898,Aurora Sessa Alemán,Empresario / Comerciante,61762.52,Alto,2025-04-30,84278.92,9,0.0,0.0,0.0,1.3645420468263467,0,0
CLI-04899,Paola Dolores Altamirano,Profesionista Independiente,21871.6,Medio,2024-11-12,31369.29,9,0.0,0.0,0.0,1.4341820359719468,0,0
CLI-04900,Clara Antonia Cardona Espino,Desempleado,842.45,Alto,2026-02-25,1887.57,10,0.0,0.0,0.0,2.2379157033611947,0,1
CLI-04901,Tania Dueñas Verduzco,Desempleado,3737.73,Alto,2024-11-12,5323.44,10,0.0,0.0,0.0,1.423863183487441,0,0
CLI-04902,Teresa Santiago,Empleado Sector Privado,35113.44,Medio,2024-06-15,29125.800000000003,6,0.0,0.0,0.0,0.8294536378766115,0,0
CLI-04903,Reina Barrios de Jesús,Estudiante,7538.95,Bajo,2026-03-20,11899.72,9,0.0,0.0,0.0,1.5782226672590667,0,0
CLI-04904,Lorenzo Irizarry Vélez,Empleado Sector Privado,40273.7,Medio,2026-02-26,22876.379999999997,3,0.0,0.0,0.0,0.568008700251026,0,0
CLI-04905,María José Perla Baeza Contreras,Desempleado,1567.23,Alto,2024-10-27,671.72,3,0.0,0.0,0.0,0.4283300281208751,0,0
CLI-04906,Hernán Rolón Peña,Desempleado,3649.51,Alto,2024-11-11,846.05,3,0.0,0.0,0.0,0.23176213734519283,0,0
CLI-04907,Sr. Pascual Montoya,Empleado Sector Privado,44705.09,Medio,2026-02-14,28366.97,5,0.0,0.0,0.0,0.6345213817625295,0,0
CLI-04908,Sr. Julio Santiago,Jubilado,10099.71,Bajo,2025-09-13,9508.22,5,0.0,0.0,0.0,0.9413417472633112,0,0
CLI-04909,Laura Conchita Partida,Empresario / Comerciante,185579.74,Alto,2024-01-27,163812.8,6,0.0,0.0,0.0,0.8827036684949096,2,0
CLI-04910,Adán Marco Antonio Madera,Profesionista Independiente,49097.14,Medio,2025-06-24,30012.75,4,0.0,0.0,0.0,0.6112807939363895,0,0
CLI-04911,Mónica Alonzo Carrero,Empresario / Comerciante,64364.64,Alto,2026-02-04,94596.62,9,0.0,0.0,0.0,1.4696757462521928,0,0
CLI-04912,Lic. Dalia Ávalos,Desempleado,1132.16,Alto,2024-08-15,2159.87,10,0.0,0.0,0.0,1.9060591619894804,0,1
CLI-04913,Evelio Bétancourt Arreola,Desempleado,3692.26,Alto,2023-08-06,2231.77,3,0.0,0.0,0.0,0.6042818539718298,0,0
CLI-04914,Andrés Pineda Cedillo,Desempleado,3425.01,Alto,2024-04-04,2549.45,5,0.0,0.0,0.0,0.7441455220504317,0,0
CLI-04915,Alberto José Manuél Rosario,Empresario / Comerciante,69463.91,Alto,2024-09-02,55567.84,4,0.0,0.0,0.0,0.799941150143288,0,0
CLI-04916,Esteban Israel Barrios,Profesionista Independiente,48851.99,Medio,2025-02-24,68337.62,8,0.0,0.0,0.0,1.3988421179542951,0,0
CLI-04917,Indira Zoé Ibarra,Jubilado,16256.12,Bajo,2025-03-24,19878.56,9,0.0,0.0,0.0,1.2227602428966509,0,0
CLI-04918,Jerónimo Molina,Estudiante,7098.86,Bajo,2025-07-31,5916.599999999999,5,0.0,0.0,0.0,0.8333403757257185,0,0
CLI-04919,Aldonza Lovato,Desempleado,1216.3,Alto,2025-03-11,1907.22,10,0.0,0.0,0.0,1.566762507188039,0,0
CLI-04920,Teresa María Eugenia de la Crúz,Desempleado,654.78,Alto,2024-06-26,489.58,3,0.0,0.0,0.0,0.7465613467931318,0,0
CLI-04921,Miguel Maximiliano Alva,Empleado Sector Privado,26582.16,Medio,2024-07-09,38481.61,9,0.0,0.0,0.0,1.447593514089371,0,0
CLI-04922,José Eduardo Olivas,Empresario / Comerciante,108216.31,Alto,2023-12-31,119361.97,8,0.0,0.0,0.0,1.1029840789796013,2,0
CLI-04923,Sr. Francisco Javier Ponce,Empleado Sector Privado,18922.29,Medio,2025-04-21,14760.13,5,0.0,0.0,0.0,0.7799980870134103,0,0
CLI-04924,Indira Ayala Fernández,Desempleado,782.62,Alto,2025-04-25,1509.93,8,0.0,0.0,0.0,1.9268650621474694,0,1
CLI-04925,Isabel Olivo Almanza,Desempleado,36.53,Alto,2023-10-20,452.69,6,0.0,0.0,0.0,12.062083666400213,0,1
CLI-04926,Jacinto Guevara,Desempleado,3424.57,Alto,2023-11-12,3090.77,6,0.0,0.0,0.0,0.9022644406624298,0,0
CLI-04927,Guadalupe Grijalva Carmona,Estudiante,6069.91,Bajo,2023-10-07,3025.03,5,0.0,0.0,0.0,0.4982827945069191,0,0
CLI-04928,Ing. Jacinto Holguín,Empleado Sector Privado,24426.34,Medio,2026-05-09,27241.5,6,0.0,0.0,0.0,1.1152053395908028,0,0
CLI-04929,Cecilia Mora Burgos,Empresario / Comerciante,185889.05,Alto,2026-05-23,147571.91999999998,8,0.0,0.0,0.0,0.7938666970071825,2,0
CLI-04930,Cornelio José María Montemayor Malave,Empleado Sector Privado,42557.52,Medio,2026-03-27,60097.520000000004,10,0.0,0.0,0.0,1.4121148949728517,0,0
CLI-04931,Sr. Martín Becerra,Estudiante,4133.5,Bajo,2026-02-23,5249.860000000001,7,0.0,0.0,0.0,1.2697690168097715,0,0
CLI-04932,Catalina Fajardo,Empresario / Comerciante,85926.58,Alto,2026-03-19,29467.84,3,0.0,0.0,0.0,0.34293808809697657,0,0
CLI-04933,Sra. Carlota Palacios,Estudiante,2704.08,Bajo,2025-03-06,2775.66,6,0.0,0.0,0.0,1.0260916497848491,0,0
CLI-04934,Jaime Orosco Godínez,Jubilado,13451.27,Bajo,2025-09-10,22691.62,10,0.0,0.0,0.0,1.6868246028365472,0,0
CLI-04935,Mercedes Berta Rosas,Jubilado,10639.68,Bajo,2023-06-21,13422.14,9,0.0,0.0,0.0,1.2613987076013937,0,0
CLI-04936,Esparta Curiel Peres,Empleado Sector Privado,32690.09,Medio,2024-01-03,37447.22,6,0.0,0.0,0.0,1.1454870424938417,0,0
CLI-04937,Modesto Juan Gaona,Empresario / Comerciante,99000.2,Alto,2024-02-07,58884.22,4,0.0,0.0,0.0,0.5947828915205069,0,0
CLI-04938,Sr. Alfredo Miramontes,Estudiante,3445.13,Bajo,2024-07-31,6442.37,10,0.0,0.0,0.0,1.869450659145186,0,1
CLI-04939,Noelia Florencia Bañuelos,Empresario / Comerciante,110537.92,Alto,2024-03-30,86030.31,7,0.0,0.0,0.0,0.7782807177779555,2,0
CLI-04940,Gregorio Curiel,Jubilado,17409.22,Bajo,2025-02-21,15662.64,4,0.0,0.0,0.0,0.8996233246908999,0,0
CLI-04941,Lic. Verónica Archuleta,Desempleado,2980.8,Alto,2025-05-07,2434.62,6,0.0,0.0,0.0,0.8164933932523978,0,0
CLI-04942,Sr. Manuel Contreras,Desempleado,3964.66,Alto,2025-08-13,3929.72,5,0.0,0.0,0.0,0.9909371958261677,0,0
CLI-04943,Trinidad Eugenia Gollum Rosario,Desempleado,2634.08,Alto,2023-09-26,4741.67,10,0.0,0.0,0.0,1.799440624193573,0,0
CLI-04944,Ing. Estela Treviño,Empresario / Comerciante,222979.16,Alto,2024-08-04,187283.81,5,0.0,0.0,0.0,0.8399124388465772,2,0
CLI-04945,Adela María Arroyo,Desempleado,1528.4,Alto,2023-12-22,2218.18,10,0.0,0.0,0.0,1.4503596181509086,0,0
CLI-04946,Sr. Espartaco Peña,Desempleado,2612.78,Alto,2026-03-29,2295.33,4,0.0,0.0,0.0,0.8781649564997819,0,0
CLI-04947,Reynaldo Naranjo,Profesionista Independiente,15522.11,Medio,2024-04-14,8561.28,3,0.0,0.0,0.0,0.5515183490937061,0,0
CLI-04948,Héctor Prieto Ruiz,Estudiante,2495.82,Bajo,2025-07-08,2950.91,6,0.0,0.0,0.0,1.1818673352504385,0,0
CLI-04949,Sr. Gilberto Mascareñas,Empresario / Comerciante,178281.87,Alto,2024-07-05,243292.97,7,0.0,0.0,0.0,1.364645801360501,2,0
CLI-04950,Natalia Cantú Lira,Jubilado,7924.16,Bajo,2025-06-02,15223.630000000001,10,0.0,0.0,0.0,1.920923993963529,0,1
CLI-04951,Rodrigo Esquibel,Jubilado,12448.76,Bajo,2023-11-20,6265.46,7,0.0,0.0,0.0,0.5032595005847502,0,0
CLI-04952,Ernesto Covarrubias,Jubilado,11233.48,Bajo,2026-04-03,12093.369999999999,7,0.0,0.0,0.0,1.076451246519643,0,0
CLI-04953,Sr. Cornelio Rolón,Desempleado,2981.44,Alto,2023-07-21,2398.2799999999997,5,0.0,0.0,0.0,0.8041335282520351,0,0
CLI-04954,Mayte Zamora Pacheco,Jubilado,7354.26,Bajo,2024-12-11,10240.380000000001,9,0.0,0.0,0.0,1.3922526192140048,0,0
CLI-04955,Ana Saucedo,Empresario / Comerciante,249990.84,Alto,2023-08-29,425434.31,9,0.0,0.0,0.0,1.7017927865165519,2,0
CLI-04956,Anel Botello Leyva,Desempleado,1734.63,Alto,2026-03-05,2897.06,8,0.0,0.0,0.0,1.6691691201465748,0,0
CLI-04957,Pedro Tomás Casanova Lucio,Jubilado,6628.07,Bajo,2025-09-06,8217.12,9,0.0,0.0,0.0,1.239558490104947,0,0
CLI-04958,Sergio Melgar,Profesionista Independiente,17857.42,Medio,2025-02-26,7816.370000000001,3,0.0,0.0,0.0,0.4376854167389949,0,0
CLI-04959,Lic. Benjamín Barrera,Jubilado,7403.57,Bajo,2026-06-06,7339.29,8,0.0,0.0,0.0,0.9911838229633861,0,0
CLI-04960,Julia Lourdes Raya,Desempleado,78.99,Alto,2023-10-10,400.68,7,0.0,0.0,0.0,5.009126140767596,0,1
CLI-04961,Marisol María José Saldaña Almonte,Jubilado,15627.02,Bajo,2023-06-13,11429.32,5,0.0,0.0,0.0,0.7313351275465477,0,0
CLI-04962,Esteban Aurelio Mata Pedroza,Jubilado,11351.32,Bajo,2023-06-23,12992.1,10,0.0,0.0,0.0,1.1444444835945429,0,0
CLI-04963,Alejandro Abel Grijalva Preciado,Jubilado,15882.87,Bajo,2025-02-21,21528.11,8,0.0,0.0,0.0,1.3553441321290087,0,0
CLI-04964,Agustín Francisco Javier Nevárez Ferrer,Jubilado,14278.74,Bajo,2025-10-02,14326.49,9,0.0,0.0,0.0,1.003273869132071,0,0
CLI-04965,Sr. Eric Peres,Desempleado,496.36,Alto,2025-02-09,836.1,7,0.0,0.0,0.0,1.6810760817114363,0,0
CLI-04966,Elvia Natalia Palacios,Empleado Sector Privado,43867.47,Medio,2025-01-05,49460.76,8,0.0,0.0,0.0,1.1274785740191076,0,0
CLI-04967,Alicia Escobar,Estudiante,3083.99,Bajo,2024-12-27,4033.05,6,0.0,0.0,0.0,1.3073138000447329,0,0
CLI-04968,Bianca Sofía Véliz Lomeli,Jubilado,14037.81,Bajo,2024-01-04,11903.17,5,0.0,0.0,0.0,0.8478759951876264,0,0
CLI-04969,Mauro Hernán Alva Valles,Estudiante,5328.33,Bajo,2024-02-05,3954.3599999999997,5,0.0,0.0,0.0,0.7419994633471749,0,0
CLI-04970,Dra. Arcelia Munguía,Profesionista Independiente,20537.04,Medio,2023-06-24,30698.219999999998,10,0.0,0.0,0.0,1.4947005653898813,0,0
CLI-04971,Diego Madrid Barela,Empleado Sector Privado,30977.67,Medio,2025-09-06,13506.529999999999,3,0.0,0.0,0.0,0.43599450847954413,0,0
CLI-04972,Rufino Barrios Haro,Desempleado,644.84,Alto,2024-11-11,1019.6899999999999,8,0.0,0.0,0.0,1.5788585408150624,0,0
CLI-04973,Horacio Eduardo Paredes,Jubilado,8337.89,Bajo,2024-02-17,9732.62,9,0.0,0.0,0.0,1.1671361536127711,0,0
CLI-04974,Alfredo Mario Cadena López,Estudiante,2507.66,Bajo,2023-11-18,2185.26,5,0.0,0.0,0.0,0.8710865561694292,0,0
CLI-04975,Srita. Gabriela Garica,Estudiante,5036.89,Bajo,2025-12-22,4119.25,5,0.0,0.0,0.0,0.8176538193569133,0,0
CLI-04976,Dr. Darío Durán,Profesionista Independiente,58482.43,Medio,2023-11-23,18861.63,3,0.0,0.0,0.0,0.32251237658256365,0,0
CLI-04977,Juan José Aragón,Empleado Sector Privado,25960.69,Medio,2026-05-25,35639.27,10,0.0,0.0,0.0,1.3727638686079373,0,0
CLI-04978,Elsa Solís Casares,Desempleado,0.34,Alto,2026-04-26,450.59000000000003,6,0.0,0.0,0.0,336.26119402985074,3,1
CLI-04979,Berta Eloisa Fierro Alfaro,Profesionista Independiente,17077.48,Medio,2025-02-17,11162.54,4,0.0,0.0,0.0,0.6536026625320287,0,0
CLI-04980,Luis Almanza Batista,Jubilado,16760.05,Bajo,2024-09-08,29333.760000000002,10,0.0,0.0,0.0,1.7501147004513442,0,0
CLI-04981,María Eugenia Abigail Aragón Carbajal,Profesionista Independiente,44662.09,Medio,2025-11-16,40680.43,6,0.0,0.0,0.0,0.9108288298010729,0,0
CLI-04982,Karina Salinas,Empresario / Comerciante,77971.01,Alto,2025-08-07,46628.619999999995,5,0.0,0.0,0.0,0.5980174167627588,0,0
CLI-04983,Daniela Bianca Camacho Godínez,Empresario / Comerciante,189020.3,Alto,2024-06-15,1108712.66,13,0.0,0.0,0.0,5.865543512821041,2,1
CLI-04984,Lorenzo Guardado Nazario,Jubilado,16840.18,Bajo,2023-08-04,29361.260000000002,10,0.0,0.0,0.0,1.7434205916687548,0,0
CLI-04985,Horacio Abel Brito López,Profesionista Independiente,42277.75,Medio,2024-12-02,23368.11,4,0.0,0.0,0.0,0.5527152529343937,0,0
CLI-04986,Camilo Mauricio Oquendo Carbajal,Jubilado,7727.91,Bajo,2024-11-01,3783.97,5,0.0,0.0,0.0,0.48958650055441194,0,0
CLI-04987,Wilfrido Rolando Lucero,Estudiante,5975.7,Bajo,2023-10-21,6456.96,5,0.0,0.0,0.0,1.08035538005923,0,0
CLI-04988,Eva Luevano,Estudiante,3422.6,Bajo,2025-01-12,2754.06,4,0.0,0.0,0.0,0.8044339291973361,0,0
CLI-04989,Dolores Noelia Burgos,Empleado Sector Privado,16675.02,Medio,2024-06-14,22966.4,7,0.0,0.0,0.0,1.3772111091255588,0,0
CLI-04990,Juan Carlos Reynaldo Soria,Empleado Sector Privado,43594.96,Medio,2026-03-07,40895.09,7,0.0,0.0,0.0,0.9380476998327367,0,0
CLI-04991,Ing. Marisol Pizarro,Jubilado,12176.92,Bajo,2025-12-13,13549.55,9,0.0,0.0,0.0,1.112632534948497,0,0
CLI-04992,Miguel Malave Villareal,Jubilado,9667.85,Bajo,2025-07-14,5273.51,6,0.0,0.0,0.0,0.5454123292842479,0,0
CLI-04993,Reina Sanabria,Empleado Sector Privado,36060.45,Medio,2023-08-29,49009.44,10,0.0,0.0,0.0,1.3590535045041174,0,0
CLI-04994,Dalia Armenta Barrios,Empresario / Comerciante,64871.93,Alto,2024-10-06,936398.45,15,0.0,0.0,0.0,14.434348040083899,2,1
CLI-04995,Srita. Clara Jaramillo,Profesionista Independiente,26730.35,Medio,2023-11-10,16731.2,8,0.0,0.0,0.0,0.6259017969537641,0,0
CLI-04996,Sr. Espartaco Guerra,Desempleado,3614.64,Alto,2024-01-03,2006.23,4,0.0,0.0,0.0,0.5548754853912448,0,0
CLI-04997,Miguel Ángel Montañez Mascareñas,Empresario / Comerciante,141213.55,Alto,2026-02-20,1024423.89,14,0.0,0.0,0.0,7.254379169851832,2,1
CLI-04998,María Teresa Laura Galarza,Profesionista Independiente,45443.66,Medio,2026-04-21,29229.289999999997,5,0.0,0.0,0.0,0.6431842597128022,0,0
CLI-04999,Lic. Violeta Fierro,Desempleado,572.98,Alto,2024-11-07,841.0999999999999,6,0.0,0.0,0.0,1.4653820690616395,0,0
CLI-05000,Ángela Varela Solorio,Empleado Sector Privado,14328.42,Medio,2024-10-08,18011.66,9,0.0,0.0,0.0,1.2569706240727119,0,0
